v 0 -0.5 0
v 1.9 -0.5 0.0
v 1.890850980677174 -0.5 0.18623256662616514
v 1.8634920327661377 -0.5 0.3706716118306437
v 1.8181866378911966 -0.5 0.5515408867834785
v 1.7553711117714448 -0.5 0.7270985214936706
v 1.6756504022618746 -0.5 0.8956537999693954
v 1.5797922633748358 -0.5 1.0555834427372441
v 1.4687198613892003 -0.5 1.2053472399109264
v 1.3435028842544403 -0.5 1.3435028842544403
v 1.2053472399109264 -0.5 1.4687198613892
v 1.0555834427372444 -0.5 1.5797922633748358
v 0.8956537999693958 -0.5 1.6756504022618743
v 0.7270985214936706 -0.5 1.7553711117714448
v 0.5515408867834785 -0.5 1.8181866378911968
v 0.3706716118306438 -0.5 1.8634920327661377
v 0.18623256662616544 -0.5 1.8908509806771738
v 1.1634144591899854e-16 -0.5 1.9
v -0.18623256662616522 -0.5 1.890850980677174
v -0.37067161183064357 -0.5 1.8634920327661377
v -0.5515408867834781 -0.5 1.8181866378911968
v -0.7270985214936705 -0.5 1.7553711117714448
v -0.8956537999693955 -0.5 1.6756504022618746
v -1.0555834427372437 -0.5 1.579792263374836
v -1.2053472399109262 -0.5 1.4687198613892005
v -1.34350288425444 -0.5 1.3435028842544403
v -1.4687198613892003 -0.5 1.2053472399109264
v -1.579792263374836 -0.5 1.0555834427372441
v -1.6756504022618743 -0.5 0.8956537999693958
v -1.7553711117714448 -0.5 0.7270985214936707
v -1.8181866378911966 -0.5 0.5515408867834785
v -1.8634920327661377 -0.5 0.37067161183064434
v -1.8908509806771738 -0.5 0.18623256662616555
v -1.9 -0.5 2.326828918379971e-16
v -1.890850980677174 -0.5 -0.1862325666261651
v -1.8634920327661377 -0.5 -0.37067161183064384
v -1.8181866378911968 -0.5 -0.551540886783478
v -1.755371111771445 -0.5 -0.7270985214936704
v -1.6756504022618746 -0.5 -0.8956537999693954
v -1.5797922633748362 -0.5 -1.0555834427372437
v -1.4687198613892005 -0.5 -1.205347239910926
v -1.3435028842544405 -0.5 -1.34350288425444
v -1.2053472399109273 -0.5 -1.4687198613891996
v -1.0555834427372441 -0.5 -1.5797922633748358
v -0.8956537999693959 -0.5 -1.6756504022618743
v -0.7270985214936716 -0.5 -1.7553711117714443
v -0.5515408867834786 -0.5 -1.8181866378911966
v -0.37067161183064445 -0.5 -1.8634920327661375
v -0.18623256662616486 -0.5 -1.890850980677174
v -3.490243377569956e-16 -0.5 -1.9
v 0.18623256662616416 -0.5 -1.890850980677174
v 0.37067161183064373 -0.5 -1.8634920327661377
v 0.5515408867834779 -0.5 -1.8181866378911968
v 0.7270985214936709 -0.5 -1.7553711117714446
v 0.8956537999693954 -0.5 -1.6756504022618746
v 1.0555834427372435 -0.5 -1.5797922633748362
v 1.2053472399109266 -0.5 -1.4687198613892
v 1.3435028842544399 -0.5 -1.3435028842544405
v 1.4687198613891994 -0.5 -1.2053472399109273
v 1.5797922633748358 -0.5 -1.0555834427372441
v 1.6756504022618741 -0.5 -0.895653799969396
v 1.7553711117714443 -0.5 -0.7270985214936717
v 1.8181866378911966 -0.5 -0.5515408867834787
v 1.8634920327661375 -0.5 -0.37067161183064457
v 1.890850980677174 -0.5 -0.18623256662616494
v 2.0 0.5 0.0
v 1.9 -0.5 0.0
v 1.9903694533443939 0.5 0.1960342806591212
v 1.890850980677174 -0.5 0.18623256662616514
v 1.9615705608064609 0.5 0.3901806440322565
v 1.8634920327661377 -0.5 0.3706716118306437
v 1.9138806714644176 0.5 0.5805693545089247
v 1.8181866378911966 -0.5 0.5515408867834785
v 1.8477590650225735 0.5 0.7653668647301796
v 1.7553711117714448 -0.5 0.7270985214936706
v 1.76384252869671 0.5 0.9427934736519953
v 1.6756504022618746 -0.5 0.8956537999693954
v 1.6629392246050905 0.5 1.1111404660392044
v 1.5797922633748358 -0.5 1.0555834427372441
v 1.546020906725474 0.5 1.268786568327291
v 1.4687198613892003 -0.5 1.2053472399109264
v 1.4142135623730951 0.5 1.4142135623730951
v 1.3435028842544403 -0.5 1.3435028842544403
v 1.268786568327291 0.5 1.5460209067254738
v 1.2053472399109264 -0.5 1.4687198613892
v 1.1111404660392046 0.5 1.6629392246050905
v 1.0555834427372444 -0.5 1.5797922633748358
v 0.9427934736519956 0.5 1.7638425286967099
v 0.8956537999693958 -0.5 1.6756504022618743
v 0.7653668647301797 0.5 1.8477590650225735
v 0.7270985214936706 -0.5 1.7553711117714448
v 0.5805693545089247 0.5 1.9138806714644179
v 0.5515408867834785 -0.5 1.8181866378911968
v 0.39018064403225666 0.5 1.9615705608064609
v 0.3706716118306438 -0.5 1.8634920327661377
v 0.19603428065912154 0.5 1.9903694533443936
v 0.18623256662616544 -0.5 1.8908509806771738
v 1.2246467991473532e-16 0.5 2.0
v 1.1634144591899854e-16 -0.5 1.9
v -0.1960342806591213 0.5 1.9903694533443939
v -0.18623256662616522 -0.5 1.890850980677174
v -0.3901806440322564 0.5 1.9615705608064609
v -0.37067161183064357 -0.5 1.8634920327661377
v -0.5805693545089243 0.5 1.9138806714644179
v -0.5515408867834781 -0.5 1.8181866378911968
v -0.7653668647301795 0.5 1.8477590650225735
v -0.7270985214936705 -0.5 1.7553711117714448
v -0.9427934736519954 0.5 1.76384252869671
v -0.8956537999693955 -0.5 1.6756504022618746
v -1.111140466039204 0.5 1.6629392246050907
v -1.0555834427372437 -0.5 1.579792263374836
v -1.2687865683272908 0.5 1.5460209067254742
v -1.2053472399109262 -0.5 1.4687198613892005
v -1.414213562373095 0.5 1.4142135623730951
v -1.34350288425444 -0.5 1.3435028842544403
v -1.546020906725474 0.5 1.268786568327291
v -1.4687198613892003 -0.5 1.2053472399109264
v -1.6629392246050907 0.5 1.1111404660392044
v -1.579792263374836 -0.5 1.0555834427372441
v -1.7638425286967099 0.5 0.9427934736519956
v -1.6756504022618743 -0.5 0.8956537999693958
v -1.8477590650225735 0.5 0.7653668647301798
v -1.7553711117714448 -0.5 0.7270985214936707
v -1.9138806714644176 0.5 0.5805693545089248
v -1.8181866378911966 -0.5 0.5515408867834785
v -1.9615705608064609 0.5 0.3901806440322572
v -1.8634920327661377 -0.5 0.37067161183064434
v -1.9903694533443936 0.5 0.19603428065912165
v -1.8908509806771738 -0.5 0.18623256662616555
v -2.0 0.5 2.4492935982947064e-16
v -1.9 -0.5 2.326828918379971e-16
v -1.9903694533443939 0.5 -0.19603428065912118
v -1.890850980677174 -0.5 -0.1862325666261651
v -1.9615705608064609 0.5 -0.3901806440322567
v -1.8634920327661377 -0.5 -0.37067161183064384
v -1.9138806714644179 0.5 -0.5805693545089242
v -1.8181866378911968 -0.5 -0.551540886783478
v -1.8477590650225737 0.5 -0.7653668647301793
v -1.755371111771445 -0.5 -0.7270985214936704
v -1.76384252869671 0.5 -0.9427934736519953
v -1.6756504022618746 -0.5 -0.8956537999693954
v -1.662939224605091 0.5 -1.111140466039204
v -1.5797922633748362 -0.5 -1.0555834427372437
v -1.5460209067254742 0.5 -1.2687865683272905
v -1.4687198613892005 -0.5 -1.205347239910926
v -1.4142135623730954 0.5 -1.414213562373095
v -1.3435028842544405 -0.5 -1.34350288425444
v -1.2687865683272919 0.5 -1.5460209067254733
v -1.2053472399109273 -0.5 -1.4687198613891996
v -1.1111404660392044 0.5 -1.6629392246050905
v -1.0555834427372441 -0.5 -1.5797922633748358
v -0.9427934736519957 0.5 -1.7638425286967099
v -0.8956537999693959 -0.5 -1.6756504022618743
v -0.7653668647301807 0.5 -1.847759065022573
v -0.7270985214936716 -0.5 -1.7553711117714443
v -0.5805693545089249 0.5 -1.9138806714644176
v -0.5515408867834786 -0.5 -1.8181866378911966
v -0.39018064403225733 0.5 -1.9615705608064606
v -0.37067161183064445 -0.5 -1.8634920327661375
v -0.1960342806591209 0.5 -1.9903694533443939
v -0.18623256662616486 -0.5 -1.890850980677174
v -3.6739403974420594e-16 0.5 -2.0
v -3.490243377569956e-16 -0.5 -1.9
v 0.19603428065912018 0.5 -1.9903694533443939
v 0.18623256662616416 -0.5 -1.890850980677174
v 0.3901806440322566 0.5 -1.9615705608064609
v 0.37067161183064373 -0.5 -1.8634920327661377
v 0.5805693545089241 0.5 -1.9138806714644179
v 0.5515408867834779 -0.5 -1.8181866378911968
v 0.76536686473018 0.5 -1.8477590650225733
v 0.7270985214936709 -0.5 -1.7553711117714446
v 0.9427934736519952 0.5 -1.76384252869671
v 0.8956537999693954 -0.5 -1.6756504022618746
v 1.1111404660392037 0.5 -1.662939224605091
v 1.0555834427372435 -0.5 -1.5797922633748362
v 1.2687865683272912 0.5 -1.5460209067254738
v 1.2053472399109266 -0.5 -1.4687198613892
v 1.4142135623730947 0.5 -1.4142135623730954
v 1.3435028842544399 -0.5 -1.3435028842544405
v 1.546020906725473 0.5 -1.2687865683272919
v 1.4687198613891994 -0.5 -1.2053472399109273
v 1.6629392246050905 0.5 -1.1111404660392044
v 1.5797922633748358 -0.5 -1.0555834427372441
v 1.7638425286967097 0.5 -0.9427934736519958
v 1.6756504022618741 -0.5 -0.895653799969396
v 1.847759065022573 0.5 -0.7653668647301808
v 1.7553711117714443 -0.5 -0.7270985214936717
v 1.9138806714644176 0.5 -0.580569354508925
v 1.8181866378911966 -0.5 -0.5515408867834787
v 1.9615705608064606 0.5 -0.39018064403225744
v 1.8634920327661375 -0.5 -0.37067161183064457
v 1.9903694533443939 0.5 -0.196034280659121
v 1.890850980677174 -0.5 -0.18623256662616494
v 1.5 1.5 0.0
v 2.0 0.5 0.0
v 1.4927770900082953 1.5 0.1470257104943409
v 1.9903694533443939 0.5 0.1960342806591212
v 1.4711779206048456 1.5 0.2926354830241924
v 1.9615705608064609 0.5 0.3901806440322565
v 1.4354105035983133 1.5 0.4354270158816935
v 1.9138806714644176 0.5 0.5805693545089247
v 1.38581929876693 1.5 0.5740251485476346
v 1.8477590650225735 0.5 0.7653668647301796
v 1.3228818965225326 1.5 0.7070951052389964
v 1.76384252869671 0.5 0.9427934736519953
v 1.2472044184538178 1.5 0.8333553495294033
v 1.6629392246050905 0.5 1.1111404660392044
v 1.1595156800441055 1.5 0.9515899262454682
v 1.546020906725474 0.5 1.268786568327291
v 1.0606601717798214 1.5 1.0606601717798214
v 1.4142135623730951 0.5 1.4142135623730951
v 0.9515899262454682 1.5 1.1595156800441053
v 1.268786568327291 0.5 1.5460209067254738
v 0.8333553495294035 1.5 1.2472044184538178
v 1.1111404660392046 0.5 1.6629392246050905
v 0.7070951052389967 1.5 1.3228818965225324
v 0.9427934736519956 0.5 1.7638425286967099
v 0.5740251485476348 1.5 1.38581929876693
v 0.7653668647301797 0.5 1.8477590650225735
v 0.4354270158816935 1.5 1.4354105035983133
v 0.5805693545089247 0.5 1.9138806714644179
v 0.2926354830241925 1.5 1.4711779206048456
v 0.39018064403225666 0.5 1.9615705608064609
v 0.14702571049434116 1.5 1.4927770900082953
v 0.19603428065912154 0.5 1.9903694533443936
v 9.184850993605148e-17 1.5 1.5
v 1.2246467991473532e-16 0.5 2.0
v -0.14702571049434096 1.5 1.4927770900082953
v -0.1960342806591213 0.5 1.9903694533443939
v -0.2926354830241923 1.5 1.4711779206048456
v -0.3901806440322564 0.5 1.9615705608064609
v -0.43542701588169325 1.5 1.4354105035983133
v -0.5805693545089243 0.5 1.9138806714644179
v -0.5740251485476346 1.5 1.38581929876693
v -0.7653668647301795 0.5 1.8477590650225735
v -0.7070951052389965 1.5 1.3228818965225326
v -0.9427934736519954 0.5 1.76384252869671
v -0.8333553495294029 1.5 1.247204418453818
v -1.111140466039204 0.5 1.6629392246050907
v -0.9515899262454681 1.5 1.1595156800441058
v -1.2687865683272908 0.5 1.5460209067254742
v -1.0606601717798212 1.5 1.0606601717798214
v -1.414213562373095 0.5 1.4142135623730951
v -1.1595156800441055 1.5 0.9515899262454682
v -1.546020906725474 0.5 1.268786568327291
v -1.247204418453818 1.5 0.8333553495294033
v -1.6629392246050907 0.5 1.1111404660392044
v -1.3228818965225324 1.5 0.7070951052389967
v -1.7638425286967099 0.5 0.9427934736519956
v -1.38581929876693 1.5 0.5740251485476349
v -1.8477590650225735 0.5 0.7653668647301798
v -1.4354105035983133 1.5 0.4354270158816936
v -1.9138806714644176 0.5 0.5805693545089248
v -1.4711779206048456 1.5 0.2926354830241929
v -1.9615705608064609 0.5 0.3901806440322572
v -1.4927770900082953 1.5 0.14702571049434124
v -1.9903694533443936 0.5 0.19603428065912165
v -1.5 1.5 1.8369701987210297e-16
v -2.0 0.5 2.4492935982947064e-16
v -1.4927770900082953 1.5 -0.14702571049434088
v -1.9903694533443939 0.5 -0.19603428065912118
v -1.4711779206048456 1.5 -0.2926354830241925
v -1.9615705608064609 0.5 -0.3901806440322567
v -1.4354105035983133 1.5 -0.4354270158816932
v -1.9138806714644179 0.5 -0.5805693545089242
v -1.3858192987669302 1.5 -0.5740251485476345
v -1.8477590650225737 0.5 -0.7653668647301793
v -1.3228818965225326 1.5 -0.7070951052389964
v -1.76384252869671 0.5 -0.9427934736519953
v -1.2472044184538182 1.5 -0.8333553495294029
v -1.662939224605091 0.5 -1.111140466039204
v -1.1595156800441058 1.5 -0.9515899262454679
v -1.5460209067254742 0.5 -1.2687865683272905
v -1.0606601717798214 1.5 -1.0606601717798212
v -1.4142135623730954 0.5 -1.414213562373095
v -0.9515899262454689 1.5 -1.1595156800441049
v -1.2687865683272919 0.5 -1.5460209067254733
v -0.8333553495294033 1.5 -1.2472044184538178
v -1.1111404660392044 0.5 -1.6629392246050905
v -0.7070951052389968 1.5 -1.3228818965225324
v -0.9427934736519957 0.5 -1.7638425286967099
v -0.5740251485476355 1.5 -1.3858192987669298
v -0.7653668647301807 0.5 -1.847759065022573
v -0.43542701588169364 1.5 -1.4354105035983133
v -0.5805693545089249 0.5 -1.9138806714644176
v -0.292635483024193 1.5 -1.4711779206048454
v -0.39018064403225733 0.5 -1.9615705608064606
v -0.14702571049434068 1.5 -1.4927770900082953
v -0.1960342806591209 0.5 -1.9903694533443939
v -2.755455298081545e-16 1.5 -1.5
v -3.6739403974420594e-16 0.5 -2.0
v 0.14702571049434013 1.5 -1.4927770900082953
v 0.19603428065912018 0.5 -1.9903694533443939
v 0.29263548302419246 1.5 -1.4711779206048456
v 0.3901806440322566 0.5 -1.9615705608064609
v 0.4354270158816931 1.5 -1.4354105035983133
v 0.5805693545089241 0.5 -1.9138806714644179
v 0.574025148547635 1.5 -1.38581929876693
v 0.76536686473018 0.5 -1.8477590650225733
v 0.7070951052389964 1.5 -1.3228818965225326
v 0.9427934736519952 0.5 -1.76384252869671
v 0.8333553495294028 1.5 -1.2472044184538182
v 1.1111404660392037 0.5 -1.662939224605091
v 0.9515899262454683 1.5 -1.1595156800441053
v 1.2687865683272912 0.5 -1.5460209067254738
v 1.060660171779821 1.5 -1.0606601717798214
v 1.4142135623730947 0.5 -1.4142135623730954
v 1.1595156800441049 1.5 -0.9515899262454689
v 1.546020906725473 0.5 -1.2687865683272919
v 1.2472044184538178 1.5 -0.8333553495294033
v 1.6629392246050905 0.5 -1.1111404660392044
v 1.3228818965225322 1.5 -0.7070951052389969
v 1.7638425286967097 0.5 -0.9427934736519958
v 1.3858192987669298 1.5 -0.5740251485476355
v 1.847759065022573 0.5 -0.7653668647301808
v 1.4354105035983133 1.5 -0.43542701588169375
v 1.9138806714644176 0.5 -0.580569354508925
v 1.4711779206048454 1.5 -0.29263548302419307
v 1.9615705608064606 0.5 -0.39018064403225744
v 1.4927770900082953 1.5 -0.14702571049434077
v 1.9903694533443939 0.5 -0.196034280659121
v 1.5 1.75 0.0
v 1.4 1.75 0.0
v 1.5 1.25 0.0
v 1.4 1.25 0.0
v 1.4927770900082953 1.75 0.1470257104943409
v 1.3932586173410757 1.75 0.13722399646138483
v 1.4927770900082953 1.25 0.1470257104943409
v 1.3932586173410757 1.25 0.13722399646138483
v 1.4711779206048456 1.75 0.2926354830241924
v 1.3730993925645225 1.75 0.2731264508225795
v 1.4711779206048456 1.25 0.2926354830241924
v 1.3730993925645225 1.25 0.2731264508225795
v 1.4354105035983133 1.75 0.4354270158816935
v 1.3397164700250923 1.75 0.40639854815624726
v 1.4354105035983133 1.25 0.4354270158816935
v 1.3397164700250923 1.25 0.40639854815624726
v 1.38581929876693 1.75 0.5740251485476346
v 1.2934313455158013 1.75 0.5357568053111257
v 1.38581929876693 1.25 0.5740251485476346
v 1.2934313455158013 1.25 0.5357568053111257
v 1.3228818965225326 1.75 0.7070951052389964
v 1.234689770087697 1.75 0.6599554315563967
v 1.3228818965225326 1.25 0.7070951052389964
v 1.234689770087697 1.25 0.6599554315563967
v 1.2472044184538178 1.75 0.8333553495294033
v 1.1640574572235634 1.75 0.777798326227443
v 1.2472044184538178 1.25 0.8333553495294033
v 1.1640574572235634 1.25 0.777798326227443
v 1.1595156800441055 1.75 0.9515899262454682
v 1.0822146347078316 1.75 0.8881505978291037
v 1.1595156800441055 1.25 0.9515899262454682
v 1.0822146347078316 1.25 0.8881505978291037
v 1.0606601717798214 1.75 1.0606601717798214
v 0.9899494936611666 1.75 0.9899494936611666
v 1.0606601717798214 1.25 1.0606601717798214
v 0.9899494936611666 1.25 0.9899494936611666
v 0.9515899262454682 1.75 1.1595156800441053
v 0.8881505978291037 1.75 1.0822146347078316
v 0.9515899262454682 1.25 1.1595156800441053
v 0.8881505978291037 1.25 1.0822146347078316
v 0.8333553495294035 1.75 1.2472044184538178
v 0.7777983262274432 1.75 1.1640574572235634
v 0.8333553495294035 1.25 1.2472044184538178
v 0.7777983262274432 1.25 1.1640574572235634
v 0.7070951052389967 1.75 1.3228818965225324
v 0.6599554315563969 1.75 1.2346897700876969
v 0.7070951052389967 1.25 1.3228818965225324
v 0.6599554315563969 1.25 1.2346897700876969
v 0.5740251485476348 1.75 1.38581929876693
v 0.5357568053111257 1.75 1.2934313455158013
v 0.5740251485476348 1.25 1.38581929876693
v 0.5357568053111257 1.25 1.2934313455158013
v 0.4354270158816935 1.75 1.4354105035983133
v 0.40639854815624726 1.75 1.3397164700250925
v 0.4354270158816935 1.25 1.4354105035983133
v 0.40639854815624726 1.25 1.3397164700250925
v 0.2926354830241925 1.75 1.4711779206048456
v 0.27312645082257964 1.75 1.3730993925645225
v 0.2926354830241925 1.25 1.4711779206048456
v 0.27312645082257964 1.25 1.3730993925645225
v 0.14702571049434116 1.75 1.4927770900082953
v 0.13722399646138506 1.75 1.3932586173410755
v 0.14702571049434116 1.25 1.4927770900082953
v 0.13722399646138506 1.25 1.3932586173410755
v 9.184850993605148e-17 1.75 1.5
v 8.572527594031472e-17 1.75 1.4
v 9.184850993605148e-17 1.25 1.5
v 8.572527594031472e-17 1.25 1.4
v -0.14702571049434096 1.75 1.4927770900082953
v -0.1372239964613849 1.75 1.3932586173410757
v -0.14702571049434096 1.25 1.4927770900082953
v -0.1372239964613849 1.25 1.3932586173410757
v -0.2926354830241923 1.75 1.4711779206048456
v -0.27312645082257947 1.75 1.3730993925645225
v -0.2926354830241923 1.25 1.4711779206048456
v -0.27312645082257947 1.25 1.3730993925645225
v -0.43542701588169325 1.75 1.4354105035983133
v -0.406398548156247 1.75 1.3397164700250925
v -0.43542701588169325 1.25 1.4354105035983133
v -0.406398548156247 1.25 1.3397164700250925
v -0.5740251485476346 1.75 1.38581929876693
v -0.5357568053111256 1.75 1.2934313455158013
v -0.5740251485476346 1.25 1.38581929876693
v -0.5357568053111256 1.25 1.2934313455158013
v -0.7070951052389965 1.75 1.3228818965225326
v -0.6599554315563967 1.75 1.234689770087697
v -0.7070951052389965 1.25 1.3228818965225326
v -0.6599554315563967 1.25 1.234689770087697
v -0.8333553495294029 1.75 1.247204418453818
v -0.7777983262274427 1.75 1.1640574572235634
v -0.8333553495294029 1.25 1.247204418453818
v -0.7777983262274427 1.25 1.1640574572235634
v -0.9515899262454681 1.75 1.1595156800441058
v -0.8881505978291034 1.75 1.0822146347078319
v -0.9515899262454681 1.25 1.1595156800441058
v -0.8881505978291034 1.25 1.0822146347078319
v -1.0606601717798212 1.75 1.0606601717798214
v -0.9899494936611664 1.75 0.9899494936611666
v -1.0606601717798212 1.25 1.0606601717798214
v -0.9899494936611664 1.25 0.9899494936611666
v -1.1595156800441055 1.75 0.9515899262454682
v -1.0822146347078316 1.75 0.8881505978291037
v -1.1595156800441055 1.25 0.9515899262454682
v -1.0822146347078316 1.25 0.8881505978291037
v -1.247204418453818 1.75 0.8333553495294033
v -1.1640574572235634 1.75 0.777798326227443
v -1.247204418453818 1.25 0.8333553495294033
v -1.1640574572235634 1.25 0.777798326227443
v -1.3228818965225324 1.75 0.7070951052389967
v -1.2346897700876969 1.75 0.6599554315563969
v -1.3228818965225324 1.25 0.7070951052389967
v -1.2346897700876969 1.25 0.6599554315563969
v -1.38581929876693 1.75 0.5740251485476349
v -1.2934313455158013 1.75 0.5357568053111258
v -1.38581929876693 1.25 0.5740251485476349
v -1.2934313455158013 1.25 0.5357568053111258
v -1.4354105035983133 1.75 0.4354270158816936
v -1.3397164700250923 1.75 0.4063985481562473
v -1.4354105035983133 1.25 0.4354270158816936
v -1.3397164700250923 1.25 0.4063985481562473
v -1.4711779206048456 1.75 0.2926354830241929
v -1.3730993925645225 1.75 0.27312645082258
v -1.4711779206048456 1.25 0.2926354830241929
v -1.3730993925645225 1.25 0.27312645082258
v -1.4927770900082953 1.75 0.14702571049434124
v -1.3932586173410755 1.75 0.13722399646138514
v -1.4927770900082953 1.25 0.14702571049434124
v -1.3932586173410755 1.25 0.13722399646138514
v -1.5 1.75 1.8369701987210297e-16
v -1.4 1.75 1.7145055188062944e-16
v -1.5 1.25 1.8369701987210297e-16
v -1.4 1.25 1.7145055188062944e-16
v -1.4927770900082953 1.75 -0.14702571049434088
v -1.3932586173410757 1.75 -0.1372239964613848
v -1.4927770900082953 1.25 -0.14702571049434088
v -1.3932586173410757 1.25 -0.1372239964613848
v -1.4711779206048456 1.75 -0.2926354830241925
v -1.3730993925645225 1.75 -0.2731264508225797
v -1.4711779206048456 1.25 -0.2926354830241925
v -1.3730993925645225 1.25 -0.2731264508225797
v -1.4354105035983133 1.75 -0.4354270158816932
v -1.3397164700250925 1.75 -0.40639854815624693
v -1.4354105035983133 1.25 -0.4354270158816932
v -1.3397164700250925 1.25 -0.40639854815624693
v -1.3858192987669302 1.75 -0.5740251485476345
v -1.2934313455158015 1.75 -0.5357568053111255
v -1.3858192987669302 1.25 -0.5740251485476345
v -1.2934313455158015 1.25 -0.5357568053111255
v -1.3228818965225326 1.75 -0.7070951052389964
v -1.234689770087697 1.75 -0.6599554315563967
v -1.3228818965225326 1.25 -0.7070951052389964
v -1.234689770087697 1.25 -0.6599554315563967
v -1.2472044184538182 1.75 -0.8333553495294029
v -1.1640574572235636 1.75 -0.7777983262274427
v -1.2472044184538182 1.25 -0.8333553495294029
v -1.1640574572235636 1.25 -0.7777983262274427
v -1.1595156800441058 1.75 -0.9515899262454679
v -1.0822146347078319 1.75 -0.8881505978291033
v -1.1595156800441058 1.25 -0.9515899262454679
v -1.0822146347078319 1.25 -0.8881505978291033
v -1.0606601717798214 1.75 -1.0606601717798212
v -0.9899494936611667 1.75 -0.9899494936611664
v -1.0606601717798214 1.25 -1.0606601717798212
v -0.9899494936611667 1.25 -0.9899494936611664
v -0.9515899262454689 1.75 -1.1595156800441049
v -0.8881505978291042 1.75 -1.0822146347078312
v -0.9515899262454689 1.25 -1.1595156800441049
v -0.8881505978291042 1.25 -1.0822146347078312
v -0.8333553495294033 1.75 -1.2472044184538178
v -0.777798326227443 1.75 -1.1640574572235634
v -0.8333553495294033 1.25 -1.2472044184538178
v -0.777798326227443 1.25 -1.1640574572235634
v -0.7070951052389968 1.75 -1.3228818965225324
v -0.659955431556397 1.75 -1.2346897700876969
v -0.7070951052389968 1.25 -1.3228818965225324
v -0.659955431556397 1.25 -1.2346897700876969
v -0.5740251485476355 1.75 -1.3858192987669298
v -0.5357568053111265 1.75 -1.293431345515801
v -0.5740251485476355 1.25 -1.3858192987669298
v -0.5357568053111265 1.25 -1.293431345515801
v -0.43542701588169364 1.75 -1.4354105035983133
v -0.4063985481562474 1.75 -1.3397164700250923
v -0.43542701588169364 1.25 -1.4354105035983133
v -0.4063985481562474 1.25 -1.3397164700250923
v -0.292635483024193 1.75 -1.4711779206048454
v -0.27312645082258014 1.75 -1.3730993925645223
v -0.292635483024193 1.25 -1.4711779206048454
v -0.27312645082258014 1.25 -1.3730993925645223
v -0.14702571049434068 1.75 -1.4927770900082953
v -0.1372239964613846 1.75 -1.3932586173410757
v -0.14702571049434068 1.25 -1.4927770900082953
v -0.1372239964613846 1.25 -1.3932586173410757
v -2.755455298081545e-16 1.75 -1.5
v -2.5717582782094415e-16 1.75 -1.4
v -2.755455298081545e-16 1.25 -1.5
v -2.5717582782094415e-16 1.25 -1.4
v 0.14702571049434013 1.75 -1.4927770900082953
v 0.1372239964613841 1.75 -1.3932586173410757
v 0.14702571049434013 1.25 -1.4927770900082953
v 0.1372239964613841 1.25 -1.3932586173410757
v 0.29263548302419246 1.75 -1.4711779206048456
v 0.2731264508225796 1.75 -1.3730993925645225
v 0.29263548302419246 1.25 -1.4711779206048456
v 0.2731264508225796 1.25 -1.3730993925645225
v 0.4354270158816931 1.75 -1.4354105035983133
v 0.4063985481562469 1.75 -1.3397164700250925
v 0.4354270158816931 1.25 -1.4354105035983133
v 0.4063985481562469 1.25 -1.3397164700250925
v 0.574025148547635 1.75 -1.38581929876693
v 0.535756805311126 1.75 -1.2934313455158013
v 0.574025148547635 1.25 -1.38581929876693
v 0.535756805311126 1.25 -1.2934313455158013
v 0.7070951052389964 1.75 -1.3228818965225326
v 0.6599554315563966 1.75 -1.234689770087697
v 0.7070951052389964 1.25 -1.3228818965225326
v 0.6599554315563966 1.25 -1.234689770087697
v 0.8333553495294028 1.75 -1.2472044184538182
v 0.7777983262274425 1.75 -1.1640574572235636
v 0.8333553495294028 1.25 -1.2472044184538182
v 0.7777983262274425 1.25 -1.1640574572235636
v 0.9515899262454683 1.75 -1.1595156800441053
v 0.8881505978291038 1.75 -1.0822146347078316
v 0.9515899262454683 1.25 -1.1595156800441053
v 0.8881505978291038 1.25 -1.0822146347078316
v 1.060660171779821 1.75 -1.0606601717798214
v 0.9899494936611662 1.75 -0.9899494936611667
v 1.060660171779821 1.25 -1.0606601717798214
v 0.9899494936611662 1.25 -0.9899494936611667
v 1.1595156800441049 1.75 -0.9515899262454689
v 1.0822146347078312 1.75 -0.8881505978291042
v 1.1595156800441049 1.25 -0.9515899262454689
v 1.0822146347078312 1.25 -0.8881505978291042
v 1.2472044184538178 1.75 -0.8333553495294033
v 1.1640574572235634 1.75 -0.777798326227443
v 1.2472044184538178 1.25 -0.8333553495294033
v 1.1640574572235634 1.25 -0.777798326227443
v 1.3228818965225322 1.75 -0.7070951052389969
v 1.2346897700876966 1.75 -0.659955431556397
v 1.3228818965225322 1.25 -0.7070951052389969
v 1.2346897700876966 1.25 -0.659955431556397
v 1.3858192987669298 1.75 -0.5740251485476355
v 1.293431345515801 1.75 -0.5357568053111265
v 1.3858192987669298 1.25 -0.5740251485476355
v 1.293431345515801 1.25 -0.5357568053111265
v 1.4354105035983133 1.75 -0.43542701588169375
v 1.3397164700250923 1.75 -0.4063985481562475
v 1.4354105035983133 1.25 -0.43542701588169375
v 1.3397164700250923 1.25 -0.4063985481562475
v 1.4711779206048454 1.75 -0.29263548302419307
v 1.3730993925645223 1.75 -0.2731264508225802
v 1.4711779206048454 1.25 -0.29263548302419307
v 1.3730993925645223 1.25 -0.2731264508225802
v 1.4927770900082953 1.75 -0.14702571049434077
v 1.3932586173410757 1.75 -0.1372239964613847
v 1.4927770900082953 1.25 -0.14702571049434077
v 1.3932586173410757 1.25 -0.1372239964613847
v 1.6 2.4 0.0
v 1.5 1.6 0.0
v 1.592295562675515 2.4 0.15682742452729698
v 1.4927770900082953 1.6 0.1470257104943409
v 1.5692564486451688 2.4 0.3121445152258052
v 1.4711779206048456 1.6 0.2926354830241924
v 1.5311045371715342 2.4 0.46445548360713973
v 1.4354105035983133 1.6 0.4354270158816935
v 1.478207252018059 2.4 0.6122934917841437
v 1.38581929876693 1.6 0.5740251485476346
v 1.4110740229573682 2.4 0.7542347789215963
v 1.3228818965225326 1.6 0.7070951052389964
v 1.3303513796840725 2.4 0.8889123728313635
v 1.2472044184538178 1.6 0.8333553495294033
v 1.2368167253803792 2.4 1.015029254661833
v 1.1595156800441055 1.6 0.9515899262454682
v 1.1313708498984762 2.4 1.1313708498984762
v 1.0606601717798214 1.6 1.0606601717798214
v 1.015029254661833 2.4 1.236816725380379
v 0.9515899262454682 1.6 1.1595156800441053
v 0.8889123728313637 2.4 1.3303513796840725
v 0.8333553495294035 1.6 1.2472044184538178
v 0.7542347789215965 2.4 1.411074022957368
v 0.7070951052389967 1.6 1.3228818965225324
v 0.6122934917841438 2.4 1.478207252018059
v 0.5740251485476348 1.6 1.38581929876693
v 0.46445548360713973 2.4 1.5311045371715344
v 0.4354270158816935 1.6 1.4354105035983133
v 0.31214451522580533 2.4 1.5692564486451688
v 0.2926354830241925 1.6 1.4711779206048456
v 0.15682742452729725 2.4 1.592295562675515
v 0.14702571049434116 1.6 1.4927770900082953
v 9.797174393178826e-17 2.4 1.6
v 9.184850993605148e-17 1.6 1.5
v -0.15682742452729703 2.4 1.592295562675515
v -0.14702571049434096 1.6 1.4927770900082953
v -0.3121445152258051 2.4 1.5692564486451688
v -0.2926354830241923 1.6 1.4711779206048456
v -0.4644554836071395 2.4 1.5311045371715344
v -0.43542701588169325 1.6 1.4354105035983133
v -0.6122934917841436 2.4 1.478207252018059
v -0.5740251485476346 1.6 1.38581929876693
v -0.7542347789215964 2.4 1.4110740229573682
v -0.7070951052389965 1.6 1.3228818965225326
v -0.8889123728313632 2.4 1.3303513796840727
v -0.8333553495294029 1.6 1.247204418453818
v -1.0150292546618327 2.4 1.2368167253803795
v -0.9515899262454681 1.6 1.1595156800441058
v -1.131370849898476 2.4 1.1313708498984762
v -1.0606601717798212 1.6 1.0606601717798214
v -1.2368167253803792 2.4 1.015029254661833
v -1.1595156800441055 1.6 0.9515899262454682
v -1.3303513796840727 2.4 0.8889123728313635
v -1.247204418453818 1.6 0.8333553495294033
v -1.411074022957368 2.4 0.7542347789215965
v -1.3228818965225324 1.6 0.7070951052389967
v -1.478207252018059 2.4 0.6122934917841438
v -1.38581929876693 1.6 0.5740251485476349
v -1.5311045371715342 2.4 0.46445548360713984
v -1.4354105035983133 1.6 0.4354270158816936
v -1.5692564486451688 2.4 0.3121445152258058
v -1.4711779206048456 1.6 0.2926354830241929
v -1.592295562675515 2.4 0.15682742452729734
v -1.4927770900082953 1.6 0.14702571049434124
v -1.6 2.4 1.9594348786357652e-16
v -1.5 1.6 1.8369701987210297e-16
v -1.592295562675515 2.4 -0.15682742452729695
v -1.4927770900082953 1.6 -0.14702571049434088
v -1.5692564486451688 2.4 -0.3121445152258054
v -1.4711779206048456 1.6 -0.2926354830241925
v -1.5311045371715344 2.4 -0.4644554836071394
v -1.4354105035983133 1.6 -0.4354270158816932
v -1.4782072520180591 2.4 -0.6122934917841435
v -1.3858192987669302 1.6 -0.5740251485476345
v -1.4110740229573682 2.4 -0.7542347789215963
v -1.3228818965225326 1.6 -0.7070951052389964
v -1.330351379684073 2.4 -0.8889123728313632
v -1.2472044184538182 1.6 -0.8333553495294029
v -1.2368167253803795 2.4 -1.0150292546618325
v -1.1595156800441058 1.6 -0.9515899262454679
v -1.1313708498984762 2.4 -1.131370849898476
v -1.0606601717798214 1.6 -1.0606601717798212
v -1.0150292546618336 2.4 -1.2368167253803788
v -0.9515899262454689 1.6 -1.1595156800441049
v -0.8889123728313635 2.4 -1.3303513796840725
v -0.8333553495294033 1.6 -1.2472044184538178
v -0.7542347789215966 2.4 -1.411074022957368
v -0.7070951052389968 1.6 -1.3228818965225324
v -0.6122934917841446 2.4 -1.4782072520180585
v -0.5740251485476355 1.6 -1.3858192987669298
v -0.46445548360713995 2.4 -1.5311045371715342
v -0.43542701588169364 1.6 -1.4354105035983133
v -0.3121445152258059 2.4 -1.5692564486451686
v -0.292635483024193 1.6 -1.4711779206048454
v -0.15682742452729673 2.4 -1.592295562675515
v -0.14702571049434068 1.6 -1.4927770900082953
v -2.9391523179536476e-16 2.4 -1.6
v -2.755455298081545e-16 1.6 -1.5
v 0.15682742452729614 2.4 -1.592295562675515
v 0.14702571049434013 1.6 -1.4927770900082953
v 0.31214451522580533 2.4 -1.5692564486451688
v 0.29263548302419246 1.6 -1.4711779206048456
v 0.4644554836071393 2.4 -1.5311045371715344
v 0.4354270158816931 1.6 -1.4354105035983133
v 0.612293491784144 2.4 -1.4782072520180587
v 0.574025148547635 1.6 -1.38581929876693
v 0.7542347789215962 2.4 -1.4110740229573682
v 0.7070951052389964 1.6 -1.3228818965225326
v 0.888912372831363 2.4 -1.330351379684073
v 0.8333553495294028 1.6 -1.2472044184538182
v 1.015029254661833 2.4 -1.236816725380379
v 0.9515899262454683 1.6 -1.1595156800441053
v 1.1313708498984758 2.4 -1.1313708498984762
v 1.060660171779821 1.6 -1.0606601717798214
v 1.2368167253803786 2.4 -1.0150292546618336
v 1.1595156800441049 1.6 -0.9515899262454689
v 1.3303513796840725 2.4 -0.8889123728313635
v 1.2472044184538178 1.6 -0.8333553495294033
v 1.4110740229573677 2.4 -0.7542347789215967
v 1.3228818965225322 1.6 -0.7070951052389969
v 1.4782072520180585 2.4 -0.6122934917841447
v 1.3858192987669298 1.6 -0.5740251485476355
v 1.5311045371715342 2.4 -0.46445548360714
v 1.4354105035983133 1.6 -0.43542701588169375
v 1.5692564486451686 2.4 -0.312144515225806
v 1.4711779206048454 1.6 -0.29263548302419307
v 1.592295562675515 2.4 -0.1568274245272968
v 1.4927770900082953 1.6 -0.14702571049434077
v 0.8 3.4 0.0
v 1.6 2.4 0.0
v 0.7961477813377575 3.4 0.07841371226364849
v 1.592295562675515 2.4 0.15682742452729698
v 0.7846282243225844 3.4 0.1560722576129026
v 1.5692564486451688 2.4 0.3121445152258052
v 0.7655522685857671 3.4 0.23222774180356986
v 1.5311045371715342 2.4 0.46445548360713973
v 0.7391036260090295 3.4 0.30614674589207186
v 1.478207252018059 2.4 0.6122934917841437
v 0.7055370114786841 3.4 0.37711738946079815
v 1.4110740229573682 2.4 0.7542347789215963
v 0.6651756898420362 3.4 0.44445618641568174
v 1.3303513796840725 2.4 0.8889123728313635
v 0.6184083626901896 3.4 0.5075146273309165
v 1.2368167253803792 2.4 1.015029254661833
v 0.5656854249492381 3.4 0.5656854249492381
v 1.1313708498984762 2.4 1.1313708498984762
v 0.5075146273309165 3.4 0.6184083626901895
v 1.015029254661833 2.4 1.236816725380379
v 0.44445618641568185 3.4 0.6651756898420362
v 0.8889123728313637 2.4 1.3303513796840725
v 0.37711738946079826 3.4 0.705537011478684
v 0.7542347789215965 2.4 1.411074022957368
v 0.3061467458920719 3.4 0.7391036260090295
v 0.6122934917841438 2.4 1.478207252018059
v 0.23222774180356986 3.4 0.7655522685857672
v 0.46445548360713973 2.4 1.5311045371715344
v 0.15607225761290267 3.4 0.7846282243225844
v 0.31214451522580533 2.4 1.5692564486451688
v 0.07841371226364863 3.4 0.7961477813377575
v 0.15682742452729725 2.4 1.592295562675515
v 4.898587196589413e-17 3.4 0.8
v 9.797174393178826e-17 2.4 1.6
v -0.07841371226364852 3.4 0.7961477813377575
v -0.15682742452729703 2.4 1.592295562675515
v -0.15607225761290255 3.4 0.7846282243225844
v -0.3121445152258051 2.4 1.5692564486451688
v -0.23222774180356975 3.4 0.7655522685857672
v -0.4644554836071395 2.4 1.5311045371715344
v -0.3061467458920718 3.4 0.7391036260090295
v -0.6122934917841436 2.4 1.478207252018059
v -0.3771173894607982 3.4 0.7055370114786841
v -0.7542347789215964 2.4 1.4110740229573682
v -0.4444561864156816 3.4 0.6651756898420363
v -0.8889123728313632 2.4 1.3303513796840727
v -0.5075146273309163 3.4 0.6184083626901897
v -1.0150292546618327 2.4 1.2368167253803795
v -0.565685424949238 3.4 0.5656854249492381
v -1.131370849898476 2.4 1.1313708498984762
v -0.6184083626901896 3.4 0.5075146273309165
v -1.2368167253803792 2.4 1.015029254661833
v -0.6651756898420363 3.4 0.44445618641568174
v -1.3303513796840727 2.4 0.8889123728313635
v -0.705537011478684 3.4 0.37711738946079826
v -1.411074022957368 2.4 0.7542347789215965
v -0.7391036260090295 3.4 0.3061467458920719
v -1.478207252018059 2.4 0.6122934917841438
v -0.7655522685857671 3.4 0.23222774180356992
v -1.5311045371715342 2.4 0.46445548360713984
v -0.7846282243225844 3.4 0.1560722576129029
v -1.5692564486451688 2.4 0.3121445152258058
v -0.7961477813377575 3.4 0.07841371226364867
v -1.592295562675515 2.4 0.15682742452729734
v -0.8 3.4 9.797174393178826e-17
v -1.6 2.4 1.9594348786357652e-16
v -0.7961477813377575 3.4 -0.07841371226364847
v -1.592295562675515 2.4 -0.15682742452729695
v -0.7846282243225844 3.4 -0.1560722576129027
v -1.5692564486451688 2.4 -0.3121445152258054
v -0.7655522685857672 3.4 -0.2322277418035697
v -1.5311045371715344 2.4 -0.4644554836071394
v -0.7391036260090296 3.4 -0.30614674589207175
v -1.4782072520180591 2.4 -0.6122934917841435
v -0.7055370114786841 3.4 -0.37711738946079815
v -1.4110740229573682 2.4 -0.7542347789215963
v -0.6651756898420365 3.4 -0.4444561864156816
v -1.330351379684073 2.4 -0.8889123728313632
v -0.6184083626901897 3.4 -0.5075146273309162
v -1.2368167253803795 2.4 -1.0150292546618325
v -0.5656854249492381 3.4 -0.565685424949238
v -1.1313708498984762 2.4 -1.131370849898476
v -0.5075146273309168 3.4 -0.6184083626901894
v -1.0150292546618336 2.4 -1.2368167253803788
v -0.44445618641568174 3.4 -0.6651756898420362
v -0.8889123728313635 2.4 -1.3303513796840725
v -0.3771173894607983 3.4 -0.705537011478684
v -0.7542347789215966 2.4 -1.411074022957368
v -0.3061467458920723 3.4 -0.7391036260090292
v -0.6122934917841446 2.4 -1.4782072520180585
v -0.23222774180356998 3.4 -0.7655522685857671
v -0.46445548360713995 2.4 -1.5311045371715342
v -0.15607225761290294 3.4 -0.7846282243225843
v -0.3121445152258059 2.4 -1.5692564486451686
v -0.07841371226364836 3.4 -0.7961477813377575
v -0.15682742452729673 2.4 -1.592295562675515
v -1.4695761589768238e-16 3.4 -0.8
v -2.9391523179536476e-16 2.4 -1.6
v 0.07841371226364807 3.4 -0.7961477813377575
v 0.15682742452729614 2.4 -1.592295562675515
v 0.15607225761290267 3.4 -0.7846282243225844
v 0.31214451522580533 2.4 -1.5692564486451688
v 0.23222774180356964 3.4 -0.7655522685857672
v 0.4644554836071393 2.4 -1.5311045371715344
v 0.306146745892072 3.4 -0.7391036260090293
v 0.612293491784144 2.4 -1.4782072520180587
v 0.3771173894607981 3.4 -0.7055370114786841
v 0.7542347789215962 2.4 -1.4110740229573682
v 0.4444561864156815 3.4 -0.6651756898420365
v 0.888912372831363 2.4 -1.330351379684073
v 0.5075146273309165 3.4 -0.6184083626901895
v 1.015029254661833 2.4 -1.236816725380379
v 0.5656854249492379 3.4 -0.5656854249492381
v 1.1313708498984758 2.4 -1.1313708498984762
v 0.6184083626901893 3.4 -0.5075146273309168
v 1.2368167253803786 2.4 -1.0150292546618336
v 0.6651756898420362 3.4 -0.44445618641568174
v 1.3303513796840725 2.4 -0.8889123728313635
v 0.7055370114786839 3.4 -0.37711738946079837
v 1.4110740229573677 2.4 -0.7542347789215967
v 0.7391036260090292 3.4 -0.30614674589207236
v 1.4782072520180585 2.4 -0.6122934917841447
v 0.7655522685857671 3.4 -0.23222774180357
v 1.5311045371715342 2.4 -0.46445548360714
v 0.7846282243225843 3.4 -0.156072257612903
v 1.5692564486451686 2.4 -0.312144515225806
v 0.7961477813377575 3.4 -0.0784137122636484
v 1.592295562675515 2.4 -0.1568274245272968
v 0.8 3.65 0.0
v 0.7 3.65 0.0
v 0.8 3.15 0.0
v 0.7 3.15 0.0
v 0.7961477813377575 3.65 0.07841371226364849
v 0.6966293086705379 3.65 0.06861199823069242
v 0.7961477813377575 3.15 0.07841371226364849
v 0.6966293086705379 3.15 0.06861199823069242
v 0.7846282243225844 3.65 0.1560722576129026
v 0.6865496962822613 3.65 0.13656322541128976
v 0.7846282243225844 3.15 0.1560722576129026
v 0.6865496962822613 3.15 0.13656322541128976
v 0.7655522685857671 3.65 0.23222774180356986
v 0.6698582350125462 3.65 0.20319927407812363
v 0.7655522685857671 3.15 0.23222774180356986
v 0.6698582350125462 3.15 0.20319927407812363
v 0.7391036260090295 3.65 0.30614674589207186
v 0.6467156727579007 3.65 0.26787840265556284
v 0.7391036260090295 3.15 0.30614674589207186
v 0.6467156727579007 3.15 0.26787840265556284
v 0.7055370114786841 3.65 0.37711738946079815
v 0.6173448850438485 3.65 0.32997771577819834
v 0.7055370114786841 3.15 0.37711738946079815
v 0.6173448850438485 3.15 0.32997771577819834
v 0.6651756898420362 3.65 0.44445618641568174
v 0.5820287286117817 3.65 0.3888991631137215
v 0.6651756898420362 3.15 0.44445618641568174
v 0.5820287286117817 3.15 0.3888991631137215
v 0.6184083626901896 3.65 0.5075146273309165
v 0.5411073173539158 3.65 0.44407529891455183
v 0.6184083626901896 3.15 0.5075146273309165
v 0.5411073173539158 3.15 0.44407529891455183
v 0.5656854249492381 3.65 0.5656854249492381
v 0.4949747468305833 3.65 0.4949747468305833
v 0.5656854249492381 3.15 0.5656854249492381
v 0.4949747468305833 3.15 0.4949747468305833
v 0.5075146273309165 3.65 0.6184083626901895
v 0.44407529891455183 3.65 0.5411073173539158
v 0.5075146273309165 3.15 0.6184083626901895
v 0.44407529891455183 3.15 0.5411073173539158
v 0.44445618641568185 3.65 0.6651756898420362
v 0.3888991631137216 3.65 0.5820287286117817
v 0.44445618641568185 3.15 0.6651756898420362
v 0.3888991631137216 3.15 0.5820287286117817
v 0.37711738946079826 3.65 0.705537011478684
v 0.32997771577819845 3.65 0.6173448850438484
v 0.37711738946079826 3.15 0.705537011478684
v 0.32997771577819845 3.15 0.6173448850438484
v 0.3061467458920719 3.65 0.7391036260090295
v 0.26787840265556284 3.65 0.6467156727579007
v 0.3061467458920719 3.15 0.7391036260090295
v 0.26787840265556284 3.15 0.6467156727579007
v 0.23222774180356986 3.65 0.7655522685857672
v 0.20319927407812363 3.65 0.6698582350125463
v 0.23222774180356986 3.15 0.7655522685857672
v 0.20319927407812363 3.15 0.6698582350125463
v 0.15607225761290267 3.65 0.7846282243225844
v 0.13656322541128982 3.65 0.6865496962822613
v 0.15607225761290267 3.15 0.7846282243225844
v 0.13656322541128982 3.15 0.6865496962822613
v 0.07841371226364863 3.65 0.7961477813377575
v 0.06861199823069253 3.65 0.6966293086705377
v 0.07841371226364863 3.15 0.7961477813377575
v 0.06861199823069253 3.15 0.6966293086705377
v 4.898587196589413e-17 3.65 0.8
v 4.286263797015736e-17 3.65 0.7
v 4.898587196589413e-17 3.15 0.8
v 4.286263797015736e-17 3.15 0.7
v -0.07841371226364852 3.65 0.7961477813377575
v -0.06861199823069244 3.65 0.6966293086705379
v -0.07841371226364852 3.15 0.7961477813377575
v -0.06861199823069244 3.15 0.6966293086705379
v -0.15607225761290255 3.65 0.7846282243225844
v -0.13656322541128973 3.65 0.6865496962822613
v -0.15607225761290255 3.15 0.7846282243225844
v -0.13656322541128973 3.15 0.6865496962822613
v -0.23222774180356975 3.65 0.7655522685857672
v -0.2031992740781235 3.65 0.6698582350125463
v -0.23222774180356975 3.15 0.7655522685857672
v -0.2031992740781235 3.15 0.6698582350125463
v -0.3061467458920718 3.65 0.7391036260090295
v -0.2678784026555628 3.65 0.6467156727579007
v -0.3061467458920718 3.15 0.7391036260090295
v -0.2678784026555628 3.15 0.6467156727579007
v -0.3771173894607982 3.65 0.7055370114786841
v -0.32997771577819834 3.65 0.6173448850438485
v -0.3771173894607982 3.15 0.7055370114786841
v -0.32997771577819834 3.15 0.6173448850438485
v -0.4444561864156816 3.65 0.6651756898420363
v -0.38889916311372136 3.65 0.5820287286117817
v -0.4444561864156816 3.15 0.6651756898420363
v -0.38889916311372136 3.15 0.5820287286117817
v -0.5075146273309163 3.65 0.6184083626901897
v -0.4440752989145517 3.65 0.5411073173539159
v -0.5075146273309163 3.15 0.6184083626901897
v -0.4440752989145517 3.15 0.5411073173539159
v -0.565685424949238 3.65 0.5656854249492381
v -0.4949747468305832 3.65 0.4949747468305833
v -0.565685424949238 3.15 0.5656854249492381
v -0.4949747468305832 3.15 0.4949747468305833
v -0.6184083626901896 3.65 0.5075146273309165
v -0.5411073173539158 3.65 0.44407529891455183
v -0.6184083626901896 3.15 0.5075146273309165
v -0.5411073173539158 3.15 0.44407529891455183
v -0.6651756898420363 3.65 0.44445618641568174
v -0.5820287286117817 3.65 0.3888991631137215
v -0.6651756898420363 3.15 0.44445618641568174
v -0.5820287286117817 3.15 0.3888991631137215
v -0.705537011478684 3.65 0.37711738946079826
v -0.6173448850438484 3.65 0.32997771577819845
v -0.705537011478684 3.15 0.37711738946079826
v -0.6173448850438484 3.15 0.32997771577819845
v -0.7391036260090295 3.65 0.3061467458920719
v -0.6467156727579007 3.65 0.2678784026555629
v -0.7391036260090295 3.15 0.3061467458920719
v -0.6467156727579007 3.15 0.2678784026555629
v -0.7655522685857671 3.65 0.23222774180356992
v -0.6698582350125462 3.65 0.20319927407812366
v -0.7655522685857671 3.15 0.23222774180356992
v -0.6698582350125462 3.15 0.20319927407812366
v -0.7846282243225844 3.65 0.1560722576129029
v -0.6865496962822613 3.65 0.13656322541129
v -0.7846282243225844 3.15 0.1560722576129029
v -0.6865496962822613 3.15 0.13656322541129
v -0.7961477813377575 3.65 0.07841371226364867
v -0.6966293086705377 3.65 0.06861199823069257
v -0.7961477813377575 3.15 0.07841371226364867
v -0.6966293086705377 3.15 0.06861199823069257
v -0.8 3.65 9.797174393178826e-17
v -0.7 3.65 8.572527594031472e-17
v -0.8 3.15 9.797174393178826e-17
v -0.7 3.15 8.572527594031472e-17
v -0.7961477813377575 3.65 -0.07841371226364847
v -0.6966293086705379 3.65 -0.0686119982306924
v -0.7961477813377575 3.15 -0.07841371226364847
v -0.6966293086705379 3.15 -0.0686119982306924
v -0.7846282243225844 3.65 -0.1560722576129027
v -0.6865496962822613 3.65 -0.13656322541128985
v -0.7846282243225844 3.15 -0.1560722576129027
v -0.6865496962822613 3.15 -0.13656322541128985
v -0.7655522685857672 3.65 -0.2322277418035697
v -0.6698582350125463 3.65 -0.20319927407812347
v -0.7655522685857672 3.15 -0.2322277418035697
v -0.6698582350125463 3.15 -0.20319927407812347
v -0.7391036260090296 3.65 -0.30614674589207175
v -0.6467156727579008 3.65 -0.26787840265556273
v -0.7391036260090296 3.15 -0.30614674589207175
v -0.6467156727579008 3.15 -0.26787840265556273
v -0.7055370114786841 3.65 -0.37711738946079815
v -0.6173448850438485 3.65 -0.32997771577819834
v -0.7055370114786841 3.15 -0.37711738946079815
v -0.6173448850438485 3.15 -0.32997771577819834
v -0.6651756898420365 3.65 -0.4444561864156816
v -0.5820287286117818 3.65 -0.38889916311372136
v -0.6651756898420365 3.15 -0.4444561864156816
v -0.5820287286117818 3.15 -0.38889916311372136
v -0.6184083626901897 3.65 -0.5075146273309162
v -0.5411073173539159 3.65 -0.44407529891455166
v -0.6184083626901897 3.15 -0.5075146273309162
v -0.5411073173539159 3.15 -0.44407529891455166
v -0.5656854249492381 3.65 -0.565685424949238
v -0.49497474683058335 3.65 -0.4949747468305832
v -0.5656854249492381 3.15 -0.565685424949238
v -0.49497474683058335 3.15 -0.4949747468305832
v -0.5075146273309168 3.65 -0.6184083626901894
v -0.4440752989145521 3.65 -0.5411073173539156
v -0.5075146273309168 3.15 -0.6184083626901894
v -0.4440752989145521 3.15 -0.5411073173539156
v -0.44445618641568174 3.65 -0.6651756898420362
v -0.3888991631137215 3.65 -0.5820287286117817
v -0.44445618641568174 3.15 -0.6651756898420362
v -0.3888991631137215 3.15 -0.5820287286117817
v -0.3771173894607983 3.65 -0.705537011478684
v -0.3299777157781985 3.65 -0.6173448850438484
v -0.3771173894607983 3.15 -0.705537011478684
v -0.3299777157781985 3.15 -0.6173448850438484
v -0.3061467458920723 3.65 -0.7391036260090292
v -0.26787840265556323 3.65 -0.6467156727579005
v -0.3061467458920723 3.15 -0.7391036260090292
v -0.26787840265556323 3.15 -0.6467156727579005
v -0.23222774180356998 3.65 -0.7655522685857671
v -0.2031992740781237 3.65 -0.6698582350125462
v -0.23222774180356998 3.15 -0.7655522685857671
v -0.2031992740781237 3.15 -0.6698582350125462
v -0.15607225761290294 3.65 -0.7846282243225843
v -0.13656322541129007 3.65 -0.6865496962822611
v -0.15607225761290294 3.15 -0.7846282243225843
v -0.13656322541129007 3.15 -0.6865496962822611
v -0.07841371226364836 3.65 -0.7961477813377575
v -0.0686119982306923 3.65 -0.6966293086705379
v -0.07841371226364836 3.15 -0.7961477813377575
v -0.0686119982306923 3.15 -0.6966293086705379
v -1.4695761589768238e-16 3.65 -0.8
v -1.2858791391047207e-16 3.65 -0.7
v -1.4695761589768238e-16 3.15 -0.8
v -1.2858791391047207e-16 3.15 -0.7
v 0.07841371226364807 3.65 -0.7961477813377575
v 0.06861199823069206 3.65 -0.6966293086705379
v 0.07841371226364807 3.15 -0.7961477813377575
v 0.06861199823069206 3.15 -0.6966293086705379
v 0.15607225761290267 3.65 -0.7846282243225844
v 0.1365632254112898 3.65 -0.6865496962822613
v 0.15607225761290267 3.15 -0.7846282243225844
v 0.1365632254112898 3.15 -0.6865496962822613
v 0.23222774180356964 3.65 -0.7655522685857672
v 0.20319927407812344 3.65 -0.6698582350125463
v 0.23222774180356964 3.15 -0.7655522685857672
v 0.20319927407812344 3.15 -0.6698582350125463
v 0.306146745892072 3.65 -0.7391036260090293
v 0.267878402655563 3.65 -0.6467156727579007
v 0.306146745892072 3.15 -0.7391036260090293
v 0.267878402655563 3.15 -0.6467156727579007
v 0.3771173894607981 3.65 -0.7055370114786841
v 0.3299777157781983 3.65 -0.6173448850438485
v 0.3771173894607981 3.15 -0.7055370114786841
v 0.3299777157781983 3.15 -0.6173448850438485
v 0.4444561864156815 3.65 -0.6651756898420365
v 0.38889916311372125 3.65 -0.5820287286117818
v 0.4444561864156815 3.15 -0.6651756898420365
v 0.38889916311372125 3.15 -0.5820287286117818
v 0.5075146273309165 3.65 -0.6184083626901895
v 0.4440752989145519 3.65 -0.5411073173539158
v 0.5075146273309165 3.15 -0.6184083626901895
v 0.4440752989145519 3.15 -0.5411073173539158
v 0.5656854249492379 3.65 -0.5656854249492381
v 0.4949747468305831 3.65 -0.49497474683058335
v 0.5656854249492379 3.15 -0.5656854249492381
v 0.4949747468305831 3.15 -0.49497474683058335
v 0.6184083626901893 3.65 -0.5075146273309168
v 0.5411073173539156 3.65 -0.4440752989145521
v 0.6184083626901893 3.15 -0.5075146273309168
v 0.5411073173539156 3.15 -0.4440752989145521
v 0.6651756898420362 3.65 -0.44445618641568174
v 0.5820287286117817 3.65 -0.3888991631137215
v 0.6651756898420362 3.15 -0.44445618641568174
v 0.5820287286117817 3.15 -0.3888991631137215
v 0.7055370114786839 3.65 -0.37711738946079837
v 0.6173448850438483 3.65 -0.3299777157781985
v 0.7055370114786839 3.15 -0.37711738946079837
v 0.6173448850438483 3.15 -0.3299777157781985
v 0.7391036260090292 3.65 -0.30614674589207236
v 0.6467156727579005 3.65 -0.26787840265556323
v 0.7391036260090292 3.15 -0.30614674589207236
v 0.6467156727579005 3.15 -0.26787840265556323
v 0.7655522685857671 3.65 -0.23222774180357
v 0.6698582350125462 3.65 -0.20319927407812374
v 0.7655522685857671 3.15 -0.23222774180357
v 0.6698582350125462 3.15 -0.20319927407812374
v 0.7846282243225843 3.65 -0.156072257612903
v 0.6865496962822611 3.65 -0.1365632254112901
v 0.7846282243225843 3.15 -0.156072257612903
v 0.6865496962822611 3.15 -0.1365632254112901
v 0.7961477813377575 3.65 -0.0784137122636484
v 0.6966293086705379 3.65 -0.06861199823069235
v 0.7961477813377575 3.15 -0.0784137122636484
v 0.6966293086705379 3.15 -0.06861199823069235
v 0.7 3.85 0.0
v 0.8 3.65 0.0
v 0.6966293086705379 3.85 0.06861199823069242
v 0.7961477813377575 3.65 0.07841371226364849
v 0.6865496962822613 3.85 0.13656322541128976
v 0.7846282243225844 3.65 0.1560722576129026
v 0.6698582350125462 3.85 0.20319927407812363
v 0.7655522685857671 3.65 0.23222774180356986
v 0.6467156727579007 3.85 0.26787840265556284
v 0.7391036260090295 3.65 0.30614674589207186
v 0.6173448850438485 3.85 0.32997771577819834
v 0.7055370114786841 3.65 0.37711738946079815
v 0.5820287286117817 3.85 0.3888991631137215
v 0.6651756898420362 3.65 0.44445618641568174
v 0.5411073173539158 3.85 0.44407529891455183
v 0.6184083626901896 3.65 0.5075146273309165
v 0.4949747468305833 3.85 0.4949747468305833
v 0.5656854249492381 3.65 0.5656854249492381
v 0.44407529891455183 3.85 0.5411073173539158
v 0.5075146273309165 3.65 0.6184083626901895
v 0.3888991631137216 3.85 0.5820287286117817
v 0.44445618641568185 3.65 0.6651756898420362
v 0.32997771577819845 3.85 0.6173448850438484
v 0.37711738946079826 3.65 0.705537011478684
v 0.26787840265556284 3.85 0.6467156727579007
v 0.3061467458920719 3.65 0.7391036260090295
v 0.20319927407812363 3.85 0.6698582350125463
v 0.23222774180356986 3.65 0.7655522685857672
v 0.13656322541128982 3.85 0.6865496962822613
v 0.15607225761290267 3.65 0.7846282243225844
v 0.06861199823069253 3.85 0.6966293086705377
v 0.07841371226364863 3.65 0.7961477813377575
v 4.286263797015736e-17 3.85 0.7
v 4.898587196589413e-17 3.65 0.8
v -0.06861199823069244 3.85 0.6966293086705379
v -0.07841371226364852 3.65 0.7961477813377575
v -0.13656322541128973 3.85 0.6865496962822613
v -0.15607225761290255 3.65 0.7846282243225844
v -0.2031992740781235 3.85 0.6698582350125463
v -0.23222774180356975 3.65 0.7655522685857672
v -0.2678784026555628 3.85 0.6467156727579007
v -0.3061467458920718 3.65 0.7391036260090295
v -0.32997771577819834 3.85 0.6173448850438485
v -0.3771173894607982 3.65 0.7055370114786841
v -0.38889916311372136 3.85 0.5820287286117817
v -0.4444561864156816 3.65 0.6651756898420363
v -0.4440752989145517 3.85 0.5411073173539159
v -0.5075146273309163 3.65 0.6184083626901897
v -0.4949747468305832 3.85 0.4949747468305833
v -0.565685424949238 3.65 0.5656854249492381
v -0.5411073173539158 3.85 0.44407529891455183
v -0.6184083626901896 3.65 0.5075146273309165
v -0.5820287286117817 3.85 0.3888991631137215
v -0.6651756898420363 3.65 0.44445618641568174
v -0.6173448850438484 3.85 0.32997771577819845
v -0.705537011478684 3.65 0.37711738946079826
v -0.6467156727579007 3.85 0.2678784026555629
v -0.7391036260090295 3.65 0.3061467458920719
v -0.6698582350125462 3.85 0.20319927407812366
v -0.7655522685857671 3.65 0.23222774180356992
v -0.6865496962822613 3.85 0.13656322541129
v -0.7846282243225844 3.65 0.1560722576129029
v -0.6966293086705377 3.85 0.06861199823069257
v -0.7961477813377575 3.65 0.07841371226364867
v -0.7 3.85 8.572527594031472e-17
v -0.8 3.65 9.797174393178826e-17
v -0.6966293086705379 3.85 -0.0686119982306924
v -0.7961477813377575 3.65 -0.07841371226364847
v -0.6865496962822613 3.85 -0.13656322541128985
v -0.7846282243225844 3.65 -0.1560722576129027
v -0.6698582350125463 3.85 -0.20319927407812347
v -0.7655522685857672 3.65 -0.2322277418035697
v -0.6467156727579008 3.85 -0.26787840265556273
v -0.7391036260090296 3.65 -0.30614674589207175
v -0.6173448850438485 3.85 -0.32997771577819834
v -0.7055370114786841 3.65 -0.37711738946079815
v -0.5820287286117818 3.85 -0.38889916311372136
v -0.6651756898420365 3.65 -0.4444561864156816
v -0.5411073173539159 3.85 -0.44407529891455166
v -0.6184083626901897 3.65 -0.5075146273309162
v -0.49497474683058335 3.85 -0.4949747468305832
v -0.5656854249492381 3.65 -0.565685424949238
v -0.4440752989145521 3.85 -0.5411073173539156
v -0.5075146273309168 3.65 -0.6184083626901894
v -0.3888991631137215 3.85 -0.5820287286117817
v -0.44445618641568174 3.65 -0.6651756898420362
v -0.3299777157781985 3.85 -0.6173448850438484
v -0.3771173894607983 3.65 -0.705537011478684
v -0.26787840265556323 3.85 -0.6467156727579005
v -0.3061467458920723 3.65 -0.7391036260090292
v -0.2031992740781237 3.85 -0.6698582350125462
v -0.23222774180356998 3.65 -0.7655522685857671
v -0.13656322541129007 3.85 -0.6865496962822611
v -0.15607225761290294 3.65 -0.7846282243225843
v -0.0686119982306923 3.85 -0.6966293086705379
v -0.07841371226364836 3.65 -0.7961477813377575
v -1.2858791391047207e-16 3.85 -0.7
v -1.4695761589768238e-16 3.65 -0.8
v 0.06861199823069206 3.85 -0.6966293086705379
v 0.07841371226364807 3.65 -0.7961477813377575
v 0.1365632254112898 3.85 -0.6865496962822613
v 0.15607225761290267 3.65 -0.7846282243225844
v 0.20319927407812344 3.85 -0.6698582350125463
v 0.23222774180356964 3.65 -0.7655522685857672
v 0.267878402655563 3.85 -0.6467156727579007
v 0.306146745892072 3.65 -0.7391036260090293
v 0.3299777157781983 3.85 -0.6173448850438485
v 0.3771173894607981 3.65 -0.7055370114786841
v 0.38889916311372125 3.85 -0.5820287286117818
v 0.4444561864156815 3.65 -0.6651756898420365
v 0.4440752989145519 3.85 -0.5411073173539158
v 0.5075146273309165 3.65 -0.6184083626901895
v 0.4949747468305831 3.85 -0.49497474683058335
v 0.5656854249492379 3.65 -0.5656854249492381
v 0.5411073173539156 3.85 -0.4440752989145521
v 0.6184083626901893 3.65 -0.5075146273309168
v 0.5820287286117817 3.85 -0.3888991631137215
v 0.6651756898420362 3.65 -0.44445618641568174
v 0.6173448850438483 3.85 -0.3299777157781985
v 0.7055370114786839 3.65 -0.37711738946079837
v 0.6467156727579005 3.85 -0.26787840265556323
v 0.7391036260090292 3.65 -0.30614674589207236
v 0.6698582350125462 3.85 -0.20319927407812374
v 0.7655522685857671 3.65 -0.23222774180357
v 0.6865496962822611 3.85 -0.1365632254112901
v 0.7846282243225843 3.65 -0.156072257612903
v 0.6966293086705379 3.85 -0.06861199823069235
v 0.7961477813377575 3.65 -0.0784137122636484
v 0.7 5.5 0.0
v 0.6 5.5 0.0
v 0.7 2.5 0.0
v 0.6 2.5 0.0
v 0.6966293086705379 5.5 0.06861199823069242
v 0.5971108360033182 5.5 0.05881028419773636
v 0.6966293086705379 2.5 0.06861199823069242
v 0.5971108360033182 2.5 0.05881028419773636
v 0.6865496962822613 5.5 0.13656322541128976
v 0.5884711682419382 5.5 0.11705419320967694
v 0.6865496962822613 2.5 0.13656322541128976
v 0.5884711682419382 2.5 0.11705419320967694
v 0.6698582350125462 5.5 0.20319927407812363
v 0.5741642014393252 5.5 0.1741708063526774
v 0.6698582350125462 2.5 0.20319927407812363
v 0.5741642014393252 2.5 0.1741708063526774
v 0.6467156727579007 5.5 0.26787840265556284
v 0.5543277195067721 5.5 0.22961005941905385
v 0.6467156727579007 2.5 0.26787840265556284
v 0.5543277195067721 2.5 0.22961005941905385
v 0.6173448850438485 5.5 0.32997771577819834
v 0.529152758609013 5.5 0.2828380420955986
v 0.6173448850438485 2.5 0.32997771577819834
v 0.529152758609013 2.5 0.2828380420955986
v 0.5820287286117817 5.5 0.3888991631137215
v 0.4988817673815271 5.5 0.3333421398117613
v 0.5820287286117817 2.5 0.3888991631137215
v 0.4988817673815271 2.5 0.3333421398117613
v 0.5411073173539158 5.5 0.44407529891455183
v 0.4638062720176422 5.5 0.38063597049818726
v 0.5411073173539158 2.5 0.44407529891455183
v 0.4638062720176422 2.5 0.38063597049818726
v 0.4949747468305833 5.5 0.4949747468305833
v 0.4242640687119285 5.5 0.4242640687119285
v 0.4949747468305833 2.5 0.4949747468305833
v 0.4242640687119285 2.5 0.4242640687119285
v 0.44407529891455183 5.5 0.5411073173539158
v 0.38063597049818726 5.5 0.46380627201764213
v 0.44407529891455183 2.5 0.5411073173539158
v 0.38063597049818726 2.5 0.46380627201764213
v 0.3888991631137216 5.5 0.5820287286117817
v 0.33334213981176136 5.5 0.4988817673815271
v 0.3888991631137216 2.5 0.5820287286117817
v 0.33334213981176136 2.5 0.4988817673815271
v 0.32997771577819845 5.5 0.6173448850438484
v 0.28283804209559865 5.5 0.5291527586090129
v 0.32997771577819845 2.5 0.6173448850438484
v 0.28283804209559865 2.5 0.5291527586090129
v 0.26787840265556284 5.5 0.6467156727579007
v 0.22961005941905388 5.5 0.5543277195067721
v 0.26787840265556284 2.5 0.6467156727579007
v 0.22961005941905388 2.5 0.5543277195067721
v 0.20319927407812363 5.5 0.6698582350125463
v 0.1741708063526774 5.5 0.5741642014393253
v 0.20319927407812363 2.5 0.6698582350125463
v 0.1741708063526774 2.5 0.5741642014393253
v 0.13656322541128982 5.5 0.6865496962822613
v 0.117054193209677 5.5 0.5884711682419382
v 0.13656322541128982 2.5 0.6865496962822613
v 0.117054193209677 2.5 0.5884711682419382
v 0.06861199823069253 5.5 0.6966293086705377
v 0.05881028419773646 5.5 0.597110836003318
v 0.06861199823069253 2.5 0.6966293086705377
v 0.05881028419773646 2.5 0.597110836003318
v 4.286263797015736e-17 5.5 0.7
v 3.6739403974420595e-17 5.5 0.6
v 4.286263797015736e-17 2.5 0.7
v 3.6739403974420595e-17 2.5 0.6
v -0.06861199823069244 5.5 0.6966293086705379
v -0.05881028419773639 5.5 0.5971108360033182
v -0.06861199823069244 2.5 0.6966293086705379
v -0.05881028419773639 2.5 0.5971108360033182
v -0.13656322541128973 5.5 0.6865496962822613
v -0.11705419320967692 5.5 0.5884711682419382
v -0.13656322541128973 2.5 0.6865496962822613
v -0.11705419320967692 2.5 0.5884711682419382
v -0.2031992740781235 5.5 0.6698582350125463
v -0.1741708063526773 5.5 0.5741642014393253
v -0.2031992740781235 2.5 0.6698582350125463
v -0.1741708063526773 2.5 0.5741642014393253
v -0.2678784026555628 5.5 0.6467156727579007
v -0.22961005941905382 5.5 0.5543277195067721
v -0.2678784026555628 2.5 0.6467156727579007
v -0.22961005941905382 2.5 0.5543277195067721
v -0.32997771577819834 5.5 0.6173448850438485
v -0.2828380420955986 5.5 0.529152758609013
v -0.32997771577819834 2.5 0.6173448850438485
v -0.2828380420955986 2.5 0.529152758609013
v -0.38889916311372136 5.5 0.5820287286117817
v -0.33334213981176114 5.5 0.4988817673815272
v -0.38889916311372136 2.5 0.5820287286117817
v -0.33334213981176114 2.5 0.4988817673815272
v -0.4440752989145517 5.5 0.5411073173539159
v -0.3806359704981872 5.5 0.46380627201764224
v -0.4440752989145517 2.5 0.5411073173539159
v -0.3806359704981872 2.5 0.46380627201764224
v -0.4949747468305832 5.5 0.4949747468305833
v -0.42426406871192845 5.5 0.4242640687119285
v -0.4949747468305832 2.5 0.4949747468305833
v -0.42426406871192845 2.5 0.4242640687119285
v -0.5411073173539158 5.5 0.44407529891455183
v -0.4638062720176422 5.5 0.38063597049818726
v -0.5411073173539158 2.5 0.44407529891455183
v -0.4638062720176422 2.5 0.38063597049818726
v -0.5820287286117817 5.5 0.3888991631137215
v -0.4988817673815272 5.5 0.3333421398117613
v -0.5820287286117817 2.5 0.3888991631137215
v -0.4988817673815272 2.5 0.3333421398117613
v -0.6173448850438484 5.5 0.32997771577819845
v -0.5291527586090129 5.5 0.28283804209559865
v -0.6173448850438484 2.5 0.32997771577819845
v -0.5291527586090129 2.5 0.28283804209559865
v -0.6467156727579007 5.5 0.2678784026555629
v -0.5543277195067721 5.5 0.22961005941905394
v -0.6467156727579007 2.5 0.2678784026555629
v -0.5543277195067721 2.5 0.22961005941905394
v -0.6698582350125462 5.5 0.20319927407812366
v -0.5741642014393252 5.5 0.17417080635267743
v -0.6698582350125462 2.5 0.20319927407812366
v -0.5741642014393252 2.5 0.17417080635267743
v -0.6865496962822613 5.5 0.13656322541129
v -0.5884711682419382 5.5 0.11705419320967717
v -0.6865496962822613 2.5 0.13656322541129
v -0.5884711682419382 2.5 0.11705419320967717
v -0.6966293086705377 5.5 0.06861199823069257
v -0.597110836003318 5.5 0.05881028419773649
v -0.6966293086705377 2.5 0.06861199823069257
v -0.597110836003318 2.5 0.05881028419773649
v -0.7 5.5 8.572527594031472e-17
v -0.6 5.5 7.347880794884119e-17
v -0.7 2.5 8.572527594031472e-17
v -0.6 2.5 7.347880794884119e-17
v -0.6966293086705379 5.5 -0.0686119982306924
v -0.5971108360033182 5.5 -0.05881028419773635
v -0.6966293086705379 2.5 -0.0686119982306924
v -0.5971108360033182 2.5 -0.05881028419773635
v -0.6865496962822613 5.5 -0.13656322541128985
v -0.5884711682419382 5.5 -0.11705419320967701
v -0.6865496962822613 2.5 -0.13656322541128985
v -0.5884711682419382 2.5 -0.11705419320967701
v -0.6698582350125463 5.5 -0.20319927407812347
v -0.5741642014393253 5.5 -0.17417080635267726
v -0.6698582350125463 2.5 -0.20319927407812347
v -0.5741642014393253 2.5 -0.17417080635267726
v -0.6467156727579008 5.5 -0.26787840265556273
v -0.5543277195067721 5.5 -0.2296100594190538
v -0.6467156727579008 2.5 -0.26787840265556273
v -0.5543277195067721 2.5 -0.2296100594190538
v -0.6173448850438485 5.5 -0.32997771577819834
v -0.529152758609013 5.5 -0.2828380420955986
v -0.6173448850438485 2.5 -0.32997771577819834
v -0.529152758609013 2.5 -0.2828380420955986
v -0.5820287286117818 5.5 -0.38889916311372136
v -0.49888176738152723 5.5 -0.33334213981176114
v -0.5820287286117818 2.5 -0.38889916311372136
v -0.49888176738152723 2.5 -0.33334213981176114
v -0.5411073173539159 5.5 -0.44407529891455166
v -0.46380627201764224 5.5 -0.38063597049818715
v -0.5411073173539159 2.5 -0.44407529891455166
v -0.46380627201764224 2.5 -0.38063597049818715
v -0.49497474683058335 5.5 -0.4949747468305832
v -0.4242640687119286 5.5 -0.42426406871192845
v -0.49497474683058335 2.5 -0.4949747468305832
v -0.4242640687119286 2.5 -0.42426406871192845
v -0.4440752989145521 5.5 -0.5411073173539156
v -0.38063597049818754 5.5 -0.46380627201764196
v -0.4440752989145521 2.5 -0.5411073173539156
v -0.38063597049818754 2.5 -0.46380627201764196
v -0.3888991631137215 5.5 -0.5820287286117817
v -0.3333421398117613 5.5 -0.4988817673815271
v -0.3888991631137215 2.5 -0.5820287286117817
v -0.3333421398117613 2.5 -0.4988817673815271
v -0.3299777157781985 5.5 -0.6173448850438484
v -0.2828380420955987 5.5 -0.5291527586090129
v -0.3299777157781985 2.5 -0.6173448850438484
v -0.2828380420955987 2.5 -0.5291527586090129
v -0.26787840265556323 5.5 -0.6467156727579005
v -0.22961005941905419 5.5 -0.5543277195067718
v -0.26787840265556323 2.5 -0.6467156727579005
v -0.22961005941905419 2.5 -0.5543277195067718
v -0.2031992740781237 5.5 -0.6698582350125462
v -0.17417080635267745 5.5 -0.5741642014393252
v -0.2031992740781237 2.5 -0.6698582350125462
v -0.17417080635267745 2.5 -0.5741642014393252
v -0.13656322541129007 5.5 -0.6865496962822611
v -0.1170541932096772 5.5 -0.5884711682419381
v -0.13656322541129007 2.5 -0.6865496962822611
v -0.1170541932096772 2.5 -0.5884711682419381
v -0.0686119982306923 5.5 -0.6966293086705379
v -0.05881028419773627 5.5 -0.5971108360033182
v -0.0686119982306923 2.5 -0.6966293086705379
v -0.05881028419773627 2.5 -0.5971108360033182
v -1.2858791391047207e-16 5.5 -0.7
v -1.1021821192326178e-16 5.5 -0.6
v -1.2858791391047207e-16 2.5 -0.7
v -1.1021821192326178e-16 2.5 -0.6
v 0.06861199823069206 5.5 -0.6966293086705379
v 0.058810284197736054 5.5 -0.5971108360033182
v 0.06861199823069206 2.5 -0.6966293086705379
v 0.058810284197736054 2.5 -0.5971108360033182
v 0.1365632254112898 5.5 -0.6865496962822613
v 0.11705419320967697 5.5 -0.5884711682419382
v 0.1365632254112898 2.5 -0.6865496962822613
v 0.11705419320967697 2.5 -0.5884711682419382
v 0.20319927407812344 5.5 -0.6698582350125463
v 0.17417080635267723 5.5 -0.5741642014393253
v 0.20319927407812344 2.5 -0.6698582350125463
v 0.17417080635267723 2.5 -0.5741642014393253
v 0.267878402655563 5.5 -0.6467156727579007
v 0.229610059419054 5.5 -0.554327719506772
v 0.267878402655563 2.5 -0.6467156727579007
v 0.229610059419054 2.5 -0.554327719506772
v 0.3299777157781983 5.5 -0.6173448850438485
v 0.28283804209559854 5.5 -0.529152758609013
v 0.3299777157781983 2.5 -0.6173448850438485
v 0.28283804209559854 2.5 -0.529152758609013
v 0.38889916311372125 5.5 -0.5820287286117818
v 0.3333421398117611 5.5 -0.49888176738152723
v 0.38889916311372125 2.5 -0.5820287286117818
v 0.3333421398117611 2.5 -0.49888176738152723
v 0.4440752989145519 5.5 -0.5411073173539158
v 0.38063597049818737 5.5 -0.46380627201764213
v 0.4440752989145519 2.5 -0.5411073173539158
v 0.38063597049818737 2.5 -0.46380627201764213
v 0.4949747468305831 5.5 -0.49497474683058335
v 0.4242640687119284 5.5 -0.4242640687119286
v 0.4949747468305831 2.5 -0.49497474683058335
v 0.4242640687119284 2.5 -0.4242640687119286
v 0.5411073173539156 5.5 -0.4440752989145521
v 0.4638062720176419 5.5 -0.38063597049818754
v 0.5411073173539156 2.5 -0.4440752989145521
v 0.4638062720176419 2.5 -0.38063597049818754
v 0.5820287286117817 5.5 -0.3888991631137215
v 0.4988817673815271 5.5 -0.3333421398117613
v 0.5820287286117817 2.5 -0.3888991631137215
v 0.4988817673815271 2.5 -0.3333421398117613
v 0.6173448850438483 5.5 -0.3299777157781985
v 0.5291527586090129 5.5 -0.28283804209559876
v 0.6173448850438483 2.5 -0.3299777157781985
v 0.5291527586090129 2.5 -0.28283804209559876
v 0.6467156727579005 5.5 -0.26787840265556323
v 0.5543277195067718 5.5 -0.2296100594190542
v 0.6467156727579005 2.5 -0.26787840265556323
v 0.5543277195067718 2.5 -0.2296100594190542
v 0.6698582350125462 5.5 -0.20319927407812374
v 0.5741642014393252 5.5 -0.17417080635267748
v 0.6698582350125462 2.5 -0.20319927407812374
v 0.5741642014393252 2.5 -0.17417080635267748
v 0.6865496962822611 5.5 -0.1365632254112901
v 0.5884711682419381 5.5 -0.11705419320967722
v 0.6865496962822611 2.5 -0.1365632254112901
v 0.5884711682419381 2.5 -0.11705419320967722
v 0.6966293086705379 5.5 -0.06861199823069235
v 0.5971108360033182 5.5 -0.058810284197736304
v 0.6966293086705379 2.5 -0.06861199823069235
v 0.5971108360033182 2.5 -0.058810284197736304
v 1.1 5.55 0.0
v 0.7 5.45 0.0
v 1.0947031993394167 5.55 0.10781885436251668
v 0.6966293086705379 5.45 0.06861199823069242
v 1.0788638084435536 5.55 0.2145993542177411
v 0.6865496962822613 5.45 0.13656322541128976
v 1.0526343693054299 5.55 0.3193131449799086
v 0.6698582350125462 5.45 0.20319927407812363
v 1.0162674857624154 5.55 0.4209517756015988
v 0.6467156727579007 5.45 0.26787840265556284
v 0.9701133907831906 5.55 0.5185364105085974
v 0.6173448850438485 5.45 0.32997771577819834
v 0.9146165735327998 5.55 0.6111272563215624
v 0.5820287286117817 5.45 0.3888991631137215
v 0.8503114986990108 5.55 0.6978326125800101
v 0.5411073173539158 5.45 0.44407529891455183
v 0.7778174593052024 5.55 0.7778174593052024
v 0.4949747468305833 5.45 0.4949747468305833
v 0.6978326125800101 5.55 0.8503114986990107
v 0.44407529891455183 5.45 0.5411073173539158
v 0.6111272563215626 5.55 0.9146165735327998
v 0.3888991631137216 5.45 0.5820287286117817
v 0.5185364105085977 5.55 0.9701133907831905
v 0.32997771577819845 5.45 0.6173448850438484
v 0.42095177560159885 5.55 1.0162674857624154
v 0.26787840265556284 5.45 0.6467156727579007
v 0.3193131449799086 5.55 1.0526343693054299
v 0.20319927407812363 5.45 0.6698582350125463
v 0.21459935421774118 5.55 1.0788638084435536
v 0.13656322541128982 5.45 0.6865496962822613
v 0.10781885436251686 5.55 1.0947031993394165
v 0.06861199823069253 5.45 0.6966293086705377
v 6.735557395310444e-17 5.55 1.1
v 4.286263797015736e-17 5.45 0.7
v -0.10781885436251672 5.55 1.0947031993394167
v -0.06861199823069244 5.45 0.6966293086705379
v -0.21459935421774104 5.55 1.0788638084435536
v -0.13656322541128973 5.45 0.6865496962822613
v -0.3193131449799084 5.55 1.0526343693054299
v -0.2031992740781235 5.45 0.6698582350125463
v -0.42095177560159874 5.55 1.0162674857624154
v -0.2678784026555628 5.45 0.6467156727579007
v -0.5185364105085976 5.55 0.9701133907831906
v -0.32997771577819834 5.45 0.6173448850438485
v -0.6111272563215622 5.55 0.9146165735327999
v -0.38889916311372136 5.45 0.5820287286117817
v -0.69783261258001 5.55 0.8503114986990109
v -0.4440752989145517 5.45 0.5411073173539159
v -0.7778174593052023 5.55 0.7778174593052024
v -0.4949747468305832 5.45 0.4949747468305833
v -0.8503114986990108 5.55 0.6978326125800101
v -0.5411073173539158 5.45 0.44407529891455183
v -0.9146165735327999 5.55 0.6111272563215624
v -0.5820287286117817 5.45 0.3888991631137215
v -0.9701133907831905 5.55 0.5185364105085977
v -0.6173448850438484 5.45 0.32997771577819845
v -1.0162674857624154 5.55 0.4209517756015989
v -0.6467156727579007 5.45 0.2678784026555629
v -1.0526343693054299 5.55 0.31931314497990865
v -0.6698582350125462 5.45 0.20319927407812366
v -1.0788638084435536 5.55 0.21459935421774148
v -0.6865496962822613 5.45 0.13656322541129
v -1.0947031993394165 5.55 0.10781885436251691
v -0.6966293086705377 5.45 0.06861199823069257
v -1.1 5.55 1.3471114790620887e-16
v -0.7 5.45 8.572527594031472e-17
v -1.0947031993394167 5.55 -0.10781885436251666
v -0.6966293086705379 5.45 -0.0686119982306924
v -1.0788638084435536 5.55 -0.2145993542177412
v -0.6865496962822613 5.45 -0.13656322541128985
v -1.0526343693054299 5.55 -0.31931314497990837
v -0.6698582350125463 5.45 -0.20319927407812347
v -1.0162674857624157 5.55 -0.4209517756015987
v -0.6467156727579008 5.45 -0.26787840265556273
v -0.9701133907831906 5.55 -0.5185364105085974
v -0.6173448850438485 5.45 -0.32997771577819834
v -0.9146165735328001 5.55 -0.6111272563215622
v -0.5820287286117818 5.45 -0.38889916311372136
v -0.8503114986990109 5.55 -0.6978326125800098
v -0.5411073173539159 5.45 -0.44407529891455166
v -0.7778174593052025 5.55 -0.7778174593052023
v -0.49497474683058335 5.45 -0.4949747468305832
v -0.6978326125800106 5.55 -0.8503114986990103
v -0.4440752989145521 5.45 -0.5411073173539156
v -0.6111272563215624 5.55 -0.9146165735327998
v -0.3888991631137215 5.45 -0.5820287286117817
v -0.5185364105085977 5.55 -0.9701133907831905
v -0.3299777157781985 5.45 -0.6173448850438484
v -0.4209517756015994 5.55 -1.0162674857624152
v -0.26787840265556323 5.45 -0.6467156727579005
v -0.3193131449799087 5.55 -1.0526343693054299
v -0.2031992740781237 5.45 -0.6698582350125462
v -0.21459935421774154 5.55 -1.0788638084435533
v -0.13656322541129007 5.45 -0.6865496962822611
v -0.10781885436251651 5.55 -1.0947031993394167
v -0.0686119982306923 5.45 -0.6966293086705379
v -2.0206672185931328e-16 5.55 -1.1
v -1.2858791391047207e-16 5.45 -0.7
v 0.1078188543625161 5.55 -1.0947031993394167
v 0.06861199823069206 5.45 -0.6966293086705379
v 0.21459935421774115 5.55 -1.0788638084435536
v 0.1365632254112898 5.45 -0.6865496962822613
v 0.31931314497990826 5.55 -1.0526343693054299
v 0.20319927407812344 5.45 -0.6698582350125463
v 0.420951775601599 5.55 -1.0162674857624154
v 0.267878402655563 5.45 -0.6467156727579007
v 0.5185364105085973 5.55 -0.9701133907831906
v 0.3299777157781983 5.45 -0.6173448850438485
v 0.6111272563215621 5.55 -0.9146165735328001
v 0.38889916311372125 5.45 -0.5820287286117818
v 0.6978326125800102 5.55 -0.8503114986990107
v 0.4440752989145519 5.45 -0.5411073173539158
v 0.7778174593052022 5.55 -0.7778174593052025
v 0.4949747468305831 5.45 -0.49497474683058335
v 0.8503114986990102 5.55 -0.6978326125800106
v 0.5411073173539156 5.45 -0.4440752989145521
v 0.9146165735327998 5.55 -0.6111272563215624
v 0.5820287286117817 5.45 -0.3888991631137215
v 0.9701133907831904 5.55 -0.5185364105085978
v 0.6173448850438483 5.45 -0.3299777157781985
v 1.0162674857624152 5.55 -0.42095177560159946
v 0.6467156727579005 5.45 -0.26787840265556323
v 1.0526343693054299 5.55 -0.31931314497990876
v 0.6698582350125462 5.45 -0.20319927407812374
v 1.0788638084435533 5.55 -0.21459935421774162
v 0.6865496962822611 5.45 -0.1365632254112901
v 1.0947031993394167 5.55 -0.10781885436251656
v 0.6966293086705379 5.45 -0.06861199823069235
v 1.1 5.8 0.0
v 1.0 5.8 0.0
v 1.1 5.6000000000000005 0.0
v 1.0 5.6000000000000005 0.0
v 1.0947031993394167 5.8 0.10781885436251668
v 0.9951847266721969 5.8 0.0980171403295606
v 1.0947031993394167 5.6000000000000005 0.10781885436251668
v 0.9951847266721969 5.6000000000000005 0.0980171403295606
v 1.0788638084435536 5.8 0.2145993542177411
v 0.9807852804032304 5.8 0.19509032201612825
v 1.0788638084435536 5.6000000000000005 0.2145993542177411
v 0.9807852804032304 5.6000000000000005 0.19509032201612825
v 1.0526343693054299 5.8 0.3193131449799086
v 0.9569403357322088 5.8 0.29028467725446233
v 1.0526343693054299 5.6000000000000005 0.3193131449799086
v 0.9569403357322088 5.6000000000000005 0.29028467725446233
v 1.0162674857624154 5.8 0.4209517756015988
v 0.9238795325112867 5.8 0.3826834323650898
v 1.0162674857624154 5.6000000000000005 0.4209517756015988
v 0.9238795325112867 5.6000000000000005 0.3826834323650898
v 0.9701133907831906 5.8 0.5185364105085974
v 0.881921264348355 5.8 0.47139673682599764
v 0.9701133907831906 5.6000000000000005 0.5185364105085974
v 0.881921264348355 5.6000000000000005 0.47139673682599764
v 0.9146165735327998 5.8 0.6111272563215624
v 0.8314696123025452 5.8 0.5555702330196022
v 0.9146165735327998 5.6000000000000005 0.6111272563215624
v 0.8314696123025452 5.6000000000000005 0.5555702330196022
v 0.8503114986990108 5.8 0.6978326125800101
v 0.773010453362737 5.8 0.6343932841636455
v 0.8503114986990108 5.6000000000000005 0.6978326125800101
v 0.773010453362737 5.6000000000000005 0.6343932841636455
v 0.7778174593052024 5.8 0.7778174593052024
v 0.7071067811865476 5.8 0.7071067811865476
v 0.7778174593052024 5.6000000000000005 0.7778174593052024
v 0.7071067811865476 5.6000000000000005 0.7071067811865476
v 0.6978326125800101 5.8 0.8503114986990107
v 0.6343932841636455 5.8 0.7730104533627369
v 0.6978326125800101 5.6000000000000005 0.8503114986990107
v 0.6343932841636455 5.6000000000000005 0.7730104533627369
v 0.6111272563215626 5.8 0.9146165735327998
v 0.5555702330196023 5.8 0.8314696123025452
v 0.6111272563215626 5.6000000000000005 0.9146165735327998
v 0.5555702330196023 5.6000000000000005 0.8314696123025452
v 0.5185364105085977 5.8 0.9701133907831905
v 0.4713967368259978 5.8 0.8819212643483549
v 0.5185364105085977 5.6000000000000005 0.9701133907831905
v 0.4713967368259978 5.6000000000000005 0.8819212643483549
v 0.42095177560159885 5.8 1.0162674857624154
v 0.38268343236508984 5.8 0.9238795325112867
v 0.42095177560159885 5.6000000000000005 1.0162674857624154
v 0.38268343236508984 5.6000000000000005 0.9238795325112867
v 0.3193131449799086 5.8 1.0526343693054299
v 0.29028467725446233 5.8 0.9569403357322089
v 0.3193131449799086 5.6000000000000005 1.0526343693054299
v 0.29028467725446233 5.6000000000000005 0.9569403357322089
v 0.21459935421774118 5.8 1.0788638084435536
v 0.19509032201612833 5.8 0.9807852804032304
v 0.21459935421774118 5.6000000000000005 1.0788638084435536
v 0.19509032201612833 5.6000000000000005 0.9807852804032304
v 0.10781885436251686 5.8 1.0947031993394165
v 0.09801714032956077 5.8 0.9951847266721968
v 0.10781885436251686 5.6000000000000005 1.0947031993394165
v 0.09801714032956077 5.6000000000000005 0.9951847266721968
v 6.735557395310444e-17 5.8 1.1
v 6.123233995736766e-17 5.8 1.0
v 6.735557395310444e-17 5.6000000000000005 1.1
v 6.123233995736766e-17 5.6000000000000005 1.0
v -0.10781885436251672 5.8 1.0947031993394167
v -0.09801714032956065 5.8 0.9951847266721969
v -0.10781885436251672 5.6000000000000005 1.0947031993394167
v -0.09801714032956065 5.6000000000000005 0.9951847266721969
v -0.21459935421774104 5.8 1.0788638084435536
v -0.1950903220161282 5.8 0.9807852804032304
v -0.21459935421774104 5.6000000000000005 1.0788638084435536
v -0.1950903220161282 5.6000000000000005 0.9807852804032304
v -0.3193131449799084 5.8 1.0526343693054299
v -0.29028467725446216 5.8 0.9569403357322089
v -0.3193131449799084 5.6000000000000005 1.0526343693054299
v -0.29028467725446216 5.6000000000000005 0.9569403357322089
v -0.42095177560159874 5.8 1.0162674857624154
v -0.3826834323650897 5.8 0.9238795325112867
v -0.42095177560159874 5.6000000000000005 1.0162674857624154
v -0.3826834323650897 5.6000000000000005 0.9238795325112867
v -0.5185364105085976 5.8 0.9701133907831906
v -0.4713967368259977 5.8 0.881921264348355
v -0.5185364105085976 5.6000000000000005 0.9701133907831906
v -0.4713967368259977 5.6000000000000005 0.881921264348355
v -0.6111272563215622 5.8 0.9146165735327999
v -0.555570233019602 5.8 0.8314696123025453
v -0.6111272563215622 5.6000000000000005 0.9146165735327999
v -0.555570233019602 5.6000000000000005 0.8314696123025453
v -0.69783261258001 5.8 0.8503114986990109
v -0.6343932841636454 5.8 0.7730104533627371
v -0.69783261258001 5.6000000000000005 0.8503114986990109
v -0.6343932841636454 5.6000000000000005 0.7730104533627371
v -0.7778174593052023 5.8 0.7778174593052024
v -0.7071067811865475 5.8 0.7071067811865476
v -0.7778174593052023 5.6000000000000005 0.7778174593052024
v -0.7071067811865475 5.6000000000000005 0.7071067811865476
v -0.8503114986990108 5.8 0.6978326125800101
v -0.773010453362737 5.8 0.6343932841636455
v -0.8503114986990108 5.6000000000000005 0.6978326125800101
v -0.773010453362737 5.6000000000000005 0.6343932841636455
v -0.9146165735327999 5.8 0.6111272563215624
v -0.8314696123025453 5.8 0.5555702330196022
v -0.9146165735327999 5.6000000000000005 0.6111272563215624
v -0.8314696123025453 5.6000000000000005 0.5555702330196022
v -0.9701133907831905 5.8 0.5185364105085977
v -0.8819212643483549 5.8 0.4713967368259978
v -0.9701133907831905 5.6000000000000005 0.5185364105085977
v -0.8819212643483549 5.6000000000000005 0.4713967368259978
v -1.0162674857624154 5.8 0.4209517756015989
v -0.9238795325112867 5.8 0.3826834323650899
v -1.0162674857624154 5.6000000000000005 0.4209517756015989
v -0.9238795325112867 5.6000000000000005 0.3826834323650899
v -1.0526343693054299 5.8 0.31931314497990865
v -0.9569403357322088 5.8 0.2902846772544624
v -1.0526343693054299 5.6000000000000005 0.31931314497990865
v -0.9569403357322088 5.6000000000000005 0.2902846772544624
v -1.0788638084435536 5.8 0.21459935421774148
v -0.9807852804032304 5.8 0.1950903220161286
v -1.0788638084435536 5.6000000000000005 0.21459935421774148
v -0.9807852804032304 5.6000000000000005 0.1950903220161286
v -1.0947031993394165 5.8 0.10781885436251691
v -0.9951847266721968 5.8 0.09801714032956083
v -1.0947031993394165 5.6000000000000005 0.10781885436251691
v -0.9951847266721968 5.6000000000000005 0.09801714032956083
v -1.1 5.8 1.3471114790620887e-16
v -1.0 5.8 1.2246467991473532e-16
v -1.1 5.6000000000000005 1.3471114790620887e-16
v -1.0 5.6000000000000005 1.2246467991473532e-16
v -1.0947031993394167 5.8 -0.10781885436251666
v -0.9951847266721969 5.8 -0.09801714032956059
v -1.0947031993394167 5.6000000000000005 -0.10781885436251666
v -0.9951847266721969 5.6000000000000005 -0.09801714032956059
v -1.0788638084435536 5.8 -0.2145993542177412
v -0.9807852804032304 5.8 -0.19509032201612836
v -1.0788638084435536 5.6000000000000005 -0.2145993542177412
v -0.9807852804032304 5.6000000000000005 -0.19509032201612836
v -1.0526343693054299 5.8 -0.31931314497990837
v -0.9569403357322089 5.8 -0.2902846772544621
v -1.0526343693054299 5.6000000000000005 -0.31931314497990837
v -0.9569403357322089 5.6000000000000005 -0.2902846772544621
v -1.0162674857624157 5.8 -0.4209517756015987
v -0.9238795325112868 5.8 -0.38268343236508967
v -1.0162674857624157 5.6000000000000005 -0.4209517756015987
v -0.9238795325112868 5.6000000000000005 -0.38268343236508967
v -0.9701133907831906 5.8 -0.5185364105085974
v -0.881921264348355 5.8 -0.47139673682599764
v -0.9701133907831906 5.6000000000000005 -0.5185364105085974
v -0.881921264348355 5.6000000000000005 -0.47139673682599764
v -0.9146165735328001 5.8 -0.6111272563215622
v -0.8314696123025455 5.8 -0.555570233019602
v -0.9146165735328001 5.6000000000000005 -0.6111272563215622
v -0.8314696123025455 5.6000000000000005 -0.555570233019602
v -0.8503114986990109 5.8 -0.6978326125800098
v -0.7730104533627371 5.8 -0.6343932841636453
v -0.8503114986990109 5.6000000000000005 -0.6978326125800098
v -0.7730104533627371 5.6000000000000005 -0.6343932841636453
v -0.7778174593052025 5.8 -0.7778174593052023
v -0.7071067811865477 5.8 -0.7071067811865475
v -0.7778174593052025 5.6000000000000005 -0.7778174593052023
v -0.7071067811865477 5.6000000000000005 -0.7071067811865475
v -0.6978326125800106 5.8 -0.8503114986990103
v -0.6343932841636459 5.8 -0.7730104533627367
v -0.6978326125800106 5.6000000000000005 -0.8503114986990103
v -0.6343932841636459 5.6000000000000005 -0.7730104533627367
v -0.6111272563215624 5.8 -0.9146165735327998
v -0.5555702330196022 5.8 -0.8314696123025452
v -0.6111272563215624 5.6000000000000005 -0.9146165735327998
v -0.5555702330196022 5.6000000000000005 -0.8314696123025452
v -0.5185364105085977 5.8 -0.9701133907831905
v -0.47139673682599786 5.8 -0.8819212643483549
v -0.5185364105085977 5.6000000000000005 -0.9701133907831905
v -0.47139673682599786 5.6000000000000005 -0.8819212643483549
v -0.4209517756015994 5.8 -1.0162674857624152
v -0.38268343236509034 5.8 -0.9238795325112865
v -0.4209517756015994 5.6000000000000005 -1.0162674857624152
v -0.38268343236509034 5.6000000000000005 -0.9238795325112865
v -0.3193131449799087 5.8 -1.0526343693054299
v -0.29028467725446244 5.8 -0.9569403357322088
v -0.3193131449799087 5.6000000000000005 -1.0526343693054299
v -0.29028467725446244 5.6000000000000005 -0.9569403357322088
v -0.21459935421774154 5.8 -1.0788638084435533
v -0.19509032201612866 5.8 -0.9807852804032303
v -0.21459935421774154 5.6000000000000005 -1.0788638084435533
v -0.19509032201612866 5.6000000000000005 -0.9807852804032303
v -0.10781885436251651 5.8 -1.0947031993394167
v -0.09801714032956045 5.8 -0.9951847266721969
v -0.10781885436251651 5.6000000000000005 -1.0947031993394167
v -0.09801714032956045 5.6000000000000005 -0.9951847266721969
v -2.0206672185931328e-16 5.8 -1.1
v -1.8369701987210297e-16 5.8 -1.0
v -2.0206672185931328e-16 5.6000000000000005 -1.1
v -1.8369701987210297e-16 5.6000000000000005 -1.0
v 0.1078188543625161 5.8 -1.0947031993394167
v 0.09801714032956009 5.8 -0.9951847266721969
v 0.1078188543625161 5.6000000000000005 -1.0947031993394167
v 0.09801714032956009 5.6000000000000005 -0.9951847266721969
v 0.21459935421774115 5.8 -1.0788638084435536
v 0.1950903220161283 5.8 -0.9807852804032304
v 0.21459935421774115 5.6000000000000005 -1.0788638084435536
v 0.1950903220161283 5.6000000000000005 -0.9807852804032304
v 0.31931314497990826 5.8 -1.0526343693054299
v 0.29028467725446205 5.8 -0.9569403357322089
v 0.31931314497990826 5.6000000000000005 -1.0526343693054299
v 0.29028467725446205 5.6000000000000005 -0.9569403357322089
v 0.420951775601599 5.8 -1.0162674857624154
v 0.38268343236509 5.8 -0.9238795325112866
v 0.420951775601599 5.6000000000000005 -1.0162674857624154
v 0.38268343236509 5.6000000000000005 -0.9238795325112866
v 0.5185364105085973 5.8 -0.9701133907831906
v 0.4713967368259976 5.8 -0.881921264348355
v 0.5185364105085973 5.6000000000000005 -0.9701133907831906
v 0.4713967368259976 5.6000000000000005 -0.881921264348355
v 0.6111272563215621 5.8 -0.9146165735328001
v 0.5555702330196018 5.8 -0.8314696123025455
v 0.6111272563215621 5.6000000000000005 -0.9146165735328001
v 0.5555702330196018 5.6000000000000005 -0.8314696123025455
v 0.6978326125800102 5.8 -0.8503114986990107
v 0.6343932841636456 5.8 -0.7730104533627369
v 0.6978326125800102 5.6000000000000005 -0.8503114986990107
v 0.6343932841636456 5.6000000000000005 -0.7730104533627369
v 0.7778174593052022 5.8 -0.7778174593052025
v 0.7071067811865474 5.8 -0.7071067811865477
v 0.7778174593052022 5.6000000000000005 -0.7778174593052025
v 0.7071067811865474 5.6000000000000005 -0.7071067811865477
v 0.8503114986990102 5.8 -0.6978326125800106
v 0.7730104533627365 5.8 -0.6343932841636459
v 0.8503114986990102 5.6000000000000005 -0.6978326125800106
v 0.7730104533627365 5.6000000000000005 -0.6343932841636459
v 0.9146165735327998 5.8 -0.6111272563215624
v 0.8314696123025452 5.8 -0.5555702330196022
v 0.9146165735327998 5.6000000000000005 -0.6111272563215624
v 0.8314696123025452 5.6000000000000005 -0.5555702330196022
v 0.9701133907831904 5.8 -0.5185364105085978
v 0.8819212643483548 5.8 -0.4713967368259979
v 0.9701133907831904 5.6000000000000005 -0.5185364105085978
v 0.8819212643483548 5.6000000000000005 -0.4713967368259979
v 1.0162674857624152 5.8 -0.42095177560159946
v 0.9238795325112865 5.8 -0.3826834323650904
v 1.0162674857624152 5.6000000000000005 -0.42095177560159946
v 0.9238795325112865 5.6000000000000005 -0.3826834323650904
v 1.0526343693054299 5.8 -0.31931314497990876
v 0.9569403357322088 5.8 -0.2902846772544625
v 1.0526343693054299 5.6000000000000005 -0.31931314497990876
v 0.9569403357322088 5.6000000000000005 -0.2902846772544625
v 1.0788638084435533 5.8 -0.21459935421774162
v 0.9807852804032303 5.8 -0.19509032201612872
v 1.0788638084435533 5.6000000000000005 -0.21459935421774162
v 0.9807852804032303 5.6000000000000005 -0.19509032201612872
v 1.0947031993394167 5.8 -0.10781885436251656
v 0.9951847266721969 5.8 -0.0980171403295605
v 1.0947031993394167 5.6000000000000005 -0.10781885436251656
v 0.9951847266721969 5.6000000000000005 -0.0980171403295605
v 0.7 6.3 0.0
v 1.1 5.8 0.0
v 0.6966293086705379 6.3 0.06861199823069242
v 1.0947031993394167 5.8 0.10781885436251668
v 0.6865496962822613 6.3 0.13656322541128976
v 1.0788638084435536 5.8 0.2145993542177411
v 0.6698582350125462 6.3 0.20319927407812363
v 1.0526343693054299 5.8 0.3193131449799086
v 0.6467156727579007 6.3 0.26787840265556284
v 1.0162674857624154 5.8 0.4209517756015988
v 0.6173448850438485 6.3 0.32997771577819834
v 0.9701133907831906 5.8 0.5185364105085974
v 0.5820287286117817 6.3 0.3888991631137215
v 0.9146165735327998 5.8 0.6111272563215624
v 0.5411073173539158 6.3 0.44407529891455183
v 0.8503114986990108 5.8 0.6978326125800101
v 0.4949747468305833 6.3 0.4949747468305833
v 0.7778174593052024 5.8 0.7778174593052024
v 0.44407529891455183 6.3 0.5411073173539158
v 0.6978326125800101 5.8 0.8503114986990107
v 0.3888991631137216 6.3 0.5820287286117817
v 0.6111272563215626 5.8 0.9146165735327998
v 0.32997771577819845 6.3 0.6173448850438484
v 0.5185364105085977 5.8 0.9701133907831905
v 0.26787840265556284 6.3 0.6467156727579007
v 0.42095177560159885 5.8 1.0162674857624154
v 0.20319927407812363 6.3 0.6698582350125463
v 0.3193131449799086 5.8 1.0526343693054299
v 0.13656322541128982 6.3 0.6865496962822613
v 0.21459935421774118 5.8 1.0788638084435536
v 0.06861199823069253 6.3 0.6966293086705377
v 0.10781885436251686 5.8 1.0947031993394165
v 4.286263797015736e-17 6.3 0.7
v 6.735557395310444e-17 5.8 1.1
v -0.06861199823069244 6.3 0.6966293086705379
v -0.10781885436251672 5.8 1.0947031993394167
v -0.13656322541128973 6.3 0.6865496962822613
v -0.21459935421774104 5.8 1.0788638084435536
v -0.2031992740781235 6.3 0.6698582350125463
v -0.3193131449799084 5.8 1.0526343693054299
v -0.2678784026555628 6.3 0.6467156727579007
v -0.42095177560159874 5.8 1.0162674857624154
v -0.32997771577819834 6.3 0.6173448850438485
v -0.5185364105085976 5.8 0.9701133907831906
v -0.38889916311372136 6.3 0.5820287286117817
v -0.6111272563215622 5.8 0.9146165735327999
v -0.4440752989145517 6.3 0.5411073173539159
v -0.69783261258001 5.8 0.8503114986990109
v -0.4949747468305832 6.3 0.4949747468305833
v -0.7778174593052023 5.8 0.7778174593052024
v -0.5411073173539158 6.3 0.44407529891455183
v -0.8503114986990108 5.8 0.6978326125800101
v -0.5820287286117817 6.3 0.3888991631137215
v -0.9146165735327999 5.8 0.6111272563215624
v -0.6173448850438484 6.3 0.32997771577819845
v -0.9701133907831905 5.8 0.5185364105085977
v -0.6467156727579007 6.3 0.2678784026555629
v -1.0162674857624154 5.8 0.4209517756015989
v -0.6698582350125462 6.3 0.20319927407812366
v -1.0526343693054299 5.8 0.31931314497990865
v -0.6865496962822613 6.3 0.13656322541129
v -1.0788638084435536 5.8 0.21459935421774148
v -0.6966293086705377 6.3 0.06861199823069257
v -1.0947031993394165 5.8 0.10781885436251691
v -0.7 6.3 8.572527594031472e-17
v -1.1 5.8 1.3471114790620887e-16
v -0.6966293086705379 6.3 -0.0686119982306924
v -1.0947031993394167 5.8 -0.10781885436251666
v -0.6865496962822613 6.3 -0.13656322541128985
v -1.0788638084435536 5.8 -0.2145993542177412
v -0.6698582350125463 6.3 -0.20319927407812347
v -1.0526343693054299 5.8 -0.31931314497990837
v -0.6467156727579008 6.3 -0.26787840265556273
v -1.0162674857624157 5.8 -0.4209517756015987
v -0.6173448850438485 6.3 -0.32997771577819834
v -0.9701133907831906 5.8 -0.5185364105085974
v -0.5820287286117818 6.3 -0.38889916311372136
v -0.9146165735328001 5.8 -0.6111272563215622
v -0.5411073173539159 6.3 -0.44407529891455166
v -0.8503114986990109 5.8 -0.6978326125800098
v -0.49497474683058335 6.3 -0.4949747468305832
v -0.7778174593052025 5.8 -0.7778174593052023
v -0.4440752989145521 6.3 -0.5411073173539156
v -0.6978326125800106 5.8 -0.8503114986990103
v -0.3888991631137215 6.3 -0.5820287286117817
v -0.6111272563215624 5.8 -0.9146165735327998
v -0.3299777157781985 6.3 -0.6173448850438484
v -0.5185364105085977 5.8 -0.9701133907831905
v -0.26787840265556323 6.3 -0.6467156727579005
v -0.4209517756015994 5.8 -1.0162674857624152
v -0.2031992740781237 6.3 -0.6698582350125462
v -0.3193131449799087 5.8 -1.0526343693054299
v -0.13656322541129007 6.3 -0.6865496962822611
v -0.21459935421774154 5.8 -1.0788638084435533
v -0.0686119982306923 6.3 -0.6966293086705379
v -0.10781885436251651 5.8 -1.0947031993394167
v -1.2858791391047207e-16 6.3 -0.7
v -2.0206672185931328e-16 5.8 -1.1
v 0.06861199823069206 6.3 -0.6966293086705379
v 0.1078188543625161 5.8 -1.0947031993394167
v 0.1365632254112898 6.3 -0.6865496962822613
v 0.21459935421774115 5.8 -1.0788638084435536
v 0.20319927407812344 6.3 -0.6698582350125463
v 0.31931314497990826 5.8 -1.0526343693054299
v 0.267878402655563 6.3 -0.6467156727579007
v 0.420951775601599 5.8 -1.0162674857624154
v 0.3299777157781983 6.3 -0.6173448850438485
v 0.5185364105085973 5.8 -0.9701133907831906
v 0.38889916311372125 6.3 -0.5820287286117818
v 0.6111272563215621 5.8 -0.9146165735328001
v 0.4440752989145519 6.3 -0.5411073173539158
v 0.6978326125800102 5.8 -0.8503114986990107
v 0.4949747468305831 6.3 -0.49497474683058335
v 0.7778174593052022 5.8 -0.7778174593052025
v 0.5411073173539156 6.3 -0.4440752989145521
v 0.8503114986990102 5.8 -0.6978326125800106
v 0.5820287286117817 6.3 -0.3888991631137215
v 0.9146165735327998 5.8 -0.6111272563215624
v 0.6173448850438483 6.3 -0.3299777157781985
v 0.9701133907831904 5.8 -0.5185364105085978
v 0.6467156727579005 6.3 -0.26787840265556323
v 1.0162674857624152 5.8 -0.42095177560159946
v 0.6698582350125462 6.3 -0.20319927407812374
v 1.0526343693054299 5.8 -0.31931314497990876
v 0.6865496962822611 6.3 -0.1365632254112901
v 1.0788638084435533 5.8 -0.21459935421774162
v 0.6966293086705379 6.3 -0.06861199823069235
v 1.0947031993394167 5.8 -0.10781885436251656
v 0.7 6.35 0.0
v 0.6 6.35 0.0
v 0.7 5.85 0.0
v 0.6 5.85 0.0
v 0.6966293086705379 6.35 0.06861199823069242
v 0.5971108360033182 6.35 0.05881028419773636
v 0.6966293086705379 5.85 0.06861199823069242
v 0.5971108360033182 5.85 0.05881028419773636
v 0.6865496962822613 6.35 0.13656322541128976
v 0.5884711682419382 6.35 0.11705419320967694
v 0.6865496962822613 5.85 0.13656322541128976
v 0.5884711682419382 5.85 0.11705419320967694
v 0.6698582350125462 6.35 0.20319927407812363
v 0.5741642014393252 6.35 0.1741708063526774
v 0.6698582350125462 5.85 0.20319927407812363
v 0.5741642014393252 5.85 0.1741708063526774
v 0.6467156727579007 6.35 0.26787840265556284
v 0.5543277195067721 6.35 0.22961005941905385
v 0.6467156727579007 5.85 0.26787840265556284
v 0.5543277195067721 5.85 0.22961005941905385
v 0.6173448850438485 6.35 0.32997771577819834
v 0.529152758609013 6.35 0.2828380420955986
v 0.6173448850438485 5.85 0.32997771577819834
v 0.529152758609013 5.85 0.2828380420955986
v 0.5820287286117817 6.35 0.3888991631137215
v 0.4988817673815271 6.35 0.3333421398117613
v 0.5820287286117817 5.85 0.3888991631137215
v 0.4988817673815271 5.85 0.3333421398117613
v 0.5411073173539158 6.35 0.44407529891455183
v 0.4638062720176422 6.35 0.38063597049818726
v 0.5411073173539158 5.85 0.44407529891455183
v 0.4638062720176422 5.85 0.38063597049818726
v 0.4949747468305833 6.35 0.4949747468305833
v 0.4242640687119285 6.35 0.4242640687119285
v 0.4949747468305833 5.85 0.4949747468305833
v 0.4242640687119285 5.85 0.4242640687119285
v 0.44407529891455183 6.35 0.5411073173539158
v 0.38063597049818726 6.35 0.46380627201764213
v 0.44407529891455183 5.85 0.5411073173539158
v 0.38063597049818726 5.85 0.46380627201764213
v 0.3888991631137216 6.35 0.5820287286117817
v 0.33334213981176136 6.35 0.4988817673815271
v 0.3888991631137216 5.85 0.5820287286117817
v 0.33334213981176136 5.85 0.4988817673815271
v 0.32997771577819845 6.35 0.6173448850438484
v 0.28283804209559865 6.35 0.5291527586090129
v 0.32997771577819845 5.85 0.6173448850438484
v 0.28283804209559865 5.85 0.5291527586090129
v 0.26787840265556284 6.35 0.6467156727579007
v 0.22961005941905388 6.35 0.5543277195067721
v 0.26787840265556284 5.85 0.6467156727579007
v 0.22961005941905388 5.85 0.5543277195067721
v 0.20319927407812363 6.35 0.6698582350125463
v 0.1741708063526774 6.35 0.5741642014393253
v 0.20319927407812363 5.85 0.6698582350125463
v 0.1741708063526774 5.85 0.5741642014393253
v 0.13656322541128982 6.35 0.6865496962822613
v 0.117054193209677 6.35 0.5884711682419382
v 0.13656322541128982 5.85 0.6865496962822613
v 0.117054193209677 5.85 0.5884711682419382
v 0.06861199823069253 6.35 0.6966293086705377
v 0.05881028419773646 6.35 0.597110836003318
v 0.06861199823069253 5.85 0.6966293086705377
v 0.05881028419773646 5.85 0.597110836003318
v 4.286263797015736e-17 6.35 0.7
v 3.6739403974420595e-17 6.35 0.6
v 4.286263797015736e-17 5.85 0.7
v 3.6739403974420595e-17 5.85 0.6
v -0.06861199823069244 6.35 0.6966293086705379
v -0.05881028419773639 6.35 0.5971108360033182
v -0.06861199823069244 5.85 0.6966293086705379
v -0.05881028419773639 5.85 0.5971108360033182
v -0.13656322541128973 6.35 0.6865496962822613
v -0.11705419320967692 6.35 0.5884711682419382
v -0.13656322541128973 5.85 0.6865496962822613
v -0.11705419320967692 5.85 0.5884711682419382
v -0.2031992740781235 6.35 0.6698582350125463
v -0.1741708063526773 6.35 0.5741642014393253
v -0.2031992740781235 5.85 0.6698582350125463
v -0.1741708063526773 5.85 0.5741642014393253
v -0.2678784026555628 6.35 0.6467156727579007
v -0.22961005941905382 6.35 0.5543277195067721
v -0.2678784026555628 5.85 0.6467156727579007
v -0.22961005941905382 5.85 0.5543277195067721
v -0.32997771577819834 6.35 0.6173448850438485
v -0.2828380420955986 6.35 0.529152758609013
v -0.32997771577819834 5.85 0.6173448850438485
v -0.2828380420955986 5.85 0.529152758609013
v -0.38889916311372136 6.35 0.5820287286117817
v -0.33334213981176114 6.35 0.4988817673815272
v -0.38889916311372136 5.85 0.5820287286117817
v -0.33334213981176114 5.85 0.4988817673815272
v -0.4440752989145517 6.35 0.5411073173539159
v -0.3806359704981872 6.35 0.46380627201764224
v -0.4440752989145517 5.85 0.5411073173539159
v -0.3806359704981872 5.85 0.46380627201764224
v -0.4949747468305832 6.35 0.4949747468305833
v -0.42426406871192845 6.35 0.4242640687119285
v -0.4949747468305832 5.85 0.4949747468305833
v -0.42426406871192845 5.85 0.4242640687119285
v -0.5411073173539158 6.35 0.44407529891455183
v -0.4638062720176422 6.35 0.38063597049818726
v -0.5411073173539158 5.85 0.44407529891455183
v -0.4638062720176422 5.85 0.38063597049818726
v -0.5820287286117817 6.35 0.3888991631137215
v -0.4988817673815272 6.35 0.3333421398117613
v -0.5820287286117817 5.85 0.3888991631137215
v -0.4988817673815272 5.85 0.3333421398117613
v -0.6173448850438484 6.35 0.32997771577819845
v -0.5291527586090129 6.35 0.28283804209559865
v -0.6173448850438484 5.85 0.32997771577819845
v -0.5291527586090129 5.85 0.28283804209559865
v -0.6467156727579007 6.35 0.2678784026555629
v -0.5543277195067721 6.35 0.22961005941905394
v -0.6467156727579007 5.85 0.2678784026555629
v -0.5543277195067721 5.85 0.22961005941905394
v -0.6698582350125462 6.35 0.20319927407812366
v -0.5741642014393252 6.35 0.17417080635267743
v -0.6698582350125462 5.85 0.20319927407812366
v -0.5741642014393252 5.85 0.17417080635267743
v -0.6865496962822613 6.35 0.13656322541129
v -0.5884711682419382 6.35 0.11705419320967717
v -0.6865496962822613 5.85 0.13656322541129
v -0.5884711682419382 5.85 0.11705419320967717
v -0.6966293086705377 6.35 0.06861199823069257
v -0.597110836003318 6.35 0.05881028419773649
v -0.6966293086705377 5.85 0.06861199823069257
v -0.597110836003318 5.85 0.05881028419773649
v -0.7 6.35 8.572527594031472e-17
v -0.6 6.35 7.347880794884119e-17
v -0.7 5.85 8.572527594031472e-17
v -0.6 5.85 7.347880794884119e-17
v -0.6966293086705379 6.35 -0.0686119982306924
v -0.5971108360033182 6.35 -0.05881028419773635
v -0.6966293086705379 5.85 -0.0686119982306924
v -0.5971108360033182 5.85 -0.05881028419773635
v -0.6865496962822613 6.35 -0.13656322541128985
v -0.5884711682419382 6.35 -0.11705419320967701
v -0.6865496962822613 5.85 -0.13656322541128985
v -0.5884711682419382 5.85 -0.11705419320967701
v -0.6698582350125463 6.35 -0.20319927407812347
v -0.5741642014393253 6.35 -0.17417080635267726
v -0.6698582350125463 5.85 -0.20319927407812347
v -0.5741642014393253 5.85 -0.17417080635267726
v -0.6467156727579008 6.35 -0.26787840265556273
v -0.5543277195067721 6.35 -0.2296100594190538
v -0.6467156727579008 5.85 -0.26787840265556273
v -0.5543277195067721 5.85 -0.2296100594190538
v -0.6173448850438485 6.35 -0.32997771577819834
v -0.529152758609013 6.35 -0.2828380420955986
v -0.6173448850438485 5.85 -0.32997771577819834
v -0.529152758609013 5.85 -0.2828380420955986
v -0.5820287286117818 6.35 -0.38889916311372136
v -0.49888176738152723 6.35 -0.33334213981176114
v -0.5820287286117818 5.85 -0.38889916311372136
v -0.49888176738152723 5.85 -0.33334213981176114
v -0.5411073173539159 6.35 -0.44407529891455166
v -0.46380627201764224 6.35 -0.38063597049818715
v -0.5411073173539159 5.85 -0.44407529891455166
v -0.46380627201764224 5.85 -0.38063597049818715
v -0.49497474683058335 6.35 -0.4949747468305832
v -0.4242640687119286 6.35 -0.42426406871192845
v -0.49497474683058335 5.85 -0.4949747468305832
v -0.4242640687119286 5.85 -0.42426406871192845
v -0.4440752989145521 6.35 -0.5411073173539156
v -0.38063597049818754 6.35 -0.46380627201764196
v -0.4440752989145521 5.85 -0.5411073173539156
v -0.38063597049818754 5.85 -0.46380627201764196
v -0.3888991631137215 6.35 -0.5820287286117817
v -0.3333421398117613 6.35 -0.4988817673815271
v -0.3888991631137215 5.85 -0.5820287286117817
v -0.3333421398117613 5.85 -0.4988817673815271
v -0.3299777157781985 6.35 -0.6173448850438484
v -0.2828380420955987 6.35 -0.5291527586090129
v -0.3299777157781985 5.85 -0.6173448850438484
v -0.2828380420955987 5.85 -0.5291527586090129
v -0.26787840265556323 6.35 -0.6467156727579005
v -0.22961005941905419 6.35 -0.5543277195067718
v -0.26787840265556323 5.85 -0.6467156727579005
v -0.22961005941905419 5.85 -0.5543277195067718
v -0.2031992740781237 6.35 -0.6698582350125462
v -0.17417080635267745 6.35 -0.5741642014393252
v -0.2031992740781237 5.85 -0.6698582350125462
v -0.17417080635267745 5.85 -0.5741642014393252
v -0.13656322541129007 6.35 -0.6865496962822611
v -0.1170541932096772 6.35 -0.5884711682419381
v -0.13656322541129007 5.85 -0.6865496962822611
v -0.1170541932096772 5.85 -0.5884711682419381
v -0.0686119982306923 6.35 -0.6966293086705379
v -0.05881028419773627 6.35 -0.5971108360033182
v -0.0686119982306923 5.85 -0.6966293086705379
v -0.05881028419773627 5.85 -0.5971108360033182
v -1.2858791391047207e-16 6.35 -0.7
v -1.1021821192326178e-16 6.35 -0.6
v -1.2858791391047207e-16 5.85 -0.7
v -1.1021821192326178e-16 5.85 -0.6
v 0.06861199823069206 6.35 -0.6966293086705379
v 0.058810284197736054 6.35 -0.5971108360033182
v 0.06861199823069206 5.85 -0.6966293086705379
v 0.058810284197736054 5.85 -0.5971108360033182
v 0.1365632254112898 6.35 -0.6865496962822613
v 0.11705419320967697 6.35 -0.5884711682419382
v 0.1365632254112898 5.85 -0.6865496962822613
v 0.11705419320967697 5.85 -0.5884711682419382
v 0.20319927407812344 6.35 -0.6698582350125463
v 0.17417080635267723 6.35 -0.5741642014393253
v 0.20319927407812344 5.85 -0.6698582350125463
v 0.17417080635267723 5.85 -0.5741642014393253
v 0.267878402655563 6.35 -0.6467156727579007
v 0.229610059419054 6.35 -0.554327719506772
v 0.267878402655563 5.85 -0.6467156727579007
v 0.229610059419054 5.85 -0.554327719506772
v 0.3299777157781983 6.35 -0.6173448850438485
v 0.28283804209559854 6.35 -0.529152758609013
v 0.3299777157781983 5.85 -0.6173448850438485
v 0.28283804209559854 5.85 -0.529152758609013
v 0.38889916311372125 6.35 -0.5820287286117818
v 0.3333421398117611 6.35 -0.49888176738152723
v 0.38889916311372125 5.85 -0.5820287286117818
v 0.3333421398117611 5.85 -0.49888176738152723
v 0.4440752989145519 6.35 -0.5411073173539158
v 0.38063597049818737 6.35 -0.46380627201764213
v 0.4440752989145519 5.85 -0.5411073173539158
v 0.38063597049818737 5.85 -0.46380627201764213
v 0.4949747468305831 6.35 -0.49497474683058335
v 0.4242640687119284 6.35 -0.4242640687119286
v 0.4949747468305831 5.85 -0.49497474683058335
v 0.4242640687119284 5.85 -0.4242640687119286
v 0.5411073173539156 6.35 -0.4440752989145521
v 0.4638062720176419 6.35 -0.38063597049818754
v 0.5411073173539156 5.85 -0.4440752989145521
v 0.4638062720176419 5.85 -0.38063597049818754
v 0.5820287286117817 6.35 -0.3888991631137215
v 0.4988817673815271 6.35 -0.3333421398117613
v 0.5820287286117817 5.85 -0.3888991631137215
v 0.4988817673815271 5.85 -0.3333421398117613
v 0.6173448850438483 6.35 -0.3299777157781985
v 0.5291527586090129 6.35 -0.28283804209559876
v 0.6173448850438483 5.85 -0.3299777157781985
v 0.5291527586090129 5.85 -0.28283804209559876
v 0.6467156727579005 6.35 -0.26787840265556323
v 0.5543277195067718 6.35 -0.2296100594190542
v 0.6467156727579005 5.85 -0.26787840265556323
v 0.5543277195067718 5.85 -0.2296100594190542
v 0.6698582350125462 6.35 -0.20319927407812374
v 0.5741642014393252 6.35 -0.17417080635267748
v 0.6698582350125462 5.85 -0.20319927407812374
v 0.5741642014393252 5.85 -0.17417080635267748
v 0.6865496962822611 6.35 -0.1365632254112901
v 0.5884711682419381 6.35 -0.11705419320967722
v 0.6865496962822611 5.85 -0.1365632254112901
v 0.5884711682419381 5.85 -0.11705419320967722
v 0.6966293086705379 6.35 -0.06861199823069235
v 0.5971108360033182 6.35 -0.058810284197736304
v 0.6966293086705379 5.85 -0.06861199823069235
v 0.5971108360033182 5.85 -0.058810284197736304
v 0.0 8.65 0.0
v 0.0 8.65 0.0
v 0.0 8.65 0.0
v 0.0 8.65 0.0
v 0.0 8.65 0.0
v 0.0 8.65 0.0
v 0.0 8.65 0.0
v 0.0 8.65 0.0
v 0.0 8.65 0.0
v 0.0 8.65 0.0
v 0.0 8.65 0.0
v 0.0 8.65 0.0
v 0.0 8.65 0.0
v 0.0 8.65 0.0
v 0.0 8.65 0.0
v 0.0 8.65 0.0
v 0.0 8.65 0.0
v 0.0 8.65 0.0
v 0.0 8.65 0.0
v 0.0 8.65 0.0
v 0.0 8.65 0.0
v 0.0 8.65 0.0
v 0.0 8.65 0.0
v 0.0 8.65 0.0
v 0.0 8.65 0.0
v 0.0 8.65 0.0
v 0.0 8.65 0.0
v 0.0 8.65 0.0
v 0.0 8.65 0.0
v 0.0 8.65 0.0
v 0.0 8.65 0.0
v 0.0 8.65 0.0
v 0.0 8.65 0.0
v 0.0 8.65 0.0
v 0.0 8.65 0.0
v 0.0 8.65 0.0
v 0.0 8.65 0.0
v 0.0 8.65 0.0
v 0.0 8.65 0.0
v 0.0 8.65 0.0
v 0.0 8.65 0.0
v 0.0 8.65 0.0
v 0.0 8.65 0.0
v 0.0 8.65 0.0
v 0.0 8.65 0.0
v 0.0 8.65 0.0
v 0.0 8.65 0.0
v 0.0 8.65 0.0
v 0.0 8.65 0.0
v 0.0 8.65 0.0
v 0.0 8.65 0.0
v 0.0 8.65 0.0
v 0.0 8.65 0.0
v 0.0 8.65 0.0
v 0.0 8.65 0.0
v 0.0 8.65 0.0
v 0.0 8.65 0.0
v 0.0 8.65 0.0
v 0.0 8.65 0.0
v 0.0 8.65 0.0
v 0.0 8.65 0.0
v 0.0 8.65 0.0
v 0.0 8.65 0.0
v 0.0 8.65 0.0
v 0.11762056839547272 8.644221672006637 0.0
v 0.11705419320967696 8.644221672006637 0.01152883175806173
v 0.11536052215494105 8.644221672006637 0.02294663456399281
v 0.1125558662093769 8.644221672006637 0.03414344873516621
v 0.10866723574292117 8.644221672006637 0.045011442830312304
v 0.10373208039270747 8.644221672006637 0.05544595212524491
v 0.0977979284025887 8.644221672006637 0.06534648659137084
v 0.09092192890016718 8.644221672006637 0.07461769866959862
v 0.08317030151945488 8.644221672006637 0.08317030151945488
v 0.07461769866959862 8.644221672006637 0.09092192890016716
v 0.06534648659137085 8.644221672006637 0.0977979284025887
v 0.055445952125244925 8.644221672006637 0.10373208039270745
v 0.04501144283031231 8.644221672006637 0.10866723574292117
v 0.03414344873516621 8.644221672006637 0.11255586620937691
v 0.022946634563992818 8.644221672006637 0.11536052215494105
v 0.01152883175806175 8.644221672006637 0.11705419320967694
v 7.2021826299704e-18 8.644221672006637 0.11762056839547272
v -0.011528831758061735 8.644221672006637 0.11705419320967696
v -0.022946634563992804 8.644221672006637 0.11536052215494105
v -0.03414344873516619 8.644221672006637 0.11255586620937691
v -0.0450114428303123 8.644221672006637 0.10866723574292117
v -0.05544595212524492 8.644221672006637 0.10373208039270747
v -0.06534648659137081 8.644221672006637 0.09779792840258872
v -0.07461769866959861 8.644221672006637 0.09092192890016719
v -0.08317030151945487 8.644221672006637 0.08317030151945488
v -0.09092192890016718 8.644221672006637 0.07461769866959862
v -0.09779792840258872 8.644221672006637 0.06534648659137084
v -0.10373208039270745 8.644221672006637 0.055445952125244925
v -0.10866723574292117 8.644221672006637 0.04501144283031231
v -0.1125558662093769 8.644221672006637 0.03414344873516622
v -0.11536052215494105 8.644221672006637 0.022946634563992853
v -0.11705419320967694 8.644221672006637 0.011528831758061757
v -0.11762056839547272 8.644221672006637 1.44043652599408e-17
v -0.11705419320967696 8.644221672006637 -0.01152883175806173
v -0.11536052215494105 8.644221672006637 -0.02294663456399282
v -0.11255586620937691 8.644221672006637 -0.034143448735166185
v -0.10866723574292117 8.644221672006637 -0.04501144283031229
v -0.10373208039270747 8.644221672006637 -0.05544595212524491
v -0.09779792840258873 8.644221672006637 -0.06534648659137081
v -0.09092192890016719 8.644221672006637 -0.0746176986695986
v -0.0831703015194549 8.644221672006637 -0.08317030151945487
v -0.07461769866959868 8.644221672006637 -0.09092192890016715
v -0.06534648659137084 8.644221672006637 -0.0977979284025887
v -0.05544595212524493 8.644221672006637 -0.10373208039270745
v -0.045011442830312366 8.644221672006637 -0.10866723574292114
v -0.034143448735166226 8.644221672006637 -0.1125558662093769
v -0.02294663456399286 8.644221672006637 -0.11536052215494104
v -0.011528831758061712 8.644221672006637 -0.11705419320967696
v -2.1606547889911198e-17 8.644221672006637 -0.11762056839547272
v 0.01152883175806167 8.644221672006637 -0.11705419320967696
v 0.022946634563992815 8.644221672006637 -0.11536052215494105
v 0.03414344873516618 8.644221672006637 -0.11255586620937691
v 0.045011442830312325 8.644221672006637 -0.10866723574292116
v 0.055445952125244904 8.644221672006637 -0.10373208039270747
v 0.0653464865913708 8.644221672006637 -0.09779792840258873
v 0.07461769866959864 8.644221672006637 -0.09092192890016716
v 0.08317030151945486 8.644221672006637 -0.0831703015194549
v 0.09092192890016713 8.644221672006637 -0.07461769866959868
v 0.0977979284025887 8.644221672006637 -0.06534648659137084
v 0.10373208039270744 8.644221672006637 -0.05544595212524494
v 0.10866723574292114 8.644221672006637 -0.04501144283031237
v 0.1125558662093769 8.644221672006637 -0.03414344873516623
v 0.11536052215494104 8.644221672006637 -0.022946634563992867
v 0.11705419320967696 8.644221672006637 -0.011528831758061719
v 0.2341083864193539 8.626942336483877 0.0
v 0.23298109055041374 8.626942336483877 0.02294663456399281
v 0.22961005941905382 8.626942336483877 0.04567228049322793
v 0.2240277578978622 8.626942336483877 0.0679580773943051
v 0.21628794660208434 8.626942336483877 0.08958940086041112
v 0.20646516414550986 8.626942336483877 0.11035792942168313
v 0.19465400929287463 8.626942336483877 0.1300636507948435
v 0.18096822992204356 8.626942336483877 0.1485167881108257
v 0.16553962756976578 8.626942336483877 0.16553962756976578
v 0.1485167881108257 8.626942336483877 0.18096822992204353
v 0.13006365079484353 8.626942336483877 0.19465400929287463
v 0.11035792942168317 8.626942336483877 0.20646516414550983
v 0.08958940086041113 8.626942336483877 0.21628794660208434
v 0.0679580773943051 8.626942336483877 0.22402775789786222
v 0.045672280493227954 8.626942336483877 0.22961005941905382
v 0.02294663456399285 8.626942336483877 0.23298109055041374
v 1.4335004304100672e-17 8.626942336483877 0.2341083864193539
v -0.022946634563992818 8.626942336483877 0.23298109055041374
v -0.04567228049322792 8.626942336483877 0.22961005941905382
v -0.06795807739430505 8.626942336483877 0.22402775789786222
v -0.0895894008604111 8.626942336483877 0.21628794660208434
v -0.11035792942168314 8.626942336483877 0.20646516414550986
v -0.13006365079484344 8.626942336483877 0.19465400929287466
v -0.14851678811082566 8.626942336483877 0.1809682299220436
v -0.16553962756976576 8.626942336483877 0.16553962756976578
v -0.18096822992204356 8.626942336483877 0.1485167881108257
v -0.19465400929287466 8.626942336483877 0.1300636507948435
v -0.20646516414550983 8.626942336483877 0.11035792942168317
v -0.21628794660208434 8.626942336483877 0.08958940086041114
v -0.2240277578978622 8.626942336483877 0.06795807739430511
v -0.22961005941905382 8.626942336483877 0.04567228049322802
v -0.23298109055041374 8.626942336483877 0.022946634563992863
v -0.2341083864193539 8.626942336483877 2.8670008608201344e-17
v -0.23298109055041374 8.626942336483877 -0.022946634563992808
v -0.22961005941905382 8.626942336483877 -0.04567228049322796
v -0.22402775789786222 8.626942336483877 -0.06795807739430504
v -0.21628794660208436 8.626942336483877 -0.08958940086041109
v -0.20646516414550986 8.626942336483877 -0.11035792942168313
v -0.19465400929287469 8.626942336483877 -0.13006365079484344
v -0.1809682299220436 8.626942336483877 -0.14851678811082564
v -0.1655396275697658 8.626942336483877 -0.16553962756976576
v -0.1485167881108258 8.626942336483877 -0.18096822992204348
v -0.1300636507948435 8.626942336483877 -0.19465400929287463
v -0.11035792942168318 8.626942336483877 -0.20646516414550983
v -0.08958940086041124 8.626942336483877 -0.21628794660208428
v -0.06795807739430512 8.626942336483877 -0.2240277578978622
v -0.04567228049322803 8.626942336483877 -0.2296100594190538
v -0.022946634563992773 8.626942336483877 -0.23298109055041374
v -4.300501291230201e-17 8.626942336483877 -0.2341083864193539
v 0.02294663456399269 8.626942336483877 -0.23298109055041374
v 0.04567228049322795 8.626942336483877 -0.22961005941905382
v 0.06795807739430502 8.626942336483877 -0.22402775789786222
v 0.08958940086041117 8.626942336483877 -0.2162879466020843
v 0.11035792942168311 8.626942336483877 -0.20646516414550986
v 0.13006365079484344 8.626942336483877 -0.19465400929287469
v 0.14851678811082572 8.626942336483877 -0.18096822992204353
v 0.16553962756976573 8.626942336483877 -0.1655396275697658
v 0.18096822992204348 8.626942336483877 -0.1485167881108258
v 0.19465400929287463 8.626942336483877 -0.1300636507948435
v 0.2064651641455098 8.626942336483877 -0.1103579294216832
v 0.21628794660208428 8.626942336483877 -0.08958940086041126
v 0.2240277578978622 8.626942336483877 -0.06795807739430514
v 0.2296100594190538 8.626942336483877 -0.045672280493228044
v 0.23298109055041374 8.626942336483877 -0.022946634563992787
v 0.3483416127053548 8.59832840287865 0.0
v 0.3466642526287308 8.59832840287865 0.03414344873516621
v 0.3416483262933349 8.59832840287865 0.0679580773943051
v 0.33334213981176125 8.59832840287865 0.10111823261847283
v 0.3218256863004509 8.59832840287865 0.13330456398567594
v 0.30720987550225154 8.59832840287865 0.16420709953000973
v 0.28963546566496473 8.59832840287865 0.19352823094113797
v 0.26927170796247324 8.59832840287865 0.22098557969501068
v 0.2463147165134144 8.59832840287865 0.2463147165134144
v 0.22098557969501068 8.59832840287865 0.26927170796247324
v 0.19352823094113802 8.59832840287865 0.28963546566496473
v 0.16420709953000978 8.59832840287865 0.3072098755022515
v 0.13330456398567597 8.59832840287865 0.3218256863004509
v 0.10111823261847283 8.59832840287865 0.3333421398117613
v 0.06795807739430512 8.59832840287865 0.3416483262933349
v 0.03414344873516627 8.59832840287865 0.34666425262873074
v 2.1329772050471986e-17 8.59832840287865 0.3483416127053548
v -0.034143448735166226 8.59832840287865 0.3466642526287308
v -0.06795807739430508 8.59832840287865 0.3416483262933349
v -0.10111823261847278 8.59832840287865 0.3333421398117613
v -0.13330456398567592 8.59832840287865 0.3218256863004509
v -0.16420709953000975 8.59832840287865 0.30720987550225154
v -0.1935282309411379 8.59832840287865 0.28963546566496473
v -0.22098557969501065 8.59832840287865 0.2692717079624733
v -0.24631471651341438 8.59832840287865 0.2463147165134144
v -0.26927170796247324 8.59832840287865 0.22098557969501068
v -0.28963546566496473 8.59832840287865 0.19352823094113797
v -0.3072098755022515 8.59832840287865 0.16420709953000978
v -0.3218256863004509 8.59832840287865 0.13330456398567597
v -0.33334213981176125 8.59832840287865 0.10111823261847284
v -0.3416483262933349 8.59832840287865 0.06795807739430522
v -0.34666425262873074 8.59832840287865 0.03414344873516629
v -0.3483416127053548 8.59832840287865 4.265954410094397e-17
v -0.3466642526287308 8.59832840287865 -0.034143448735166206
v -0.3416483262933349 8.59832840287865 -0.06795807739430514
v -0.3333421398117613 8.59832840287865 -0.10111823261847276
v -0.32182568630045094 8.59832840287865 -0.13330456398567592
v -0.30720987550225154 8.59832840287865 -0.16420709953000973
v -0.2896354656649648 8.59832840287865 -0.1935282309411379
v -0.2692717079624733 8.59832840287865 -0.22098557969501062
v -0.24631471651341447 8.59832840287865 -0.24631471651341438
v -0.22098557969501084 8.59832840287865 -0.26927170796247313
v -0.19352823094113797 8.59832840287865 -0.28963546566496473
v -0.1642070995300098 8.59832840287865 -0.3072098755022515
v -0.13330456398567614 8.59832840287865 -0.32182568630045083
v -0.10111823261847287 8.59832840287865 -0.33334213981176125
v -0.06795807739430525 8.59832840287865 -0.34164832629333486
v -0.03414344873516616 8.59832840287865 -0.3466642526287308
v -6.398931615141596e-17 8.59832840287865 -0.3483416127053548
v 0.03414344873516603 8.59832840287865 -0.3466642526287308
v 0.06795807739430512 8.59832840287865 -0.3416483262933349
v 0.10111823261847273 8.59832840287865 -0.3333421398117613
v 0.13330456398567603 8.59832840287865 -0.32182568630045083
v 0.16420709953000973 8.59832840287865 -0.30720987550225154
v 0.19352823094113786 8.59832840287865 -0.2896354656649648
v 0.22098557969501073 8.59832840287865 -0.26927170796247324
v 0.24631471651341433 8.59832840287865 -0.24631471651341447
v 0.26927170796247313 8.59832840287865 -0.22098557969501084
v 0.28963546566496473 8.59832840287865 -0.19352823094113797
v 0.30720987550225143 8.59832840287865 -0.16420709953000984
v 0.32182568630045083 8.59832840287865 -0.13330456398567617
v 0.33334213981176125 8.59832840287865 -0.10111823261847289
v 0.34164832629333486 8.59832840287865 -0.06795807739430526
v 0.3466642526287308 8.59832840287865 -0.03414344873516618
v 0.4592201188381077 8.558655439013544 0.0
v 0.457008848448276 8.558655439013544 0.0450114428303123
v 0.4503963330214383 8.558655439013544 0.08958940086041112
v 0.43944625469592363 8.558655439013544 0.13330456398567594
v 0.4242640687119285 8.558655439013544 0.1757359312880715
v 0.4049959878199058 8.558655439013544 0.21647486550513081
v 0.38182757417185015 8.558655439013544 0.2551290284301769
v 0.3549819522563356 8.558655439013544 0.2913261593437267
v 0.3247176600877182 8.558655439013544 0.3247176600877182
v 0.2913261593437267 8.558655439013544 0.35498195225633555
v 0.25512902843017693 8.558655439013544 0.38182757417185015
v 0.2164748655051309 8.558655439013544 0.40499598781990576
v 0.1757359312880715 8.558655439013544 0.4242640687119285
v 0.13330456398567594 8.558655439013544 0.4394462546959237
v 0.08958940086041116 8.558655439013544 0.4503963330214383
v 0.04501144283031237 8.558655439013544 0.45700884844827594
v 2.811912243195779e-17 8.558655439013544 0.4592201188381077
v -0.04501144283031232 8.558655439013544 0.457008848448276
v -0.08958940086041109 8.558655439013544 0.4503963330214383
v -0.13330456398567586 8.558655439013544 0.4394462546959237
v -0.17573593128807147 8.558655439013544 0.4242640687119285
v -0.21647486550513084 8.558655439013544 0.4049959878199058
v -0.2551290284301768 8.558655439013544 0.3818275741718502
v -0.2913261593437267 8.558655439013544 0.35498195225633566
v -0.32471766008771813 8.558655439013544 0.3247176600877182
v -0.3549819522563356 8.558655439013544 0.2913261593437267
v -0.3818275741718502 8.558655439013544 0.2551290284301769
v -0.40499598781990576 8.558655439013544 0.2164748655051309
v -0.4242640687119285 8.558655439013544 0.17573593128807152
v -0.43944625469592363 8.558655439013544 0.13330456398567594
v -0.4503963330214383 8.558655439013544 0.08958940086041128
v -0.45700884844827594 8.558655439013544 0.0450114428303124
v -0.4592201188381077 8.558655439013544 5.623824486391558e-17
v -0.457008848448276 8.558655439013544 -0.0450114428303123
v -0.4503963330214383 8.558655439013544 -0.08958940086041116
v -0.4394462546959237 8.558655439013544 -0.13330456398567583
v -0.4242640687119285 8.558655439013544 -0.17573593128807144
v -0.4049959878199058 8.558655439013544 -0.21647486550513081
v -0.38182757417185026 8.558655439013544 -0.2551290284301768
v -0.35498195225633566 8.558655439013544 -0.29132615934372663
v -0.32471766008771824 8.558655439013544 -0.32471766008771813
v -0.2913261593437269 8.558655439013544 -0.35498195225633544
v -0.2551290284301769 8.558655439013544 -0.38182757417185015
v -0.21647486550513093 8.558655439013544 -0.40499598781990576
v -0.17573593128807175 8.558655439013544 -0.4242640687119284
v -0.13330456398567597 8.558655439013544 -0.43944625469592363
v -0.08958940086041131 8.558655439013544 -0.4503963330214382
v -0.04501144283031223 8.558655439013544 -0.457008848448276
v -8.435736729587336e-17 8.558655439013544 -0.4592201188381077
v 0.04501144283031206 8.558655439013544 -0.457008848448276
v 0.08958940086041114 8.558655439013544 -0.4503963330214383
v 0.1333045639856758 8.558655439013544 -0.4394462546959237
v 0.17573593128807158 8.558655439013544 -0.42426406871192845
v 0.2164748655051308 8.558655439013544 -0.4049959878199058
v 0.25512902843017676 8.558655439013544 -0.38182757417185026
v 0.29132615934372674 8.558655439013544 -0.35498195225633555
v 0.3247176600877181 8.558655439013544 -0.32471766008771824
v 0.3549819522563354 8.558655439013544 -0.2913261593437269
v 0.38182757417185015 8.558655439013544 -0.2551290284301769
v 0.4049959878199057 8.558655439013544 -0.21647486550513095
v 0.4242640687119284 8.558655439013544 -0.17573593128807177
v 0.43944625469592363 8.558655439013544 -0.133304563985676
v 0.4503963330214382 8.558655439013544 -0.08958940086041133
v 0.457008848448276 8.558655439013544 -0.045011442830312255
v 0.5656760841911972 8.508305517218027 0.0
v 0.5629521992308152 8.508305517218027 0.05544595212524491
v 0.5548067768508648 8.508305517218027 0.11035792942168314
v 0.5413182619216055 8.508305517218027 0.16420709953000973
v 0.5226165562153785 8.508305517218027 0.21647486550513084
v 0.4988817673815272 8.508305517218027 0.26665786018823867
v 0.4703424744112767 8.508305517218027 0.3142727939077195
v 0.43727352629709515 8.508305517218027 0.3588611088228844
v 0.39999339508664794 8.508305517218027 0.39999339508664794
v 0.3588611088228844 8.508305517218027 0.43727352629709504
v 0.31427279390771956 8.508305517218027 0.4703424744112767
v 0.2666578601882388 8.508305517218027 0.4988817673815271
v 0.21647486550513087 8.508305517218027 0.5226165562153785
v 0.16420709953000973 8.508305517218027 0.5413182619216055
v 0.11035792942168318 8.508305517218027 0.5548067768508648
v 0.05544595212524501 8.508305517218027 0.5629521992308152
v 3.463767029294792e-17 8.508305517218027 0.5656760841911972
v -0.05544595212524494 8.508305517218027 0.5629521992308152
v -0.1103579294216831 8.508305517218027 0.5548067768508648
v -0.16420709953000964 8.508305517218027 0.5413182619216055
v -0.21647486550513081 8.508305517218027 0.5226165562153785
v -0.2666578601882387 8.508305517218027 0.4988817673815272
v -0.3142727939077194 8.508305517218027 0.47034247441127675
v -0.35886110882288436 8.508305517218027 0.4372735262970952
v -0.3999933950866479 8.508305517218027 0.39999339508664794
v -0.43727352629709515 8.508305517218027 0.3588611088228844
v -0.47034247441127675 8.508305517218027 0.3142727939077195
v -0.4988817673815271 8.508305517218027 0.2666578601882388
v -0.5226165562153785 8.508305517218027 0.2164748655051309
v -0.5413182619216055 8.508305517218027 0.16420709953000978
v -0.5548067768508648 8.508305517218027 0.11035792942168333
v -0.5629521992308152 8.508305517218027 0.055445952125245036
v -0.5656760841911972 8.508305517218027 6.927534058589583e-17
v -0.5629521992308152 8.508305517218027 -0.055445952125244904
v -0.5548067768508648 8.508305517218027 -0.1103579294216832
v -0.5413182619216055 8.508305517218027 -0.16420709953000961
v -0.5226165562153786 8.508305517218027 -0.2164748655051308
v -0.4988817673815272 8.508305517218027 -0.26665786018823867
v -0.4703424744112768 8.508305517218027 -0.3142727939077194
v -0.4372735262970952 8.508305517218027 -0.3588611088228843
v -0.399993395086648 8.508305517218027 -0.3999933950866479
v -0.35886110882288463 8.508305517218027 -0.4372735262970949
v -0.3142727939077195 8.508305517218027 -0.4703424744112767
v -0.2666578601882388 8.508305517218027 -0.4988817673815271
v -0.21647486550513115 8.508305517218027 -0.5226165562153784
v -0.1642070995300098 8.508305517218027 -0.5413182619216055
v -0.11035792942168338 8.508305517218027 -0.5548067768508647
v -0.05544595212524483 8.508305517218027 -0.5629521992308152
v -1.0391301087884374e-16 8.508305517218027 -0.5656760841911972
v 0.05544595212524462 8.508305517218027 -0.5629521992308152
v 0.11035792942168317 8.508305517218027 -0.5548067768508648
v 0.1642070995300096 8.508305517218027 -0.5413182619216055
v 0.21647486550513098 8.508305517218027 -0.5226165562153785
v 0.2666578601882386 8.508305517218027 -0.4988817673815272
v 0.31427279390771934 8.508305517218027 -0.4703424744112768
v 0.35886110882288447 8.508305517218027 -0.43727352629709504
v 0.39999339508664783 8.508305517218027 -0.399993395086648
v 0.43727352629709487 8.508305517218027 -0.35886110882288463
v 0.4703424744112767 8.508305517218027 -0.3142727939077195
v 0.49888176738152706 8.508305517218027 -0.26665786018823884
v 0.5226165562153784 8.508305517218027 -0.2164748655051312
v 0.5413182619216055 8.508305517218027 -0.16420709953000984
v 0.5548067768508647 8.508305517218027 -0.1103579294216834
v 0.5629521992308152 8.508305517218027 -0.055445952125244856
v 0.6666842796235226 8.447763534763055 0.0
v 0.6634740125937859 8.447763534763055 0.06534648659137084
v 0.6538741281309823 8.447763534763055 0.13006365079484353
v 0.6379770783703195 8.447763534763055 0.19352823094113797
v 0.615935960591204 8.447763534763055 0.25512902843017693
v 0.5879630428067494 8.447763534763055 0.3142727939077195
v 0.554327719506772 8.447763534763055 0.3703899405809461
v 0.515353917241589 8.447763534763055 0.42294002965064065
v 0.4714169750322613 8.447763534763055 0.4714169750322613
v 0.42294002965064065 8.447763534763055 0.5153539172415889
v 0.37038994058094615 8.447763534763055 0.554327719506772
v 0.3142727939077196 8.447763534763055 0.5879630428067493
v 0.25512902843017693 8.447763534763055 0.615935960591204
v 0.19352823094113797 8.447763534763055 0.6379770783703196
v 0.13006365079484358 8.447763534763055 0.6538741281309823
v 0.06534648659137095 8.447763534763055 0.6634740125937858
v 4.0822638454140296e-17 8.447763534763055 0.6666842796235226
v -0.06534648659137086 8.447763534763055 0.6634740125937859
v -0.13006365079484347 8.447763534763055 0.6538741281309823
v -0.19352823094113786 8.447763534763055 0.6379770783703196
v -0.2551290284301769 8.447763534763055 0.615935960591204
v -0.31427279390771956 8.447763534763055 0.5879630428067494
v -0.37038994058094593 8.447763534763055 0.5543277195067721
v -0.4229400296506406 8.447763534763055 0.515353917241589
v -0.4714169750322612 8.447763534763055 0.4714169750322613
v -0.515353917241589 8.447763534763055 0.42294002965064065
v -0.5543277195067721 8.447763534763055 0.3703899405809461
v -0.5879630428067493 8.447763534763055 0.3142727939077196
v -0.615935960591204 8.447763534763055 0.255129028430177
v -0.6379770783703195 8.447763534763055 0.19352823094113802
v -0.6538741281309823 8.447763534763055 0.13006365079484375
v -0.6634740125937858 8.447763534763055 0.06534648659137099
v -0.6666842796235226 8.447763534763055 8.164527690828059e-17
v -0.6634740125937859 8.447763534763055 -0.06534648659137082
v -0.6538741281309823 8.447763534763055 -0.13006365079484358
v -0.6379770783703196 8.447763534763055 -0.19352823094113783
v -0.6159359605912041 8.447763534763055 -0.2551290284301768
v -0.5879630428067494 8.447763534763055 -0.3142727939077195
v -0.5543277195067722 8.447763534763055 -0.37038994058094593
v -0.515353917241589 8.447763534763055 -0.42294002965064054
v -0.4714169750322614 8.447763534763055 -0.4714169750322612
v -0.422940029650641 8.447763534763055 -0.5153539172415887
v -0.3703899405809461 8.447763534763055 -0.554327719506772
v -0.31427279390771967 8.447763534763055 -0.5879630428067493
v -0.25512902843017726 8.447763534763055 -0.6159359605912039
v -0.19352823094113805 8.447763534763055 -0.6379770783703195
v -0.1300636507948438 8.447763534763055 -0.6538741281309822
v -0.06534648659137074 8.447763534763055 -0.6634740125937859
v -1.224679153624209e-16 8.447763534763055 -0.6666842796235226
v 0.06534648659137049 8.447763534763055 -0.6634740125937859
v 0.13006365079484355 8.447763534763055 -0.6538741281309823
v 0.1935282309411378 8.447763534763055 -0.6379770783703196
v 0.25512902843017704 8.447763534763055 -0.6159359605912039
v 0.31427279390771945 8.447763534763055 -0.5879630428067494
v 0.3703899405809459 8.447763534763055 -0.5543277195067722
v 0.42294002965064076 8.447763534763055 -0.5153539172415889
v 0.47141697503226115 8.447763534763055 -0.4714169750322614
v 0.5153539172415886 8.447763534763055 -0.422940029650641
v 0.554327719506772 8.447763534763055 -0.3703899405809461
v 0.5879630428067492 8.447763534763055 -0.31427279390771967
v 0.6159359605912039 8.447763534763055 -0.2551290284301773
v 0.6379770783703195 8.447763534763055 -0.19352823094113808
v 0.6538741281309822 8.447763534763055 -0.13006365079484383
v 0.6634740125937859 8.447763534763055 -0.06534648659137077
v 0.7612719409963745 8.377612544035285 0.0
v 0.7576062085236898 8.377612544035285 0.07461769866959862
v 0.7466443141132407 8.377612544035285 0.1485167881108257
v 0.7284918268005809 8.377612544035285 0.22098557969501068
v 0.7033235649616904 8.377612544035285 0.2913261593437267
v 0.671381912716449 8.377612544035285 0.35886110882288436
v 0.6329744856370616 8.377612544035285 0.42294002965064065
v 0.5884711682419382 8.377612544035285 0.482945806790323
v 0.5383005518055818 8.377612544035285 0.5383005518055818
v 0.482945806790323 8.377612544035285 0.5884711682419381
v 0.4229400296506407 8.377612544035285 0.6329744856370616
v 0.35886110882288447 8.377612544035285 0.6713819127164489
v 0.29132615934372674 8.377612544035285 0.7033235649616904
v 0.22098557969501068 8.377612544035285 0.728491826800581
v 0.14851678811082575 8.377612544035285 0.7466443141132407
v 0.07461769866959875 8.377612544035285 0.7576062085236898
v 4.661446229109514e-17 8.377612544035285 0.7612719409963745
v -0.07461769866959865 8.377612544035285 0.7576062085236898
v -0.14851678811082564 8.377612544035285 0.7466443141132407
v -0.22098557969501054 8.377612544035285 0.728491826800581
v -0.2913261593437267 8.377612544035285 0.7033235649616904
v -0.3588611088228844 8.377612544035285 0.671381912716449
v -0.4229400296506405 8.377612544035285 0.6329744856370617
v -0.4829458067903229 8.377612544035285 0.5884711682419383
v -0.5383005518055817 8.377612544035285 0.5383005518055818
v -0.5884711682419382 8.377612544035285 0.482945806790323
v -0.6329744856370617 8.377612544035285 0.42294002965064065
v -0.6713819127164489 8.377612544035285 0.35886110882288447
v -0.7033235649616904 8.377612544035285 0.2913261593437268
v -0.7284918268005809 8.377612544035285 0.2209855796950107
v -0.7466443141132407 8.377612544035285 0.14851678811082597
v -0.7576062085236898 8.377612544035285 0.07461769866959879
v -0.7612719409963745 8.377612544035285 9.322892458219028e-17
v -0.7576062085236898 8.377612544035285 -0.07461769866959861
v -0.7466443141132407 8.377612544035285 -0.14851678811082578
v -0.728491826800581 8.377612544035285 -0.2209855796950105
v -0.7033235649616905 8.377612544035285 -0.29132615934372663
v -0.671381912716449 8.377612544035285 -0.35886110882288436
v -0.6329744856370618 8.377612544035285 -0.4229400296506405
v -0.5884711682419383 8.377612544035285 -0.4829458067903228
v -0.5383005518055818 8.377612544035285 -0.5383005518055817
v -0.48294580679032334 8.377612544035285 -0.588471168241938
v -0.42294002965064065 8.377612544035285 -0.6329744856370616
v -0.3588611088228845 8.377612544035285 -0.6713819127164489
v -0.29132615934372713 8.377612544035285 -0.7033235649616901
v -0.22098557969501076 8.377612544035285 -0.7284918268005809
v -0.148516788110826 8.377612544035285 -0.7466443141132406
v -0.07461769866959851 8.377612544035285 -0.7576062085236898
v -1.3984338687328541e-16 8.377612544035285 -0.7612719409963745
v 0.07461769866959823 8.377612544035285 -0.7576062085236898
v 0.14851678811082572 8.377612544035285 -0.7466443141132407
v 0.22098557969501045 8.377612544035285 -0.728491826800581
v 0.29132615934372685 8.377612544035285 -0.7033235649616902
v 0.3588611088228843 8.377612544035285 -0.671381912716449
v 0.42294002965064037 8.377612544035285 -0.6329744856370618
v 0.48294580679032306 8.377612544035285 -0.5884711682419381
v 0.5383005518055816 8.377612544035285 -0.5383005518055818
v 0.5884711682419379 8.377612544035285 -0.48294580679032334
v 0.6329744856370616 8.377612544035285 -0.42294002965064065
v 0.6713819127164488 8.377612544035285 -0.3588611088228846
v 0.7033235649616901 8.377612544035285 -0.2913261593437272
v 0.7284918268005809 8.377612544035285 -0.2209855796950108
v 0.7466443141132406 8.377612544035285 -0.14851678811082605
v 0.7576062085236898 8.377612544035285 -0.07461769866959855
v 0.848528137423857 8.298528137423856 0.0
v 0.8444422425158296 8.298528137423856 0.08317030151945488
v 0.8322239071932884 8.298528137423856 0.16553962756976578
v 0.8119908007046116 8.298528137423856 0.24631471651341438
v 0.783937778925826 8.298528137423856 0.3247176600877182
v 0.7483350077920028 8.298528137423856 0.3999933950866479
v 0.7055253614516153 8.298528137423856 0.47141697503226127
v 0.6559211202010545 8.298528137423856 0.5383005518055818
v 0.6000000000000001 8.298528137423856 0.6000000000000001
v 0.5383005518055818 8.298528137423856 0.6559211202010544
v 0.4714169750322614 8.298528137423856 0.7055253614516153
v 0.39999339508664805 8.298528137423856 0.7483350077920027
v 0.32471766008771824 8.298528137423856 0.783937778925826
v 0.24631471651341438 8.298528137423856 0.8119908007046116
v 0.16553962756976587 8.298528137423856 0.8322239071932884
v 0.08317030151945502 8.298528137423856 0.8444422425158294
v 5.19573633741296e-17 8.298528137423856 0.848528137423857
v -0.08317030151945491 8.298528137423856 0.8444422425158296
v -0.16553962756976573 8.298528137423856 0.8322239071932884
v -0.24631471651341424 8.298528137423856 0.8119908007046116
v -0.32471766008771813 8.298528137423856 0.783937778925826
v -0.39999339508664794 8.298528137423856 0.7483350077920028
v -0.4714169750322611 8.298528137423856 0.7055253614516153
v -0.5383005518055817 8.298528137423856 0.6559211202010546
v -0.6 8.298528137423856 0.6000000000000001
v -0.6559211202010545 8.298528137423856 0.5383005518055818
v -0.7055253614516153 8.298528137423856 0.47141697503226127
v -0.7483350077920027 8.298528137423856 0.39999339508664805
v -0.783937778925826 8.298528137423856 0.3247176600877183
v -0.8119908007046116 8.298528137423856 0.24631471651341444
v -0.8322239071932884 8.298528137423856 0.1655396275697661
v -0.8444422425158294 8.298528137423856 0.08317030151945506
v -0.848528137423857 8.298528137423856 1.039147267482592e-16
v -0.8444422425158296 8.298528137423856 -0.08317030151945487
v -0.8322239071932884 8.298528137423856 -0.1655396275697659
v -0.8119908007046116 8.298528137423856 -0.24631471651341422
v -0.783937778925826 8.298528137423856 -0.3247176600877181
v -0.7483350077920028 8.298528137423856 -0.3999933950866479
v -0.7055253614516154 8.298528137423856 -0.4714169750322611
v -0.6559211202010546 8.298528137423856 -0.5383005518055816
v -0.6000000000000001 8.298528137423856 -0.6
v -0.5383005518055821 8.298528137423856 -0.6559211202010542
v -0.47141697503226127 8.298528137423856 -0.7055253614516153
v -0.39999339508664805 8.298528137423856 -0.7483350077920027
v -0.3247176600877187 8.298528137423856 -0.7839377789258257
v -0.2463147165134145 8.298528137423856 -0.8119908007046116
v -0.16553962756976615 8.298528137423856 -0.8322239071932883
v -0.08317030151945475 8.298528137423856 -0.8444422425158296
v -1.5587209012238879e-16 8.298528137423856 -0.848528137423857
v 0.08317030151945444 8.298528137423856 -0.8444422425158296
v 0.16553962756976584 8.298528137423856 -0.8322239071932884
v 0.24631471651341416 8.298528137423856 -0.8119908007046116
v 0.3247176600877184 8.298528137423856 -0.7839377789258258
v 0.39999339508664783 8.298528137423856 -0.7483350077920028
v 0.471416975032261 8.298528137423856 -0.7055253614516154
v 0.5383005518055819 8.298528137423856 -0.6559211202010544
v 0.5999999999999999 8.298528137423856 -0.6000000000000001
v 0.6559211202010541 8.298528137423856 -0.5383005518055821
v 0.7055253614516153 8.298528137423856 -0.47141697503226127
v 0.7483350077920026 8.298528137423856 -0.3999933950866481
v 0.7839377789258257 8.298528137423856 -0.32471766008771874
v 0.8119908007046116 8.298528137423856 -0.24631471651341455
v 0.8322239071932883 8.298528137423856 -0.1655396275697662
v 0.8444422425158296 8.298528137423856 -0.0831703015194548
v 0.9276125440352843 8.211271940996374 0.0
v 0.9231458360934556 8.211271940996374 0.09092192890016718
v 0.9097887291072002 8.211271940996374 0.18096822992204356
v 0.8876698593185333 8.211271940996374 0.26927170796247324
v 0.8570022435349238 8.211271940996374 0.35498195225633555
v 0.8180812276609921 8.211271940996374 0.43727352629709504
v 0.7712816423559955 8.211271940996374 0.5153539172415889
v 0.7170541932096769 8.211271940996374 0.5884711682419382
v 0.6559211202010544 8.211271940996374 0.6559211202010544
v 0.5884711682419382 8.211271940996374 0.7170541932096768
v 0.515353917241589 8.211271940996374 0.7712816423559955
v 0.4372735262970952 8.211271940996374 0.818081227660992
v 0.3549819522563356 8.211271940996374 0.8570022435349238
v 0.26927170796247324 8.211271940996374 0.8876698593185334
v 0.18096822992204362 8.211271940996374 0.9097887291072002
v 0.09092192890016733 8.211271940996374 0.9231458360934555
v 5.67998866450872e-17 8.211271940996374 0.9276125440352843
v -0.09092192890016722 8.211271940996374 0.9231458360934556
v -0.1809682299220435 8.211271940996374 0.9097887291072002
v -0.2692717079624731 8.211271940996374 0.8876698593185334
v -0.3549819522563355 8.211271940996374 0.8570022435349238
v -0.4372735262970951 8.211271940996374 0.8180812276609921
v -0.5153539172415886 8.211271940996374 0.7712816423559956
v -0.5884711682419381 8.211271940996374 0.717054193209677
v -0.6559211202010544 8.211271940996374 0.6559211202010544
v -0.7170541932096769 8.211271940996374 0.5884711682419382
v -0.7712816423559956 8.211271940996374 0.5153539172415889
v -0.818081227660992 8.211271940996374 0.4372735262970952
v -0.8570022435349238 8.211271940996374 0.35498195225633566
v -0.8876698593185333 8.211271940996374 0.2692717079624733
v -0.9097887291072002 8.211271940996374 0.1809682299220439
v -0.9231458360934555 8.211271940996374 0.09092192890016738
v -0.9276125440352843 8.211271940996374 1.135997732901744e-16
v -0.9231458360934556 8.211271940996374 -0.09092192890016716
v -0.9097887291072002 8.211271940996374 -0.18096822992204364
v -0.8876698593185334 8.211271940996374 -0.269271707962473
v -0.8570022435349239 8.211271940996374 -0.35498195225633544
v -0.8180812276609921 8.211271940996374 -0.43727352629709504
v -0.7712816423559957 8.211271940996374 -0.5153539172415886
v -0.717054193209677 8.211271940996374 -0.588471168241938
v -0.6559211202010545 8.211271940996374 -0.6559211202010544
v -0.5884711682419386 8.211271940996374 -0.7170541932096766
v -0.5153539172415889 8.211271940996374 -0.7712816423559955
v -0.43727352629709526 8.211271940996374 -0.818081227660992
v -0.3549819522563361 8.211271940996374 -0.8570022435349236
v -0.2692717079624733 8.211271940996374 -0.8876698593185333
v -0.18096822992204395 8.211271940996374 -0.9097887291072001
v -0.09092192890016704 8.211271940996374 -0.9231458360934556
v -1.703996599352616e-16 8.211271940996374 -0.9276125440352843
v 0.09092192890016669 8.211271940996374 -0.9231458360934556
v 0.1809682299220436 8.211271940996374 -0.9097887291072002
v 0.26927170796247296 8.211271940996374 -0.8876698593185334
v 0.3549819522563358 8.211271940996374 -0.8570022435349237
v 0.437273526297095 8.211271940996374 -0.8180812276609921
v 0.5153539172415885 8.211271940996374 -0.7712816423559957
v 0.5884711682419383 8.211271940996374 -0.7170541932096768
v 0.6559211202010543 8.211271940996374 -0.6559211202010545
v 0.7170541932096766 8.211271940996374 -0.5884711682419386
v 0.7712816423559955 8.211271940996374 -0.5153539172415889
v 0.8180812276609919 8.211271940996374 -0.4372735262970953
v 0.8570022435349236 8.211271940996374 -0.35498195225633616
v 0.8876698593185333 8.211271940996374 -0.26927170796247335
v 0.9097887291072001 8.211271940996374 -0.18096822992204398
v 0.9231458360934556 8.211271940996374 -0.09092192890016708
v 0.9977635347630542 8.116684279623524 0.0
v 0.9929590306266551 8.116684279623524 0.0977979284025887
v 0.9785917882187005 8.116684279623524 0.19465400929287463
v 0.9548001719375125 8.116684279623524 0.28963546566496473
v 0.9218133080536995 8.116684279623524 0.38182757417185015
v 0.8799488780989168 8.116684279623524 0.47034247441127663
v 0.8296100594190539 8.116684279623524 0.554327719506772
v 0.7712816423559955 8.116684279623524 0.6329744856370616
v 0.7055253614516153 8.116684279623524 0.7055253614516153
v 0.6329744856370616 8.116684279623524 0.7712816423559954
v 0.5543277195067721 8.116684279623524 0.8296100594190539
v 0.4703424744112768 8.116684279623524 0.8799488780989166
v 0.3818275741718502 8.116684279623524 0.9218133080536995
v 0.28963546566496473 8.116684279623524 0.9548001719375127
v 0.1946540092928747 8.116684279623524 0.9785917882187005
v 0.09779792840258887 8.116684279623524 0.992959030626655
v 6.109539595767617e-17 8.116684279623524 0.9977635347630542
v -0.09779792840258875 8.116684279623524 0.9929590306266551
v -0.19465400929287457 8.116684279623524 0.9785917882187005
v -0.28963546566496456 8.116684279623524 0.9548001719375127
v -0.3818275741718501 8.116684279623524 0.9218133080536995
v -0.4703424744112767 8.116684279623524 0.8799488780989168
v -0.5543277195067717 8.116684279623524 0.829610059419054
v -0.6329744856370615 8.116684279623524 0.7712816423559956
v -0.7055253614516152 8.116684279623524 0.7055253614516153
v -0.7712816423559955 8.116684279623524 0.6329744856370616
v -0.829610059419054 8.116684279623524 0.554327719506772
v -0.8799488780989166 8.116684279623524 0.4703424744112768
v -0.9218133080536995 8.116684279623524 0.38182757417185026
v -0.9548001719375125 8.116684279623524 0.2896354656649648
v -0.9785917882187005 8.116684279623524 0.194654009292875
v -0.992959030626655 8.116684279623524 0.09779792840258893
v -0.9977635347630542 8.116684279623524 1.2219079191535233e-16
v -0.9929590306266551 8.116684279623524 -0.09779792840258869
v -0.9785917882187005 8.116684279623524 -0.19465400929287474
v -0.9548001719375127 8.116684279623524 -0.2896354656649645
v -0.9218133080536997 8.116684279623524 -0.38182757417185004
v -0.8799488780989168 8.116684279623524 -0.47034247441127663
v -0.8296100594190541 8.116684279623524 -0.5543277195067717
v -0.7712816423559956 8.116684279623524 -0.6329744856370614
v -0.7055253614516154 8.116684279623524 -0.7055253614516152
v -0.632974485637062 8.116684279623524 -0.7712816423559952
v -0.554327719506772 8.116684279623524 -0.8296100594190539
v -0.47034247441127686 8.116684279623524 -0.8799488780989166
v -0.3818275741718507 8.116684279623524 -0.9218133080536993
v -0.28963546566496484 8.116684279623524 -0.9548001719375125
v -0.19465400929287505 8.116684279623524 -0.9785917882187004
v -0.09779792840258855 8.116684279623524 -0.9929590306266551
v -1.8328618787302847e-16 8.116684279623524 -0.9977635347630542
v 0.09779792840258819 8.116684279623524 -0.9929590306266551
v 0.19465400929287469 8.116684279623524 -0.9785917882187005
v 0.28963546566496445 8.116684279623524 -0.9548001719375127
v 0.38182757417185037 8.116684279623524 -0.9218133080536994
v 0.4703424744112766 8.116684279623524 -0.8799488780989168
v 0.5543277195067716 8.116684279623524 -0.8296100594190541
v 0.6329744856370617 8.116684279623524 -0.7712816423559954
v 0.705525361451615 8.116684279623524 -0.7055253614516154
v 0.7712816423559951 8.116684279623524 -0.632974485637062
v 0.8296100594190539 8.116684279623524 -0.554327719506772
v 0.8799488780989165 8.116684279623524 -0.4703424744112769
v 0.9218133080536993 8.116684279623524 -0.38182757417185076
v 0.9548001719375125 8.116684279623524 -0.2896354656649649
v 0.9785917882187004 8.116684279623524 -0.1946540092928751
v 0.9929590306266551 8.116684279623524 -0.09779792840258861
v 1.0583055172180258 8.015676084191197 0.0
v 1.053209486888299 8.015676084191197 0.10373208039270745
v 1.0379704734569672 8.015676084191197 0.2064651641455098
v 1.0127352369538665 8.015676084191197 0.30720987550225143
v 0.9777468065015051 8.015676084191197 0.40499598781990576
v 0.9333421398117612 8.015676084191197 0.498881767381527
v 0.8799488780989165 8.015676084191197 0.5879630428067492
v 0.818081227660992 8.015676084191197 0.6713819127164489
v 0.7483350077920026 8.015676084191197 0.7483350077920026
v 0.6713819127164489 8.015676084191197 0.8180812276609919
v 0.5879630428067493 8.015676084191197 0.8799488780989165
v 0.4988817673815272 8.015676084191197 0.9333421398117611
v 0.4049959878199058 8.015676084191197 0.9777468065015051
v 0.30720987550225143 8.015676084191197 1.0127352369538667
v 0.2064651641455099 8.015676084191197 1.0379704734569672
v 0.10373208039270762 8.015676084191197 1.0532094868882989
v 6.480252320905197e-17 8.015676084191197 1.0583055172180258
v -0.1037320803927075 8.015676084191197 1.053209486888299
v -0.20646516414550975 8.015676084191197 1.0379704734569672
v -0.30720987550225126 8.015676084191197 1.0127352369538667
v -0.4049959878199057 8.015676084191197 0.9777468065015051
v -0.49888176738152706 8.015676084191197 0.9333421398117612
v -0.5879630428067489 8.015676084191197 0.8799488780989166
v -0.6713819127164488 8.015676084191197 0.8180812276609921
v -0.7483350077920025 8.015676084191197 0.7483350077920026
v -0.818081227660992 8.015676084191197 0.6713819127164489
v -0.8799488780989166 8.015676084191197 0.5879630428067492
v -0.9333421398117611 8.015676084191197 0.4988817673815272
v -0.9777468065015051 8.015676084191197 0.40499598781990587
v -1.0127352369538665 8.015676084191197 0.3072098755022515
v -1.0379704734569672 8.015676084191197 0.2064651641455102
v -1.0532094868882989 8.015676084191197 0.10373208039270769
v -1.0583055172180258 8.015676084191197 1.2960504641810395e-16
v -1.053209486888299 8.015676084191197 -0.10373208039270744
v -1.0379704734569672 8.015676084191197 -0.20646516414550992
v -1.0127352369538667 8.015676084191197 -0.3072098755022512
v -0.9777468065015053 8.015676084191197 -0.4049959878199056
v -0.9333421398117612 8.015676084191197 -0.498881767381527
v -0.8799488780989168 8.015676084191197 -0.5879630428067489
v -0.8180812276609921 8.015676084191197 -0.6713819127164486
v -0.7483350077920027 8.015676084191197 -0.7483350077920025
v -0.6713819127164493 8.015676084191197 -0.8180812276609917
v -0.5879630428067492 8.015676084191197 -0.8799488780989165
v -0.49888176738152723 8.015676084191197 -0.9333421398117611
v -0.4049959878199063 8.015676084191197 -0.9777468065015049
v -0.30720987550225154 8.015676084191197 -1.0127352369538665
v -0.20646516414551025 8.015676084191197 -1.037970473456967
v -0.10373208039270729 8.015676084191197 -1.053209486888299
v -1.944075696271559e-16 8.015676084191197 -1.0583055172180258
v 0.10373208039270691 8.015676084191197 -1.053209486888299
v 0.20646516414550986 8.015676084191197 -1.0379704734569672
v 0.30720987550225115 8.015676084191197 -1.0127352369538667
v 0.404995987819906 8.015676084191197 -0.977746806501505
v 0.49888176738152695 8.015676084191197 -0.9333421398117612
v 0.5879630428067488 8.015676084191197 -0.8799488780989168
v 0.671381912716449 8.015676084191197 -0.8180812276609919
v 0.7483350077920023 8.015676084191197 -0.7483350077920027
v 0.8180812276609916 8.015676084191197 -0.6713819127164493
v 0.8799488780989165 8.015676084191197 -0.5879630428067492
v 0.933342139811761 8.015676084191197 -0.49888176738152734
v 0.9777468065015049 8.015676084191197 -0.40499598781990637
v 1.0127352369538665 8.015676084191197 -0.3072098755022516
v 1.037970473456967 8.015676084191197 -0.2064651641455103
v 1.053209486888299 8.015676084191197 -0.10373208039270734
v 1.1086554390135441 7.909220118838108 0.0
v 1.1033169600483383 7.909220118838108 0.10866723574292117
v 1.0873529356234655 7.909220118838108 0.21628794660208436
v 1.0609171080209603 7.909220118838108 0.3218256863004509
v 1.0242640687119284 7.909220118838108 0.4242640687119285
v 0.9777468065015055 7.909220118838108 0.5226165562153785
v 0.9218133080536997 7.909220118838108 0.615935960591204
v 0.8570022435349239 7.909220118838108 0.7033235649616905
v 0.783937778925826 7.909220118838108 0.783937778925826
v 0.7033235649616905 7.909220118838108 0.8570022435349238
v 0.6159359605912041 7.909220118838108 0.9218133080536997
v 0.5226165562153787 7.909220118838108 0.9777468065015054
v 0.4242640687119286 7.909220118838108 1.0242640687119284
v 0.3218256863004509 7.909220118838108 1.0609171080209605
v 0.21628794660208445 7.909220118838108 1.0873529356234655
v 0.10866723574292135 7.909220118838108 1.1033169600483383
v 6.788556673726203e-17 7.909220118838108 1.1086554390135441
v -0.10866723574292123 7.909220118838108 1.1033169600483383
v -0.2162879466020843 7.909220118838108 1.0873529356234655
v -0.3218256863004507 7.909220118838108 1.0609171080209605
v -0.42426406871192845 7.909220118838108 1.0242640687119284
v -0.5226165562153786 7.909220118838108 0.9777468065015055
v -0.6159359605912038 7.909220118838108 0.9218133080536998
v -0.7033235649616904 7.909220118838108 0.857002243534924
v -0.7839377789258258 7.909220118838108 0.783937778925826
v -0.8570022435349239 7.909220118838108 0.7033235649616905
v -0.9218133080536998 7.909220118838108 0.615935960591204
v -0.9777468065015054 7.909220118838108 0.5226165562153787
v -1.0242640687119284 7.909220118838108 0.4242640687119287
v -1.0609171080209603 7.909220118838108 0.32182568630045094
v -1.0873529356234655 7.909220118838108 0.21628794660208475
v -1.1033169600483383 7.909220118838108 0.10866723574292142
v -1.1086554390135441 7.909220118838108 1.3577113347452406e-16
v -1.1033169600483383 7.909220118838108 -0.10866723574292116
v -1.0873529356234655 7.909220118838108 -0.21628794660208447
v -1.0609171080209605 7.909220118838108 -0.32182568630045066
v -1.0242640687119287 7.909220118838108 -0.4242640687119284
v -0.9777468065015055 7.909220118838108 -0.5226165562153785
v -0.9218133080536999 7.909220118838108 -0.6159359605912038
v -0.857002243534924 7.909220118838108 -0.7033235649616902
v -0.7839377789258261 7.909220118838108 -0.7839377789258258
v -0.7033235649616909 7.909220118838108 -0.8570022435349236
v -0.615935960591204 7.909220118838108 -0.9218133080536997
v -0.5226165562153788 7.909220118838108 -0.9777468065015054
v -0.4242640687119292 7.909220118838108 -1.0242640687119282
v -0.32182568630045105 7.909220118838108 -1.0609171080209603
v -0.2162879466020848 7.909220118838108 -1.0873529356234652
v -0.108667235742921 7.909220118838108 -1.1033169600483383
v -2.0365670021178605e-16 7.909220118838108 -1.1086554390135441
v 0.1086672357429206 7.909220118838108 -1.1033169600483383
v 0.21628794660208442 7.909220118838108 -1.0873529356234655
v 0.3218256863004506 7.909220118838108 -1.0609171080209605
v 0.4242640687119288 7.909220118838108 -1.0242640687119284
v 0.5226165562153785 7.909220118838108 -0.9777468065015055
v 0.6159359605912037 7.909220118838108 -0.9218133080536999
v 0.7033235649616906 7.909220118838108 -0.8570022435349238
v 0.7839377789258257 7.909220118838108 -0.7839377789258261
v 0.8570022435349235 7.909220118838108 -0.7033235649616909
v 0.9218133080536997 7.909220118838108 -0.615935960591204
v 0.9777468065015053 7.909220118838108 -0.5226165562153788
v 1.0242640687119282 7.909220118838108 -0.42426406871192923
v 1.0609171080209603 7.909220118838108 -0.3218256863004511
v 1.0873529356234652 7.909220118838108 -0.2162879466020849
v 1.1033169600483383 7.909220118838108 -0.10866723574292106
v 1.1483284028786507 7.798341612705355 0.0
v 1.1427988877487103 7.798341612705355 0.11255586620937691
v 1.1262635946123312 7.798341612705355 0.22402775789786222
v 1.0988817673815272 7.798341612705355 0.3333421398117613
v 1.0609171080209603 7.798341612705355 0.4394462546959237
v 1.012735236953867 7.798341612705355 0.5413182619216055
v 0.9548001719375127 7.798341612705355 0.6379770783703196
v 0.8876698593185335 7.798341612705355 0.728491826800581
v 0.8119908007046117 7.798341612705355 0.8119908007046117
v 0.728491826800581 7.798341612705355 0.8876698593185334
v 0.6379770783703197 7.798341612705355 0.9548001719375127
v 0.5413182619216057 7.798341612705355 1.0127352369538667
v 0.43944625469592374 7.798341612705355 1.0609171080209603
v 0.3333421398117613 7.798341612705355 1.0988817673815272
v 0.2240277578978623 7.798341612705355 1.1262635946123312
v 0.1125558662093771 7.798341612705355 1.1427988877487103
v 7.031483514776658e-17 7.798341612705355 1.1483284028786507
v -0.11255586620937695 7.798341612705355 1.1427988877487103
v -0.22402775789786214 7.798341612705355 1.1262635946123312
v -0.33334213981176114 7.798341612705355 1.0988817673815272
v -0.43944625469592363 7.798341612705355 1.0609171080209603
v -0.5413182619216056 7.798341612705355 1.012735236953867
v -0.6379770783703194 7.798341612705355 0.9548001719375128
v -0.7284918268005809 7.798341612705355 0.8876698593185336
v -0.8119908007046116 7.798341612705355 0.8119908007046117
v -0.8876698593185335 7.798341612705355 0.728491826800581
v -0.9548001719375128 7.798341612705355 0.6379770783703196
v -1.0127352369538667 7.798341612705355 0.5413182619216057
v -1.0609171080209603 7.798341612705355 0.4394462546959238
v -1.0988817673815272 7.798341612705355 0.33334213981176136
v -1.1262635946123312 7.798341612705355 0.22402775789786264
v -1.1427988877487103 7.798341612705355 0.11255586620937716
v -1.1483284028786507 7.798341612705355 1.4062967029553317e-16
v -1.1427988877487103 7.798341612705355 -0.1125558662093769
v -1.1262635946123312 7.798341612705355 -0.22402775789786233
v -1.0988817673815272 7.798341612705355 -0.33334213981176103
v -1.0609171080209605 7.798341612705355 -0.4394462546959236
v -1.012735236953867 7.798341612705355 -0.5413182619216055
v -0.9548001719375129 7.798341612705355 -0.6379770783703194
v -0.8876698593185336 7.798341612705355 -0.7284918268005808
v -0.8119908007046118 7.798341612705355 -0.8119908007046116
v -0.7284918268005816 7.798341612705355 -0.887669859318533
v -0.6379770783703196 7.798341612705355 -0.9548001719375127
v -0.5413182619216057 7.798341612705355 -1.0127352369538667
v -0.4394462546959243 7.798341612705355 -1.06091710802096
v -0.3333421398117614 7.798341612705355 -1.0988817673815272
v -0.2240277578978627 7.798341612705355 -1.126263594612331
v -0.11255586620937673 7.798341612705355 -1.1427988877487103
v -2.1094450544329975e-16 7.798341612705355 -1.1483284028786507
v 0.11255586620937631 7.798341612705355 -1.1427988877487103
v 0.22402775789786228 7.798341612705355 -1.1262635946123312
v 0.333342139811761 7.798341612705355 -1.0988817673815272
v 0.43944625469592397 7.798341612705355 -1.0609171080209603
v 0.5413182619216054 7.798341612705355 -1.012735236953867
v 0.6379770783703191 7.798341612705355 -0.9548001719375129
v 0.7284918268005811 7.798341612705355 -0.8876698593185334
v 0.8119908007046114 7.798341612705355 -0.8119908007046118
v 0.8876698593185329 7.798341612705355 -0.7284918268005816
v 0.9548001719375127 7.798341612705355 -0.6379770783703196
v 1.0127352369538667 7.798341612705355 -0.5413182619216058
v 1.06091710802096 7.798341612705355 -0.4394462546959244
v 1.0988817673815272 7.798341612705355 -0.3333421398117615
v 1.126263594612331 7.798341612705355 -0.22402775789786275
v 1.1427988877487103 7.798341612705355 -0.1125558662093768
v 1.1769423364838765 7.6841083864193545 0.0
v 1.1712750374426435 7.6841083864193545 0.11536052215494105
v 1.154327719506772 7.6841083864193545 0.22961005941905382
v 1.126263594612331 7.6841083864193545 0.3416483262933349
v 1.0873529356234652 7.6841083864193545 0.4503963330214383
v 1.0379704734569675 7.6841083864193545 0.5548067768508647
v 0.9785917882187005 7.6841083864193545 0.6538741281309823
v 0.9097887291072003 7.6841083864193545 0.7466443141132407
v 0.8322239071932885 7.6841083864193545 0.8322239071932885
v 0.7466443141132407 7.6841083864193545 0.9097887291072002
v 0.6538741281309824 7.6841083864193545 0.9785917882187005
v 0.5548067768508649 7.6841083864193545 1.0379704734569672
v 0.45039633302143833 7.6841083864193545 1.0873529356234652
v 0.3416483262933349 7.6841083864193545 1.1262635946123312
v 0.22961005941905394 7.6841083864193545 1.154327719506772
v 0.11536052215494125 7.6841083864193545 1.1712750374426433
v 7.206693325779933e-17 7.6841083864193545 1.1769423364838765
v -0.11536052215494111 7.6841083864193545 1.1712750374426435
v -0.22961005941905377 7.6841083864193545 1.154327719506772
v -0.3416483262933347 7.6841083864193545 1.1262635946123312
v -0.4503963330214382 7.6841083864193545 1.0873529356234652
v -0.5548067768508648 7.6841083864193545 1.0379704734569675
v -0.653874128130982 7.6841083864193545 0.9785917882187006
v -0.7466443141132406 7.6841083864193545 0.9097887291072004
v -0.8322239071932883 7.6841083864193545 0.8322239071932885
v -0.9097887291072003 7.6841083864193545 0.7466443141132407
v -0.9785917882187006 7.6841083864193545 0.6538741281309823
v -1.0379704734569672 7.6841083864193545 0.5548067768508649
v -1.0873529356234652 7.6841083864193545 0.4503963330214384
v -1.126263594612331 7.6841083864193545 0.34164832629333497
v -1.154327719506772 7.6841083864193545 0.22961005941905424
v -1.1712750374426433 7.6841083864193545 0.11536052215494132
v -1.1769423364838765 7.6841083864193545 1.4413386651559865e-16
v -1.1712750374426435 7.6841083864193545 -0.11536052215494104
v -1.154327719506772 7.6841083864193545 -0.22961005941905396
v -1.1262635946123312 7.6841083864193545 -0.34164832629333464
v -1.0873529356234655 7.6841083864193545 -0.45039633302143817
v -1.0379704734569675 7.6841083864193545 -0.5548067768508647
v -0.9785917882187007 7.6841083864193545 -0.653874128130982
v -0.9097887291072004 7.6841083864193545 -0.7466443141132405
v -0.8322239071932886 7.6841083864193545 -0.8322239071932883
v -0.7466443141132413 7.6841083864193545 -0.9097887291071999
v -0.6538741281309823 7.6841083864193545 -0.9785917882187005
v -0.554806776850865 7.6841083864193545 -1.0379704734569672
v -0.45039633302143894 7.6841083864193545 -1.087352935623465
v -0.341648326293335 7.6841083864193545 -1.126263594612331
v -0.22961005941905432 7.6841083864193545 -1.1543277195067718
v -0.11536052215494087 7.6841083864193545 -1.1712750374426435
v -2.1620079977339795e-16 7.6841083864193545 -1.1769423364838765
v 0.11536052215494046 7.6841083864193545 -1.1712750374426435
v 0.22961005941905388 7.6841083864193545 -1.154327719506772
v 0.3416483262933346 7.6841083864193545 -1.1262635946123312
v 0.45039633302143856 7.6841083864193545 -1.0873529356234652
v 0.5548067768508647 7.6841083864193545 -1.0379704734569675
v 0.6538741281309819 7.6841083864193545 -0.9785917882187007
v 0.7466443141132408 7.6841083864193545 -0.9097887291072002
v 0.8322239071932882 7.6841083864193545 -0.8322239071932886
v 0.9097887291071998 7.6841083864193545 -0.7466443141132413
v 0.9785917882187005 7.6841083864193545 -0.6538741281309823
v 1.0379704734569672 7.6841083864193545 -0.554806776850865
v 1.087352935623465 7.6841083864193545 -0.450396333021439
v 1.126263594612331 7.6841083864193545 -0.3416483262933351
v 1.1543277195067718 7.6841083864193545 -0.22961005941905438
v 1.1712750374426435 7.6841083864193545 -0.11536052215494094
v 1.194221672006636 7.567620568395473 0.0
v 1.1884711682419382 7.567620568395473 0.11705419320967694
v 1.1712750374426433 7.567620568395473 0.23298109055041372
v 1.14279888774871 7.567620568395473 0.34666425262873074
v 1.1033169600483381 7.567620568395473 0.45700884844827594
v 1.053209486888299 7.567620568395473 0.5629521992308151
v 0.992959030626655 7.567620568395473 0.6634740125937857
v 0.9231458360934556 7.567620568395473 0.7576062085236898
v 0.8444422425158294 7.567620568395473 0.8444422425158294
v 0.7576062085236898 7.567620568395473 0.9231458360934555
v 0.6634740125937859 7.567620568395473 0.992959030626655
v 0.5629521992308153 7.567620568395473 1.0532094868882989
v 0.457008848448276 7.567620568395473 1.1033169600483381
v 0.34666425262873074 7.567620568395473 1.1427988877487103
v 0.23298109055041383 7.567620568395473 1.1712750374426433
v 0.11705419320967715 7.567620568395473 1.188471168241938
v 7.312498740476636e-17 7.567620568395473 1.194221672006636
v -0.117054193209677 7.567620568395473 1.1884711682419382
v -0.23298109055041366 7.567620568395473 1.1712750374426433
v -0.3466642526287305 7.567620568395473 1.1427988877487103
v -0.4570088484482759 7.567620568395473 1.1033169600483381
v -0.5629521992308152 7.567620568395473 1.053209486888299
v -0.6634740125937855 7.567620568395473 0.9929590306266551
v -0.7576062085236897 7.567620568395473 0.9231458360934557
v -0.8444422425158293 7.567620568395473 0.8444422425158294
v -0.9231458360934556 7.567620568395473 0.7576062085236898
v -0.9929590306266551 7.567620568395473 0.6634740125937857
v -1.0532094868882989 7.567620568395473 0.5629521992308153
v -1.1033169600483381 7.567620568395473 0.4570088484482761
v -1.14279888774871 7.567620568395473 0.3466642526287308
v -1.1712750374426433 7.567620568395473 0.23298109055041416
v -1.188471168241938 7.567620568395473 0.11705419320967721
v -1.194221672006636 7.567620568395473 1.4624997480953273e-16
v -1.1884711682419382 7.567620568395473 -0.11705419320967693
v -1.1712750374426433 7.567620568395473 -0.23298109055041386
v -1.1427988877487103 7.567620568395473 -0.34666425262873046
v -1.1033169600483383 7.567620568395473 -0.45700884844827583
v -1.053209486888299 7.567620568395473 -0.5629521992308151
v -0.9929590306266554 7.567620568395473 -0.6634740125937855
v -0.9231458360934557 7.567620568395473 -0.7576062085236894
v -0.8444422425158296 7.567620568395473 -0.8444422425158293
v -0.7576062085236902 7.567620568395473 -0.9231458360934551
v -0.6634740125937857 7.567620568395473 -0.992959030626655
v -0.5629521992308154 7.567620568395473 -1.0532094868882989
v -0.4570088484482766 7.567620568395473 -1.103316960048338
v -0.34666425262873085 7.567620568395473 -1.14279888774871
v -0.23298109055041422 7.567620568395473 -1.171275037442643
v -0.11705419320967676 7.567620568395473 -1.1884711682419382
v -2.1937496221429906e-16 7.567620568395473 -1.194221672006636
v 0.11705419320967633 7.567620568395473 -1.1884711682419382
v 0.2329810905504138 7.567620568395473 -1.1712750374426433
v 0.3466642526287304 7.567620568395473 -1.1427988877487103
v 0.4570088484482762 7.567620568395473 -1.1033169600483381
v 0.5629521992308151 7.567620568395473 -1.053209486888299
v 0.6634740125937854 7.567620568395473 -0.9929590306266554
v 0.7576062085236899 7.567620568395473 -0.9231458360934555
v 0.8444422425158291 7.567620568395473 -0.8444422425158296
v 0.923145836093455 7.567620568395473 -0.7576062085236902
v 0.992959030626655 7.567620568395473 -0.6634740125937857
v 1.0532094868882989 7.567620568395473 -0.5629521992308154
v 1.103316960048338 7.567620568395473 -0.45700884844827666
v 1.14279888774871 7.567620568395473 -0.3466642526287309
v 1.171275037442643 7.567620568395473 -0.2329810905504143
v 1.1884711682419382 7.567620568395473 -0.11705419320967683
v 1.2 7.45 0.0
v 1.1942216720066363 7.45 0.11762056839547272
v 1.1769423364838765 7.45 0.2341083864193539
v 1.1483284028786505 7.45 0.3483416127053548
v 1.1086554390135441 7.45 0.4592201188381077
v 1.058305517218026 7.45 0.5656760841911972
v 0.9977635347630542 7.45 0.6666842796235226
v 0.9276125440352844 7.45 0.7612719409963745
v 0.848528137423857 7.45 0.848528137423857
v 0.7612719409963745 7.45 0.9276125440352843
v 0.6666842796235227 7.45 0.9977635347630542
v 0.5656760841911973 7.45 1.0583055172180258
v 0.45922011883810776 7.45 1.1086554390135441
v 0.3483416127053548 7.45 1.1483284028786507
v 0.234108386419354 7.45 1.1769423364838765
v 0.11762056839547291 7.45 1.194221672006636
v 7.347880794884119e-17 7.45 1.2
v -0.11762056839547277 7.45 1.1942216720066363
v -0.23410838641935383 7.45 1.1769423364838765
v -0.3483416127053546 7.45 1.1483284028786507
v -0.45922011883810765 7.45 1.1086554390135441
v -0.5656760841911972 7.45 1.058305517218026
v -0.6666842796235223 7.45 0.9977635347630543
v -0.7612719409963744 7.45 0.9276125440352845
v -0.8485281374238569 7.45 0.848528137423857
v -0.9276125440352844 7.45 0.7612719409963745
v -0.9977635347630543 7.45 0.6666842796235226
v -1.0583055172180258 7.45 0.5656760841911973
v -1.1086554390135441 7.45 0.45922011883810787
v -1.1483284028786505 7.45 0.34834161270535485
v -1.1769423364838765 7.45 0.23410838641935433
v -1.194221672006636 7.45 0.11762056839547298
v -1.2 7.45 1.4695761589768238e-16
v -1.1942216720066363 7.45 -0.1176205683954727
v -1.1769423364838765 7.45 -0.23410838641935403
v -1.1483284028786507 7.45 -0.3483416127053545
v -1.1086554390135441 7.45 -0.4592201188381076
v -1.058305517218026 7.45 -0.5656760841911972
v -0.9977635347630545 7.45 -0.6666842796235223
v -0.9276125440352845 7.45 -0.7612719409963743
v -0.8485281374238572 7.45 -0.8485281374238569
v -0.7612719409963751 7.45 -0.9276125440352839
v -0.6666842796235226 7.45 -0.9977635347630542
v -0.5656760841911974 7.45 -1.0583055172180258
v -0.45922011883810837 7.45 -1.1086554390135437
v -0.3483416127053549 7.45 -1.1483284028786505
v -0.2341083864193544 7.45 -1.1769423364838763
v -0.11762056839547254 7.45 -1.1942216720066363
v -2.2043642384652356e-16 7.45 -1.2
v 0.11762056839547211 7.45 -1.1942216720066363
v 0.23410838641935394 7.45 -1.1769423364838765
v 0.34834161270535446 7.45 -1.1483284028786507
v 0.459220118838108 7.45 -1.108655439013544
v 0.5656760841911971 7.45 -1.058305517218026
v 0.6666842796235222 7.45 -0.9977635347630545
v 0.7612719409963747 7.45 -0.9276125440352843
v 0.8485281374238568 7.45 -0.8485281374238572
v 0.9276125440352838 7.45 -0.7612719409963751
v 0.9977635347630542 7.45 -0.6666842796235226
v 1.0583055172180258 7.45 -0.5656760841911975
v 1.1086554390135437 7.45 -0.4592201188381084
v 1.1483284028786505 7.45 -0.34834161270535496
v 1.1769423364838763 7.45 -0.23410838641935444
v 1.1942216720066363 7.45 -0.11762056839547261
v 1.1942216720066363 7.332379431604528 0.0
v 1.1884711682419384 7.332379431604528 0.11705419320967697
v 1.1712750374426435 7.332379431604528 0.23298109055041377
v 1.1427988877487103 7.332379431604528 0.3466642526287308
v 1.1033169600483383 7.332379431604528 0.45700884844827605
v 1.0532094868882993 7.332379431604528 0.5629521992308152
v 0.9929590306266552 7.332379431604528 0.6634740125937859
v 0.9231458360934557 7.332379431604528 0.7576062085236899
v 0.8444422425158296 7.332379431604528 0.8444422425158296
v 0.7576062085236899 7.332379431604528 0.9231458360934556
v 0.663474012593786 7.332379431604528 0.9929590306266552
v 0.5629521992308154 7.332379431604528 1.053209486888299
v 0.4570088484482761 7.332379431604528 1.1033169600483383
v 0.3466642526287308 7.332379431604528 1.1427988877487105
v 0.23298109055041386 7.332379431604528 1.1712750374426435
v 0.11705419320967717 7.332379431604528 1.1884711682419382
v 7.312498740476638e-17 7.332379431604528 1.1942216720066363
v -0.11705419320967701 7.332379431604528 1.1884711682419384
v -0.2329810905504137 7.332379431604528 1.1712750374426435
v -0.3466642526287306 7.332379431604528 1.1427988877487105
v -0.457008848448276 7.332379431604528 1.1033169600483383
v -0.5629521992308153 7.332379431604528 1.0532094868882993
v -0.6634740125937856 7.332379431604528 0.9929590306266554
v -0.7576062085236898 7.332379431604528 0.9231458360934559
v -0.8444422425158294 7.332379431604528 0.8444422425158296
v -0.9231458360934557 7.332379431604528 0.7576062085236899
v -0.9929590306266554 7.332379431604528 0.6634740125937859
v -1.053209486888299 7.332379431604528 0.5629521992308154
v -1.1033169600483383 7.332379431604528 0.45700884844827616
v -1.1427988877487103 7.332379431604528 0.34666425262873085
v -1.1712750374426435 7.332379431604528 0.2329810905504142
v -1.1884711682419382 7.332379431604528 0.11705419320967723
v -1.1942216720066363 7.332379431604528 1.4624997480953275e-16
v -1.1884711682419384 7.332379431604528 -0.11705419320967696
v -1.1712750374426435 7.332379431604528 -0.2329810905504139
v -1.1427988877487105 7.332379431604528 -0.3466642526287305
v -1.1033169600483386 7.332379431604528 -0.4570088484482759
v -1.0532094868882993 7.332379431604528 -0.5629521992308152
v -0.9929590306266555 7.332379431604528 -0.6634740125937856
v -0.9231458360934559 7.332379431604528 -0.7576062085236897
v -0.8444422425158297 7.332379431604528 -0.8444422425158294
v -0.7576062085236904 7.332379431604528 -0.9231458360934554
v -0.6634740125937859 7.332379431604528 -0.9929590306266552
v -0.5629521992308155 7.332379431604528 -1.053209486888299
v -0.4570088484482767 7.332379431604528 -1.1033169600483381
v -0.3466642526287309 7.332379431604528 -1.1427988877487103
v -0.23298109055041427 7.332379431604528 -1.1712750374426433
v -0.11705419320967679 7.332379431604528 -1.1884711682419384
v -2.193749622142991e-16 7.332379431604528 -1.1942216720066363
v 0.11705419320967636 7.332379431604528 -1.1884711682419384
v 0.23298109055041383 7.332379431604528 -1.1712750374426435
v 0.34666425262873046 7.332379431604528 -1.1427988877487105
v 0.45700884844827633 7.332379431604528 -1.1033169600483381
v 0.5629521992308152 7.332379431604528 -1.0532094868882993
v 0.6634740125937855 7.332379431604528 -0.9929590306266555
v 0.75760620852369 7.332379431604528 -0.9231458360934556
v 0.8444422425158293 7.332379431604528 -0.8444422425158297
v 0.9231458360934552 7.332379431604528 -0.7576062085236904
v 0.9929590306266552 7.332379431604528 -0.6634740125937859
v 1.053209486888299 7.332379431604528 -0.5629521992308155
v 1.1033169600483381 7.332379431604528 -0.45700884844827677
v 1.1427988877487103 7.332379431604528 -0.346664252628731
v 1.1712750374426433 7.332379431604528 -0.23298109055041433
v 1.1884711682419384 7.332379431604528 -0.11705419320967685
v 1.1769423364838765 7.215891613580647 0.0
v 1.1712750374426435 7.215891613580647 0.11536052215494105
v 1.154327719506772 7.215891613580647 0.22961005941905382
v 1.126263594612331 7.215891613580647 0.3416483262933349
v 1.0873529356234652 7.215891613580647 0.4503963330214383
v 1.0379704734569675 7.215891613580647 0.5548067768508647
v 0.9785917882187005 7.215891613580647 0.6538741281309823
v 0.9097887291072003 7.215891613580647 0.7466443141132407
v 0.8322239071932885 7.215891613580647 0.8322239071932885
v 0.7466443141132407 7.215891613580647 0.9097887291072002
v 0.6538741281309824 7.215891613580647 0.9785917882187005
v 0.5548067768508649 7.215891613580647 1.0379704734569672
v 0.45039633302143833 7.215891613580647 1.0873529356234652
v 0.3416483262933349 7.215891613580647 1.1262635946123312
v 0.22961005941905394 7.215891613580647 1.154327719506772
v 0.11536052215494125 7.215891613580647 1.1712750374426433
v 7.206693325779933e-17 7.215891613580647 1.1769423364838765
v -0.11536052215494111 7.215891613580647 1.1712750374426435
v -0.22961005941905377 7.215891613580647 1.154327719506772
v -0.3416483262933347 7.215891613580647 1.1262635946123312
v -0.4503963330214382 7.215891613580647 1.0873529356234652
v -0.5548067768508648 7.215891613580647 1.0379704734569675
v -0.653874128130982 7.215891613580647 0.9785917882187006
v -0.7466443141132406 7.215891613580647 0.9097887291072004
v -0.8322239071932883 7.215891613580647 0.8322239071932885
v -0.9097887291072003 7.215891613580647 0.7466443141132407
v -0.9785917882187006 7.215891613580647 0.6538741281309823
v -1.0379704734569672 7.215891613580647 0.5548067768508649
v -1.0873529356234652 7.215891613580647 0.4503963330214384
v -1.126263594612331 7.215891613580647 0.34164832629333497
v -1.154327719506772 7.215891613580647 0.22961005941905424
v -1.1712750374426433 7.215891613580647 0.11536052215494132
v -1.1769423364838765 7.215891613580647 1.4413386651559865e-16
v -1.1712750374426435 7.215891613580647 -0.11536052215494104
v -1.154327719506772 7.215891613580647 -0.22961005941905396
v -1.1262635946123312 7.215891613580647 -0.34164832629333464
v -1.0873529356234655 7.215891613580647 -0.45039633302143817
v -1.0379704734569675 7.215891613580647 -0.5548067768508647
v -0.9785917882187007 7.215891613580647 -0.653874128130982
v -0.9097887291072004 7.215891613580647 -0.7466443141132405
v -0.8322239071932886 7.215891613580647 -0.8322239071932883
v -0.7466443141132413 7.215891613580647 -0.9097887291071999
v -0.6538741281309823 7.215891613580647 -0.9785917882187005
v -0.554806776850865 7.215891613580647 -1.0379704734569672
v -0.45039633302143894 7.215891613580647 -1.087352935623465
v -0.341648326293335 7.215891613580647 -1.126263594612331
v -0.22961005941905432 7.215891613580647 -1.1543277195067718
v -0.11536052215494087 7.215891613580647 -1.1712750374426435
v -2.1620079977339795e-16 7.215891613580647 -1.1769423364838765
v 0.11536052215494046 7.215891613580647 -1.1712750374426435
v 0.22961005941905388 7.215891613580647 -1.154327719506772
v 0.3416483262933346 7.215891613580647 -1.1262635946123312
v 0.45039633302143856 7.215891613580647 -1.0873529356234652
v 0.5548067768508647 7.215891613580647 -1.0379704734569675
v 0.6538741281309819 7.215891613580647 -0.9785917882187007
v 0.7466443141132408 7.215891613580647 -0.9097887291072002
v 0.8322239071932882 7.215891613580647 -0.8322239071932886
v 0.9097887291071998 7.215891613580647 -0.7466443141132413
v 0.9785917882187005 7.215891613580647 -0.6538741281309823
v 1.0379704734569672 7.215891613580647 -0.554806776850865
v 1.087352935623465 7.215891613580647 -0.450396333021439
v 1.126263594612331 7.215891613580647 -0.3416483262933351
v 1.1543277195067718 7.215891613580647 -0.22961005941905438
v 1.1712750374426435 7.215891613580647 -0.11536052215494094
v 1.1483284028786507 7.101658387294646 0.0
v 1.1427988877487103 7.101658387294646 0.11255586620937691
v 1.1262635946123312 7.101658387294646 0.22402775789786222
v 1.0988817673815272 7.101658387294646 0.3333421398117613
v 1.0609171080209603 7.101658387294646 0.4394462546959237
v 1.012735236953867 7.101658387294646 0.5413182619216055
v 0.9548001719375127 7.101658387294646 0.6379770783703196
v 0.8876698593185335 7.101658387294646 0.728491826800581
v 0.8119908007046117 7.101658387294646 0.8119908007046117
v 0.728491826800581 7.101658387294646 0.8876698593185334
v 0.6379770783703197 7.101658387294646 0.9548001719375127
v 0.5413182619216057 7.101658387294646 1.0127352369538667
v 0.43944625469592374 7.101658387294646 1.0609171080209603
v 0.3333421398117613 7.101658387294646 1.0988817673815272
v 0.2240277578978623 7.101658387294646 1.1262635946123312
v 0.1125558662093771 7.101658387294646 1.1427988877487103
v 7.031483514776658e-17 7.101658387294646 1.1483284028786507
v -0.11255586620937695 7.101658387294646 1.1427988877487103
v -0.22402775789786214 7.101658387294646 1.1262635946123312
v -0.33334213981176114 7.101658387294646 1.0988817673815272
v -0.43944625469592363 7.101658387294646 1.0609171080209603
v -0.5413182619216056 7.101658387294646 1.012735236953867
v -0.6379770783703194 7.101658387294646 0.9548001719375128
v -0.7284918268005809 7.101658387294646 0.8876698593185336
v -0.8119908007046116 7.101658387294646 0.8119908007046117
v -0.8876698593185335 7.101658387294646 0.728491826800581
v -0.9548001719375128 7.101658387294646 0.6379770783703196
v -1.0127352369538667 7.101658387294646 0.5413182619216057
v -1.0609171080209603 7.101658387294646 0.4394462546959238
v -1.0988817673815272 7.101658387294646 0.33334213981176136
v -1.1262635946123312 7.101658387294646 0.22402775789786264
v -1.1427988877487103 7.101658387294646 0.11255586620937716
v -1.1483284028786507 7.101658387294646 1.4062967029553317e-16
v -1.1427988877487103 7.101658387294646 -0.1125558662093769
v -1.1262635946123312 7.101658387294646 -0.22402775789786233
v -1.0988817673815272 7.101658387294646 -0.33334213981176103
v -1.0609171080209605 7.101658387294646 -0.4394462546959236
v -1.012735236953867 7.101658387294646 -0.5413182619216055
v -0.9548001719375129 7.101658387294646 -0.6379770783703194
v -0.8876698593185336 7.101658387294646 -0.7284918268005808
v -0.8119908007046118 7.101658387294646 -0.8119908007046116
v -0.7284918268005816 7.101658387294646 -0.887669859318533
v -0.6379770783703196 7.101658387294646 -0.9548001719375127
v -0.5413182619216057 7.101658387294646 -1.0127352369538667
v -0.4394462546959243 7.101658387294646 -1.06091710802096
v -0.3333421398117614 7.101658387294646 -1.0988817673815272
v -0.2240277578978627 7.101658387294646 -1.126263594612331
v -0.11255586620937673 7.101658387294646 -1.1427988877487103
v -2.1094450544329975e-16 7.101658387294646 -1.1483284028786507
v 0.11255586620937631 7.101658387294646 -1.1427988877487103
v 0.22402775789786228 7.101658387294646 -1.1262635946123312
v 0.333342139811761 7.101658387294646 -1.0988817673815272
v 0.43944625469592397 7.101658387294646 -1.0609171080209603
v 0.5413182619216054 7.101658387294646 -1.012735236953867
v 0.6379770783703191 7.101658387294646 -0.9548001719375129
v 0.7284918268005811 7.101658387294646 -0.8876698593185334
v 0.8119908007046114 7.101658387294646 -0.8119908007046118
v 0.8876698593185329 7.101658387294646 -0.7284918268005816
v 0.9548001719375127 7.101658387294646 -0.6379770783703196
v 1.0127352369538667 7.101658387294646 -0.5413182619216058
v 1.06091710802096 7.101658387294646 -0.4394462546959244
v 1.0988817673815272 7.101658387294646 -0.3333421398117615
v 1.126263594612331 7.101658387294646 -0.22402775789786275
v 1.1427988877487103 7.101658387294646 -0.1125558662093768
v 1.1086554390135441 6.990779881161893 0.0
v 1.1033169600483383 6.990779881161893 0.10866723574292117
v 1.0873529356234655 6.990779881161893 0.21628794660208436
v 1.0609171080209603 6.990779881161893 0.3218256863004509
v 1.0242640687119284 6.990779881161893 0.4242640687119285
v 0.9777468065015055 6.990779881161893 0.5226165562153785
v 0.9218133080536997 6.990779881161893 0.615935960591204
v 0.8570022435349239 6.990779881161893 0.7033235649616905
v 0.783937778925826 6.990779881161893 0.783937778925826
v 0.7033235649616905 6.990779881161893 0.8570022435349238
v 0.6159359605912041 6.990779881161893 0.9218133080536997
v 0.5226165562153787 6.990779881161893 0.9777468065015054
v 0.4242640687119286 6.990779881161893 1.0242640687119284
v 0.3218256863004509 6.990779881161893 1.0609171080209605
v 0.21628794660208445 6.990779881161893 1.0873529356234655
v 0.10866723574292135 6.990779881161893 1.1033169600483383
v 6.788556673726203e-17 6.990779881161893 1.1086554390135441
v -0.10866723574292123 6.990779881161893 1.1033169600483383
v -0.2162879466020843 6.990779881161893 1.0873529356234655
v -0.3218256863004507 6.990779881161893 1.0609171080209605
v -0.42426406871192845 6.990779881161893 1.0242640687119284
v -0.5226165562153786 6.990779881161893 0.9777468065015055
v -0.6159359605912038 6.990779881161893 0.9218133080536998
v -0.7033235649616904 6.990779881161893 0.857002243534924
v -0.7839377789258258 6.990779881161893 0.783937778925826
v -0.8570022435349239 6.990779881161893 0.7033235649616905
v -0.9218133080536998 6.990779881161893 0.615935960591204
v -0.9777468065015054 6.990779881161893 0.5226165562153787
v -1.0242640687119284 6.990779881161893 0.4242640687119287
v -1.0609171080209603 6.990779881161893 0.32182568630045094
v -1.0873529356234655 6.990779881161893 0.21628794660208475
v -1.1033169600483383 6.990779881161893 0.10866723574292142
v -1.1086554390135441 6.990779881161893 1.3577113347452406e-16
v -1.1033169600483383 6.990779881161893 -0.10866723574292116
v -1.0873529356234655 6.990779881161893 -0.21628794660208447
v -1.0609171080209605 6.990779881161893 -0.32182568630045066
v -1.0242640687119287 6.990779881161893 -0.4242640687119284
v -0.9777468065015055 6.990779881161893 -0.5226165562153785
v -0.9218133080536999 6.990779881161893 -0.6159359605912038
v -0.857002243534924 6.990779881161893 -0.7033235649616902
v -0.7839377789258261 6.990779881161893 -0.7839377789258258
v -0.7033235649616909 6.990779881161893 -0.8570022435349236
v -0.615935960591204 6.990779881161893 -0.9218133080536997
v -0.5226165562153788 6.990779881161893 -0.9777468065015054
v -0.4242640687119292 6.990779881161893 -1.0242640687119282
v -0.32182568630045105 6.990779881161893 -1.0609171080209603
v -0.2162879466020848 6.990779881161893 -1.0873529356234652
v -0.108667235742921 6.990779881161893 -1.1033169600483383
v -2.0365670021178605e-16 6.990779881161893 -1.1086554390135441
v 0.1086672357429206 6.990779881161893 -1.1033169600483383
v 0.21628794660208442 6.990779881161893 -1.0873529356234655
v 0.3218256863004506 6.990779881161893 -1.0609171080209605
v 0.4242640687119288 6.990779881161893 -1.0242640687119284
v 0.5226165562153785 6.990779881161893 -0.9777468065015055
v 0.6159359605912037 6.990779881161893 -0.9218133080536999
v 0.7033235649616906 6.990779881161893 -0.8570022435349238
v 0.7839377789258257 6.990779881161893 -0.7839377789258261
v 0.8570022435349235 6.990779881161893 -0.7033235649616909
v 0.9218133080536997 6.990779881161893 -0.615935960591204
v 0.9777468065015053 6.990779881161893 -0.5226165562153788
v 1.0242640687119282 6.990779881161893 -0.42426406871192923
v 1.0609171080209603 6.990779881161893 -0.3218256863004511
v 1.0873529356234652 6.990779881161893 -0.2162879466020849
v 1.1033169600483383 6.990779881161893 -0.10866723574292106
v 1.058305517218026 6.884323915808803 0.0
v 1.0532094868882993 6.884323915808803 0.10373208039270747
v 1.0379704734569675 6.884323915808803 0.20646516414550986
v 1.0127352369538667 6.884323915808803 0.3072098755022515
v 0.9777468065015054 6.884323915808803 0.4049959878199058
v 0.9333421398117613 6.884323915808803 0.4988817673815271
v 0.8799488780989168 6.884323915808803 0.5879630428067493
v 0.8180812276609921 6.884323915808803 0.671381912716449
v 0.7483350077920028 6.884323915808803 0.7483350077920028
v 0.671381912716449 6.884323915808803 0.818081227660992
v 0.5879630428067494 6.884323915808803 0.8799488780989168
v 0.4988817673815273 6.884323915808803 0.9333421398117612
v 0.40499598781990587 6.884323915808803 0.9777468065015054
v 0.3072098755022515 6.884323915808803 1.012735236953867
v 0.20646516414550994 6.884323915808803 1.0379704734569675
v 0.10373208039270765 6.884323915808803 1.053209486888299
v 6.480252320905199e-17 6.884323915808803 1.058305517218026
v -0.10373208039270751 6.884323915808803 1.0532094868882993
v -0.2064651641455098 6.884323915808803 1.0379704734569675
v -0.3072098755022513 6.884323915808803 1.012735236953867
v -0.40499598781990576 6.884323915808803 0.9777468065015054
v -0.4988817673815272 6.884323915808803 0.9333421398117613
v -0.587963042806749 6.884323915808803 0.8799488780989169
v -0.6713819127164489 6.884323915808803 0.8180812276609922
v -0.7483350077920027 6.884323915808803 0.7483350077920028
v -0.8180812276609921 6.884323915808803 0.671381912716449
v -0.8799488780989169 6.884323915808803 0.5879630428067493
v -0.9333421398117612 6.884323915808803 0.4988817673815273
v -0.9777468065015054 6.884323915808803 0.4049959878199059
v -1.0127352369538667 6.884323915808803 0.3072098755022516
v -1.0379704734569675 6.884323915808803 0.20646516414551022
v -1.053209486888299 6.884323915808803 0.1037320803927077
v -1.058305517218026 6.884323915808803 1.2960504641810397e-16
v -1.0532094868882993 6.884323915808803 -0.10373208039270745
v -1.0379704734569675 6.884323915808803 -0.20646516414550997
v -1.012735236953867 6.884323915808803 -0.30720987550225126
v -0.9777468065015055 6.884323915808803 -0.4049959878199057
v -0.9333421398117613 6.884323915808803 -0.4988817673815271
v -0.879948878098917 6.884323915808803 -0.587963042806749
v -0.8180812276609922 6.884323915808803 -0.6713819127164488
v -0.7483350077920029 6.884323915808803 -0.7483350077920027
v -0.6713819127164494 6.884323915808803 -0.8180812276609918
v -0.5879630428067493 6.884323915808803 -0.8799488780989168
v -0.49888176738152734 6.884323915808803 -0.9333421398117612
v -0.4049959878199064 6.884323915808803 -0.9777468065015051
v -0.30720987550225165 6.884323915808803 -1.0127352369538667
v -0.2064651641455103 6.884323915808803 -1.0379704734569672
v -0.10373208039270732 6.884323915808803 -1.0532094868882993
v -1.9440756962715594e-16 6.884323915808803 -1.058305517218026
v 0.10373208039270693 6.884323915808803 -1.0532094868882993
v 0.20646516414550992 6.884323915808803 -1.0379704734569675
v 0.3072098755022512 6.884323915808803 -1.012735236953867
v 0.40499598781990603 6.884323915808803 -0.9777468065015053
v 0.49888176738152706 6.884323915808803 -0.9333421398117613
v 0.5879630428067489 6.884323915808803 -0.879948878098917
v 0.6713819127164491 6.884323915808803 -0.818081227660992
v 0.7483350077920026 6.884323915808803 -0.7483350077920029
v 0.8180812276609917 6.884323915808803 -0.6713819127164494
v 0.8799488780989168 6.884323915808803 -0.5879630428067493
v 0.9333421398117611 6.884323915808803 -0.4988817673815274
v 0.9777468065015051 6.884323915808803 -0.4049959878199065
v 1.0127352369538667 6.884323915808803 -0.3072098755022517
v 1.0379704734569672 6.884323915808803 -0.20646516414551036
v 1.0532094868882993 6.884323915808803 -0.10373208039270737
v 0.9977635347630543 6.783315720376478 0.0
v 0.9929590306266552 6.783315720376478 0.09779792840258872
v 0.9785917882187006 6.783315720376478 0.19465400929287466
v 0.9548001719375127 6.783315720376478 0.28963546566496473
v 0.9218133080536997 6.783315720376478 0.3818275741718502
v 0.8799488780989168 6.783315720376478 0.4703424744112767
v 0.829610059419054 6.783315720376478 0.5543277195067721
v 0.7712816423559956 6.783315720376478 0.6329744856370617
v 0.7055253614516154 6.783315720376478 0.7055253614516154
v 0.6329744856370617 6.783315720376478 0.7712816423559955
v 0.5543277195067722 6.783315720376478 0.829610059419054
v 0.47034247441127686 6.783315720376478 0.8799488780989166
v 0.38182757417185026 6.783315720376478 0.9218133080536997
v 0.28963546566496473 6.783315720376478 0.9548001719375128
v 0.19465400929287474 6.783315720376478 0.9785917882187006
v 0.09779792840258889 6.783315720376478 0.9929590306266551
v 6.109539595767617e-17 6.783315720376478 0.9977635347630543
v -0.09779792840258876 6.783315720376478 0.9929590306266552
v -0.1946540092928746 6.783315720376478 0.9785917882187006
v -0.28963546566496456 6.783315720376478 0.9548001719375128
v -0.38182757417185015 6.783315720376478 0.9218133080536997
v -0.47034247441127675 6.783315720376478 0.8799488780989168
v -0.5543277195067718 6.783315720376478 0.8296100594190541
v -0.6329744856370616 6.783315720376478 0.7712816423559957
v -0.7055253614516153 6.783315720376478 0.7055253614516154
v -0.7712816423559956 6.783315720376478 0.6329744856370617
v -0.8296100594190541 6.783315720376478 0.5543277195067721
v -0.8799488780989166 6.783315720376478 0.47034247441127686
v -0.9218133080536997 6.783315720376478 0.3818275741718503
v -0.9548001719375127 6.783315720376478 0.2896354656649648
v -0.9785917882187006 6.783315720376478 0.194654009292875
v -0.9929590306266551 6.783315720376478 0.09779792840258894
v -0.9977635347630543 6.783315720376478 1.2219079191535233e-16
v -0.9929590306266552 6.783315720376478 -0.0977979284025887
v -0.9785917882187006 6.783315720376478 -0.19465400929287477
v -0.9548001719375128 6.783315720376478 -0.2896354656649645
v -0.9218133080536998 6.783315720376478 -0.3818275741718501
v -0.8799488780989168 6.783315720376478 -0.4703424744112767
v -0.8296100594190542 6.783315720376478 -0.5543277195067718
v -0.7712816423559957 6.783315720376478 -0.6329744856370615
v -0.7055253614516155 6.783315720376478 -0.7055253614516153
v -0.6329744856370622 6.783315720376478 -0.7712816423559953
v -0.5543277195067721 6.783315720376478 -0.829610059419054
v -0.4703424744112769 6.783315720376478 -0.8799488780989166
v -0.38182757417185076 6.783315720376478 -0.9218133080536994
v -0.28963546566496484 6.783315720376478 -0.9548001719375127
v -0.19465400929287505 6.783315720376478 -0.9785917882187005
v -0.09779792840258857 6.783315720376478 -0.9929590306266552
v -1.832861878730285e-16 6.783315720376478 -0.9977635347630543
v 0.0977979284025882 6.783315720376478 -0.9929590306266552
v 0.1946540092928747 6.783315720376478 -0.9785917882187006
v 0.28963546566496445 6.783315720376478 -0.9548001719375128
v 0.3818275741718504 6.783315720376478 -0.9218133080536995
v 0.47034247441127663 6.783315720376478 -0.8799488780989168
v 0.5543277195067717 6.783315720376478 -0.8296100594190542
v 0.6329744856370618 6.783315720376478 -0.7712816423559955
v 0.7055253614516152 6.783315720376478 -0.7055253614516155
v 0.7712816423559952 6.783315720376478 -0.6329744856370622
v 0.829610059419054 6.783315720376478 -0.5543277195067721
v 0.8799488780989165 6.783315720376478 -0.47034247441127697
v 0.9218133080536994 6.783315720376478 -0.3818275741718508
v 0.9548001719375127 6.783315720376478 -0.2896354656649649
v 0.9785917882187005 6.783315720376478 -0.1946540092928751
v 0.9929590306266552 6.783315720376478 -0.09779792840258862
v 0.9276125440352845 6.688728059003626 0.0
v 0.9231458360934558 6.688728059003626 0.09092192890016719
v 0.9097887291072004 6.688728059003626 0.1809682299220436
v 0.8876698593185335 6.688728059003626 0.2692717079624733
v 0.857002243534924 6.688728059003626 0.35498195225633566
v 0.8180812276609922 6.688728059003626 0.43727352629709515
v 0.7712816423559956 6.688728059003626 0.515353917241589
v 0.7170541932096771 6.688728059003626 0.5884711682419383
v 0.6559211202010546 6.688728059003626 0.6559211202010546
v 0.5884711682419383 6.688728059003626 0.717054193209677
v 0.5153539172415891 6.688728059003626 0.7712816423559956
v 0.4372735262970953 6.688728059003626 0.8180812276609921
v 0.3549819522563357 6.688728059003626 0.857002243534924
v 0.2692717079624733 6.688728059003626 0.8876698593185336
v 0.18096822992204367 6.688728059003626 0.9097887291072004
v 0.09092192890016734 6.688728059003626 0.9231458360934557
v 5.679988664508722e-17 6.688728059003626 0.9276125440352845
v -0.09092192890016723 6.688728059003626 0.9231458360934558
v -0.18096822992204353 6.688728059003626 0.9097887291072004
v -0.26927170796247313 6.688728059003626 0.8876698593185336
v -0.3549819522563356 6.688728059003626 0.857002243534924
v -0.4372735262970952 6.688728059003626 0.8180812276609922
v -0.5153539172415887 6.688728059003626 0.7712816423559957
v -0.5884711682419382 6.688728059003626 0.7170541932096772
v -0.6559211202010545 6.688728059003626 0.6559211202010546
v -0.7170541932096771 6.688728059003626 0.5884711682419383
v -0.7712816423559957 6.688728059003626 0.515353917241589
v -0.8180812276609921 6.688728059003626 0.4372735262970953
v -0.857002243534924 6.688728059003626 0.3549819522563358
v -0.8876698593185335 6.688728059003626 0.26927170796247335
v -0.9097887291072004 6.688728059003626 0.18096822992204392
v -0.9231458360934557 6.688728059003626 0.0909219289001674
v -0.9276125440352845 6.688728059003626 1.1359977329017444e-16
v -0.9231458360934558 6.688728059003626 -0.09092192890016718
v -0.9097887291072004 6.688728059003626 -0.1809682299220437
v -0.8876698593185336 6.688728059003626 -0.2692717079624731
v -0.8570022435349242 6.688728059003626 -0.35498195225633555
v -0.8180812276609922 6.688728059003626 -0.43727352629709515
v -0.7712816423559958 6.688728059003626 -0.5153539172415887
v -0.7170541932096772 6.688728059003626 -0.5884711682419381
v -0.6559211202010548 6.688728059003626 -0.6559211202010545
v -0.5884711682419388 6.688728059003626 -0.7170541932096768
v -0.515353917241589 6.688728059003626 -0.7712816423559956
v -0.43727352629709537 6.688728059003626 -0.8180812276609921
v -0.35498195225633616 6.688728059003626 -0.8570022435349238
v -0.2692717079624734 6.688728059003626 -0.8876698593185335
v -0.18096822992204398 6.688728059003626 -0.9097887291072003
v -0.09092192890016705 6.688728059003626 -0.9231458360934558
v -1.7039965993526164e-16 6.688728059003626 -0.9276125440352845
v 0.09092192890016672 6.688728059003626 -0.9231458360934558
v 0.18096822992204364 6.688728059003626 -0.9097887291072004
v 0.269271707962473 6.688728059003626 -0.8876698593185336
v 0.3549819522563359 6.688728059003626 -0.8570022435349239
v 0.4372735262970951 6.688728059003626 -0.8180812276609922
v 0.5153539172415886 6.688728059003626 -0.7712816423559958
v 0.5884711682419385 6.688728059003626 -0.717054193209677
v 0.6559211202010544 6.688728059003626 -0.6559211202010548
v 0.7170541932096767 6.688728059003626 -0.5884711682419388
v 0.7712816423559956 6.688728059003626 -0.515353917241589
v 0.818081227660992 6.688728059003626 -0.4372735262970954
v 0.8570022435349238 6.688728059003626 -0.3549819522563362
v 0.8876698593185335 6.688728059003626 -0.26927170796247346
v 0.9097887291072003 6.688728059003626 -0.18096822992204403
v 0.9231458360934558 6.688728059003626 -0.0909219289001671
v 0.848528137423857 6.601471862576143 0.0
v 0.8444422425158296 6.601471862576143 0.08317030151945488
v 0.8322239071932884 6.601471862576143 0.16553962756976578
v 0.8119908007046116 6.601471862576143 0.24631471651341438
v 0.783937778925826 6.601471862576143 0.3247176600877182
v 0.7483350077920028 6.601471862576143 0.3999933950866479
v 0.7055253614516153 6.601471862576143 0.47141697503226127
v 0.6559211202010545 6.601471862576143 0.5383005518055818
v 0.6000000000000001 6.601471862576143 0.6000000000000001
v 0.5383005518055818 6.601471862576143 0.6559211202010544
v 0.4714169750322614 6.601471862576143 0.7055253614516153
v 0.39999339508664805 6.601471862576143 0.7483350077920027
v 0.32471766008771824 6.601471862576143 0.783937778925826
v 0.24631471651341438 6.601471862576143 0.8119908007046116
v 0.16553962756976587 6.601471862576143 0.8322239071932884
v 0.08317030151945502 6.601471862576143 0.8444422425158294
v 5.19573633741296e-17 6.601471862576143 0.848528137423857
v -0.08317030151945491 6.601471862576143 0.8444422425158296
v -0.16553962756976573 6.601471862576143 0.8322239071932884
v -0.24631471651341424 6.601471862576143 0.8119908007046116
v -0.32471766008771813 6.601471862576143 0.783937778925826
v -0.39999339508664794 6.601471862576143 0.7483350077920028
v -0.4714169750322611 6.601471862576143 0.7055253614516153
v -0.5383005518055817 6.601471862576143 0.6559211202010546
v -0.6 6.601471862576143 0.6000000000000001
v -0.6559211202010545 6.601471862576143 0.5383005518055818
v -0.7055253614516153 6.601471862576143 0.47141697503226127
v -0.7483350077920027 6.601471862576143 0.39999339508664805
v -0.783937778925826 6.601471862576143 0.3247176600877183
v -0.8119908007046116 6.601471862576143 0.24631471651341444
v -0.8322239071932884 6.601471862576143 0.1655396275697661
v -0.8444422425158294 6.601471862576143 0.08317030151945506
v -0.848528137423857 6.601471862576143 1.039147267482592e-16
v -0.8444422425158296 6.601471862576143 -0.08317030151945487
v -0.8322239071932884 6.601471862576143 -0.1655396275697659
v -0.8119908007046116 6.601471862576143 -0.24631471651341422
v -0.783937778925826 6.601471862576143 -0.3247176600877181
v -0.7483350077920028 6.601471862576143 -0.3999933950866479
v -0.7055253614516154 6.601471862576143 -0.4714169750322611
v -0.6559211202010546 6.601471862576143 -0.5383005518055816
v -0.6000000000000001 6.601471862576143 -0.6
v -0.5383005518055821 6.601471862576143 -0.6559211202010542
v -0.47141697503226127 6.601471862576143 -0.7055253614516153
v -0.39999339508664805 6.601471862576143 -0.7483350077920027
v -0.3247176600877187 6.601471862576143 -0.7839377789258257
v -0.2463147165134145 6.601471862576143 -0.8119908007046116
v -0.16553962756976615 6.601471862576143 -0.8322239071932883
v -0.08317030151945475 6.601471862576143 -0.8444422425158296
v -1.5587209012238879e-16 6.601471862576143 -0.848528137423857
v 0.08317030151945444 6.601471862576143 -0.8444422425158296
v 0.16553962756976584 6.601471862576143 -0.8322239071932884
v 0.24631471651341416 6.601471862576143 -0.8119908007046116
v 0.3247176600877184 6.601471862576143 -0.7839377789258258
v 0.39999339508664783 6.601471862576143 -0.7483350077920028
v 0.471416975032261 6.601471862576143 -0.7055253614516154
v 0.5383005518055819 6.601471862576143 -0.6559211202010544
v 0.5999999999999999 6.601471862576143 -0.6000000000000001
v 0.6559211202010541 6.601471862576143 -0.5383005518055821
v 0.7055253614516153 6.601471862576143 -0.47141697503226127
v 0.7483350077920026 6.601471862576143 -0.3999933950866481
v 0.7839377789258257 6.601471862576143 -0.32471766008771874
v 0.8119908007046116 6.601471862576143 -0.24631471651341455
v 0.8322239071932883 6.601471862576143 -0.1655396275697662
v 0.8444422425158296 6.601471862576143 -0.0831703015194548
v 0.7612719409963745 6.522387455964716 0.0
v 0.7576062085236898 6.522387455964716 0.07461769866959862
v 0.7466443141132407 6.522387455964716 0.1485167881108257
v 0.7284918268005809 6.522387455964716 0.22098557969501068
v 0.7033235649616904 6.522387455964716 0.2913261593437267
v 0.671381912716449 6.522387455964716 0.35886110882288436
v 0.6329744856370616 6.522387455964716 0.42294002965064065
v 0.5884711682419382 6.522387455964716 0.482945806790323
v 0.5383005518055818 6.522387455964716 0.5383005518055818
v 0.482945806790323 6.522387455964716 0.5884711682419381
v 0.4229400296506407 6.522387455964716 0.6329744856370616
v 0.35886110882288447 6.522387455964716 0.6713819127164489
v 0.29132615934372674 6.522387455964716 0.7033235649616904
v 0.22098557969501068 6.522387455964716 0.728491826800581
v 0.14851678811082575 6.522387455964716 0.7466443141132407
v 0.07461769866959875 6.522387455964716 0.7576062085236898
v 4.661446229109514e-17 6.522387455964716 0.7612719409963745
v -0.07461769866959865 6.522387455964716 0.7576062085236898
v -0.14851678811082564 6.522387455964716 0.7466443141132407
v -0.22098557969501054 6.522387455964716 0.728491826800581
v -0.2913261593437267 6.522387455964716 0.7033235649616904
v -0.3588611088228844 6.522387455964716 0.671381912716449
v -0.4229400296506405 6.522387455964716 0.6329744856370617
v -0.4829458067903229 6.522387455964716 0.5884711682419383
v -0.5383005518055817 6.522387455964716 0.5383005518055818
v -0.5884711682419382 6.522387455964716 0.482945806790323
v -0.6329744856370617 6.522387455964716 0.42294002965064065
v -0.6713819127164489 6.522387455964716 0.35886110882288447
v -0.7033235649616904 6.522387455964716 0.2913261593437268
v -0.7284918268005809 6.522387455964716 0.2209855796950107
v -0.7466443141132407 6.522387455964716 0.14851678811082597
v -0.7576062085236898 6.522387455964716 0.07461769866959879
v -0.7612719409963745 6.522387455964716 9.322892458219028e-17
v -0.7576062085236898 6.522387455964716 -0.07461769866959861
v -0.7466443141132407 6.522387455964716 -0.14851678811082578
v -0.728491826800581 6.522387455964716 -0.2209855796950105
v -0.7033235649616905 6.522387455964716 -0.29132615934372663
v -0.671381912716449 6.522387455964716 -0.35886110882288436
v -0.6329744856370618 6.522387455964716 -0.4229400296506405
v -0.5884711682419383 6.522387455964716 -0.4829458067903228
v -0.5383005518055818 6.522387455964716 -0.5383005518055817
v -0.48294580679032334 6.522387455964716 -0.588471168241938
v -0.42294002965064065 6.522387455964716 -0.6329744856370616
v -0.3588611088228845 6.522387455964716 -0.6713819127164489
v -0.29132615934372713 6.522387455964716 -0.7033235649616901
v -0.22098557969501076 6.522387455964716 -0.7284918268005809
v -0.148516788110826 6.522387455964716 -0.7466443141132406
v -0.07461769866959851 6.522387455964716 -0.7576062085236898
v -1.3984338687328541e-16 6.522387455964716 -0.7612719409963745
v 0.07461769866959823 6.522387455964716 -0.7576062085236898
v 0.14851678811082572 6.522387455964716 -0.7466443141132407
v 0.22098557969501045 6.522387455964716 -0.728491826800581
v 0.29132615934372685 6.522387455964716 -0.7033235649616902
v 0.3588611088228843 6.522387455964716 -0.671381912716449
v 0.42294002965064037 6.522387455964716 -0.6329744856370618
v 0.48294580679032306 6.522387455964716 -0.5884711682419381
v 0.5383005518055816 6.522387455964716 -0.5383005518055818
v 0.5884711682419379 6.522387455964716 -0.48294580679032334
v 0.6329744856370616 6.522387455964716 -0.42294002965064065
v 0.6713819127164488 6.522387455964716 -0.3588611088228846
v 0.7033235649616901 6.522387455964716 -0.2913261593437272
v 0.7284918268005809 6.522387455964716 -0.2209855796950108
v 0.7466443141132406 6.522387455964716 -0.14851678811082605
v 0.7576062085236898 6.522387455964716 -0.07461769866959855
v 0.6666842796235226 6.452236465236946 0.0
v 0.6634740125937859 6.452236465236946 0.06534648659137084
v 0.6538741281309823 6.452236465236946 0.13006365079484353
v 0.6379770783703195 6.452236465236946 0.19352823094113797
v 0.615935960591204 6.452236465236946 0.25512902843017693
v 0.5879630428067494 6.452236465236946 0.3142727939077195
v 0.554327719506772 6.452236465236946 0.3703899405809461
v 0.515353917241589 6.452236465236946 0.42294002965064065
v 0.4714169750322613 6.452236465236946 0.4714169750322613
v 0.42294002965064065 6.452236465236946 0.5153539172415889
v 0.37038994058094615 6.452236465236946 0.554327719506772
v 0.3142727939077196 6.452236465236946 0.5879630428067493
v 0.25512902843017693 6.452236465236946 0.615935960591204
v 0.19352823094113797 6.452236465236946 0.6379770783703196
v 0.13006365079484358 6.452236465236946 0.6538741281309823
v 0.06534648659137095 6.452236465236946 0.6634740125937858
v 4.0822638454140296e-17 6.452236465236946 0.6666842796235226
v -0.06534648659137086 6.452236465236946 0.6634740125937859
v -0.13006365079484347 6.452236465236946 0.6538741281309823
v -0.19352823094113786 6.452236465236946 0.6379770783703196
v -0.2551290284301769 6.452236465236946 0.615935960591204
v -0.31427279390771956 6.452236465236946 0.5879630428067494
v -0.37038994058094593 6.452236465236946 0.5543277195067721
v -0.4229400296506406 6.452236465236946 0.515353917241589
v -0.4714169750322612 6.452236465236946 0.4714169750322613
v -0.515353917241589 6.452236465236946 0.42294002965064065
v -0.5543277195067721 6.452236465236946 0.3703899405809461
v -0.5879630428067493 6.452236465236946 0.3142727939077196
v -0.615935960591204 6.452236465236946 0.255129028430177
v -0.6379770783703195 6.452236465236946 0.19352823094113802
v -0.6538741281309823 6.452236465236946 0.13006365079484375
v -0.6634740125937858 6.452236465236946 0.06534648659137099
v -0.6666842796235226 6.452236465236946 8.164527690828059e-17
v -0.6634740125937859 6.452236465236946 -0.06534648659137082
v -0.6538741281309823 6.452236465236946 -0.13006365079484358
v -0.6379770783703196 6.452236465236946 -0.19352823094113783
v -0.6159359605912041 6.452236465236946 -0.2551290284301768
v -0.5879630428067494 6.452236465236946 -0.3142727939077195
v -0.5543277195067722 6.452236465236946 -0.37038994058094593
v -0.515353917241589 6.452236465236946 -0.42294002965064054
v -0.4714169750322614 6.452236465236946 -0.4714169750322612
v -0.422940029650641 6.452236465236946 -0.5153539172415887
v -0.3703899405809461 6.452236465236946 -0.554327719506772
v -0.31427279390771967 6.452236465236946 -0.5879630428067493
v -0.25512902843017726 6.452236465236946 -0.6159359605912039
v -0.19352823094113805 6.452236465236946 -0.6379770783703195
v -0.1300636507948438 6.452236465236946 -0.6538741281309822
v -0.06534648659137074 6.452236465236946 -0.6634740125937859
v -1.224679153624209e-16 6.452236465236946 -0.6666842796235226
v 0.06534648659137049 6.452236465236946 -0.6634740125937859
v 0.13006365079484355 6.452236465236946 -0.6538741281309823
v 0.1935282309411378 6.452236465236946 -0.6379770783703196
v 0.25512902843017704 6.452236465236946 -0.6159359605912039
v 0.31427279390771945 6.452236465236946 -0.5879630428067494
v 0.3703899405809459 6.452236465236946 -0.5543277195067722
v 0.42294002965064076 6.452236465236946 -0.5153539172415889
v 0.47141697503226115 6.452236465236946 -0.4714169750322614
v 0.5153539172415886 6.452236465236946 -0.422940029650641
v 0.554327719506772 6.452236465236946 -0.3703899405809461
v 0.5879630428067492 6.452236465236946 -0.31427279390771967
v 0.6159359605912039 6.452236465236946 -0.2551290284301773
v 0.6379770783703195 6.452236465236946 -0.19352823094113808
v 0.6538741281309822 6.452236465236946 -0.13006365079484383
v 0.6634740125937859 6.452236465236946 -0.06534648659137077
v 0.5656760841911973 6.391694482781975 0.0
v 0.5629521992308153 6.391694482781975 0.055445952125244925
v 0.5548067768508649 6.391694482781975 0.11035792942168315
v 0.5413182619216056 6.391694482781975 0.16420709953000978
v 0.5226165562153786 6.391694482781975 0.2164748655051309
v 0.4988817673815273 6.391694482781975 0.2666578601882387
v 0.47034247441127675 6.391694482781975 0.31427279390771956
v 0.4372735262970952 6.391694482781975 0.35886110882288447
v 0.399993395086648 6.391694482781975 0.399993395086648
v 0.35886110882288447 6.391694482781975 0.43727352629709515
v 0.31427279390771967 6.391694482781975 0.47034247441127675
v 0.26665786018823884 6.391694482781975 0.4988817673815272
v 0.21647486550513093 6.391694482781975 0.5226165562153786
v 0.16420709953000978 6.391694482781975 0.5413182619216056
v 0.11035792942168321 6.391694482781975 0.5548067768508649
v 0.055445952125245015 6.391694482781975 0.5629521992308153
v 3.4637670292947923e-17 6.391694482781975 0.5656760841911973
v -0.055445952125244946 6.391694482781975 0.5629521992308153
v -0.11035792942168313 6.391694482781975 0.5548067768508649
v -0.16420709953000967 6.391694482781975 0.5413182619216056
v -0.21647486550513084 6.391694482781975 0.5226165562153786
v -0.2666578601882387 6.391694482781975 0.4988817673815273
v -0.31427279390771945 6.391694482781975 0.4703424744112768
v -0.3588611088228844 6.391694482781975 0.43727352629709526
v -0.39999339508664794 6.391694482781975 0.399993395086648
v -0.4372735262970952 6.391694482781975 0.35886110882288447
v -0.4703424744112768 6.391694482781975 0.31427279390771956
v -0.4988817673815272 6.391694482781975 0.26665786018823884
v -0.5226165562153786 6.391694482781975 0.21647486550513095
v -0.5413182619216056 6.391694482781975 0.1642070995300098
v -0.5548067768508649 6.391694482781975 0.11035792942168336
v -0.5629521992308153 6.391694482781975 0.05544595212524505
v -0.5656760841911973 6.391694482781975 6.927534058589585e-17
v -0.5629521992308153 6.391694482781975 -0.05544595212524492
v -0.5548067768508649 6.391694482781975 -0.11035792942168322
v -0.5413182619216056 6.391694482781975 -0.16420709953000964
v -0.5226165562153787 6.391694482781975 -0.21647486550513081
v -0.4988817673815273 6.391694482781975 -0.2666578601882387
v -0.4703424744112769 6.391694482781975 -0.31427279390771945
v -0.43727352629709526 6.391694482781975 -0.35886110882288436
v -0.39999339508664805 6.391694482781975 -0.39999339508664794
v -0.35886110882288474 6.391694482781975 -0.43727352629709504
v -0.31427279390771956 6.391694482781975 -0.47034247441127675
v -0.26665786018823884 6.391694482781975 -0.4988817673815272
v -0.2164748655051312 6.391694482781975 -0.5226165562153785
v -0.16420709953000984 6.391694482781975 -0.5413182619216056
v -0.11035792942168339 6.391694482781975 -0.5548067768508648
v -0.055445952125244835 6.391694482781975 -0.5629521992308153
v -1.0391301087884376e-16 6.391694482781975 -0.5656760841911973
v 0.055445952125244634 6.391694482781975 -0.5629521992308153
v 0.11035792942168318 6.391694482781975 -0.5548067768508649
v 0.16420709953000961 6.391694482781975 -0.5413182619216056
v 0.216474865505131 6.391694482781975 -0.5226165562153786
v 0.26665786018823867 6.391694482781975 -0.4988817673815273
v 0.3142727939077194 6.391694482781975 -0.4703424744112769
v 0.3588611088228845 6.391694482781975 -0.43727352629709515
v 0.3999933950866479 6.391694482781975 -0.39999339508664805
v 0.437273526297095 6.391694482781975 -0.35886110882288474
v 0.47034247441127675 6.391694482781975 -0.31427279390771956
v 0.4988817673815271 6.391694482781975 -0.2666578601882389
v 0.5226165562153785 6.391694482781975 -0.21647486550513123
v 0.5413182619216056 6.391694482781975 -0.16420709953000986
v 0.5548067768508648 6.391694482781975 -0.11035792942168342
v 0.5629521992308153 6.391694482781975 -0.05544595212524487
v 0.45922011883810787 6.341344560986456 0.0
v 0.45700884844827616 6.341344560986456 0.04501144283031232
v 0.45039633302143844 6.341344560986456 0.08958940086041114
v 0.4394462546959238 6.341344560986456 0.13330456398567597
v 0.4242640687119286 6.341344560986456 0.17573593128807155
v 0.404995987819906 6.341344560986456 0.2164748655051309
v 0.3818275741718503 6.341344560986456 0.255129028430177
v 0.3549819522563357 6.341344560986456 0.2913261593437268
v 0.3247176600877183 6.341344560986456 0.3247176600877183
v 0.2913261593437268 6.341344560986456 0.35498195225633566
v 0.25512902843017704 6.341344560986456 0.3818275741718503
v 0.21647486550513098 6.341344560986456 0.4049959878199059
v 0.17573593128807158 6.341344560986456 0.4242640687119286
v 0.13330456398567597 6.341344560986456 0.43944625469592385
v 0.08958940086041119 6.341344560986456 0.45039633302143844
v 0.045011442830312394 6.341344560986456 0.4570088484482761
v 2.81191224319578e-17 6.341344560986456 0.45922011883810787
v -0.04501144283031234 6.341344560986456 0.45700884844827616
v -0.08958940086041112 6.341344560986456 0.45039633302143844
v -0.13330456398567592 6.341344560986456 0.43944625469592385
v -0.17573593128807152 6.341344560986456 0.4242640687119286
v -0.21647486550513093 6.341344560986456 0.404995987819906
v -0.2551290284301769 6.341344560986456 0.38182757417185037
v -0.29132615934372674 6.341344560986456 0.3549819522563358
v -0.32471766008771824 6.341344560986456 0.3247176600877183
v -0.3549819522563357 6.341344560986456 0.2913261593437268
v -0.38182757417185037 6.341344560986456 0.255129028430177
v -0.4049959878199059 6.341344560986456 0.21647486550513098
v -0.4242640687119286 6.341344560986456 0.1757359312880716
v -0.4394462546959238 6.341344560986456 0.133304563985676
v -0.45039633302143844 6.341344560986456 0.08958940086041131
v -0.4570088484482761 6.341344560986456 0.045011442830312415
v -0.45922011883810787 6.341344560986456 5.62382448639156e-17
v -0.45700884844827616 6.341344560986456 -0.04501144283031231
v -0.45039633302143844 6.341344560986456 -0.0895894008604112
v -0.43944625469592385 6.341344560986456 -0.1333045639856759
v -0.4242640687119287 6.341344560986456 -0.1757359312880715
v -0.404995987819906 6.341344560986456 -0.2164748655051309
v -0.3818275741718504 6.341344560986456 -0.2551290284301769
v -0.3549819522563358 6.341344560986456 -0.29132615934372674
v -0.32471766008771835 6.341344560986456 -0.32471766008771824
v -0.291326159343727 6.341344560986456 -0.35498195225633555
v -0.255129028430177 6.341344560986456 -0.3818275741718503
v -0.216474865505131 6.341344560986456 -0.4049959878199059
v -0.1757359312880718 6.341344560986456 -0.42426406871192857
v -0.13330456398567603 6.341344560986456 -0.4394462546959238
v -0.08958940086041134 6.341344560986456 -0.4503963330214384
v -0.04501144283031225 6.341344560986456 -0.45700884844827616
v -8.435736729587339e-17 6.341344560986456 -0.45922011883810787
v 0.04501144283031208 6.341344560986456 -0.45700884844827616
v 0.08958940086041117 6.341344560986456 -0.45039633302143844
v 0.13330456398567586 6.341344560986456 -0.43944625469592385
v 0.17573593128807163 6.341344560986456 -0.42426406871192857
v 0.21647486550513087 6.341344560986456 -0.404995987819906
v 0.2551290284301768 6.341344560986456 -0.3818275741718504
v 0.29132615934372685 6.341344560986456 -0.35498195225633566
v 0.32471766008771824 6.341344560986456 -0.32471766008771835
v 0.3549819522563355 6.341344560986456 -0.291326159343727
v 0.3818275741718503 6.341344560986456 -0.255129028430177
v 0.40499598781990587 6.341344560986456 -0.21647486550513104
v 0.42426406871192857 6.341344560986456 -0.17573593128807183
v 0.4394462546959238 6.341344560986456 -0.13330456398567606
v 0.4503963330214384 6.341344560986456 -0.08958940086041137
v 0.45700884844827616 6.341344560986456 -0.04501144283031227
v 0.34834161270535485 6.3016715971213495 0.0
v 0.34666425262873085 6.3016715971213495 0.03414344873516622
v 0.34164832629333497 6.3016715971213495 0.06795807739430511
v 0.3333421398117613 6.3016715971213495 0.10111823261847284
v 0.32182568630045094 6.3016715971213495 0.13330456398567597
v 0.3072098755022516 6.3016715971213495 0.16420709953000975
v 0.2896354656649648 6.3016715971213495 0.193528230941138
v 0.2692717079624733 6.3016715971213495 0.22098557969501073
v 0.24631471651341447 6.3016715971213495 0.24631471651341447
v 0.22098557969501073 6.3016715971213495 0.26927170796247324
v 0.19352823094113805 6.3016715971213495 0.2896354656649648
v 0.1642070995300098 6.3016715971213495 0.30720987550225154
v 0.13330456398567597 6.3016715971213495 0.32182568630045094
v 0.10111823261847284 6.3016715971213495 0.33334213981176136
v 0.06795807739430514 6.3016715971213495 0.34164832629333497
v 0.034143448735166275 6.3016715971213495 0.3466642526287308
v 2.132977205047199e-17 6.3016715971213495 0.34834161270535485
v -0.03414344873516623 6.3016715971213495 0.34666425262873085
v -0.0679580773943051 6.3016715971213495 0.34164832629333497
v -0.10111823261847279 6.3016715971213495 0.33334213981176136
v -0.13330456398567594 6.3016715971213495 0.32182568630045094
v -0.16420709953000978 6.3016715971213495 0.3072098755022516
v -0.19352823094113794 6.3016715971213495 0.2896354656649648
v -0.22098557969501068 6.3016715971213495 0.26927170796247335
v -0.2463147165134144 6.3016715971213495 0.24631471651341447
v -0.2692717079624733 6.3016715971213495 0.22098557969501073
v -0.2896354656649648 6.3016715971213495 0.193528230941138
v -0.30720987550225154 6.3016715971213495 0.1642070995300098
v -0.32182568630045094 6.3016715971213495 0.133304563985676
v -0.3333421398117613 6.3016715971213495 0.10111823261847287
v -0.34164832629333497 6.3016715971213495 0.06795807739430523
v -0.3466642526287308 6.3016715971213495 0.034143448735166296
v -0.34834161270535485 6.3016715971213495 4.265954410094398e-17
v -0.34666425262873085 6.3016715971213495 -0.03414344873516621
v -0.34164832629333497 6.3016715971213495 -0.06795807739430515
v -0.33334213981176136 6.3016715971213495 -0.10111823261847278
v -0.321825686300451 6.3016715971213495 -0.13330456398567592
v -0.3072098755022516 6.3016715971213495 -0.16420709953000975
v -0.28963546566496484 6.3016715971213495 -0.19352823094113794
v -0.26927170796247335 6.3016715971213495 -0.22098557969501065
v -0.2463147165134145 6.3016715971213495 -0.2463147165134144
v -0.22098557969501087 6.3016715971213495 -0.2692717079624732
v -0.193528230941138 6.3016715971213495 -0.2896354656649648
v -0.16420709953000984 6.3016715971213495 -0.30720987550225154
v -0.13330456398567617 6.3016715971213495 -0.3218256863004509
v -0.10111823261847289 6.3016715971213495 -0.3333421398117613
v -0.06795807739430526 6.3016715971213495 -0.3416483262933349
v -0.034143448735166164 6.3016715971213495 -0.34666425262873085
v -6.398931615141597e-17 6.3016715971213495 -0.34834161270535485
v 0.03414344873516604 6.3016715971213495 -0.34666425262873085
v 0.06795807739430512 6.3016715971213495 -0.34164832629333497
v 0.10111823261847275 6.3016715971213495 -0.33334213981176136
v 0.13330456398567603 6.3016715971213495 -0.3218256863004509
v 0.16420709953000973 6.3016715971213495 -0.3072098755022516
v 0.19352823094113789 6.3016715971213495 -0.28963546566496484
v 0.22098557969501076 6.3016715971213495 -0.26927170796247324
v 0.24631471651341438 6.3016715971213495 -0.2463147165134145
v 0.26927170796247313 6.3016715971213495 -0.22098557969501087
v 0.2896354656649648 6.3016715971213495 -0.193528230941138
v 0.3072098755022515 6.3016715971213495 -0.16420709953000986
v 0.3218256863004509 6.3016715971213495 -0.13330456398567617
v 0.3333421398117613 6.3016715971213495 -0.1011182326184729
v 0.3416483262933349 6.3016715971213495 -0.06795807739430527
v 0.34666425262873085 6.3016715971213495 -0.034143448735166185
v 0.23410838641935433 6.2730576635161235 0.0
v 0.2329810905504142 6.2730576635161235 0.022946634563992853
v 0.22961005941905427 6.2730576635161235 0.045672280493228024
v 0.2240277578978626 6.2730576635161235 0.06795807739430522
v 0.21628794660208475 6.2730576635161235 0.08958940086041128
v 0.20646516414551025 6.2730576635161235 0.11035792942168333
v 0.194654009292875 6.2730576635161235 0.13006365079484375
v 0.18096822992204392 6.2730576635161235 0.14851678811082597
v 0.16553962756976612 6.2730576635161235 0.16553962756976612
v 0.14851678811082597 6.2730576635161235 0.1809682299220439
v 0.13006365079484378 6.2730576635161235 0.194654009292875
v 0.11035792942168338 6.2730576635161235 0.20646516414551022
v 0.0895894008604113 6.2730576635161235 0.21628794660208475
v 0.06795807739430522 6.2730576635161235 0.22402775789786264
v 0.045672280493228044 6.2730576635161235 0.22961005941905427
v 0.02294663456399289 6.2730576635161235 0.23298109055041416
v 1.43350043041007e-17 6.2730576635161235 0.23410838641935433
v -0.022946634563992863 6.2730576635161235 0.2329810905504142
v -0.04567228049322801 6.2730576635161235 0.22961005941905427
v -0.06795807739430519 6.2730576635161235 0.22402775789786264
v -0.08958940086041127 6.2730576635161235 0.21628794660208475
v -0.11035792942168335 6.2730576635161235 0.20646516414551025
v -0.1300636507948437 6.2730576635161235 0.19465400929287502
v -0.14851678811082594 6.2730576635161235 0.18096822992204395
v -0.1655396275697661 6.2730576635161235 0.16553962756976612
v -0.18096822992204392 6.2730576635161235 0.14851678811082597
v -0.19465400929287502 6.2730576635161235 0.13006365079484375
v -0.20646516414551022 6.2730576635161235 0.11035792942168338
v -0.21628794660208475 6.2730576635161235 0.08958940086041131
v -0.2240277578978626 6.2730576635161235 0.06795807739430523
v -0.22961005941905427 6.2730576635161235 0.04567228049322811
v -0.23298109055041416 6.2730576635161235 0.022946634563992905
v -0.23410838641935433 6.2730576635161235 2.86700086082014e-17
v -0.2329810905504142 6.2730576635161235 -0.02294663456399285
v -0.22961005941905427 6.2730576635161235 -0.045672280493228044
v -0.22402775789786264 6.2730576635161235 -0.06795807739430518
v -0.21628794660208478 6.2730576635161235 -0.08958940086041126
v -0.20646516414551025 6.2730576635161235 -0.11035792942168333
v -0.19465400929287505 6.2730576635161235 -0.1300636507948437
v -0.18096822992204395 6.2730576635161235 -0.14851678811082591
v -0.16553962756976615 6.2730576635161235 -0.1655396275697661
v -0.14851678811082608 6.2730576635161235 -0.18096822992204384
v -0.13006365079484375 6.2730576635161235 -0.194654009292875
v -0.11035792942168339 6.2730576635161235 -0.20646516414551022
v -0.08958940086041142 6.2730576635161235 -0.2162879466020847
v -0.06795807739430525 6.2730576635161235 -0.2240277578978626
v -0.04567228049322812 6.2730576635161235 -0.22961005941905424
v -0.022946634563992818 6.2730576635161235 -0.2329810905504142
v -4.3005012912302096e-17 6.2730576635161235 -0.23410838641935433
v 0.02294663456399273 6.2730576635161235 -0.2329810905504142
v 0.04567228049322804 6.2730576635161235 -0.22961005941905427
v 0.06795807739430516 6.2730576635161235 -0.22402775789786264
v 0.08958940086041134 6.2730576635161235 -0.21628794660208472
v 0.11035792942168332 6.2730576635161235 -0.20646516414551025
v 0.13006365079484367 6.2730576635161235 -0.19465400929287505
v 0.148516788110826 6.2730576635161235 -0.1809682299220439
v 0.16553962756976606 6.2730576635161235 -0.16553962756976615
v 0.1809682299220438 6.2730576635161235 -0.14851678811082608
v 0.194654009292875 6.2730576635161235 -0.13006365079484375
v 0.2064651641455102 6.2730576635161235 -0.1103579294216834
v 0.2162879466020847 6.2730576635161235 -0.08958940086041142
v 0.2240277578978626 6.2730576635161235 -0.06795807739430526
v 0.22961005941905424 6.2730576635161235 -0.045672280493228135
v 0.2329810905504142 6.2730576635161235 -0.022946634563992832
v 0.11762056839547298 6.255778327993364 0.0
v 0.11705419320967722 6.255778327993364 0.011528831758061756
v 0.11536052215494132 6.255778327993364 0.02294663456399286
v 0.11255586620937715 6.255778327993364 0.03414344873516629
v 0.1086672357429214 6.255778327993364 0.0450114428303124
v 0.1037320803927077 6.255778327993364 0.055445952125245036
v 0.09779792840258893 6.255778327993364 0.06534648659137098
v 0.09092192890016738 6.255778327993364 0.07461769866959879
v 0.08317030151945506 6.255778327993364 0.08317030151945506
v 0.07461769866959879 6.255778327993364 0.09092192890016737
v 0.06534648659137099 6.255778327993364 0.09779792840258893
v 0.05544595212524505 6.255778327993364 0.10373208039270769
v 0.04501144283031241 6.255778327993364 0.1086672357429214
v 0.03414344873516629 6.255778327993364 0.11255586620937716
v 0.02294663456399287 6.255778327993364 0.11536052215494132
v 0.011528831758061776 6.255778327993364 0.11705419320967721
v 7.202182629970416e-18 6.255778327993364 0.11762056839547298
v -0.01152883175806176 6.255778327993364 0.11705419320967722
v -0.022946634563992856 6.255778327993364 0.11536052215494132
v -0.03414344873516627 6.255778327993364 0.11255586620937716
v -0.045011442830312394 6.255778327993364 0.1086672357429214
v -0.05544595212524504 6.255778327993364 0.1037320803927077
v -0.06534648659137095 6.255778327993364 0.09779792840258894
v -0.07461769866959878 6.255778327993364 0.0909219289001674
v -0.08317030151945505 6.255778327993364 0.08317030151945506
v -0.09092192890016738 6.255778327993364 0.07461769866959879
v -0.09779792840258894 6.255778327993364 0.06534648659137098
v -0.10373208039270769 6.255778327993364 0.05544595212524505
v -0.1086672357429214 6.255778327993364 0.045011442830312415
v -0.11255586620937715 6.255778327993364 0.034143448735166296
v -0.11536052215494132 6.255778327993364 0.022946634563992905
v -0.11705419320967721 6.255778327993364 0.011528831758061782
v -0.11762056839547298 6.255778327993364 1.4404365259940833e-17
v -0.11705419320967722 6.255778327993364 -0.011528831758061754
v -0.11536052215494132 6.255778327993364 -0.022946634563992874
v -0.11255586620937716 6.255778327993364 -0.03414344873516626
v -0.10866723574292142 6.255778327993364 -0.04501144283031239
v -0.1037320803927077 6.255778327993364 -0.055445952125245036
v -0.09779792840258895 6.255778327993364 -0.06534648659137095
v -0.0909219289001674 6.255778327993364 -0.07461769866959876
v -0.08317030151945508 6.255778327993364 -0.08317030151945505
v -0.07461769866959884 6.255778327993364 -0.09092192890016734
v -0.06534648659137098 6.255778327993364 -0.09779792840258893
v -0.05544595212524506 6.255778327993364 -0.10373208039270769
v -0.04501144283031247 6.255778327993364 -0.10866723574292138
v -0.0341434487351663 6.255778327993364 -0.11255586620937715
v -0.022946634563992912 6.255778327993364 -0.1153605221549413
v -0.011528831758061738 6.255778327993364 -0.11705419320967722
v -2.1606547889911248e-17 6.255778327993364 -0.11762056839547298
v 0.011528831758061697 6.255778327993364 -0.11705419320967722
v 0.022946634563992867 6.255778327993364 -0.11536052215494132
v 0.034143448735166254 6.255778327993364 -0.11255586620937716
v 0.04501144283031243 6.255778327993364 -0.10866723574292139
v 0.05544595212524503 6.255778327993364 -0.1037320803927077
v 0.06534648659137095 6.255778327993364 -0.09779792840258895
v 0.0746176986695988 6.255778327993364 -0.09092192890016737
v 0.08317030151945504 6.255778327993364 -0.08317030151945508
v 0.09092192890016733 6.255778327993364 -0.07461769866959884
v 0.09779792840258893 6.255778327993364 -0.06534648659137098
v 0.10373208039270768 6.255778327993364 -0.055445952125245064
v 0.10866723574292138 6.255778327993364 -0.04501144283031247
v 0.11255586620937715 6.255778327993364 -0.03414344873516631
v 0.1153605221549413 6.255778327993364 -0.022946634563992915
v 0.11705419320967722 6.255778327993364 -0.011528831758061745
v 1.4695761589768238e-16 6.25 0.0
v 1.4624997480953275e-16 6.25 1.44043652599408e-17
v 1.4413386651559865e-16 6.25 2.8670008608201344e-17
v 1.4062967029553317e-16 6.25 4.265954410094397e-17
v 1.3577113347452403e-16 6.25 5.623824486391558e-17
v 1.2960504641810397e-16 6.25 6.927534058589583e-17
v 1.2219079191535233e-16 6.25 8.164527690828059e-17
v 1.135997732901744e-16 6.25 9.322892458219028e-17
v 1.039147267482592e-16 6.25 1.039147267482592e-16
v 9.322892458219028e-17 6.25 1.135997732901744e-16
v 8.16452769082806e-17 6.25 1.2219079191535233e-16
v 6.927534058589586e-17 6.25 1.2960504641810395e-16
v 5.623824486391559e-17 6.25 1.3577113347452403e-16
v 4.265954410094397e-17 6.25 1.406296702955332e-16
v 2.8670008608201356e-17 6.25 1.4413386651559865e-16
v 1.4404365259940824e-17 6.25 1.4624997480953273e-16
v 8.998558695971146e-33 6.25 1.4695761589768238e-16
v -1.4404365259940805e-17 6.25 1.4624997480953275e-16
v -2.867000860820134e-17 6.25 1.4413386651559865e-16
v -4.265954410094395e-17 6.25 1.406296702955332e-16
v -5.623824486391558e-17 6.25 1.3577113347452403e-16
v -6.927534058589583e-17 6.25 1.2960504641810397e-16
v -8.164527690828056e-17 6.25 1.2219079191535233e-16
v -9.322892458219027e-17 6.25 1.1359977329017444e-16
v -1.0391472674825919e-16 6.25 1.039147267482592e-16
v -1.135997732901744e-16 6.25 9.322892458219028e-17
v -1.2219079191535233e-16 6.25 8.164527690828059e-17
v -1.2960504641810395e-16 6.25 6.927534058589586e-17
v -1.3577113347452403e-16 6.25 5.62382448639156e-17
v -1.4062967029553317e-16 6.25 4.265954410094398e-17
v -1.4413386651559865e-16 6.25 2.86700086082014e-17
v -1.4624997480953273e-16 6.25 1.4404365259940833e-17
v -1.4695761589768238e-16 6.25 1.799711739194229e-32
v -1.4624997480953275e-16 6.25 -1.44043652599408e-17
v -1.4413386651559865e-16 6.25 -2.867000860820136e-17
v -1.406296702955332e-16 6.25 -4.265954410094394e-17
v -1.3577113347452406e-16 6.25 -5.623824486391556e-17
v -1.2960504641810397e-16 6.25 -6.927534058589583e-17
v -1.2219079191535236e-16 6.25 -8.164527690828056e-17
v -1.1359977329017444e-16 6.25 -9.322892458219025e-17
v -1.0391472674825921e-16 6.25 -1.0391472674825919e-16
v -9.322892458219035e-17 6.25 -1.1359977329017436e-16
v -8.164527690828059e-17 6.25 -1.2219079191535233e-16
v -6.927534058589586e-17 6.25 -1.2960504641810395e-16
v -5.623824486391566e-17 6.25 -1.35771133474524e-16
v -4.265954410094399e-17 6.25 -1.4062967029553317e-16
v -2.8670008608201406e-17 6.25 -1.4413386651559863e-16
v -1.4404365259940777e-17 6.25 -1.4624997480953275e-16
v -2.6995676087913437e-32 6.25 -1.4695761589768238e-16
v 1.4404365259940725e-17 6.25 -1.4624997480953275e-16
v 2.867000860820135e-17 6.25 -1.4413386651559865e-16
v 4.265954410094393e-17 6.25 -1.406296702955332e-16
v 5.623824486391561e-17 6.25 -1.3577113347452403e-16
v 6.927534058589582e-17 6.25 -1.2960504641810397e-16
v 8.164527690828054e-17 6.25 -1.2219079191535236e-16
v 9.32289245821903e-17 6.25 -1.135997732901744e-16
v 1.0391472674825916e-16 6.25 -1.0391472674825921e-16
v 1.1359977329017436e-16 6.25 -9.322892458219035e-17
v 1.2219079191535233e-16 6.25 -8.164527690828059e-17
v 1.2960504641810395e-16 6.25 -6.927534058589587e-17
v 1.35771133474524e-16 6.25 -5.623824486391566e-17
v 1.4062967029553317e-16 6.25 -4.2659544100944e-17
v 1.4413386651559863e-16 6.25 -2.867000860820141e-17
v 1.4624997480953275e-16 6.25 -1.4404365259940787e-17
f 1 2 3
f 1 3 4
f 1 4 5
f 1 5 6
f 1 6 7
f 1 7 8
f 1 8 9
f 1 9 10
f 1 10 11
f 1 11 12
f 1 12 13
f 1 13 14
f 1 14 15
f 1 15 16
f 1 16 17
f 1 17 18
f 1 18 19
f 1 19 20
f 1 20 21
f 1 21 22
f 1 22 23
f 1 23 24
f 1 24 25
f 1 25 26
f 1 26 27
f 1 27 28
f 1 28 29
f 1 29 30
f 1 30 31
f 1 31 32
f 1 32 33
f 1 33 34
f 1 34 35
f 1 35 36
f 1 36 37
f 1 37 38
f 1 38 39
f 1 39 40
f 1 40 41
f 1 41 42
f 1 42 43
f 1 43 44
f 1 44 45
f 1 45 46
f 1 46 47
f 1 47 48
f 1 48 49
f 1 49 50
f 1 50 51
f 1 51 52
f 1 52 53
f 1 53 54
f 1 54 55
f 1 55 56
f 1 56 57
f 1 57 58
f 1 58 59
f 1 59 60
f 1 60 61
f 1 61 62
f 1 62 63
f 1 63 64
f 1 64 65
f 1 65 2
f 66 67 68
f 68 67 69
f 68 69 70
f 70 69 71
f 70 71 72
f 72 71 73
f 72 73 74
f 74 73 75
f 74 75 76
f 76 75 77
f 76 77 78
f 78 77 79
f 78 79 80
f 80 79 81
f 80 81 82
f 82 81 83
f 82 83 84
f 84 83 85
f 84 85 86
f 86 85 87
f 86 87 88
f 88 87 89
f 88 89 90
f 90 89 91
f 90 91 92
f 92 91 93
f 92 93 94
f 94 93 95
f 94 95 96
f 96 95 97
f 96 97 98
f 98 97 99
f 98 99 100
f 100 99 101
f 100 101 102
f 102 101 103
f 102 103 104
f 104 103 105
f 104 105 106
f 106 105 107
f 106 107 108
f 108 107 109
f 108 109 110
f 110 109 111
f 110 111 112
f 112 111 113
f 112 113 114
f 114 113 115
f 114 115 116
f 116 115 117
f 116 117 118
f 118 117 119
f 118 119 120
f 120 119 121
f 120 121 122
f 122 121 123
f 122 123 124
f 124 123 125
f 124 125 126
f 126 125 127
f 126 127 128
f 128 127 129
f 128 129 130
f 130 129 131
f 130 131 132
f 132 131 133
f 132 133 134
f 134 133 135
f 134 135 136
f 136 135 137
f 136 137 138
f 138 137 139
f 138 139 140
f 140 139 141
f 140 141 142
f 142 141 143
f 142 143 144
f 144 143 145
f 144 145 146
f 146 145 147
f 146 147 148
f 148 147 149
f 148 149 150
f 150 149 151
f 150 151 152
f 152 151 153
f 152 153 154
f 154 153 155
f 154 155 156
f 156 155 157
f 156 157 158
f 158 157 159
f 158 159 160
f 160 159 161
f 160 161 162
f 162 161 163
f 162 163 164
f 164 163 165
f 164 165 166
f 166 165 167
f 166 167 168
f 168 167 169
f 168 169 170
f 170 169 171
f 170 171 172
f 172 171 173
f 172 173 174
f 174 173 175
f 174 175 176
f 176 175 177
f 176 177 178
f 178 177 179
f 178 179 180
f 180 179 181
f 180 181 182
f 182 181 183
f 182 183 184
f 184 183 185
f 184 185 186
f 186 185 187
f 186 187 188
f 188 187 189
f 188 189 190
f 190 189 191
f 190 191 192
f 192 191 193
f 192 193 66
f 66 193 67
f 194 195 196
f 196 195 197
f 196 197 198
f 198 197 199
f 198 199 200
f 200 199 201
f 200 201 202
f 202 201 203
f 202 203 204
f 204 203 205
f 204 205 206
f 206 205 207
f 206 207 208
f 208 207 209
f 208 209 210
f 210 209 211
f 210 211 212
f 212 211 213
f 212 213 214
f 214 213 215
f 214 215 216
f 216 215 217
f 216 217 218
f 218 217 219
f 218 219 220
f 220 219 221
f 220 221 222
f 222 221 223
f 222 223 224
f 224 223 225
f 224 225 226
f 226 225 227
f 226 227 228
f 228 227 229
f 228 229 230
f 230 229 231
f 230 231 232
f 232 231 233
f 232 233 234
f 234 233 235
f 234 235 236
f 236 235 237
f 236 237 238
f 238 237 239
f 238 239 240
f 240 239 241
f 240 241 242
f 242 241 243
f 242 243 244
f 244 243 245
f 244 245 246
f 246 245 247
f 246 247 248
f 248 247 249
f 248 249 250
f 250 249 251
f 250 251 252
f 252 251 253
f 252 253 254
f 254 253 255
f 254 255 256
f 256 255 257
f 256 257 258
f 258 257 259
f 258 259 260
f 260 259 261
f 260 261 262
f 262 261 263
f 262 263 264
f 264 263 265
f 264 265 266
f 266 265 267
f 266 267 268
f 268 267 269
f 268 269 270
f 270 269 271
f 270 271 272
f 272 271 273
f 272 273 274
f 274 273 275
f 274 275 276
f 276 275 277
f 276 277 278
f 278 277 279
f 278 279 280
f 280 279 281
f 280 281 282
f 282 281 283
f 282 283 284
f 284 283 285
f 284 285 286
f 286 285 287
f 286 287 288
f 288 287 289
f 288 289 290
f 290 289 291
f 290 291 292
f 292 291 293
f 292 293 294
f 294 293 295
f 294 295 296
f 296 295 297
f 296 297 298
f 298 297 299
f 298 299 300
f 300 299 301
f 300 301 302
f 302 301 303
f 302 303 304
f 304 303 305
f 304 305 306
f 306 305 307
f 306 307 308
f 308 307 309
f 308 309 310
f 310 309 311
f 310 311 312
f 312 311 313
f 312 313 314
f 314 313 315
f 314 315 316
f 316 315 317
f 316 317 318
f 318 317 319
f 318 319 320
f 320 319 321
f 320 321 194
f 194 321 195
f 322 326 323
f 323 326 327
f 324 325 328
f 325 329 328
f 322 324 326
f 326 324 328
f 323 327 325
f 327 329 325
f 326 330 327
f 327 330 331
f 328 329 332
f 329 333 332
f 326 328 330
f 330 328 332
f 327 331 329
f 331 333 329
f 330 334 331
f 331 334 335
f 332 333 336
f 333 337 336
f 330 332 334
f 334 332 336
f 331 335 333
f 335 337 333
f 334 338 335
f 335 338 339
f 336 337 340
f 337 341 340
f 334 336 338
f 338 336 340
f 335 339 337
f 339 341 337
f 338 342 339
f 339 342 343
f 340 341 344
f 341 345 344
f 338 340 342
f 342 340 344
f 339 343 341
f 343 345 341
f 342 346 343
f 343 346 347
f 344 345 348
f 345 349 348
f 342 344 346
f 346 344 348
f 343 347 345
f 347 349 345
f 346 350 347
f 347 350 351
f 348 349 352
f 349 353 352
f 346 348 350
f 350 348 352
f 347 351 349
f 351 353 349
f 350 354 351
f 351 354 355
f 352 353 356
f 353 357 356
f 350 352 354
f 354 352 356
f 351 355 353
f 355 357 353
f 354 358 355
f 355 358 359
f 356 357 360
f 357 361 360
f 354 356 358
f 358 356 360
f 355 359 357
f 359 361 357
f 358 362 359
f 359 362 363
f 360 361 364
f 361 365 364
f 358 360 362
f 362 360 364
f 359 363 361
f 363 365 361
f 362 366 363
f 363 366 367
f 364 365 368
f 365 369 368
f 362 364 366
f 366 364 368
f 363 367 365
f 367 369 365
f 366 370 367
f 367 370 371
f 368 369 372
f 369 373 372
f 366 368 370
f 370 368 372
f 367 371 369
f 371 373 369
f 370 374 371
f 371 374 375
f 372 373 376
f 373 377 376
f 370 372 374
f 374 372 376
f 371 375 373
f 375 377 373
f 374 378 375
f 375 378 379
f 376 377 380
f 377 381 380
f 374 376 378
f 378 376 380
f 375 379 377
f 379 381 377
f 378 382 379
f 379 382 383
f 380 381 384
f 381 385 384
f 378 380 382
f 382 380 384
f 379 383 381
f 383 385 381
f 382 386 383
f 383 386 387
f 384 385 388
f 385 389 388
f 382 384 386
f 386 384 388
f 383 387 385
f 387 389 385
f 386 390 387
f 387 390 391
f 388 389 392
f 389 393 392
f 386 388 390
f 390 388 392
f 387 391 389
f 391 393 389
f 390 394 391
f 391 394 395
f 392 393 396
f 393 397 396
f 390 392 394
f 394 392 396
f 391 395 393
f 395 397 393
f 394 398 395
f 395 398 399
f 396 397 400
f 397 401 400
f 394 396 398
f 398 396 400
f 395 399 397
f 399 401 397
f 398 402 399
f 399 402 403
f 400 401 404
f 401 405 404
f 398 400 402
f 402 400 404
f 399 403 401
f 403 405 401
f 402 406 403
f 403 406 407
f 404 405 408
f 405 409 408
f 402 404 406
f 406 404 408
f 403 407 405
f 407 409 405
f 406 410 407
f 407 410 411
f 408 409 412
f 409 413 412
f 406 408 410
f 410 408 412
f 407 411 409
f 411 413 409
f 410 414 411
f 411 414 415
f 412 413 416
f 413 417 416
f 410 412 414
f 414 412 416
f 411 415 413
f 415 417 413
f 414 418 415
f 415 418 419
f 416 417 420
f 417 421 420
f 414 416 418
f 418 416 420
f 415 419 417
f 419 421 417
f 418 422 419
f 419 422 423
f 420 421 424
f 421 425 424
f 418 420 422
f 422 420 424
f 419 423 421
f 423 425 421
f 422 426 423
f 423 426 427
f 424 425 428
f 425 429 428
f 422 424 426
f 426 424 428
f 423 427 425
f 427 429 425
f 426 430 427
f 427 430 431
f 428 429 432
f 429 433 432
f 426 428 430
f 430 428 432
f 427 431 429
f 431 433 429
f 430 434 431
f 431 434 435
f 432 433 436
f 433 437 436
f 430 432 434
f 434 432 436
f 431 435 433
f 435 437 433
f 434 438 435
f 435 438 439
f 436 437 440
f 437 441 440
f 434 436 438
f 438 436 440
f 435 439 437
f 439 441 437
f 438 442 439
f 439 442 443
f 440 441 444
f 441 445 444
f 438 440 442
f 442 440 444
f 439 443 441
f 443 445 441
f 442 446 443
f 443 446 447
f 444 445 448
f 445 449 448
f 442 444 446
f 446 444 448
f 443 447 445
f 447 449 445
f 446 450 447
f 447 450 451
f 448 449 452
f 449 453 452
f 446 448 450
f 450 448 452
f 447 451 449
f 451 453 449
f 450 454 451
f 451 454 455
f 452 453 456
f 453 457 456
f 450 452 454
f 454 452 456
f 451 455 453
f 455 457 453
f 454 458 455
f 455 458 459
f 456 457 460
f 457 461 460
f 454 456 458
f 458 456 460
f 455 459 457
f 459 461 457
f 458 462 459
f 459 462 463
f 460 461 464
f 461 465 464
f 458 460 462
f 462 460 464
f 459 463 461
f 463 465 461
f 462 466 463
f 463 466 467
f 464 465 468
f 465 469 468
f 462 464 466
f 466 464 468
f 463 467 465
f 467 469 465
f 466 470 467
f 467 470 471
f 468 469 472
f 469 473 472
f 466 468 470
f 470 468 472
f 467 471 469
f 471 473 469
f 470 474 471
f 471 474 475
f 472 473 476
f 473 477 476
f 470 472 474
f 474 472 476
f 471 475 473
f 475 477 473
f 474 478 475
f 475 478 479
f 476 477 480
f 477 481 480
f 474 476 478
f 478 476 480
f 475 479 477
f 479 481 477
f 478 482 479
f 479 482 483
f 480 481 484
f 481 485 484
f 478 480 482
f 482 480 484
f 479 483 481
f 483 485 481
f 482 486 483
f 483 486 487
f 484 485 488
f 485 489 488
f 482 484 486
f 486 484 488
f 483 487 485
f 487 489 485
f 486 490 487
f 487 490 491
f 488 489 492
f 489 493 492
f 486 488 490
f 490 488 492
f 487 491 489
f 491 493 489
f 490 494 491
f 491 494 495
f 492 493 496
f 493 497 496
f 490 492 494
f 494 492 496
f 491 495 493
f 495 497 493
f 494 498 495
f 495 498 499
f 496 497 500
f 497 501 500
f 494 496 498
f 498 496 500
f 495 499 497
f 499 501 497
f 498 502 499
f 499 502 503
f 500 501 504
f 501 505 504
f 498 500 502
f 502 500 504
f 499 503 501
f 503 505 501
f 502 506 503
f 503 506 507
f 504 505 508
f 505 509 508
f 502 504 506
f 506 504 508
f 503 507 505
f 507 509 505
f 506 510 507
f 507 510 511
f 508 509 512
f 509 513 512
f 506 508 510
f 510 508 512
f 507 511 509
f 511 513 509
f 510 514 511
f 511 514 515
f 512 513 516
f 513 517 516
f 510 512 514
f 514 512 516
f 511 515 513
f 515 517 513
f 514 518 515
f 515 518 519
f 516 517 520
f 517 521 520
f 514 516 518
f 518 516 520
f 515 519 517
f 519 521 517
f 518 522 519
f 519 522 523
f 520 521 524
f 521 525 524
f 518 520 522
f 522 520 524
f 519 523 521
f 523 525 521
f 522 526 523
f 523 526 527
f 524 525 528
f 525 529 528
f 522 524 526
f 526 524 528
f 523 527 525
f 527 529 525
f 526 530 527
f 527 530 531
f 528 529 532
f 529 533 532
f 526 528 530
f 530 528 532
f 527 531 529
f 531 533 529
f 530 534 531
f 531 534 535
f 532 533 536
f 533 537 536
f 530 532 534
f 534 532 536
f 531 535 533
f 535 537 533
f 534 538 535
f 535 538 539
f 536 537 540
f 537 541 540
f 534 536 538
f 538 536 540
f 535 539 537
f 539 541 537
f 538 542 539
f 539 542 543
f 540 541 544
f 541 545 544
f 538 540 542
f 542 540 544
f 539 543 541
f 543 545 541
f 542 546 543
f 543 546 547
f 544 545 548
f 545 549 548
f 542 544 546
f 546 544 548
f 543 547 545
f 547 549 545
f 546 550 547
f 547 550 551
f 548 549 552
f 549 553 552
f 546 548 550
f 550 548 552
f 547 551 549
f 551 553 549
f 550 554 551
f 551 554 555
f 552 553 556
f 553 557 556
f 550 552 554
f 554 552 556
f 551 555 553
f 555 557 553
f 554 558 555
f 555 558 559
f 556 557 560
f 557 561 560
f 554 556 558
f 558 556 560
f 555 559 557
f 559 561 557
f 558 562 559
f 559 562 563
f 560 561 564
f 561 565 564
f 558 560 562
f 562 560 564
f 559 563 561
f 563 565 561
f 562 566 563
f 563 566 567
f 564 565 568
f 565 569 568
f 562 564 566
f 566 564 568
f 563 567 565
f 567 569 565
f 566 570 567
f 567 570 571
f 568 569 572
f 569 573 572
f 566 568 570
f 570 568 572
f 567 571 569
f 571 573 569
f 570 574 571
f 571 574 575
f 572 573 576
f 573 577 576
f 570 572 574
f 574 572 576
f 571 575 573
f 575 577 573
f 574 322 575
f 575 322 323
f 576 577 324
f 577 325 324
f 574 576 322
f 322 576 324
f 575 323 577
f 323 325 577
f 578 579 580
f 580 579 581
f 580 581 582
f 582 581 583
f 582 583 584
f 584 583 585
f 584 585 586
f 586 585 587
f 586 587 588
f 588 587 589
f 588 589 590
f 590 589 591
f 590 591 592
f 592 591 593
f 592 593 594
f 594 593 595
f 594 595 596
f 596 595 597
f 596 597 598
f 598 597 599
f 598 599 600
f 600 599 601
f 600 601 602
f 602 601 603
f 602 603 604
f 604 603 605
f 604 605 606
f 606 605 607
f 606 607 608
f 608 607 609
f 608 609 610
f 610 609 611
f 610 611 612
f 612 611 613
f 612 613 614
f 614 613 615
f 614 615 616
f 616 615 617
f 616 617 618
f 618 617 619
f 618 619 620
f 620 619 621
f 620 621 622
f 622 621 623
f 622 623 624
f 624 623 625
f 624 625 626
f 626 625 627
f 626 627 628
f 628 627 629
f 628 629 630
f 630 629 631
f 630 631 632
f 632 631 633
f 632 633 634
f 634 633 635
f 634 635 636
f 636 635 637
f 636 637 638
f 638 637 639
f 638 639 640
f 640 639 641
f 640 641 642
f 642 641 643
f 642 643 644
f 644 643 645
f 644 645 646
f 646 645 647
f 646 647 648
f 648 647 649
f 648 649 650
f 650 649 651
f 650 651 652
f 652 651 653
f 652 653 654
f 654 653 655
f 654 655 656
f 656 655 657
f 656 657 658
f 658 657 659
f 658 659 660
f 660 659 661
f 660 661 662
f 662 661 663
f 662 663 664
f 664 663 665
f 664 665 666
f 666 665 667
f 666 667 668
f 668 667 669
f 668 669 670
f 670 669 671
f 670 671 672
f 672 671 673
f 672 673 674
f 674 673 675
f 674 675 676
f 676 675 677
f 676 677 678
f 678 677 679
f 678 679 680
f 680 679 681
f 680 681 682
f 682 681 683
f 682 683 684
f 684 683 685
f 684 685 686
f 686 685 687
f 686 687 688
f 688 687 689
f 688 689 690
f 690 689 691
f 690 691 692
f 692 691 693
f 692 693 694
f 694 693 695
f 694 695 696
f 696 695 697
f 696 697 698
f 698 697 699
f 698 699 700
f 700 699 701
f 700 701 702
f 702 701 703
f 702 703 704
f 704 703 705
f 704 705 578
f 578 705 579
f 706 707 708
f 708 707 709
f 708 709 710
f 710 709 711
f 710 711 712
f 712 711 713
f 712 713 714
f 714 713 715
f 714 715 716
f 716 715 717
f 716 717 718
f 718 717 719
f 718 719 720
f 720 719 721
f 720 721 722
f 722 721 723
f 722 723 724
f 724 723 725
f 724 725 726
f 726 725 727
f 726 727 728
f 728 727 729
f 728 729 730
f 730 729 731
f 730 731 732
f 732 731 733
f 732 733 734
f 734 733 735
f 734 735 736
f 736 735 737
f 736 737 738
f 738 737 739
f 738 739 740
f 740 739 741
f 740 741 742
f 742 741 743
f 742 743 744
f 744 743 745
f 744 745 746
f 746 745 747
f 746 747 748
f 748 747 749
f 748 749 750
f 750 749 751
f 750 751 752
f 752 751 753
f 752 753 754
f 754 753 755
f 754 755 756
f 756 755 757
f 756 757 758
f 758 757 759
f 758 759 760
f 760 759 761
f 760 761 762
f 762 761 763
f 762 763 764
f 764 763 765
f 764 765 766
f 766 765 767
f 766 767 768
f 768 767 769
f 768 769 770
f 770 769 771
f 770 771 772
f 772 771 773
f 772 773 774
f 774 773 775
f 774 775 776
f 776 775 777
f 776 777 778
f 778 777 779
f 778 779 780
f 780 779 781
f 780 781 782
f 782 781 783
f 782 783 784
f 784 783 785
f 784 785 786
f 786 785 787
f 786 787 788
f 788 787 789
f 788 789 790
f 790 789 791
f 790 791 792
f 792 791 793
f 792 793 794
f 794 793 795
f 794 795 796
f 796 795 797
f 796 797 798
f 798 797 799
f 798 799 800
f 800 799 801
f 800 801 802
f 802 801 803
f 802 803 804
f 804 803 805
f 804 805 806
f 806 805 807
f 806 807 808
f 808 807 809
f 808 809 810
f 810 809 811
f 810 811 812
f 812 811 813
f 812 813 814
f 814 813 815
f 814 815 816
f 816 815 817
f 816 817 818
f 818 817 819
f 818 819 820
f 820 819 821
f 820 821 822
f 822 821 823
f 822 823 824
f 824 823 825
f 824 825 826
f 826 825 827
f 826 827 828
f 828 827 829
f 828 829 830
f 830 829 831
f 830 831 832
f 832 831 833
f 832 833 706
f 706 833 707
f 834 838 835
f 835 838 839
f 836 837 840
f 837 841 840
f 834 836 838
f 838 836 840
f 835 839 837
f 839 841 837
f 838 842 839
f 839 842 843
f 840 841 844
f 841 845 844
f 838 840 842
f 842 840 844
f 839 843 841
f 843 845 841
f 842 846 843
f 843 846 847
f 844 845 848
f 845 849 848
f 842 844 846
f 846 844 848
f 843 847 845
f 847 849 845
f 846 850 847
f 847 850 851
f 848 849 852
f 849 853 852
f 846 848 850
f 850 848 852
f 847 851 849
f 851 853 849
f 850 854 851
f 851 854 855
f 852 853 856
f 853 857 856
f 850 852 854
f 854 852 856
f 851 855 853
f 855 857 853
f 854 858 855
f 855 858 859
f 856 857 860
f 857 861 860
f 854 856 858
f 858 856 860
f 855 859 857
f 859 861 857
f 858 862 859
f 859 862 863
f 860 861 864
f 861 865 864
f 858 860 862
f 862 860 864
f 859 863 861
f 863 865 861
f 862 866 863
f 863 866 867
f 864 865 868
f 865 869 868
f 862 864 866
f 866 864 868
f 863 867 865
f 867 869 865
f 866 870 867
f 867 870 871
f 868 869 872
f 869 873 872
f 866 868 870
f 870 868 872
f 867 871 869
f 871 873 869
f 870 874 871
f 871 874 875
f 872 873 876
f 873 877 876
f 870 872 874
f 874 872 876
f 871 875 873
f 875 877 873
f 874 878 875
f 875 878 879
f 876 877 880
f 877 881 880
f 874 876 878
f 878 876 880
f 875 879 877
f 879 881 877
f 878 882 879
f 879 882 883
f 880 881 884
f 881 885 884
f 878 880 882
f 882 880 884
f 879 883 881
f 883 885 881
f 882 886 883
f 883 886 887
f 884 885 888
f 885 889 888
f 882 884 886
f 886 884 888
f 883 887 885
f 887 889 885
f 886 890 887
f 887 890 891
f 888 889 892
f 889 893 892
f 886 888 890
f 890 888 892
f 887 891 889
f 891 893 889
f 890 894 891
f 891 894 895
f 892 893 896
f 893 897 896
f 890 892 894
f 894 892 896
f 891 895 893
f 895 897 893
f 894 898 895
f 895 898 899
f 896 897 900
f 897 901 900
f 894 896 898
f 898 896 900
f 895 899 897
f 899 901 897
f 898 902 899
f 899 902 903
f 900 901 904
f 901 905 904
f 898 900 902
f 902 900 904
f 899 903 901
f 903 905 901
f 902 906 903
f 903 906 907
f 904 905 908
f 905 909 908
f 902 904 906
f 906 904 908
f 903 907 905
f 907 909 905
f 906 910 907
f 907 910 911
f 908 909 912
f 909 913 912
f 906 908 910
f 910 908 912
f 907 911 909
f 911 913 909
f 910 914 911
f 911 914 915
f 912 913 916
f 913 917 916
f 910 912 914
f 914 912 916
f 911 915 913
f 915 917 913
f 914 918 915
f 915 918 919
f 916 917 920
f 917 921 920
f 914 916 918
f 918 916 920
f 915 919 917
f 919 921 917
f 918 922 919
f 919 922 923
f 920 921 924
f 921 925 924
f 918 920 922
f 922 920 924
f 919 923 921
f 923 925 921
f 922 926 923
f 923 926 927
f 924 925 928
f 925 929 928
f 922 924 926
f 926 924 928
f 923 927 925
f 927 929 925
f 926 930 927
f 927 930 931
f 928 929 932
f 929 933 932
f 926 928 930
f 930 928 932
f 927 931 929
f 931 933 929
f 930 934 931
f 931 934 935
f 932 933 936
f 933 937 936
f 930 932 934
f 934 932 936
f 931 935 933
f 935 937 933
f 934 938 935
f 935 938 939
f 936 937 940
f 937 941 940
f 934 936 938
f 938 936 940
f 935 939 937
f 939 941 937
f 938 942 939
f 939 942 943
f 940 941 944
f 941 945 944
f 938 940 942
f 942 940 944
f 939 943 941
f 943 945 941
f 942 946 943
f 943 946 947
f 944 945 948
f 945 949 948
f 942 944 946
f 946 944 948
f 943 947 945
f 947 949 945
f 946 950 947
f 947 950 951
f 948 949 952
f 949 953 952
f 946 948 950
f 950 948 952
f 947 951 949
f 951 953 949
f 950 954 951
f 951 954 955
f 952 953 956
f 953 957 956
f 950 952 954
f 954 952 956
f 951 955 953
f 955 957 953
f 954 958 955
f 955 958 959
f 956 957 960
f 957 961 960
f 954 956 958
f 958 956 960
f 955 959 957
f 959 961 957
f 958 962 959
f 959 962 963
f 960 961 964
f 961 965 964
f 958 960 962
f 962 960 964
f 959 963 961
f 963 965 961
f 962 966 963
f 963 966 967
f 964 965 968
f 965 969 968
f 962 964 966
f 966 964 968
f 963 967 965
f 967 969 965
f 966 970 967
f 967 970 971
f 968 969 972
f 969 973 972
f 966 968 970
f 970 968 972
f 967 971 969
f 971 973 969
f 970 974 971
f 971 974 975
f 972 973 976
f 973 977 976
f 970 972 974
f 974 972 976
f 971 975 973
f 975 977 973
f 974 978 975
f 975 978 979
f 976 977 980
f 977 981 980
f 974 976 978
f 978 976 980
f 975 979 977
f 979 981 977
f 978 982 979
f 979 982 983
f 980 981 984
f 981 985 984
f 978 980 982
f 982 980 984
f 979 983 981
f 983 985 981
f 982 986 983
f 983 986 987
f 984 985 988
f 985 989 988
f 982 984 986
f 986 984 988
f 983 987 985
f 987 989 985
f 986 990 987
f 987 990 991
f 988 989 992
f 989 993 992
f 986 988 990
f 990 988 992
f 987 991 989
f 991 993 989
f 990 994 991
f 991 994 995
f 992 993 996
f 993 997 996
f 990 992 994
f 994 992 996
f 991 995 993
f 995 997 993
f 994 998 995
f 995 998 999
f 996 997 1000
f 997 1001 1000
f 994 996 998
f 998 996 1000
f 995 999 997
f 999 1001 997
f 998 1002 999
f 999 1002 1003
f 1000 1001 1004
f 1001 1005 1004
f 998 1000 1002
f 1002 1000 1004
f 999 1003 1001
f 1003 1005 1001
f 1002 1006 1003
f 1003 1006 1007
f 1004 1005 1008
f 1005 1009 1008
f 1002 1004 1006
f 1006 1004 1008
f 1003 1007 1005
f 1007 1009 1005
f 1006 1010 1007
f 1007 1010 1011
f 1008 1009 1012
f 1009 1013 1012
f 1006 1008 1010
f 1010 1008 1012
f 1007 1011 1009
f 1011 1013 1009
f 1010 1014 1011
f 1011 1014 1015
f 1012 1013 1016
f 1013 1017 1016
f 1010 1012 1014
f 1014 1012 1016
f 1011 1015 1013
f 1015 1017 1013
f 1014 1018 1015
f 1015 1018 1019
f 1016 1017 1020
f 1017 1021 1020
f 1014 1016 1018
f 1018 1016 1020
f 1015 1019 1017
f 1019 1021 1017
f 1018 1022 1019
f 1019 1022 1023
f 1020 1021 1024
f 1021 1025 1024
f 1018 1020 1022
f 1022 1020 1024
f 1019 1023 1021
f 1023 1025 1021
f 1022 1026 1023
f 1023 1026 1027
f 1024 1025 1028
f 1025 1029 1028
f 1022 1024 1026
f 1026 1024 1028
f 1023 1027 1025
f 1027 1029 1025
f 1026 1030 1027
f 1027 1030 1031
f 1028 1029 1032
f 1029 1033 1032
f 1026 1028 1030
f 1030 1028 1032
f 1027 1031 1029
f 1031 1033 1029
f 1030 1034 1031
f 1031 1034 1035
f 1032 1033 1036
f 1033 1037 1036
f 1030 1032 1034
f 1034 1032 1036
f 1031 1035 1033
f 1035 1037 1033
f 1034 1038 1035
f 1035 1038 1039
f 1036 1037 1040
f 1037 1041 1040
f 1034 1036 1038
f 1038 1036 1040
f 1035 1039 1037
f 1039 1041 1037
f 1038 1042 1039
f 1039 1042 1043
f 1040 1041 1044
f 1041 1045 1044
f 1038 1040 1042
f 1042 1040 1044
f 1039 1043 1041
f 1043 1045 1041
f 1042 1046 1043
f 1043 1046 1047
f 1044 1045 1048
f 1045 1049 1048
f 1042 1044 1046
f 1046 1044 1048
f 1043 1047 1045
f 1047 1049 1045
f 1046 1050 1047
f 1047 1050 1051
f 1048 1049 1052
f 1049 1053 1052
f 1046 1048 1050
f 1050 1048 1052
f 1047 1051 1049
f 1051 1053 1049
f 1050 1054 1051
f 1051 1054 1055
f 1052 1053 1056
f 1053 1057 1056
f 1050 1052 1054
f 1054 1052 1056
f 1051 1055 1053
f 1055 1057 1053
f 1054 1058 1055
f 1055 1058 1059
f 1056 1057 1060
f 1057 1061 1060
f 1054 1056 1058
f 1058 1056 1060
f 1055 1059 1057
f 1059 1061 1057
f 1058 1062 1059
f 1059 1062 1063
f 1060 1061 1064
f 1061 1065 1064
f 1058 1060 1062
f 1062 1060 1064
f 1059 1063 1061
f 1063 1065 1061
f 1062 1066 1063
f 1063 1066 1067
f 1064 1065 1068
f 1065 1069 1068
f 1062 1064 1066
f 1066 1064 1068
f 1063 1067 1065
f 1067 1069 1065
f 1066 1070 1067
f 1067 1070 1071
f 1068 1069 1072
f 1069 1073 1072
f 1066 1068 1070
f 1070 1068 1072
f 1067 1071 1069
f 1071 1073 1069
f 1070 1074 1071
f 1071 1074 1075
f 1072 1073 1076
f 1073 1077 1076
f 1070 1072 1074
f 1074 1072 1076
f 1071 1075 1073
f 1075 1077 1073
f 1074 1078 1075
f 1075 1078 1079
f 1076 1077 1080
f 1077 1081 1080
f 1074 1076 1078
f 1078 1076 1080
f 1075 1079 1077
f 1079 1081 1077
f 1078 1082 1079
f 1079 1082 1083
f 1080 1081 1084
f 1081 1085 1084
f 1078 1080 1082
f 1082 1080 1084
f 1079 1083 1081
f 1083 1085 1081
f 1082 1086 1083
f 1083 1086 1087
f 1084 1085 1088
f 1085 1089 1088
f 1082 1084 1086
f 1086 1084 1088
f 1083 1087 1085
f 1087 1089 1085
f 1086 834 1087
f 1087 834 835
f 1088 1089 836
f 1089 837 836
f 1086 1088 834
f 834 1088 836
f 1087 835 1089
f 835 837 1089
f 1090 1091 1092
f 1092 1091 1093
f 1092 1093 1094
f 1094 1093 1095
f 1094 1095 1096
f 1096 1095 1097
f 1096 1097 1098
f 1098 1097 1099
f 1098 1099 1100
f 1100 1099 1101
f 1100 1101 1102
f 1102 1101 1103
f 1102 1103 1104
f 1104 1103 1105
f 1104 1105 1106
f 1106 1105 1107
f 1106 1107 1108
f 1108 1107 1109
f 1108 1109 1110
f 1110 1109 1111
f 1110 1111 1112
f 1112 1111 1113
f 1112 1113 1114
f 1114 1113 1115
f 1114 1115 1116
f 1116 1115 1117
f 1116 1117 1118
f 1118 1117 1119
f 1118 1119 1120
f 1120 1119 1121
f 1120 1121 1122
f 1122 1121 1123
f 1122 1123 1124
f 1124 1123 1125
f 1124 1125 1126
f 1126 1125 1127
f 1126 1127 1128
f 1128 1127 1129
f 1128 1129 1130
f 1130 1129 1131
f 1130 1131 1132
f 1132 1131 1133
f 1132 1133 1134
f 1134 1133 1135
f 1134 1135 1136
f 1136 1135 1137
f 1136 1137 1138
f 1138 1137 1139
f 1138 1139 1140
f 1140 1139 1141
f 1140 1141 1142
f 1142 1141 1143
f 1142 1143 1144
f 1144 1143 1145
f 1144 1145 1146
f 1146 1145 1147
f 1146 1147 1148
f 1148 1147 1149
f 1148 1149 1150
f 1150 1149 1151
f 1150 1151 1152
f 1152 1151 1153
f 1152 1153 1154
f 1154 1153 1155
f 1154 1155 1156
f 1156 1155 1157
f 1156 1157 1158
f 1158 1157 1159
f 1158 1159 1160
f 1160 1159 1161
f 1160 1161 1162
f 1162 1161 1163
f 1162 1163 1164
f 1164 1163 1165
f 1164 1165 1166
f 1166 1165 1167
f 1166 1167 1168
f 1168 1167 1169
f 1168 1169 1170
f 1170 1169 1171
f 1170 1171 1172
f 1172 1171 1173
f 1172 1173 1174
f 1174 1173 1175
f 1174 1175 1176
f 1176 1175 1177
f 1176 1177 1178
f 1178 1177 1179
f 1178 1179 1180
f 1180 1179 1181
f 1180 1181 1182
f 1182 1181 1183
f 1182 1183 1184
f 1184 1183 1185
f 1184 1185 1186
f 1186 1185 1187
f 1186 1187 1188
f 1188 1187 1189
f 1188 1189 1190
f 1190 1189 1191
f 1190 1191 1192
f 1192 1191 1193
f 1192 1193 1194
f 1194 1193 1195
f 1194 1195 1196
f 1196 1195 1197
f 1196 1197 1198
f 1198 1197 1199
f 1198 1199 1200
f 1200 1199 1201
f 1200 1201 1202
f 1202 1201 1203
f 1202 1203 1204
f 1204 1203 1205
f 1204 1205 1206
f 1206 1205 1207
f 1206 1207 1208
f 1208 1207 1209
f 1208 1209 1210
f 1210 1209 1211
f 1210 1211 1212
f 1212 1211 1213
f 1212 1213 1214
f 1214 1213 1215
f 1214 1215 1216
f 1216 1215 1217
f 1216 1217 1090
f 1090 1217 1091
f 1218 1222 1219
f 1219 1222 1223
f 1220 1221 1224
f 1221 1225 1224
f 1218 1220 1222
f 1222 1220 1224
f 1219 1223 1221
f 1223 1225 1221
f 1222 1226 1223
f 1223 1226 1227
f 1224 1225 1228
f 1225 1229 1228
f 1222 1224 1226
f 1226 1224 1228
f 1223 1227 1225
f 1227 1229 1225
f 1226 1230 1227
f 1227 1230 1231
f 1228 1229 1232
f 1229 1233 1232
f 1226 1228 1230
f 1230 1228 1232
f 1227 1231 1229
f 1231 1233 1229
f 1230 1234 1231
f 1231 1234 1235
f 1232 1233 1236
f 1233 1237 1236
f 1230 1232 1234
f 1234 1232 1236
f 1231 1235 1233
f 1235 1237 1233
f 1234 1238 1235
f 1235 1238 1239
f 1236 1237 1240
f 1237 1241 1240
f 1234 1236 1238
f 1238 1236 1240
f 1235 1239 1237
f 1239 1241 1237
f 1238 1242 1239
f 1239 1242 1243
f 1240 1241 1244
f 1241 1245 1244
f 1238 1240 1242
f 1242 1240 1244
f 1239 1243 1241
f 1243 1245 1241
f 1242 1246 1243
f 1243 1246 1247
f 1244 1245 1248
f 1245 1249 1248
f 1242 1244 1246
f 1246 1244 1248
f 1243 1247 1245
f 1247 1249 1245
f 1246 1250 1247
f 1247 1250 1251
f 1248 1249 1252
f 1249 1253 1252
f 1246 1248 1250
f 1250 1248 1252
f 1247 1251 1249
f 1251 1253 1249
f 1250 1254 1251
f 1251 1254 1255
f 1252 1253 1256
f 1253 1257 1256
f 1250 1252 1254
f 1254 1252 1256
f 1251 1255 1253
f 1255 1257 1253
f 1254 1258 1255
f 1255 1258 1259
f 1256 1257 1260
f 1257 1261 1260
f 1254 1256 1258
f 1258 1256 1260
f 1255 1259 1257
f 1259 1261 1257
f 1258 1262 1259
f 1259 1262 1263
f 1260 1261 1264
f 1261 1265 1264
f 1258 1260 1262
f 1262 1260 1264
f 1259 1263 1261
f 1263 1265 1261
f 1262 1266 1263
f 1263 1266 1267
f 1264 1265 1268
f 1265 1269 1268
f 1262 1264 1266
f 1266 1264 1268
f 1263 1267 1265
f 1267 1269 1265
f 1266 1270 1267
f 1267 1270 1271
f 1268 1269 1272
f 1269 1273 1272
f 1266 1268 1270
f 1270 1268 1272
f 1267 1271 1269
f 1271 1273 1269
f 1270 1274 1271
f 1271 1274 1275
f 1272 1273 1276
f 1273 1277 1276
f 1270 1272 1274
f 1274 1272 1276
f 1271 1275 1273
f 1275 1277 1273
f 1274 1278 1275
f 1275 1278 1279
f 1276 1277 1280
f 1277 1281 1280
f 1274 1276 1278
f 1278 1276 1280
f 1275 1279 1277
f 1279 1281 1277
f 1278 1282 1279
f 1279 1282 1283
f 1280 1281 1284
f 1281 1285 1284
f 1278 1280 1282
f 1282 1280 1284
f 1279 1283 1281
f 1283 1285 1281
f 1282 1286 1283
f 1283 1286 1287
f 1284 1285 1288
f 1285 1289 1288
f 1282 1284 1286
f 1286 1284 1288
f 1283 1287 1285
f 1287 1289 1285
f 1286 1290 1287
f 1287 1290 1291
f 1288 1289 1292
f 1289 1293 1292
f 1286 1288 1290
f 1290 1288 1292
f 1287 1291 1289
f 1291 1293 1289
f 1290 1294 1291
f 1291 1294 1295
f 1292 1293 1296
f 1293 1297 1296
f 1290 1292 1294
f 1294 1292 1296
f 1291 1295 1293
f 1295 1297 1293
f 1294 1298 1295
f 1295 1298 1299
f 1296 1297 1300
f 1297 1301 1300
f 1294 1296 1298
f 1298 1296 1300
f 1295 1299 1297
f 1299 1301 1297
f 1298 1302 1299
f 1299 1302 1303
f 1300 1301 1304
f 1301 1305 1304
f 1298 1300 1302
f 1302 1300 1304
f 1299 1303 1301
f 1303 1305 1301
f 1302 1306 1303
f 1303 1306 1307
f 1304 1305 1308
f 1305 1309 1308
f 1302 1304 1306
f 1306 1304 1308
f 1303 1307 1305
f 1307 1309 1305
f 1306 1310 1307
f 1307 1310 1311
f 1308 1309 1312
f 1309 1313 1312
f 1306 1308 1310
f 1310 1308 1312
f 1307 1311 1309
f 1311 1313 1309
f 1310 1314 1311
f 1311 1314 1315
f 1312 1313 1316
f 1313 1317 1316
f 1310 1312 1314
f 1314 1312 1316
f 1311 1315 1313
f 1315 1317 1313
f 1314 1318 1315
f 1315 1318 1319
f 1316 1317 1320
f 1317 1321 1320
f 1314 1316 1318
f 1318 1316 1320
f 1315 1319 1317
f 1319 1321 1317
f 1318 1322 1319
f 1319 1322 1323
f 1320 1321 1324
f 1321 1325 1324
f 1318 1320 1322
f 1322 1320 1324
f 1319 1323 1321
f 1323 1325 1321
f 1322 1326 1323
f 1323 1326 1327
f 1324 1325 1328
f 1325 1329 1328
f 1322 1324 1326
f 1326 1324 1328
f 1323 1327 1325
f 1327 1329 1325
f 1326 1330 1327
f 1327 1330 1331
f 1328 1329 1332
f 1329 1333 1332
f 1326 1328 1330
f 1330 1328 1332
f 1327 1331 1329
f 1331 1333 1329
f 1330 1334 1331
f 1331 1334 1335
f 1332 1333 1336
f 1333 1337 1336
f 1330 1332 1334
f 1334 1332 1336
f 1331 1335 1333
f 1335 1337 1333
f 1334 1338 1335
f 1335 1338 1339
f 1336 1337 1340
f 1337 1341 1340
f 1334 1336 1338
f 1338 1336 1340
f 1335 1339 1337
f 1339 1341 1337
f 1338 1342 1339
f 1339 1342 1343
f 1340 1341 1344
f 1341 1345 1344
f 1338 1340 1342
f 1342 1340 1344
f 1339 1343 1341
f 1343 1345 1341
f 1342 1346 1343
f 1343 1346 1347
f 1344 1345 1348
f 1345 1349 1348
f 1342 1344 1346
f 1346 1344 1348
f 1343 1347 1345
f 1347 1349 1345
f 1346 1350 1347
f 1347 1350 1351
f 1348 1349 1352
f 1349 1353 1352
f 1346 1348 1350
f 1350 1348 1352
f 1347 1351 1349
f 1351 1353 1349
f 1350 1354 1351
f 1351 1354 1355
f 1352 1353 1356
f 1353 1357 1356
f 1350 1352 1354
f 1354 1352 1356
f 1351 1355 1353
f 1355 1357 1353
f 1354 1358 1355
f 1355 1358 1359
f 1356 1357 1360
f 1357 1361 1360
f 1354 1356 1358
f 1358 1356 1360
f 1355 1359 1357
f 1359 1361 1357
f 1358 1362 1359
f 1359 1362 1363
f 1360 1361 1364
f 1361 1365 1364
f 1358 1360 1362
f 1362 1360 1364
f 1359 1363 1361
f 1363 1365 1361
f 1362 1366 1363
f 1363 1366 1367
f 1364 1365 1368
f 1365 1369 1368
f 1362 1364 1366
f 1366 1364 1368
f 1363 1367 1365
f 1367 1369 1365
f 1366 1370 1367
f 1367 1370 1371
f 1368 1369 1372
f 1369 1373 1372
f 1366 1368 1370
f 1370 1368 1372
f 1367 1371 1369
f 1371 1373 1369
f 1370 1374 1371
f 1371 1374 1375
f 1372 1373 1376
f 1373 1377 1376
f 1370 1372 1374
f 1374 1372 1376
f 1371 1375 1373
f 1375 1377 1373
f 1374 1378 1375
f 1375 1378 1379
f 1376 1377 1380
f 1377 1381 1380
f 1374 1376 1378
f 1378 1376 1380
f 1375 1379 1377
f 1379 1381 1377
f 1378 1382 1379
f 1379 1382 1383
f 1380 1381 1384
f 1381 1385 1384
f 1378 1380 1382
f 1382 1380 1384
f 1379 1383 1381
f 1383 1385 1381
f 1382 1386 1383
f 1383 1386 1387
f 1384 1385 1388
f 1385 1389 1388
f 1382 1384 1386
f 1386 1384 1388
f 1383 1387 1385
f 1387 1389 1385
f 1386 1390 1387
f 1387 1390 1391
f 1388 1389 1392
f 1389 1393 1392
f 1386 1388 1390
f 1390 1388 1392
f 1387 1391 1389
f 1391 1393 1389
f 1390 1394 1391
f 1391 1394 1395
f 1392 1393 1396
f 1393 1397 1396
f 1390 1392 1394
f 1394 1392 1396
f 1391 1395 1393
f 1395 1397 1393
f 1394 1398 1395
f 1395 1398 1399
f 1396 1397 1400
f 1397 1401 1400
f 1394 1396 1398
f 1398 1396 1400
f 1395 1399 1397
f 1399 1401 1397
f 1398 1402 1399
f 1399 1402 1403
f 1400 1401 1404
f 1401 1405 1404
f 1398 1400 1402
f 1402 1400 1404
f 1399 1403 1401
f 1403 1405 1401
f 1402 1406 1403
f 1403 1406 1407
f 1404 1405 1408
f 1405 1409 1408
f 1402 1404 1406
f 1406 1404 1408
f 1403 1407 1405
f 1407 1409 1405
f 1406 1410 1407
f 1407 1410 1411
f 1408 1409 1412
f 1409 1413 1412
f 1406 1408 1410
f 1410 1408 1412
f 1407 1411 1409
f 1411 1413 1409
f 1410 1414 1411
f 1411 1414 1415
f 1412 1413 1416
f 1413 1417 1416
f 1410 1412 1414
f 1414 1412 1416
f 1411 1415 1413
f 1415 1417 1413
f 1414 1418 1415
f 1415 1418 1419
f 1416 1417 1420
f 1417 1421 1420
f 1414 1416 1418
f 1418 1416 1420
f 1415 1419 1417
f 1419 1421 1417
f 1418 1422 1419
f 1419 1422 1423
f 1420 1421 1424
f 1421 1425 1424
f 1418 1420 1422
f 1422 1420 1424
f 1419 1423 1421
f 1423 1425 1421
f 1422 1426 1423
f 1423 1426 1427
f 1424 1425 1428
f 1425 1429 1428
f 1422 1424 1426
f 1426 1424 1428
f 1423 1427 1425
f 1427 1429 1425
f 1426 1430 1427
f 1427 1430 1431
f 1428 1429 1432
f 1429 1433 1432
f 1426 1428 1430
f 1430 1428 1432
f 1427 1431 1429
f 1431 1433 1429
f 1430 1434 1431
f 1431 1434 1435
f 1432 1433 1436
f 1433 1437 1436
f 1430 1432 1434
f 1434 1432 1436
f 1431 1435 1433
f 1435 1437 1433
f 1434 1438 1435
f 1435 1438 1439
f 1436 1437 1440
f 1437 1441 1440
f 1434 1436 1438
f 1438 1436 1440
f 1435 1439 1437
f 1439 1441 1437
f 1438 1442 1439
f 1439 1442 1443
f 1440 1441 1444
f 1441 1445 1444
f 1438 1440 1442
f 1442 1440 1444
f 1439 1443 1441
f 1443 1445 1441
f 1442 1446 1443
f 1443 1446 1447
f 1444 1445 1448
f 1445 1449 1448
f 1442 1444 1446
f 1446 1444 1448
f 1443 1447 1445
f 1447 1449 1445
f 1446 1450 1447
f 1447 1450 1451
f 1448 1449 1452
f 1449 1453 1452
f 1446 1448 1450
f 1450 1448 1452
f 1447 1451 1449
f 1451 1453 1449
f 1450 1454 1451
f 1451 1454 1455
f 1452 1453 1456
f 1453 1457 1456
f 1450 1452 1454
f 1454 1452 1456
f 1451 1455 1453
f 1455 1457 1453
f 1454 1458 1455
f 1455 1458 1459
f 1456 1457 1460
f 1457 1461 1460
f 1454 1456 1458
f 1458 1456 1460
f 1455 1459 1457
f 1459 1461 1457
f 1458 1462 1459
f 1459 1462 1463
f 1460 1461 1464
f 1461 1465 1464
f 1458 1460 1462
f 1462 1460 1464
f 1459 1463 1461
f 1463 1465 1461
f 1462 1466 1463
f 1463 1466 1467
f 1464 1465 1468
f 1465 1469 1468
f 1462 1464 1466
f 1466 1464 1468
f 1463 1467 1465
f 1467 1469 1465
f 1466 1470 1467
f 1467 1470 1471
f 1468 1469 1472
f 1469 1473 1472
f 1466 1468 1470
f 1470 1468 1472
f 1467 1471 1469
f 1471 1473 1469
f 1470 1218 1471
f 1471 1218 1219
f 1472 1473 1220
f 1473 1221 1220
f 1470 1472 1218
f 1218 1472 1220
f 1471 1219 1473
f 1219 1221 1473
f 1474 1475 1476
f 1476 1475 1477
f 1476 1477 1478
f 1478 1477 1479
f 1478 1479 1480
f 1480 1479 1481
f 1480 1481 1482
f 1482 1481 1483
f 1482 1483 1484
f 1484 1483 1485
f 1484 1485 1486
f 1486 1485 1487
f 1486 1487 1488
f 1488 1487 1489
f 1488 1489 1490
f 1490 1489 1491
f 1490 1491 1492
f 1492 1491 1493
f 1492 1493 1494
f 1494 1493 1495
f 1494 1495 1496
f 1496 1495 1497
f 1496 1497 1498
f 1498 1497 1499
f 1498 1499 1500
f 1500 1499 1501
f 1500 1501 1502
f 1502 1501 1503
f 1502 1503 1504
f 1504 1503 1505
f 1504 1505 1506
f 1506 1505 1507
f 1506 1507 1508
f 1508 1507 1509
f 1508 1509 1510
f 1510 1509 1511
f 1510 1511 1512
f 1512 1511 1513
f 1512 1513 1514
f 1514 1513 1515
f 1514 1515 1516
f 1516 1515 1517
f 1516 1517 1518
f 1518 1517 1519
f 1518 1519 1520
f 1520 1519 1521
f 1520 1521 1522
f 1522 1521 1523
f 1522 1523 1524
f 1524 1523 1525
f 1524 1525 1526
f 1526 1525 1527
f 1526 1527 1528
f 1528 1527 1529
f 1528 1529 1530
f 1530 1529 1531
f 1530 1531 1532
f 1532 1531 1533
f 1532 1533 1534
f 1534 1533 1535
f 1534 1535 1536
f 1536 1535 1537
f 1536 1537 1538
f 1538 1537 1539
f 1538 1539 1540
f 1540 1539 1541
f 1540 1541 1542
f 1542 1541 1543
f 1542 1543 1544
f 1544 1543 1545
f 1544 1545 1546
f 1546 1545 1547
f 1546 1547 1548
f 1548 1547 1549
f 1548 1549 1550
f 1550 1549 1551
f 1550 1551 1552
f 1552 1551 1553
f 1552 1553 1554
f 1554 1553 1555
f 1554 1555 1556
f 1556 1555 1557
f 1556 1557 1558
f 1558 1557 1559
f 1558 1559 1560
f 1560 1559 1561
f 1560 1561 1562
f 1562 1561 1563
f 1562 1563 1564
f 1564 1563 1565
f 1564 1565 1566
f 1566 1565 1567
f 1566 1567 1568
f 1568 1567 1569
f 1568 1569 1570
f 1570 1569 1571
f 1570 1571 1572
f 1572 1571 1573
f 1572 1573 1574
f 1574 1573 1575
f 1574 1575 1576
f 1576 1575 1577
f 1576 1577 1578
f 1578 1577 1579
f 1578 1579 1580
f 1580 1579 1581
f 1580 1581 1582
f 1582 1581 1583
f 1582 1583 1584
f 1584 1583 1585
f 1584 1585 1586
f 1586 1585 1587
f 1586 1587 1588
f 1588 1587 1589
f 1588 1589 1590
f 1590 1589 1591
f 1590 1591 1592
f 1592 1591 1593
f 1592 1593 1594
f 1594 1593 1595
f 1594 1595 1596
f 1596 1595 1597
f 1596 1597 1598
f 1598 1597 1599
f 1598 1599 1600
f 1600 1599 1601
f 1600 1601 1474
f 1474 1601 1475
f 1602 1606 1603
f 1603 1606 1607
f 1604 1605 1608
f 1605 1609 1608
f 1602 1604 1606
f 1606 1604 1608
f 1603 1607 1605
f 1607 1609 1605
f 1606 1610 1607
f 1607 1610 1611
f 1608 1609 1612
f 1609 1613 1612
f 1606 1608 1610
f 1610 1608 1612
f 1607 1611 1609
f 1611 1613 1609
f 1610 1614 1611
f 1611 1614 1615
f 1612 1613 1616
f 1613 1617 1616
f 1610 1612 1614
f 1614 1612 1616
f 1611 1615 1613
f 1615 1617 1613
f 1614 1618 1615
f 1615 1618 1619
f 1616 1617 1620
f 1617 1621 1620
f 1614 1616 1618
f 1618 1616 1620
f 1615 1619 1617
f 1619 1621 1617
f 1618 1622 1619
f 1619 1622 1623
f 1620 1621 1624
f 1621 1625 1624
f 1618 1620 1622
f 1622 1620 1624
f 1619 1623 1621
f 1623 1625 1621
f 1622 1626 1623
f 1623 1626 1627
f 1624 1625 1628
f 1625 1629 1628
f 1622 1624 1626
f 1626 1624 1628
f 1623 1627 1625
f 1627 1629 1625
f 1626 1630 1627
f 1627 1630 1631
f 1628 1629 1632
f 1629 1633 1632
f 1626 1628 1630
f 1630 1628 1632
f 1627 1631 1629
f 1631 1633 1629
f 1630 1634 1631
f 1631 1634 1635
f 1632 1633 1636
f 1633 1637 1636
f 1630 1632 1634
f 1634 1632 1636
f 1631 1635 1633
f 1635 1637 1633
f 1634 1638 1635
f 1635 1638 1639
f 1636 1637 1640
f 1637 1641 1640
f 1634 1636 1638
f 1638 1636 1640
f 1635 1639 1637
f 1639 1641 1637
f 1638 1642 1639
f 1639 1642 1643
f 1640 1641 1644
f 1641 1645 1644
f 1638 1640 1642
f 1642 1640 1644
f 1639 1643 1641
f 1643 1645 1641
f 1642 1646 1643
f 1643 1646 1647
f 1644 1645 1648
f 1645 1649 1648
f 1642 1644 1646
f 1646 1644 1648
f 1643 1647 1645
f 1647 1649 1645
f 1646 1650 1647
f 1647 1650 1651
f 1648 1649 1652
f 1649 1653 1652
f 1646 1648 1650
f 1650 1648 1652
f 1647 1651 1649
f 1651 1653 1649
f 1650 1654 1651
f 1651 1654 1655
f 1652 1653 1656
f 1653 1657 1656
f 1650 1652 1654
f 1654 1652 1656
f 1651 1655 1653
f 1655 1657 1653
f 1654 1658 1655
f 1655 1658 1659
f 1656 1657 1660
f 1657 1661 1660
f 1654 1656 1658
f 1658 1656 1660
f 1655 1659 1657
f 1659 1661 1657
f 1658 1662 1659
f 1659 1662 1663
f 1660 1661 1664
f 1661 1665 1664
f 1658 1660 1662
f 1662 1660 1664
f 1659 1663 1661
f 1663 1665 1661
f 1662 1666 1663
f 1663 1666 1667
f 1664 1665 1668
f 1665 1669 1668
f 1662 1664 1666
f 1666 1664 1668
f 1663 1667 1665
f 1667 1669 1665
f 1666 1670 1667
f 1667 1670 1671
f 1668 1669 1672
f 1669 1673 1672
f 1666 1668 1670
f 1670 1668 1672
f 1667 1671 1669
f 1671 1673 1669
f 1670 1674 1671
f 1671 1674 1675
f 1672 1673 1676
f 1673 1677 1676
f 1670 1672 1674
f 1674 1672 1676
f 1671 1675 1673
f 1675 1677 1673
f 1674 1678 1675
f 1675 1678 1679
f 1676 1677 1680
f 1677 1681 1680
f 1674 1676 1678
f 1678 1676 1680
f 1675 1679 1677
f 1679 1681 1677
f 1678 1682 1679
f 1679 1682 1683
f 1680 1681 1684
f 1681 1685 1684
f 1678 1680 1682
f 1682 1680 1684
f 1679 1683 1681
f 1683 1685 1681
f 1682 1686 1683
f 1683 1686 1687
f 1684 1685 1688
f 1685 1689 1688
f 1682 1684 1686
f 1686 1684 1688
f 1683 1687 1685
f 1687 1689 1685
f 1686 1690 1687
f 1687 1690 1691
f 1688 1689 1692
f 1689 1693 1692
f 1686 1688 1690
f 1690 1688 1692
f 1687 1691 1689
f 1691 1693 1689
f 1690 1694 1691
f 1691 1694 1695
f 1692 1693 1696
f 1693 1697 1696
f 1690 1692 1694
f 1694 1692 1696
f 1691 1695 1693
f 1695 1697 1693
f 1694 1698 1695
f 1695 1698 1699
f 1696 1697 1700
f 1697 1701 1700
f 1694 1696 1698
f 1698 1696 1700
f 1695 1699 1697
f 1699 1701 1697
f 1698 1702 1699
f 1699 1702 1703
f 1700 1701 1704
f 1701 1705 1704
f 1698 1700 1702
f 1702 1700 1704
f 1699 1703 1701
f 1703 1705 1701
f 1702 1706 1703
f 1703 1706 1707
f 1704 1705 1708
f 1705 1709 1708
f 1702 1704 1706
f 1706 1704 1708
f 1703 1707 1705
f 1707 1709 1705
f 1706 1710 1707
f 1707 1710 1711
f 1708 1709 1712
f 1709 1713 1712
f 1706 1708 1710
f 1710 1708 1712
f 1707 1711 1709
f 1711 1713 1709
f 1710 1714 1711
f 1711 1714 1715
f 1712 1713 1716
f 1713 1717 1716
f 1710 1712 1714
f 1714 1712 1716
f 1711 1715 1713
f 1715 1717 1713
f 1714 1718 1715
f 1715 1718 1719
f 1716 1717 1720
f 1717 1721 1720
f 1714 1716 1718
f 1718 1716 1720
f 1715 1719 1717
f 1719 1721 1717
f 1718 1722 1719
f 1719 1722 1723
f 1720 1721 1724
f 1721 1725 1724
f 1718 1720 1722
f 1722 1720 1724
f 1719 1723 1721
f 1723 1725 1721
f 1722 1726 1723
f 1723 1726 1727
f 1724 1725 1728
f 1725 1729 1728
f 1722 1724 1726
f 1726 1724 1728
f 1723 1727 1725
f 1727 1729 1725
f 1726 1730 1727
f 1727 1730 1731
f 1728 1729 1732
f 1729 1733 1732
f 1726 1728 1730
f 1730 1728 1732
f 1727 1731 1729
f 1731 1733 1729
f 1730 1734 1731
f 1731 1734 1735
f 1732 1733 1736
f 1733 1737 1736
f 1730 1732 1734
f 1734 1732 1736
f 1731 1735 1733
f 1735 1737 1733
f 1734 1738 1735
f 1735 1738 1739
f 1736 1737 1740
f 1737 1741 1740
f 1734 1736 1738
f 1738 1736 1740
f 1735 1739 1737
f 1739 1741 1737
f 1738 1742 1739
f 1739 1742 1743
f 1740 1741 1744
f 1741 1745 1744
f 1738 1740 1742
f 1742 1740 1744
f 1739 1743 1741
f 1743 1745 1741
f 1742 1746 1743
f 1743 1746 1747
f 1744 1745 1748
f 1745 1749 1748
f 1742 1744 1746
f 1746 1744 1748
f 1743 1747 1745
f 1747 1749 1745
f 1746 1750 1747
f 1747 1750 1751
f 1748 1749 1752
f 1749 1753 1752
f 1746 1748 1750
f 1750 1748 1752
f 1747 1751 1749
f 1751 1753 1749
f 1750 1754 1751
f 1751 1754 1755
f 1752 1753 1756
f 1753 1757 1756
f 1750 1752 1754
f 1754 1752 1756
f 1751 1755 1753
f 1755 1757 1753
f 1754 1758 1755
f 1755 1758 1759
f 1756 1757 1760
f 1757 1761 1760
f 1754 1756 1758
f 1758 1756 1760
f 1755 1759 1757
f 1759 1761 1757
f 1758 1762 1759
f 1759 1762 1763
f 1760 1761 1764
f 1761 1765 1764
f 1758 1760 1762
f 1762 1760 1764
f 1759 1763 1761
f 1763 1765 1761
f 1762 1766 1763
f 1763 1766 1767
f 1764 1765 1768
f 1765 1769 1768
f 1762 1764 1766
f 1766 1764 1768
f 1763 1767 1765
f 1767 1769 1765
f 1766 1770 1767
f 1767 1770 1771
f 1768 1769 1772
f 1769 1773 1772
f 1766 1768 1770
f 1770 1768 1772
f 1767 1771 1769
f 1771 1773 1769
f 1770 1774 1771
f 1771 1774 1775
f 1772 1773 1776
f 1773 1777 1776
f 1770 1772 1774
f 1774 1772 1776
f 1771 1775 1773
f 1775 1777 1773
f 1774 1778 1775
f 1775 1778 1779
f 1776 1777 1780
f 1777 1781 1780
f 1774 1776 1778
f 1778 1776 1780
f 1775 1779 1777
f 1779 1781 1777
f 1778 1782 1779
f 1779 1782 1783
f 1780 1781 1784
f 1781 1785 1784
f 1778 1780 1782
f 1782 1780 1784
f 1779 1783 1781
f 1783 1785 1781
f 1782 1786 1783
f 1783 1786 1787
f 1784 1785 1788
f 1785 1789 1788
f 1782 1784 1786
f 1786 1784 1788
f 1783 1787 1785
f 1787 1789 1785
f 1786 1790 1787
f 1787 1790 1791
f 1788 1789 1792
f 1789 1793 1792
f 1786 1788 1790
f 1790 1788 1792
f 1787 1791 1789
f 1791 1793 1789
f 1790 1794 1791
f 1791 1794 1795
f 1792 1793 1796
f 1793 1797 1796
f 1790 1792 1794
f 1794 1792 1796
f 1791 1795 1793
f 1795 1797 1793
f 1794 1798 1795
f 1795 1798 1799
f 1796 1797 1800
f 1797 1801 1800
f 1794 1796 1798
f 1798 1796 1800
f 1795 1799 1797
f 1799 1801 1797
f 1798 1802 1799
f 1799 1802 1803
f 1800 1801 1804
f 1801 1805 1804
f 1798 1800 1802
f 1802 1800 1804
f 1799 1803 1801
f 1803 1805 1801
f 1802 1806 1803
f 1803 1806 1807
f 1804 1805 1808
f 1805 1809 1808
f 1802 1804 1806
f 1806 1804 1808
f 1803 1807 1805
f 1807 1809 1805
f 1806 1810 1807
f 1807 1810 1811
f 1808 1809 1812
f 1809 1813 1812
f 1806 1808 1810
f 1810 1808 1812
f 1807 1811 1809
f 1811 1813 1809
f 1810 1814 1811
f 1811 1814 1815
f 1812 1813 1816
f 1813 1817 1816
f 1810 1812 1814
f 1814 1812 1816
f 1811 1815 1813
f 1815 1817 1813
f 1814 1818 1815
f 1815 1818 1819
f 1816 1817 1820
f 1817 1821 1820
f 1814 1816 1818
f 1818 1816 1820
f 1815 1819 1817
f 1819 1821 1817
f 1818 1822 1819
f 1819 1822 1823
f 1820 1821 1824
f 1821 1825 1824
f 1818 1820 1822
f 1822 1820 1824
f 1819 1823 1821
f 1823 1825 1821
f 1822 1826 1823
f 1823 1826 1827
f 1824 1825 1828
f 1825 1829 1828
f 1822 1824 1826
f 1826 1824 1828
f 1823 1827 1825
f 1827 1829 1825
f 1826 1830 1827
f 1827 1830 1831
f 1828 1829 1832
f 1829 1833 1832
f 1826 1828 1830
f 1830 1828 1832
f 1827 1831 1829
f 1831 1833 1829
f 1830 1834 1831
f 1831 1834 1835
f 1832 1833 1836
f 1833 1837 1836
f 1830 1832 1834
f 1834 1832 1836
f 1831 1835 1833
f 1835 1837 1833
f 1834 1838 1835
f 1835 1838 1839
f 1836 1837 1840
f 1837 1841 1840
f 1834 1836 1838
f 1838 1836 1840
f 1835 1839 1837
f 1839 1841 1837
f 1838 1842 1839
f 1839 1842 1843
f 1840 1841 1844
f 1841 1845 1844
f 1838 1840 1842
f 1842 1840 1844
f 1839 1843 1841
f 1843 1845 1841
f 1842 1846 1843
f 1843 1846 1847
f 1844 1845 1848
f 1845 1849 1848
f 1842 1844 1846
f 1846 1844 1848
f 1843 1847 1845
f 1847 1849 1845
f 1846 1850 1847
f 1847 1850 1851
f 1848 1849 1852
f 1849 1853 1852
f 1846 1848 1850
f 1850 1848 1852
f 1847 1851 1849
f 1851 1853 1849
f 1850 1854 1851
f 1851 1854 1855
f 1852 1853 1856
f 1853 1857 1856
f 1850 1852 1854
f 1854 1852 1856
f 1851 1855 1853
f 1855 1857 1853
f 1854 1602 1855
f 1855 1602 1603
f 1856 1857 1604
f 1857 1605 1604
f 1854 1856 1602
f 1602 1856 1604
f 1855 1603 1857
f 1603 1605 1857
f 1858 1859 1860
f 1860 1859 1861
f 1860 1861 1862
f 1862 1861 1863
f 1862 1863 1864
f 1864 1863 1865
f 1864 1865 1866
f 1866 1865 1867
f 1866 1867 1868
f 1868 1867 1869
f 1868 1869 1870
f 1870 1869 1871
f 1870 1871 1872
f 1872 1871 1873
f 1872 1873 1874
f 1874 1873 1875
f 1874 1875 1876
f 1876 1875 1877
f 1876 1877 1878
f 1878 1877 1879
f 1878 1879 1880
f 1880 1879 1881
f 1880 1881 1882
f 1882 1881 1883
f 1882 1883 1884
f 1884 1883 1885
f 1884 1885 1886
f 1886 1885 1887
f 1886 1887 1888
f 1888 1887 1889
f 1888 1889 1890
f 1890 1889 1891
f 1890 1891 1892
f 1892 1891 1893
f 1892 1893 1894
f 1894 1893 1895
f 1894 1895 1896
f 1896 1895 1897
f 1896 1897 1898
f 1898 1897 1899
f 1898 1899 1900
f 1900 1899 1901
f 1900 1901 1902
f 1902 1901 1903
f 1902 1903 1904
f 1904 1903 1905
f 1904 1905 1906
f 1906 1905 1907
f 1906 1907 1908
f 1908 1907 1909
f 1908 1909 1910
f 1910 1909 1911
f 1910 1911 1912
f 1912 1911 1913
f 1912 1913 1914
f 1914 1913 1915
f 1914 1915 1916
f 1916 1915 1917
f 1916 1917 1918
f 1918 1917 1919
f 1918 1919 1920
f 1920 1919 1921
f 1920 1921 1922
f 1922 1921 1923
f 1922 1923 1924
f 1924 1923 1925
f 1924 1925 1926
f 1926 1925 1927
f 1926 1927 1928
f 1928 1927 1929
f 1928 1929 1930
f 1930 1929 1931
f 1930 1931 1932
f 1932 1931 1933
f 1932 1933 1934
f 1934 1933 1935
f 1934 1935 1936
f 1936 1935 1937
f 1936 1937 1938
f 1938 1937 1939
f 1938 1939 1940
f 1940 1939 1941
f 1940 1941 1942
f 1942 1941 1943
f 1942 1943 1944
f 1944 1943 1945
f 1944 1945 1946
f 1946 1945 1947
f 1946 1947 1948
f 1948 1947 1949
f 1948 1949 1950
f 1950 1949 1951
f 1950 1951 1952
f 1952 1951 1953
f 1952 1953 1954
f 1954 1953 1955
f 1954 1955 1956
f 1956 1955 1957
f 1956 1957 1958
f 1958 1957 1959
f 1958 1959 1960
f 1960 1959 1961
f 1960 1961 1962
f 1962 1961 1963
f 1962 1963 1964
f 1964 1963 1965
f 1964 1965 1966
f 1966 1965 1967
f 1966 1967 1968
f 1968 1967 1969
f 1968 1969 1970
f 1970 1969 1971
f 1970 1971 1972
f 1972 1971 1973
f 1972 1973 1974
f 1974 1973 1975
f 1974 1975 1976
f 1976 1975 1977
f 1976 1977 1978
f 1978 1977 1979
f 1978 1979 1980
f 1980 1979 1981
f 1980 1981 1982
f 1982 1981 1983
f 1982 1983 1984
f 1984 1983 1985
f 1984 1985 1858
f 1858 1985 1859
f 1986 1990 1987
f 1987 1990 1991
f 1988 1989 1992
f 1989 1993 1992
f 1986 1988 1990
f 1990 1988 1992
f 1987 1991 1989
f 1991 1993 1989
f 1990 1994 1991
f 1991 1994 1995
f 1992 1993 1996
f 1993 1997 1996
f 1990 1992 1994
f 1994 1992 1996
f 1991 1995 1993
f 1995 1997 1993
f 1994 1998 1995
f 1995 1998 1999
f 1996 1997 2000
f 1997 2001 2000
f 1994 1996 1998
f 1998 1996 2000
f 1995 1999 1997
f 1999 2001 1997
f 1998 2002 1999
f 1999 2002 2003
f 2000 2001 2004
f 2001 2005 2004
f 1998 2000 2002
f 2002 2000 2004
f 1999 2003 2001
f 2003 2005 2001
f 2002 2006 2003
f 2003 2006 2007
f 2004 2005 2008
f 2005 2009 2008
f 2002 2004 2006
f 2006 2004 2008
f 2003 2007 2005
f 2007 2009 2005
f 2006 2010 2007
f 2007 2010 2011
f 2008 2009 2012
f 2009 2013 2012
f 2006 2008 2010
f 2010 2008 2012
f 2007 2011 2009
f 2011 2013 2009
f 2010 2014 2011
f 2011 2014 2015
f 2012 2013 2016
f 2013 2017 2016
f 2010 2012 2014
f 2014 2012 2016
f 2011 2015 2013
f 2015 2017 2013
f 2014 2018 2015
f 2015 2018 2019
f 2016 2017 2020
f 2017 2021 2020
f 2014 2016 2018
f 2018 2016 2020
f 2015 2019 2017
f 2019 2021 2017
f 2018 2022 2019
f 2019 2022 2023
f 2020 2021 2024
f 2021 2025 2024
f 2018 2020 2022
f 2022 2020 2024
f 2019 2023 2021
f 2023 2025 2021
f 2022 2026 2023
f 2023 2026 2027
f 2024 2025 2028
f 2025 2029 2028
f 2022 2024 2026
f 2026 2024 2028
f 2023 2027 2025
f 2027 2029 2025
f 2026 2030 2027
f 2027 2030 2031
f 2028 2029 2032
f 2029 2033 2032
f 2026 2028 2030
f 2030 2028 2032
f 2027 2031 2029
f 2031 2033 2029
f 2030 2034 2031
f 2031 2034 2035
f 2032 2033 2036
f 2033 2037 2036
f 2030 2032 2034
f 2034 2032 2036
f 2031 2035 2033
f 2035 2037 2033
f 2034 2038 2035
f 2035 2038 2039
f 2036 2037 2040
f 2037 2041 2040
f 2034 2036 2038
f 2038 2036 2040
f 2035 2039 2037
f 2039 2041 2037
f 2038 2042 2039
f 2039 2042 2043
f 2040 2041 2044
f 2041 2045 2044
f 2038 2040 2042
f 2042 2040 2044
f 2039 2043 2041
f 2043 2045 2041
f 2042 2046 2043
f 2043 2046 2047
f 2044 2045 2048
f 2045 2049 2048
f 2042 2044 2046
f 2046 2044 2048
f 2043 2047 2045
f 2047 2049 2045
f 2046 2050 2047
f 2047 2050 2051
f 2048 2049 2052
f 2049 2053 2052
f 2046 2048 2050
f 2050 2048 2052
f 2047 2051 2049
f 2051 2053 2049
f 2050 2054 2051
f 2051 2054 2055
f 2052 2053 2056
f 2053 2057 2056
f 2050 2052 2054
f 2054 2052 2056
f 2051 2055 2053
f 2055 2057 2053
f 2054 2058 2055
f 2055 2058 2059
f 2056 2057 2060
f 2057 2061 2060
f 2054 2056 2058
f 2058 2056 2060
f 2055 2059 2057
f 2059 2061 2057
f 2058 2062 2059
f 2059 2062 2063
f 2060 2061 2064
f 2061 2065 2064
f 2058 2060 2062
f 2062 2060 2064
f 2059 2063 2061
f 2063 2065 2061
f 2062 2066 2063
f 2063 2066 2067
f 2064 2065 2068
f 2065 2069 2068
f 2062 2064 2066
f 2066 2064 2068
f 2063 2067 2065
f 2067 2069 2065
f 2066 2070 2067
f 2067 2070 2071
f 2068 2069 2072
f 2069 2073 2072
f 2066 2068 2070
f 2070 2068 2072
f 2067 2071 2069
f 2071 2073 2069
f 2070 2074 2071
f 2071 2074 2075
f 2072 2073 2076
f 2073 2077 2076
f 2070 2072 2074
f 2074 2072 2076
f 2071 2075 2073
f 2075 2077 2073
f 2074 2078 2075
f 2075 2078 2079
f 2076 2077 2080
f 2077 2081 2080
f 2074 2076 2078
f 2078 2076 2080
f 2075 2079 2077
f 2079 2081 2077
f 2078 2082 2079
f 2079 2082 2083
f 2080 2081 2084
f 2081 2085 2084
f 2078 2080 2082
f 2082 2080 2084
f 2079 2083 2081
f 2083 2085 2081
f 2082 2086 2083
f 2083 2086 2087
f 2084 2085 2088
f 2085 2089 2088
f 2082 2084 2086
f 2086 2084 2088
f 2083 2087 2085
f 2087 2089 2085
f 2086 2090 2087
f 2087 2090 2091
f 2088 2089 2092
f 2089 2093 2092
f 2086 2088 2090
f 2090 2088 2092
f 2087 2091 2089
f 2091 2093 2089
f 2090 2094 2091
f 2091 2094 2095
f 2092 2093 2096
f 2093 2097 2096
f 2090 2092 2094
f 2094 2092 2096
f 2091 2095 2093
f 2095 2097 2093
f 2094 2098 2095
f 2095 2098 2099
f 2096 2097 2100
f 2097 2101 2100
f 2094 2096 2098
f 2098 2096 2100
f 2095 2099 2097
f 2099 2101 2097
f 2098 2102 2099
f 2099 2102 2103
f 2100 2101 2104
f 2101 2105 2104
f 2098 2100 2102
f 2102 2100 2104
f 2099 2103 2101
f 2103 2105 2101
f 2102 2106 2103
f 2103 2106 2107
f 2104 2105 2108
f 2105 2109 2108
f 2102 2104 2106
f 2106 2104 2108
f 2103 2107 2105
f 2107 2109 2105
f 2106 2110 2107
f 2107 2110 2111
f 2108 2109 2112
f 2109 2113 2112
f 2106 2108 2110
f 2110 2108 2112
f 2107 2111 2109
f 2111 2113 2109
f 2110 2114 2111
f 2111 2114 2115
f 2112 2113 2116
f 2113 2117 2116
f 2110 2112 2114
f 2114 2112 2116
f 2111 2115 2113
f 2115 2117 2113
f 2114 2118 2115
f 2115 2118 2119
f 2116 2117 2120
f 2117 2121 2120
f 2114 2116 2118
f 2118 2116 2120
f 2115 2119 2117
f 2119 2121 2117
f 2118 2122 2119
f 2119 2122 2123
f 2120 2121 2124
f 2121 2125 2124
f 2118 2120 2122
f 2122 2120 2124
f 2119 2123 2121
f 2123 2125 2121
f 2122 2126 2123
f 2123 2126 2127
f 2124 2125 2128
f 2125 2129 2128
f 2122 2124 2126
f 2126 2124 2128
f 2123 2127 2125
f 2127 2129 2125
f 2126 2130 2127
f 2127 2130 2131
f 2128 2129 2132
f 2129 2133 2132
f 2126 2128 2130
f 2130 2128 2132
f 2127 2131 2129
f 2131 2133 2129
f 2130 2134 2131
f 2131 2134 2135
f 2132 2133 2136
f 2133 2137 2136
f 2130 2132 2134
f 2134 2132 2136
f 2131 2135 2133
f 2135 2137 2133
f 2134 2138 2135
f 2135 2138 2139
f 2136 2137 2140
f 2137 2141 2140
f 2134 2136 2138
f 2138 2136 2140
f 2135 2139 2137
f 2139 2141 2137
f 2138 2142 2139
f 2139 2142 2143
f 2140 2141 2144
f 2141 2145 2144
f 2138 2140 2142
f 2142 2140 2144
f 2139 2143 2141
f 2143 2145 2141
f 2142 2146 2143
f 2143 2146 2147
f 2144 2145 2148
f 2145 2149 2148
f 2142 2144 2146
f 2146 2144 2148
f 2143 2147 2145
f 2147 2149 2145
f 2146 2150 2147
f 2147 2150 2151
f 2148 2149 2152
f 2149 2153 2152
f 2146 2148 2150
f 2150 2148 2152
f 2147 2151 2149
f 2151 2153 2149
f 2150 2154 2151
f 2151 2154 2155
f 2152 2153 2156
f 2153 2157 2156
f 2150 2152 2154
f 2154 2152 2156
f 2151 2155 2153
f 2155 2157 2153
f 2154 2158 2155
f 2155 2158 2159
f 2156 2157 2160
f 2157 2161 2160
f 2154 2156 2158
f 2158 2156 2160
f 2155 2159 2157
f 2159 2161 2157
f 2158 2162 2159
f 2159 2162 2163
f 2160 2161 2164
f 2161 2165 2164
f 2158 2160 2162
f 2162 2160 2164
f 2159 2163 2161
f 2163 2165 2161
f 2162 2166 2163
f 2163 2166 2167
f 2164 2165 2168
f 2165 2169 2168
f 2162 2164 2166
f 2166 2164 2168
f 2163 2167 2165
f 2167 2169 2165
f 2166 2170 2167
f 2167 2170 2171
f 2168 2169 2172
f 2169 2173 2172
f 2166 2168 2170
f 2170 2168 2172
f 2167 2171 2169
f 2171 2173 2169
f 2170 2174 2171
f 2171 2174 2175
f 2172 2173 2176
f 2173 2177 2176
f 2170 2172 2174
f 2174 2172 2176
f 2171 2175 2173
f 2175 2177 2173
f 2174 2178 2175
f 2175 2178 2179
f 2176 2177 2180
f 2177 2181 2180
f 2174 2176 2178
f 2178 2176 2180
f 2175 2179 2177
f 2179 2181 2177
f 2178 2182 2179
f 2179 2182 2183
f 2180 2181 2184
f 2181 2185 2184
f 2178 2180 2182
f 2182 2180 2184
f 2179 2183 2181
f 2183 2185 2181
f 2182 2186 2183
f 2183 2186 2187
f 2184 2185 2188
f 2185 2189 2188
f 2182 2184 2186
f 2186 2184 2188
f 2183 2187 2185
f 2187 2189 2185
f 2186 2190 2187
f 2187 2190 2191
f 2188 2189 2192
f 2189 2193 2192
f 2186 2188 2190
f 2190 2188 2192
f 2187 2191 2189
f 2191 2193 2189
f 2190 2194 2191
f 2191 2194 2195
f 2192 2193 2196
f 2193 2197 2196
f 2190 2192 2194
f 2194 2192 2196
f 2191 2195 2193
f 2195 2197 2193
f 2194 2198 2195
f 2195 2198 2199
f 2196 2197 2200
f 2197 2201 2200
f 2194 2196 2198
f 2198 2196 2200
f 2195 2199 2197
f 2199 2201 2197
f 2198 2202 2199
f 2199 2202 2203
f 2200 2201 2204
f 2201 2205 2204
f 2198 2200 2202
f 2202 2200 2204
f 2199 2203 2201
f 2203 2205 2201
f 2202 2206 2203
f 2203 2206 2207
f 2204 2205 2208
f 2205 2209 2208
f 2202 2204 2206
f 2206 2204 2208
f 2203 2207 2205
f 2207 2209 2205
f 2206 2210 2207
f 2207 2210 2211
f 2208 2209 2212
f 2209 2213 2212
f 2206 2208 2210
f 2210 2208 2212
f 2207 2211 2209
f 2211 2213 2209
f 2210 2214 2211
f 2211 2214 2215
f 2212 2213 2216
f 2213 2217 2216
f 2210 2212 2214
f 2214 2212 2216
f 2211 2215 2213
f 2215 2217 2213
f 2214 2218 2215
f 2215 2218 2219
f 2216 2217 2220
f 2217 2221 2220
f 2214 2216 2218
f 2218 2216 2220
f 2215 2219 2217
f 2219 2221 2217
f 2218 2222 2219
f 2219 2222 2223
f 2220 2221 2224
f 2221 2225 2224
f 2218 2220 2222
f 2222 2220 2224
f 2219 2223 2221
f 2223 2225 2221
f 2222 2226 2223
f 2223 2226 2227
f 2224 2225 2228
f 2225 2229 2228
f 2222 2224 2226
f 2226 2224 2228
f 2223 2227 2225
f 2227 2229 2225
f 2226 2230 2227
f 2227 2230 2231
f 2228 2229 2232
f 2229 2233 2232
f 2226 2228 2230
f 2230 2228 2232
f 2227 2231 2229
f 2231 2233 2229
f 2230 2234 2231
f 2231 2234 2235
f 2232 2233 2236
f 2233 2237 2236
f 2230 2232 2234
f 2234 2232 2236
f 2231 2235 2233
f 2235 2237 2233
f 2234 2238 2235
f 2235 2238 2239
f 2236 2237 2240
f 2237 2241 2240
f 2234 2236 2238
f 2238 2236 2240
f 2235 2239 2237
f 2239 2241 2237
f 2238 1986 2239
f 2239 1986 1987
f 2240 2241 1988
f 2241 1989 1988
f 2238 2240 1986
f 1986 2240 1988
f 2239 1987 2241
f 1987 1989 2241
f 2242 2306 2243
f 2243 2306 2307
f 2243 2307 2244
f 2244 2307 2308
f 2244 2308 2245
f 2245 2308 2309
f 2245 2309 2246
f 2246 2309 2310
f 2246 2310 2247
f 2247 2310 2311
f 2247 2311 2248
f 2248 2311 2312
f 2248 2312 2249
f 2249 2312 2313
f 2249 2313 2250
f 2250 2313 2314
f 2250 2314 2251
f 2251 2314 2315
f 2251 2315 2252
f 2252 2315 2316
f 2252 2316 2253
f 2253 2316 2317
f 2253 2317 2254
f 2254 2317 2318
f 2254 2318 2255
f 2255 2318 2319
f 2255 2319 2256
f 2256 2319 2320
f 2256 2320 2257
f 2257 2320 2321
f 2257 2321 2258
f 2258 2321 2322
f 2258 2322 2259
f 2259 2322 2323
f 2259 2323 2260
f 2260 2323 2324
f 2260 2324 2261
f 2261 2324 2325
f 2261 2325 2262
f 2262 2325 2326
f 2262 2326 2263
f 2263 2326 2327
f 2263 2327 2264
f 2264 2327 2328
f 2264 2328 2265
f 2265 2328 2329
f 2265 2329 2266
f 2266 2329 2330
f 2266 2330 2267
f 2267 2330 2331
f 2267 2331 2268
f 2268 2331 2332
f 2268 2332 2269
f 2269 2332 2333
f 2269 2333 2270
f 2270 2333 2334
f 2270 2334 2271
f 2271 2334 2335
f 2271 2335 2272
f 2272 2335 2336
f 2272 2336 2273
f 2273 2336 2337
f 2273 2337 2274
f 2274 2337 2338
f 2274 2338 2275
f 2275 2338 2339
f 2275 2339 2276
f 2276 2339 2340
f 2276 2340 2277
f 2277 2340 2341
f 2277 2341 2278
f 2278 2341 2342
f 2278 2342 2279
f 2279 2342 2343
f 2279 2343 2280
f 2280 2343 2344
f 2280 2344 2281
f 2281 2344 2345
f 2281 2345 2282
f 2282 2345 2346
f 2282 2346 2283
f 2283 2346 2347
f 2283 2347 2284
f 2284 2347 2348
f 2284 2348 2285
f 2285 2348 2349
f 2285 2349 2286
f 2286 2349 2350
f 2286 2350 2287
f 2287 2350 2351
f 2287 2351 2288
f 2288 2351 2352
f 2288 2352 2289
f 2289 2352 2353
f 2289 2353 2290
f 2290 2353 2354
f 2290 2354 2291
f 2291 2354 2355
f 2291 2355 2292
f 2292 2355 2356
f 2292 2356 2293
f 2293 2356 2357
f 2293 2357 2294
f 2294 2357 2358
f 2294 2358 2295
f 2295 2358 2359
f 2295 2359 2296
f 2296 2359 2360
f 2296 2360 2297
f 2297 2360 2361
f 2297 2361 2298
f 2298 2361 2362
f 2298 2362 2299
f 2299 2362 2363
f 2299 2363 2300
f 2300 2363 2364
f 2300 2364 2301
f 2301 2364 2365
f 2301 2365 2302
f 2302 2365 2366
f 2302 2366 2303
f 2303 2366 2367
f 2303 2367 2304
f 2304 2367 2368
f 2304 2368 2305
f 2305 2368 2369
f 2305 2369 2242
f 2242 2369 2306
f 2306 2370 2307
f 2307 2370 2371
f 2307 2371 2308
f 2308 2371 2372
f 2308 2372 2309
f 2309 2372 2373
f 2309 2373 2310
f 2310 2373 2374
f 2310 2374 2311
f 2311 2374 2375
f 2311 2375 2312
f 2312 2375 2376
f 2312 2376 2313
f 2313 2376 2377
f 2313 2377 2314
f 2314 2377 2378
f 2314 2378 2315
f 2315 2378 2379
f 2315 2379 2316
f 2316 2379 2380
f 2316 2380 2317
f 2317 2380 2381
f 2317 2381 2318
f 2318 2381 2382
f 2318 2382 2319
f 2319 2382 2383
f 2319 2383 2320
f 2320 2383 2384
f 2320 2384 2321
f 2321 2384 2385
f 2321 2385 2322
f 2322 2385 2386
f 2322 2386 2323
f 2323 2386 2387
f 2323 2387 2324
f 2324 2387 2388
f 2324 2388 2325
f 2325 2388 2389
f 2325 2389 2326
f 2326 2389 2390
f 2326 2390 2327
f 2327 2390 2391
f 2327 2391 2328
f 2328 2391 2392
f 2328 2392 2329
f 2329 2392 2393
f 2329 2393 2330
f 2330 2393 2394
f 2330 2394 2331
f 2331 2394 2395
f 2331 2395 2332
f 2332 2395 2396
f 2332 2396 2333
f 2333 2396 2397
f 2333 2397 2334
f 2334 2397 2398
f 2334 2398 2335
f 2335 2398 2399
f 2335 2399 2336
f 2336 2399 2400
f 2336 2400 2337
f 2337 2400 2401
f 2337 2401 2338
f 2338 2401 2402
f 2338 2402 2339
f 2339 2402 2403
f 2339 2403 2340
f 2340 2403 2404
f 2340 2404 2341
f 2341 2404 2405
f 2341 2405 2342
f 2342 2405 2406
f 2342 2406 2343
f 2343 2406 2407
f 2343 2407 2344
f 2344 2407 2408
f 2344 2408 2345
f 2345 2408 2409
f 2345 2409 2346
f 2346 2409 2410
f 2346 2410 2347
f 2347 2410 2411
f 2347 2411 2348
f 2348 2411 2412
f 2348 2412 2349
f 2349 2412 2413
f 2349 2413 2350
f 2350 2413 2414
f 2350 2414 2351
f 2351 2414 2415
f 2351 2415 2352
f 2352 2415 2416
f 2352 2416 2353
f 2353 2416 2417
f 2353 2417 2354
f 2354 2417 2418
f 2354 2418 2355
f 2355 2418 2419
f 2355 2419 2356
f 2356 2419 2420
f 2356 2420 2357
f 2357 2420 2421
f 2357 2421 2358
f 2358 2421 2422
f 2358 2422 2359
f 2359 2422 2423
f 2359 2423 2360
f 2360 2423 2424
f 2360 2424 2361
f 2361 2424 2425
f 2361 2425 2362
f 2362 2425 2426
f 2362 2426 2363
f 2363 2426 2427
f 2363 2427 2364
f 2364 2427 2428
f 2364 2428 2365
f 2365 2428 2429
f 2365 2429 2366
f 2366 2429 2430
f 2366 2430 2367
f 2367 2430 2431
f 2367 2431 2368
f 2368 2431 2432
f 2368 2432 2369
f 2369 2432 2433
f 2369 2433 2306
f 2306 2433 2370
f 2370 2434 2371
f 2371 2434 2435
f 2371 2435 2372
f 2372 2435 2436
f 2372 2436 2373
f 2373 2436 2437
f 2373 2437 2374
f 2374 2437 2438
f 2374 2438 2375
f 2375 2438 2439
f 2375 2439 2376
f 2376 2439 2440
f 2376 2440 2377
f 2377 2440 2441
f 2377 2441 2378
f 2378 2441 2442
f 2378 2442 2379
f 2379 2442 2443
f 2379 2443 2380
f 2380 2443 2444
f 2380 2444 2381
f 2381 2444 2445
f 2381 2445 2382
f 2382 2445 2446
f 2382 2446 2383
f 2383 2446 2447
f 2383 2447 2384
f 2384 2447 2448
f 2384 2448 2385
f 2385 2448 2449
f 2385 2449 2386
f 2386 2449 2450
f 2386 2450 2387
f 2387 2450 2451
f 2387 2451 2388
f 2388 2451 2452
f 2388 2452 2389
f 2389 2452 2453
f 2389 2453 2390
f 2390 2453 2454
f 2390 2454 2391
f 2391 2454 2455
f 2391 2455 2392
f 2392 2455 2456
f 2392 2456 2393
f 2393 2456 2457
f 2393 2457 2394
f 2394 2457 2458
f 2394 2458 2395
f 2395 2458 2459
f 2395 2459 2396
f 2396 2459 2460
f 2396 2460 2397
f 2397 2460 2461
f 2397 2461 2398
f 2398 2461 2462
f 2398 2462 2399
f 2399 2462 2463
f 2399 2463 2400
f 2400 2463 2464
f 2400 2464 2401
f 2401 2464 2465
f 2401 2465 2402
f 2402 2465 2466
f 2402 2466 2403
f 2403 2466 2467
f 2403 2467 2404
f 2404 2467 2468
f 2404 2468 2405
f 2405 2468 2469
f 2405 2469 2406
f 2406 2469 2470
f 2406 2470 2407
f 2407 2470 2471
f 2407 2471 2408
f 2408 2471 2472
f 2408 2472 2409
f 2409 2472 2473
f 2409 2473 2410
f 2410 2473 2474
f 2410 2474 2411
f 2411 2474 2475
f 2411 2475 2412
f 2412 2475 2476
f 2412 2476 2413
f 2413 2476 2477
f 2413 2477 2414
f 2414 2477 2478
f 2414 2478 2415
f 2415 2478 2479
f 2415 2479 2416
f 2416 2479 2480
f 2416 2480 2417
f 2417 2480 2481
f 2417 2481 2418
f 2418 2481 2482
f 2418 2482 2419
f 2419 2482 2483
f 2419 2483 2420
f 2420 2483 2484
f 2420 2484 2421
f 2421 2484 2485
f 2421 2485 2422
f 2422 2485 2486
f 2422 2486 2423
f 2423 2486 2487
f 2423 2487 2424
f 2424 2487 2488
f 2424 2488 2425
f 2425 2488 2489
f 2425 2489 2426
f 2426 2489 2490
f 2426 2490 2427
f 2427 2490 2491
f 2427 2491 2428
f 2428 2491 2492
f 2428 2492 2429
f 2429 2492 2493
f 2429 2493 2430
f 2430 2493 2494
f 2430 2494 2431
f 2431 2494 2495
f 2431 2495 2432
f 2432 2495 2496
f 2432 2496 2433
f 2433 2496 2497
f 2433 2497 2370
f 2370 2497 2434
f 2434 2498 2435
f 2435 2498 2499
f 2435 2499 2436
f 2436 2499 2500
f 2436 2500 2437
f 2437 2500 2501
f 2437 2501 2438
f 2438 2501 2502
f 2438 2502 2439
f 2439 2502 2503
f 2439 2503 2440
f 2440 2503 2504
f 2440 2504 2441
f 2441 2504 2505
f 2441 2505 2442
f 2442 2505 2506
f 2442 2506 2443
f 2443 2506 2507
f 2443 2507 2444
f 2444 2507 2508
f 2444 2508 2445
f 2445 2508 2509
f 2445 2509 2446
f 2446 2509 2510
f 2446 2510 2447
f 2447 2510 2511
f 2447 2511 2448
f 2448 2511 2512
f 2448 2512 2449
f 2449 2512 2513
f 2449 2513 2450
f 2450 2513 2514
f 2450 2514 2451
f 2451 2514 2515
f 2451 2515 2452
f 2452 2515 2516
f 2452 2516 2453
f 2453 2516 2517
f 2453 2517 2454
f 2454 2517 2518
f 2454 2518 2455
f 2455 2518 2519
f 2455 2519 2456
f 2456 2519 2520
f 2456 2520 2457
f 2457 2520 2521
f 2457 2521 2458
f 2458 2521 2522
f 2458 2522 2459
f 2459 2522 2523
f 2459 2523 2460
f 2460 2523 2524
f 2460 2524 2461
f 2461 2524 2525
f 2461 2525 2462
f 2462 2525 2526
f 2462 2526 2463
f 2463 2526 2527
f 2463 2527 2464
f 2464 2527 2528
f 2464 2528 2465
f 2465 2528 2529
f 2465 2529 2466
f 2466 2529 2530
f 2466 2530 2467
f 2467 2530 2531
f 2467 2531 2468
f 2468 2531 2532
f 2468 2532 2469
f 2469 2532 2533
f 2469 2533 2470
f 2470 2533 2534
f 2470 2534 2471
f 2471 2534 2535
f 2471 2535 2472
f 2472 2535 2536
f 2472 2536 2473
f 2473 2536 2537
f 2473 2537 2474
f 2474 2537 2538
f 2474 2538 2475
f 2475 2538 2539
f 2475 2539 2476
f 2476 2539 2540
f 2476 2540 2477
f 2477 2540 2541
f 2477 2541 2478
f 2478 2541 2542
f 2478 2542 2479
f 2479 2542 2543
f 2479 2543 2480
f 2480 2543 2544
f 2480 2544 2481
f 2481 2544 2545
f 2481 2545 2482
f 2482 2545 2546
f 2482 2546 2483
f 2483 2546 2547
f 2483 2547 2484
f 2484 2547 2548
f 2484 2548 2485
f 2485 2548 2549
f 2485 2549 2486
f 2486 2549 2550
f 2486 2550 2487
f 2487 2550 2551
f 2487 2551 2488
f 2488 2551 2552
f 2488 2552 2489
f 2489 2552 2553
f 2489 2553 2490
f 2490 2553 2554
f 2490 2554 2491
f 2491 2554 2555
f 2491 2555 2492
f 2492 2555 2556
f 2492 2556 2493
f 2493 2556 2557
f 2493 2557 2494
f 2494 2557 2558
f 2494 2558 2495
f 2495 2558 2559
f 2495 2559 2496
f 2496 2559 2560
f 2496 2560 2497
f 2497 2560 2561
f 2497 2561 2434
f 2434 2561 2498
f 2498 2562 2499
f 2499 2562 2563
f 2499 2563 2500
f 2500 2563 2564
f 2500 2564 2501
f 2501 2564 2565
f 2501 2565 2502
f 2502 2565 2566
f 2502 2566 2503
f 2503 2566 2567
f 2503 2567 2504
f 2504 2567 2568
f 2504 2568 2505
f 2505 2568 2569
f 2505 2569 2506
f 2506 2569 2570
f 2506 2570 2507
f 2507 2570 2571
f 2507 2571 2508
f 2508 2571 2572
f 2508 2572 2509
f 2509 2572 2573
f 2509 2573 2510
f 2510 2573 2574
f 2510 2574 2511
f 2511 2574 2575
f 2511 2575 2512
f 2512 2575 2576
f 2512 2576 2513
f 2513 2576 2577
f 2513 2577 2514
f 2514 2577 2578
f 2514 2578 2515
f 2515 2578 2579
f 2515 2579 2516
f 2516 2579 2580
f 2516 2580 2517
f 2517 2580 2581
f 2517 2581 2518
f 2518 2581 2582
f 2518 2582 2519
f 2519 2582 2583
f 2519 2583 2520
f 2520 2583 2584
f 2520 2584 2521
f 2521 2584 2585
f 2521 2585 2522
f 2522 2585 2586
f 2522 2586 2523
f 2523 2586 2587
f 2523 2587 2524
f 2524 2587 2588
f 2524 2588 2525
f 2525 2588 2589
f 2525 2589 2526
f 2526 2589 2590
f 2526 2590 2527
f 2527 2590 2591
f 2527 2591 2528
f 2528 2591 2592
f 2528 2592 2529
f 2529 2592 2593
f 2529 2593 2530
f 2530 2593 2594
f 2530 2594 2531
f 2531 2594 2595
f 2531 2595 2532
f 2532 2595 2596
f 2532 2596 2533
f 2533 2596 2597
f 2533 2597 2534
f 2534 2597 2598
f 2534 2598 2535
f 2535 2598 2599
f 2535 2599 2536
f 2536 2599 2600
f 2536 2600 2537
f 2537 2600 2601
f 2537 2601 2538
f 2538 2601 2602
f 2538 2602 2539
f 2539 2602 2603
f 2539 2603 2540
f 2540 2603 2604
f 2540 2604 2541
f 2541 2604 2605
f 2541 2605 2542
f 2542 2605 2606
f 2542 2606 2543
f 2543 2606 2607
f 2543 2607 2544
f 2544 2607 2608
f 2544 2608 2545
f 2545 2608 2609
f 2545 2609 2546
f 2546 2609 2610
f 2546 2610 2547
f 2547 2610 2611
f 2547 2611 2548
f 2548 2611 2612
f 2548 2612 2549
f 2549 2612 2613
f 2549 2613 2550
f 2550 2613 2614
f 2550 2614 2551
f 2551 2614 2615
f 2551 2615 2552
f 2552 2615 2616
f 2552 2616 2553
f 2553 2616 2617
f 2553 2617 2554
f 2554 2617 2618
f 2554 2618 2555
f 2555 2618 2619
f 2555 2619 2556
f 2556 2619 2620
f 2556 2620 2557
f 2557 2620 2621
f 2557 2621 2558
f 2558 2621 2622
f 2558 2622 2559
f 2559 2622 2623
f 2559 2623 2560
f 2560 2623 2624
f 2560 2624 2561
f 2561 2624 2625
f 2561 2625 2498
f 2498 2625 2562
f 2562 2626 2563
f 2563 2626 2627
f 2563 2627 2564
f 2564 2627 2628
f 2564 2628 2565
f 2565 2628 2629
f 2565 2629 2566
f 2566 2629 2630
f 2566 2630 2567
f 2567 2630 2631
f 2567 2631 2568
f 2568 2631 2632
f 2568 2632 2569
f 2569 2632 2633
f 2569 2633 2570
f 2570 2633 2634
f 2570 2634 2571
f 2571 2634 2635
f 2571 2635 2572
f 2572 2635 2636
f 2572 2636 2573
f 2573 2636 2637
f 2573 2637 2574
f 2574 2637 2638
f 2574 2638 2575
f 2575 2638 2639
f 2575 2639 2576
f 2576 2639 2640
f 2576 2640 2577
f 2577 2640 2641
f 2577 2641 2578
f 2578 2641 2642
f 2578 2642 2579
f 2579 2642 2643
f 2579 2643 2580
f 2580 2643 2644
f 2580 2644 2581
f 2581 2644 2645
f 2581 2645 2582
f 2582 2645 2646
f 2582 2646 2583
f 2583 2646 2647
f 2583 2647 2584
f 2584 2647 2648
f 2584 2648 2585
f 2585 2648 2649
f 2585 2649 2586
f 2586 2649 2650
f 2586 2650 2587
f 2587 2650 2651
f 2587 2651 2588
f 2588 2651 2652
f 2588 2652 2589
f 2589 2652 2653
f 2589 2653 2590
f 2590 2653 2654
f 2590 2654 2591
f 2591 2654 2655
f 2591 2655 2592
f 2592 2655 2656
f 2592 2656 2593
f 2593 2656 2657
f 2593 2657 2594
f 2594 2657 2658
f 2594 2658 2595
f 2595 2658 2659
f 2595 2659 2596
f 2596 2659 2660
f 2596 2660 2597
f 2597 2660 2661
f 2597 2661 2598
f 2598 2661 2662
f 2598 2662 2599
f 2599 2662 2663
f 2599 2663 2600
f 2600 2663 2664
f 2600 2664 2601
f 2601 2664 2665
f 2601 2665 2602
f 2602 2665 2666
f 2602 2666 2603
f 2603 2666 2667
f 2603 2667 2604
f 2604 2667 2668
f 2604 2668 2605
f 2605 2668 2669
f 2605 2669 2606
f 2606 2669 2670
f 2606 2670 2607
f 2607 2670 2671
f 2607 2671 2608
f 2608 2671 2672
f 2608 2672 2609
f 2609 2672 2673
f 2609 2673 2610
f 2610 2673 2674
f 2610 2674 2611
f 2611 2674 2675
f 2611 2675 2612
f 2612 2675 2676
f 2612 2676 2613
f 2613 2676 2677
f 2613 2677 2614
f 2614 2677 2678
f 2614 2678 2615
f 2615 2678 2679
f 2615 2679 2616
f 2616 2679 2680
f 2616 2680 2617
f 2617 2680 2681
f 2617 2681 2618
f 2618 2681 2682
f 2618 2682 2619
f 2619 2682 2683
f 2619 2683 2620
f 2620 2683 2684
f 2620 2684 2621
f 2621 2684 2685
f 2621 2685 2622
f 2622 2685 2686
f 2622 2686 2623
f 2623 2686 2687
f 2623 2687 2624
f 2624 2687 2688
f 2624 2688 2625
f 2625 2688 2689
f 2625 2689 2562
f 2562 2689 2626
f 2626 2690 2627
f 2627 2690 2691
f 2627 2691 2628
f 2628 2691 2692
f 2628 2692 2629
f 2629 2692 2693
f 2629 2693 2630
f 2630 2693 2694
f 2630 2694 2631
f 2631 2694 2695
f 2631 2695 2632
f 2632 2695 2696
f 2632 2696 2633
f 2633 2696 2697
f 2633 2697 2634
f 2634 2697 2698
f 2634 2698 2635
f 2635 2698 2699
f 2635 2699 2636
f 2636 2699 2700
f 2636 2700 2637
f 2637 2700 2701
f 2637 2701 2638
f 2638 2701 2702
f 2638 2702 2639
f 2639 2702 2703
f 2639 2703 2640
f 2640 2703 2704
f 2640 2704 2641
f 2641 2704 2705
f 2641 2705 2642
f 2642 2705 2706
f 2642 2706 2643
f 2643 2706 2707
f 2643 2707 2644
f 2644 2707 2708
f 2644 2708 2645
f 2645 2708 2709
f 2645 2709 2646
f 2646 2709 2710
f 2646 2710 2647
f 2647 2710 2711
f 2647 2711 2648
f 2648 2711 2712
f 2648 2712 2649
f 2649 2712 2713
f 2649 2713 2650
f 2650 2713 2714
f 2650 2714 2651
f 2651 2714 2715
f 2651 2715 2652
f 2652 2715 2716
f 2652 2716 2653
f 2653 2716 2717
f 2653 2717 2654
f 2654 2717 2718
f 2654 2718 2655
f 2655 2718 2719
f 2655 2719 2656
f 2656 2719 2720
f 2656 2720 2657
f 2657 2720 2721
f 2657 2721 2658
f 2658 2721 2722
f 2658 2722 2659
f 2659 2722 2723
f 2659 2723 2660
f 2660 2723 2724
f 2660 2724 2661
f 2661 2724 2725
f 2661 2725 2662
f 2662 2725 2726
f 2662 2726 2663
f 2663 2726 2727
f 2663 2727 2664
f 2664 2727 2728
f 2664 2728 2665
f 2665 2728 2729
f 2665 2729 2666
f 2666 2729 2730
f 2666 2730 2667
f 2667 2730 2731
f 2667 2731 2668
f 2668 2731 2732
f 2668 2732 2669
f 2669 2732 2733
f 2669 2733 2670
f 2670 2733 2734
f 2670 2734 2671
f 2671 2734 2735
f 2671 2735 2672
f 2672 2735 2736
f 2672 2736 2673
f 2673 2736 2737
f 2673 2737 2674
f 2674 2737 2738
f 2674 2738 2675
f 2675 2738 2739
f 2675 2739 2676
f 2676 2739 2740
f 2676 2740 2677
f 2677 2740 2741
f 2677 2741 2678
f 2678 2741 2742
f 2678 2742 2679
f 2679 2742 2743
f 2679 2743 2680
f 2680 2743 2744
f 2680 2744 2681
f 2681 2744 2745
f 2681 2745 2682
f 2682 2745 2746
f 2682 2746 2683
f 2683 2746 2747
f 2683 2747 2684
f 2684 2747 2748
f 2684 2748 2685
f 2685 2748 2749
f 2685 2749 2686
f 2686 2749 2750
f 2686 2750 2687
f 2687 2750 2751
f 2687 2751 2688
f 2688 2751 2752
f 2688 2752 2689
f 2689 2752 2753
f 2689 2753 2626
f 2626 2753 2690
f 2690 2754 2691
f 2691 2754 2755
f 2691 2755 2692
f 2692 2755 2756
f 2692 2756 2693
f 2693 2756 2757
f 2693 2757 2694
f 2694 2757 2758
f 2694 2758 2695
f 2695 2758 2759
f 2695 2759 2696
f 2696 2759 2760
f 2696 2760 2697
f 2697 2760 2761
f 2697 2761 2698
f 2698 2761 2762
f 2698 2762 2699
f 2699 2762 2763
f 2699 2763 2700
f 2700 2763 2764
f 2700 2764 2701
f 2701 2764 2765
f 2701 2765 2702
f 2702 2765 2766
f 2702 2766 2703
f 2703 2766 2767
f 2703 2767 2704
f 2704 2767 2768
f 2704 2768 2705
f 2705 2768 2769
f 2705 2769 2706
f 2706 2769 2770
f 2706 2770 2707
f 2707 2770 2771
f 2707 2771 2708
f 2708 2771 2772
f 2708 2772 2709
f 2709 2772 2773
f 2709 2773 2710
f 2710 2773 2774
f 2710 2774 2711
f 2711 2774 2775
f 2711 2775 2712
f 2712 2775 2776
f 2712 2776 2713
f 2713 2776 2777
f 2713 2777 2714
f 2714 2777 2778
f 2714 2778 2715
f 2715 2778 2779
f 2715 2779 2716
f 2716 2779 2780
f 2716 2780 2717
f 2717 2780 2781
f 2717 2781 2718
f 2718 2781 2782
f 2718 2782 2719
f 2719 2782 2783
f 2719 2783 2720
f 2720 2783 2784
f 2720 2784 2721
f 2721 2784 2785
f 2721 2785 2722
f 2722 2785 2786
f 2722 2786 2723
f 2723 2786 2787
f 2723 2787 2724
f 2724 2787 2788
f 2724 2788 2725
f 2725 2788 2789
f 2725 2789 2726
f 2726 2789 2790
f 2726 2790 2727
f 2727 2790 2791
f 2727 2791 2728
f 2728 2791 2792
f 2728 2792 2729
f 2729 2792 2793
f 2729 2793 2730
f 2730 2793 2794
f 2730 2794 2731
f 2731 2794 2795
f 2731 2795 2732
f 2732 2795 2796
f 2732 2796 2733
f 2733 2796 2797
f 2733 2797 2734
f 2734 2797 2798
f 2734 2798 2735
f 2735 2798 2799
f 2735 2799 2736
f 2736 2799 2800
f 2736 2800 2737
f 2737 2800 2801
f 2737 2801 2738
f 2738 2801 2802
f 2738 2802 2739
f 2739 2802 2803
f 2739 2803 2740
f 2740 2803 2804
f 2740 2804 2741
f 2741 2804 2805
f 2741 2805 2742
f 2742 2805 2806
f 2742 2806 2743
f 2743 2806 2807
f 2743 2807 2744
f 2744 2807 2808
f 2744 2808 2745
f 2745 2808 2809
f 2745 2809 2746
f 2746 2809 2810
f 2746 2810 2747
f 2747 2810 2811
f 2747 2811 2748
f 2748 2811 2812
f 2748 2812 2749
f 2749 2812 2813
f 2749 2813 2750
f 2750 2813 2814
f 2750 2814 2751
f 2751 2814 2815
f 2751 2815 2752
f 2752 2815 2816
f 2752 2816 2753
f 2753 2816 2817
f 2753 2817 2690
f 2690 2817 2754
f 2754 2818 2755
f 2755 2818 2819
f 2755 2819 2756
f 2756 2819 2820
f 2756 2820 2757
f 2757 2820 2821
f 2757 2821 2758
f 2758 2821 2822
f 2758 2822 2759
f 2759 2822 2823
f 2759 2823 2760
f 2760 2823 2824
f 2760 2824 2761
f 2761 2824 2825
f 2761 2825 2762
f 2762 2825 2826
f 2762 2826 2763
f 2763 2826 2827
f 2763 2827 2764
f 2764 2827 2828
f 2764 2828 2765
f 2765 2828 2829
f 2765 2829 2766
f 2766 2829 2830
f 2766 2830 2767
f 2767 2830 2831
f 2767 2831 2768
f 2768 2831 2832
f 2768 2832 2769
f 2769 2832 2833
f 2769 2833 2770
f 2770 2833 2834
f 2770 2834 2771
f 2771 2834 2835
f 2771 2835 2772
f 2772 2835 2836
f 2772 2836 2773
f 2773 2836 2837
f 2773 2837 2774
f 2774 2837 2838
f 2774 2838 2775
f 2775 2838 2839
f 2775 2839 2776
f 2776 2839 2840
f 2776 2840 2777
f 2777 2840 2841
f 2777 2841 2778
f 2778 2841 2842
f 2778 2842 2779
f 2779 2842 2843
f 2779 2843 2780
f 2780 2843 2844
f 2780 2844 2781
f 2781 2844 2845
f 2781 2845 2782
f 2782 2845 2846
f 2782 2846 2783
f 2783 2846 2847
f 2783 2847 2784
f 2784 2847 2848
f 2784 2848 2785
f 2785 2848 2849
f 2785 2849 2786
f 2786 2849 2850
f 2786 2850 2787
f 2787 2850 2851
f 2787 2851 2788
f 2788 2851 2852
f 2788 2852 2789
f 2789 2852 2853
f 2789 2853 2790
f 2790 2853 2854
f 2790 2854 2791
f 2791 2854 2855
f 2791 2855 2792
f 2792 2855 2856
f 2792 2856 2793
f 2793 2856 2857
f 2793 2857 2794
f 2794 2857 2858
f 2794 2858 2795
f 2795 2858 2859
f 2795 2859 2796
f 2796 2859 2860
f 2796 2860 2797
f 2797 2860 2861
f 2797 2861 2798
f 2798 2861 2862
f 2798 2862 2799
f 2799 2862 2863
f 2799 2863 2800
f 2800 2863 2864
f 2800 2864 2801
f 2801 2864 2865
f 2801 2865 2802
f 2802 2865 2866
f 2802 2866 2803
f 2803 2866 2867
f 2803 2867 2804
f 2804 2867 2868
f 2804 2868 2805
f 2805 2868 2869
f 2805 2869 2806
f 2806 2869 2870
f 2806 2870 2807
f 2807 2870 2871
f 2807 2871 2808
f 2808 2871 2872
f 2808 2872 2809
f 2809 2872 2873
f 2809 2873 2810
f 2810 2873 2874
f 2810 2874 2811
f 2811 2874 2875
f 2811 2875 2812
f 2812 2875 2876
f 2812 2876 2813
f 2813 2876 2877
f 2813 2877 2814
f 2814 2877 2878
f 2814 2878 2815
f 2815 2878 2879
f 2815 2879 2816
f 2816 2879 2880
f 2816 2880 2817
f 2817 2880 2881
f 2817 2881 2754
f 2754 2881 2818
f 2818 2882 2819
f 2819 2882 2883
f 2819 2883 2820
f 2820 2883 2884
f 2820 2884 2821
f 2821 2884 2885
f 2821 2885 2822
f 2822 2885 2886
f 2822 2886 2823
f 2823 2886 2887
f 2823 2887 2824
f 2824 2887 2888
f 2824 2888 2825
f 2825 2888 2889
f 2825 2889 2826
f 2826 2889 2890
f 2826 2890 2827
f 2827 2890 2891
f 2827 2891 2828
f 2828 2891 2892
f 2828 2892 2829
f 2829 2892 2893
f 2829 2893 2830
f 2830 2893 2894
f 2830 2894 2831
f 2831 2894 2895
f 2831 2895 2832
f 2832 2895 2896
f 2832 2896 2833
f 2833 2896 2897
f 2833 2897 2834
f 2834 2897 2898
f 2834 2898 2835
f 2835 2898 2899
f 2835 2899 2836
f 2836 2899 2900
f 2836 2900 2837
f 2837 2900 2901
f 2837 2901 2838
f 2838 2901 2902
f 2838 2902 2839
f 2839 2902 2903
f 2839 2903 2840
f 2840 2903 2904
f 2840 2904 2841
f 2841 2904 2905
f 2841 2905 2842
f 2842 2905 2906
f 2842 2906 2843
f 2843 2906 2907
f 2843 2907 2844
f 2844 2907 2908
f 2844 2908 2845
f 2845 2908 2909
f 2845 2909 2846
f 2846 2909 2910
f 2846 2910 2847
f 2847 2910 2911
f 2847 2911 2848
f 2848 2911 2912
f 2848 2912 2849
f 2849 2912 2913
f 2849 2913 2850
f 2850 2913 2914
f 2850 2914 2851
f 2851 2914 2915
f 2851 2915 2852
f 2852 2915 2916
f 2852 2916 2853
f 2853 2916 2917
f 2853 2917 2854
f 2854 2917 2918
f 2854 2918 2855
f 2855 2918 2919
f 2855 2919 2856
f 2856 2919 2920
f 2856 2920 2857
f 2857 2920 2921
f 2857 2921 2858
f 2858 2921 2922
f 2858 2922 2859
f 2859 2922 2923
f 2859 2923 2860
f 2860 2923 2924
f 2860 2924 2861
f 2861 2924 2925
f 2861 2925 2862
f 2862 2925 2926
f 2862 2926 2863
f 2863 2926 2927
f 2863 2927 2864
f 2864 2927 2928
f 2864 2928 2865
f 2865 2928 2929
f 2865 2929 2866
f 2866 2929 2930
f 2866 2930 2867
f 2867 2930 2931
f 2867 2931 2868
f 2868 2931 2932
f 2868 2932 2869
f 2869 2932 2933
f 2869 2933 2870
f 2870 2933 2934
f 2870 2934 2871
f 2871 2934 2935
f 2871 2935 2872
f 2872 2935 2936
f 2872 2936 2873
f 2873 2936 2937
f 2873 2937 2874
f 2874 2937 2938
f 2874 2938 2875
f 2875 2938 2939
f 2875 2939 2876
f 2876 2939 2940
f 2876 2940 2877
f 2877 2940 2941
f 2877 2941 2878
f 2878 2941 2942
f 2878 2942 2879
f 2879 2942 2943
f 2879 2943 2880
f 2880 2943 2944
f 2880 2944 2881
f 2881 2944 2945
f 2881 2945 2818
f 2818 2945 2882
f 2882 2946 2883
f 2883 2946 2947
f 2883 2947 2884
f 2884 2947 2948
f 2884 2948 2885
f 2885 2948 2949
f 2885 2949 2886
f 2886 2949 2950
f 2886 2950 2887
f 2887 2950 2951
f 2887 2951 2888
f 2888 2951 2952
f 2888 2952 2889
f 2889 2952 2953
f 2889 2953 2890
f 2890 2953 2954
f 2890 2954 2891
f 2891 2954 2955
f 2891 2955 2892
f 2892 2955 2956
f 2892 2956 2893
f 2893 2956 2957
f 2893 2957 2894
f 2894 2957 2958
f 2894 2958 2895
f 2895 2958 2959
f 2895 2959 2896
f 2896 2959 2960
f 2896 2960 2897
f 2897 2960 2961
f 2897 2961 2898
f 2898 2961 2962
f 2898 2962 2899
f 2899 2962 2963
f 2899 2963 2900
f 2900 2963 2964
f 2900 2964 2901
f 2901 2964 2965
f 2901 2965 2902
f 2902 2965 2966
f 2902 2966 2903
f 2903 2966 2967
f 2903 2967 2904
f 2904 2967 2968
f 2904 2968 2905
f 2905 2968 2969
f 2905 2969 2906
f 2906 2969 2970
f 2906 2970 2907
f 2907 2970 2971
f 2907 2971 2908
f 2908 2971 2972
f 2908 2972 2909
f 2909 2972 2973
f 2909 2973 2910
f 2910 2973 2974
f 2910 2974 2911
f 2911 2974 2975
f 2911 2975 2912
f 2912 2975 2976
f 2912 2976 2913
f 2913 2976 2977
f 2913 2977 2914
f 2914 2977 2978
f 2914 2978 2915
f 2915 2978 2979
f 2915 2979 2916
f 2916 2979 2980
f 2916 2980 2917
f 2917 2980 2981
f 2917 2981 2918
f 2918 2981 2982
f 2918 2982 2919
f 2919 2982 2983
f 2919 2983 2920
f 2920 2983 2984
f 2920 2984 2921
f 2921 2984 2985
f 2921 2985 2922
f 2922 2985 2986
f 2922 2986 2923
f 2923 2986 2987
f 2923 2987 2924
f 2924 2987 2988
f 2924 2988 2925
f 2925 2988 2989
f 2925 2989 2926
f 2926 2989 2990
f 2926 2990 2927
f 2927 2990 2991
f 2927 2991 2928
f 2928 2991 2992
f 2928 2992 2929
f 2929 2992 2993
f 2929 2993 2930
f 2930 2993 2994
f 2930 2994 2931
f 2931 2994 2995
f 2931 2995 2932
f 2932 2995 2996
f 2932 2996 2933
f 2933 2996 2997
f 2933 2997 2934
f 2934 2997 2998
f 2934 2998 2935
f 2935 2998 2999
f 2935 2999 2936
f 2936 2999 3000
f 2936 3000 2937
f 2937 3000 3001
f 2937 3001 2938
f 2938 3001 3002
f 2938 3002 2939
f 2939 3002 3003
f 2939 3003 2940
f 2940 3003 3004
f 2940 3004 2941
f 2941 3004 3005
f 2941 3005 2942
f 2942 3005 3006
f 2942 3006 2943
f 2943 3006 3007
f 2943 3007 2944
f 2944 3007 3008
f 2944 3008 2945
f 2945 3008 3009
f 2945 3009 2882
f 2882 3009 2946
f 2946 3010 2947
f 2947 3010 3011
f 2947 3011 2948
f 2948 3011 3012
f 2948 3012 2949
f 2949 3012 3013
f 2949 3013 2950
f 2950 3013 3014
f 2950 3014 2951
f 2951 3014 3015
f 2951 3015 2952
f 2952 3015 3016
f 2952 3016 2953
f 2953 3016 3017
f 2953 3017 2954
f 2954 3017 3018
f 2954 3018 2955
f 2955 3018 3019
f 2955 3019 2956
f 2956 3019 3020
f 2956 3020 2957
f 2957 3020 3021
f 2957 3021 2958
f 2958 3021 3022
f 2958 3022 2959
f 2959 3022 3023
f 2959 3023 2960
f 2960 3023 3024
f 2960 3024 2961
f 2961 3024 3025
f 2961 3025 2962
f 2962 3025 3026
f 2962 3026 2963
f 2963 3026 3027
f 2963 3027 2964
f 2964 3027 3028
f 2964 3028 2965
f 2965 3028 3029
f 2965 3029 2966
f 2966 3029 3030
f 2966 3030 2967
f 2967 3030 3031
f 2967 3031 2968
f 2968 3031 3032
f 2968 3032 2969
f 2969 3032 3033
f 2969 3033 2970
f 2970 3033 3034
f 2970 3034 2971
f 2971 3034 3035
f 2971 3035 2972
f 2972 3035 3036
f 2972 3036 2973
f 2973 3036 3037
f 2973 3037 2974
f 2974 3037 3038
f 2974 3038 2975
f 2975 3038 3039
f 2975 3039 2976
f 2976 3039 3040
f 2976 3040 2977
f 2977 3040 3041
f 2977 3041 2978
f 2978 3041 3042
f 2978 3042 2979
f 2979 3042 3043
f 2979 3043 2980
f 2980 3043 3044
f 2980 3044 2981
f 2981 3044 3045
f 2981 3045 2982
f 2982 3045 3046
f 2982 3046 2983
f 2983 3046 3047
f 2983 3047 2984
f 2984 3047 3048
f 2984 3048 2985
f 2985 3048 3049
f 2985 3049 2986
f 2986 3049 3050
f 2986 3050 2987
f 2987 3050 3051
f 2987 3051 2988
f 2988 3051 3052
f 2988 3052 2989
f 2989 3052 3053
f 2989 3053 2990
f 2990 3053 3054
f 2990 3054 2991
f 2991 3054 3055
f 2991 3055 2992
f 2992 3055 3056
f 2992 3056 2993
f 2993 3056 3057
f 2993 3057 2994
f 2994 3057 3058
f 2994 3058 2995
f 2995 3058 3059
f 2995 3059 2996
f 2996 3059 3060
f 2996 3060 2997
f 2997 3060 3061
f 2997 3061 2998
f 2998 3061 3062
f 2998 3062 2999
f 2999 3062 3063
f 2999 3063 3000
f 3000 3063 3064
f 3000 3064 3001
f 3001 3064 3065
f 3001 3065 3002
f 3002 3065 3066
f 3002 3066 3003
f 3003 3066 3067
f 3003 3067 3004
f 3004 3067 3068
f 3004 3068 3005
f 3005 3068 3069
f 3005 3069 3006
f 3006 3069 3070
f 3006 3070 3007
f 3007 3070 3071
f 3007 3071 3008
f 3008 3071 3072
f 3008 3072 3009
f 3009 3072 3073
f 3009 3073 2946
f 2946 3073 3010
f 3010 3074 3011
f 3011 3074 3075
f 3011 3075 3012
f 3012 3075 3076
f 3012 3076 3013
f 3013 3076 3077
f 3013 3077 3014
f 3014 3077 3078
f 3014 3078 3015
f 3015 3078 3079
f 3015 3079 3016
f 3016 3079 3080
f 3016 3080 3017
f 3017 3080 3081
f 3017 3081 3018
f 3018 3081 3082
f 3018 3082 3019
f 3019 3082 3083
f 3019 3083 3020
f 3020 3083 3084
f 3020 3084 3021
f 3021 3084 3085
f 3021 3085 3022
f 3022 3085 3086
f 3022 3086 3023
f 3023 3086 3087
f 3023 3087 3024
f 3024 3087 3088
f 3024 3088 3025
f 3025 3088 3089
f 3025 3089 3026
f 3026 3089 3090
f 3026 3090 3027
f 3027 3090 3091
f 3027 3091 3028
f 3028 3091 3092
f 3028 3092 3029
f 3029 3092 3093
f 3029 3093 3030
f 3030 3093 3094
f 3030 3094 3031
f 3031 3094 3095
f 3031 3095 3032
f 3032 3095 3096
f 3032 3096 3033
f 3033 3096 3097
f 3033 3097 3034
f 3034 3097 3098
f 3034 3098 3035
f 3035 3098 3099
f 3035 3099 3036
f 3036 3099 3100
f 3036 3100 3037
f 3037 3100 3101
f 3037 3101 3038
f 3038 3101 3102
f 3038 3102 3039
f 3039 3102 3103
f 3039 3103 3040
f 3040 3103 3104
f 3040 3104 3041
f 3041 3104 3105
f 3041 3105 3042
f 3042 3105 3106
f 3042 3106 3043
f 3043 3106 3107
f 3043 3107 3044
f 3044 3107 3108
f 3044 3108 3045
f 3045 3108 3109
f 3045 3109 3046
f 3046 3109 3110
f 3046 3110 3047
f 3047 3110 3111
f 3047 3111 3048
f 3048 3111 3112
f 3048 3112 3049
f 3049 3112 3113
f 3049 3113 3050
f 3050 3113 3114
f 3050 3114 3051
f 3051 3114 3115
f 3051 3115 3052
f 3052 3115 3116
f 3052 3116 3053
f 3053 3116 3117
f 3053 3117 3054
f 3054 3117 3118
f 3054 3118 3055
f 3055 3118 3119
f 3055 3119 3056
f 3056 3119 3120
f 3056 3120 3057
f 3057 3120 3121
f 3057 3121 3058
f 3058 3121 3122
f 3058 3122 3059
f 3059 3122 3123
f 3059 3123 3060
f 3060 3123 3124
f 3060 3124 3061
f 3061 3124 3125
f 3061 3125 3062
f 3062 3125 3126
f 3062 3126 3063
f 3063 3126 3127
f 3063 3127 3064
f 3064 3127 3128
f 3064 3128 3065
f 3065 3128 3129
f 3065 3129 3066
f 3066 3129 3130
f 3066 3130 3067
f 3067 3130 3131
f 3067 3131 3068
f 3068 3131 3132
f 3068 3132 3069
f 3069 3132 3133
f 3069 3133 3070
f 3070 3133 3134
f 3070 3134 3071
f 3071 3134 3135
f 3071 3135 3072
f 3072 3135 3136
f 3072 3136 3073
f 3073 3136 3137
f 3073 3137 3010
f 3010 3137 3074
f 3074 3138 3075
f 3075 3138 3139
f 3075 3139 3076
f 3076 3139 3140
f 3076 3140 3077
f 3077 3140 3141
f 3077 3141 3078
f 3078 3141 3142
f 3078 3142 3079
f 3079 3142 3143
f 3079 3143 3080
f 3080 3143 3144
f 3080 3144 3081
f 3081 3144 3145
f 3081 3145 3082
f 3082 3145 3146
f 3082 3146 3083
f 3083 3146 3147
f 3083 3147 3084
f 3084 3147 3148
f 3084 3148 3085
f 3085 3148 3149
f 3085 3149 3086
f 3086 3149 3150
f 3086 3150 3087
f 3087 3150 3151
f 3087 3151 3088
f 3088 3151 3152
f 3088 3152 3089
f 3089 3152 3153
f 3089 3153 3090
f 3090 3153 3154
f 3090 3154 3091
f 3091 3154 3155
f 3091 3155 3092
f 3092 3155 3156
f 3092 3156 3093
f 3093 3156 3157
f 3093 3157 3094
f 3094 3157 3158
f 3094 3158 3095
f 3095 3158 3159
f 3095 3159 3096
f 3096 3159 3160
f 3096 3160 3097
f 3097 3160 3161
f 3097 3161 3098
f 3098 3161 3162
f 3098 3162 3099
f 3099 3162 3163
f 3099 3163 3100
f 3100 3163 3164
f 3100 3164 3101
f 3101 3164 3165
f 3101 3165 3102
f 3102 3165 3166
f 3102 3166 3103
f 3103 3166 3167
f 3103 3167 3104
f 3104 3167 3168
f 3104 3168 3105
f 3105 3168 3169
f 3105 3169 3106
f 3106 3169 3170
f 3106 3170 3107
f 3107 3170 3171
f 3107 3171 3108
f 3108 3171 3172
f 3108 3172 3109
f 3109 3172 3173
f 3109 3173 3110
f 3110 3173 3174
f 3110 3174 3111
f 3111 3174 3175
f 3111 3175 3112
f 3112 3175 3176
f 3112 3176 3113
f 3113 3176 3177
f 3113 3177 3114
f 3114 3177 3178
f 3114 3178 3115
f 3115 3178 3179
f 3115 3179 3116
f 3116 3179 3180
f 3116 3180 3117
f 3117 3180 3181
f 3117 3181 3118
f 3118 3181 3182
f 3118 3182 3119
f 3119 3182 3183
f 3119 3183 3120
f 3120 3183 3184
f 3120 3184 3121
f 3121 3184 3185
f 3121 3185 3122
f 3122 3185 3186
f 3122 3186 3123
f 3123 3186 3187
f 3123 3187 3124
f 3124 3187 3188
f 3124 3188 3125
f 3125 3188 3189
f 3125 3189 3126
f 3126 3189 3190
f 3126 3190 3127
f 3127 3190 3191
f 3127 3191 3128
f 3128 3191 3192
f 3128 3192 3129
f 3129 3192 3193
f 3129 3193 3130
f 3130 3193 3194
f 3130 3194 3131
f 3131 3194 3195
f 3131 3195 3132
f 3132 3195 3196
f 3132 3196 3133
f 3133 3196 3197
f 3133 3197 3134
f 3134 3197 3198
f 3134 3198 3135
f 3135 3198 3199
f 3135 3199 3136
f 3136 3199 3200
f 3136 3200 3137
f 3137 3200 3201
f 3137 3201 3074
f 3074 3201 3138
f 3138 3202 3139
f 3139 3202 3203
f 3139 3203 3140
f 3140 3203 3204
f 3140 3204 3141
f 3141 3204 3205
f 3141 3205 3142
f 3142 3205 3206
f 3142 3206 3143
f 3143 3206 3207
f 3143 3207 3144
f 3144 3207 3208
f 3144 3208 3145
f 3145 3208 3209
f 3145 3209 3146
f 3146 3209 3210
f 3146 3210 3147
f 3147 3210 3211
f 3147 3211 3148
f 3148 3211 3212
f 3148 3212 3149
f 3149 3212 3213
f 3149 3213 3150
f 3150 3213 3214
f 3150 3214 3151
f 3151 3214 3215
f 3151 3215 3152
f 3152 3215 3216
f 3152 3216 3153
f 3153 3216 3217
f 3153 3217 3154
f 3154 3217 3218
f 3154 3218 3155
f 3155 3218 3219
f 3155 3219 3156
f 3156 3219 3220
f 3156 3220 3157
f 3157 3220 3221
f 3157 3221 3158
f 3158 3221 3222
f 3158 3222 3159
f 3159 3222 3223
f 3159 3223 3160
f 3160 3223 3224
f 3160 3224 3161
f 3161 3224 3225
f 3161 3225 3162
f 3162 3225 3226
f 3162 3226 3163
f 3163 3226 3227
f 3163 3227 3164
f 3164 3227 3228
f 3164 3228 3165
f 3165 3228 3229
f 3165 3229 3166
f 3166 3229 3230
f 3166 3230 3167
f 3167 3230 3231
f 3167 3231 3168
f 3168 3231 3232
f 3168 3232 3169
f 3169 3232 3233
f 3169 3233 3170
f 3170 3233 3234
f 3170 3234 3171
f 3171 3234 3235
f 3171 3235 3172
f 3172 3235 3236
f 3172 3236 3173
f 3173 3236 3237
f 3173 3237 3174
f 3174 3237 3238
f 3174 3238 3175
f 3175 3238 3239
f 3175 3239 3176
f 3176 3239 3240
f 3176 3240 3177
f 3177 3240 3241
f 3177 3241 3178
f 3178 3241 3242
f 3178 3242 3179
f 3179 3242 3243
f 3179 3243 3180
f 3180 3243 3244
f 3180 3244 3181
f 3181 3244 3245
f 3181 3245 3182
f 3182 3245 3246
f 3182 3246 3183
f 3183 3246 3247
f 3183 3247 3184
f 3184 3247 3248
f 3184 3248 3185
f 3185 3248 3249
f 3185 3249 3186
f 3186 3249 3250
f 3186 3250 3187
f 3187 3250 3251
f 3187 3251 3188
f 3188 3251 3252
f 3188 3252 3189
f 3189 3252 3253
f 3189 3253 3190
f 3190 3253 3254
f 3190 3254 3191
f 3191 3254 3255
f 3191 3255 3192
f 3192 3255 3256
f 3192 3256 3193
f 3193 3256 3257
f 3193 3257 3194
f 3194 3257 3258
f 3194 3258 3195
f 3195 3258 3259
f 3195 3259 3196
f 3196 3259 3260
f 3196 3260 3197
f 3197 3260 3261
f 3197 3261 3198
f 3198 3261 3262
f 3198 3262 3199
f 3199 3262 3263
f 3199 3263 3200
f 3200 3263 3264
f 3200 3264 3201
f 3201 3264 3265
f 3201 3265 3138
f 3138 3265 3202
f 3202 3266 3203
f 3203 3266 3267
f 3203 3267 3204
f 3204 3267 3268
f 3204 3268 3205
f 3205 3268 3269
f 3205 3269 3206
f 3206 3269 3270
f 3206 3270 3207
f 3207 3270 3271
f 3207 3271 3208
f 3208 3271 3272
f 3208 3272 3209
f 3209 3272 3273
f 3209 3273 3210
f 3210 3273 3274
f 3210 3274 3211
f 3211 3274 3275
f 3211 3275 3212
f 3212 3275 3276
f 3212 3276 3213
f 3213 3276 3277
f 3213 3277 3214
f 3214 3277 3278
f 3214 3278 3215
f 3215 3278 3279
f 3215 3279 3216
f 3216 3279 3280
f 3216 3280 3217
f 3217 3280 3281
f 3217 3281 3218
f 3218 3281 3282
f 3218 3282 3219
f 3219 3282 3283
f 3219 3283 3220
f 3220 3283 3284
f 3220 3284 3221
f 3221 3284 3285
f 3221 3285 3222
f 3222 3285 3286
f 3222 3286 3223
f 3223 3286 3287
f 3223 3287 3224
f 3224 3287 3288
f 3224 3288 3225
f 3225 3288 3289
f 3225 3289 3226
f 3226 3289 3290
f 3226 3290 3227
f 3227 3290 3291
f 3227 3291 3228
f 3228 3291 3292
f 3228 3292 3229
f 3229 3292 3293
f 3229 3293 3230
f 3230 3293 3294
f 3230 3294 3231
f 3231 3294 3295
f 3231 3295 3232
f 3232 3295 3296
f 3232 3296 3233
f 3233 3296 3297
f 3233 3297 3234
f 3234 3297 3298
f 3234 3298 3235
f 3235 3298 3299
f 3235 3299 3236
f 3236 3299 3300
f 3236 3300 3237
f 3237 3300 3301
f 3237 3301 3238
f 3238 3301 3302
f 3238 3302 3239
f 3239 3302 3303
f 3239 3303 3240
f 3240 3303 3304
f 3240 3304 3241
f 3241 3304 3305
f 3241 3305 3242
f 3242 3305 3306
f 3242 3306 3243
f 3243 3306 3307
f 3243 3307 3244
f 3244 3307 3308
f 3244 3308 3245
f 3245 3308 3309
f 3245 3309 3246
f 3246 3309 3310
f 3246 3310 3247
f 3247 3310 3311
f 3247 3311 3248
f 3248 3311 3312
f 3248 3312 3249
f 3249 3312 3313
f 3249 3313 3250
f 3250 3313 3314
f 3250 3314 3251
f 3251 3314 3315
f 3251 3315 3252
f 3252 3315 3316
f 3252 3316 3253
f 3253 3316 3317
f 3253 3317 3254
f 3254 3317 3318
f 3254 3318 3255
f 3255 3318 3319
f 3255 3319 3256
f 3256 3319 3320
f 3256 3320 3257
f 3257 3320 3321
f 3257 3321 3258
f 3258 3321 3322
f 3258 3322 3259
f 3259 3322 3323
f 3259 3323 3260
f 3260 3323 3324
f 3260 3324 3261
f 3261 3324 3325
f 3261 3325 3262
f 3262 3325 3326
f 3262 3326 3263
f 3263 3326 3327
f 3263 3327 3264
f 3264 3327 3328
f 3264 3328 3265
f 3265 3328 3329
f 3265 3329 3202
f 3202 3329 3266
f 3266 3330 3267
f 3267 3330 3331
f 3267 3331 3268
f 3268 3331 3332
f 3268 3332 3269
f 3269 3332 3333
f 3269 3333 3270
f 3270 3333 3334
f 3270 3334 3271
f 3271 3334 3335
f 3271 3335 3272
f 3272 3335 3336
f 3272 3336 3273
f 3273 3336 3337
f 3273 3337 3274
f 3274 3337 3338
f 3274 3338 3275
f 3275 3338 3339
f 3275 3339 3276
f 3276 3339 3340
f 3276 3340 3277
f 3277 3340 3341
f 3277 3341 3278
f 3278 3341 3342
f 3278 3342 3279
f 3279 3342 3343
f 3279 3343 3280
f 3280 3343 3344
f 3280 3344 3281
f 3281 3344 3345
f 3281 3345 3282
f 3282 3345 3346
f 3282 3346 3283
f 3283 3346 3347
f 3283 3347 3284
f 3284 3347 3348
f 3284 3348 3285
f 3285 3348 3349
f 3285 3349 3286
f 3286 3349 3350
f 3286 3350 3287
f 3287 3350 3351
f 3287 3351 3288
f 3288 3351 3352
f 3288 3352 3289
f 3289 3352 3353
f 3289 3353 3290
f 3290 3353 3354
f 3290 3354 3291
f 3291 3354 3355
f 3291 3355 3292
f 3292 3355 3356
f 3292 3356 3293
f 3293 3356 3357
f 3293 3357 3294
f 3294 3357 3358
f 3294 3358 3295
f 3295 3358 3359
f 3295 3359 3296
f 3296 3359 3360
f 3296 3360 3297
f 3297 3360 3361
f 3297 3361 3298
f 3298 3361 3362
f 3298 3362 3299
f 3299 3362 3363
f 3299 3363 3300
f 3300 3363 3364
f 3300 3364 3301
f 3301 3364 3365
f 3301 3365 3302
f 3302 3365 3366
f 3302 3366 3303
f 3303 3366 3367
f 3303 3367 3304
f 3304 3367 3368
f 3304 3368 3305
f 3305 3368 3369
f 3305 3369 3306
f 3306 3369 3370
f 3306 3370 3307
f 3307 3370 3371
f 3307 3371 3308
f 3308 3371 3372
f 3308 3372 3309
f 3309 3372 3373
f 3309 3373 3310
f 3310 3373 3374
f 3310 3374 3311
f 3311 3374 3375
f 3311 3375 3312
f 3312 3375 3376
f 3312 3376 3313
f 3313 3376 3377
f 3313 3377 3314
f 3314 3377 3378
f 3314 3378 3315
f 3315 3378 3379
f 3315 3379 3316
f 3316 3379 3380
f 3316 3380 3317
f 3317 3380 3381
f 3317 3381 3318
f 3318 3381 3382
f 3318 3382 3319
f 3319 3382 3383
f 3319 3383 3320
f 3320 3383 3384
f 3320 3384 3321
f 3321 3384 3385
f 3321 3385 3322
f 3322 3385 3386
f 3322 3386 3323
f 3323 3386 3387
f 3323 3387 3324
f 3324 3387 3388
f 3324 3388 3325
f 3325 3388 3389
f 3325 3389 3326
f 3326 3389 3390
f 3326 3390 3327
f 3327 3390 3391
f 3327 3391 3328
f 3328 3391 3392
f 3328 3392 3329
f 3329 3392 3393
f 3329 3393 3266
f 3266 3393 3330
f 3330 3394 3331
f 3331 3394 3395
f 3331 3395 3332
f 3332 3395 3396
f 3332 3396 3333
f 3333 3396 3397
f 3333 3397 3334
f 3334 3397 3398
f 3334 3398 3335
f 3335 3398 3399
f 3335 3399 3336
f 3336 3399 3400
f 3336 3400 3337
f 3337 3400 3401
f 3337 3401 3338
f 3338 3401 3402
f 3338 3402 3339
f 3339 3402 3403
f 3339 3403 3340
f 3340 3403 3404
f 3340 3404 3341
f 3341 3404 3405
f 3341 3405 3342
f 3342 3405 3406
f 3342 3406 3343
f 3343 3406 3407
f 3343 3407 3344
f 3344 3407 3408
f 3344 3408 3345
f 3345 3408 3409
f 3345 3409 3346
f 3346 3409 3410
f 3346 3410 3347
f 3347 3410 3411
f 3347 3411 3348
f 3348 3411 3412
f 3348 3412 3349
f 3349 3412 3413
f 3349 3413 3350
f 3350 3413 3414
f 3350 3414 3351
f 3351 3414 3415
f 3351 3415 3352
f 3352 3415 3416
f 3352 3416 3353
f 3353 3416 3417
f 3353 3417 3354
f 3354 3417 3418
f 3354 3418 3355
f 3355 3418 3419
f 3355 3419 3356
f 3356 3419 3420
f 3356 3420 3357
f 3357 3420 3421
f 3357 3421 3358
f 3358 3421 3422
f 3358 3422 3359
f 3359 3422 3423
f 3359 3423 3360
f 3360 3423 3424
f 3360 3424 3361
f 3361 3424 3425
f 3361 3425 3362
f 3362 3425 3426
f 3362 3426 3363
f 3363 3426 3427
f 3363 3427 3364
f 3364 3427 3428
f 3364 3428 3365
f 3365 3428 3429
f 3365 3429 3366
f 3366 3429 3430
f 3366 3430 3367
f 3367 3430 3431
f 3367 3431 3368
f 3368 3431 3432
f 3368 3432 3369
f 3369 3432 3433
f 3369 3433 3370
f 3370 3433 3434
f 3370 3434 3371
f 3371 3434 3435
f 3371 3435 3372
f 3372 3435 3436
f 3372 3436 3373
f 3373 3436 3437
f 3373 3437 3374
f 3374 3437 3438
f 3374 3438 3375
f 3375 3438 3439
f 3375 3439 3376
f 3376 3439 3440
f 3376 3440 3377
f 3377 3440 3441
f 3377 3441 3378
f 3378 3441 3442
f 3378 3442 3379
f 3379 3442 3443
f 3379 3443 3380
f 3380 3443 3444
f 3380 3444 3381
f 3381 3444 3445
f 3381 3445 3382
f 3382 3445 3446
f 3382 3446 3383
f 3383 3446 3447
f 3383 3447 3384
f 3384 3447 3448
f 3384 3448 3385
f 3385 3448 3449
f 3385 3449 3386
f 3386 3449 3450
f 3386 3450 3387
f 3387 3450 3451
f 3387 3451 3388
f 3388 3451 3452
f 3388 3452 3389
f 3389 3452 3453
f 3389 3453 3390
f 3390 3453 3454
f 3390 3454 3391
f 3391 3454 3455
f 3391 3455 3392
f 3392 3455 3456
f 3392 3456 3393
f 3393 3456 3457
f 3393 3457 3330
f 3330 3457 3394
f 3394 3458 3395
f 3395 3458 3459
f 3395 3459 3396
f 3396 3459 3460
f 3396 3460 3397
f 3397 3460 3461
f 3397 3461 3398
f 3398 3461 3462
f 3398 3462 3399
f 3399 3462 3463
f 3399 3463 3400
f 3400 3463 3464
f 3400 3464 3401
f 3401 3464 3465
f 3401 3465 3402
f 3402 3465 3466
f 3402 3466 3403
f 3403 3466 3467
f 3403 3467 3404
f 3404 3467 3468
f 3404 3468 3405
f 3405 3468 3469
f 3405 3469 3406
f 3406 3469 3470
f 3406 3470 3407
f 3407 3470 3471
f 3407 3471 3408
f 3408 3471 3472
f 3408 3472 3409
f 3409 3472 3473
f 3409 3473 3410
f 3410 3473 3474
f 3410 3474 3411
f 3411 3474 3475
f 3411 3475 3412
f 3412 3475 3476
f 3412 3476 3413
f 3413 3476 3477
f 3413 3477 3414
f 3414 3477 3478
f 3414 3478 3415
f 3415 3478 3479
f 3415 3479 3416
f 3416 3479 3480
f 3416 3480 3417
f 3417 3480 3481
f 3417 3481 3418
f 3418 3481 3482
f 3418 3482 3419
f 3419 3482 3483
f 3419 3483 3420
f 3420 3483 3484
f 3420 3484 3421
f 3421 3484 3485
f 3421 3485 3422
f 3422 3485 3486
f 3422 3486 3423
f 3423 3486 3487
f 3423 3487 3424
f 3424 3487 3488
f 3424 3488 3425
f 3425 3488 3489
f 3425 3489 3426
f 3426 3489 3490
f 3426 3490 3427
f 3427 3490 3491
f 3427 3491 3428
f 3428 3491 3492
f 3428 3492 3429
f 3429 3492 3493
f 3429 3493 3430
f 3430 3493 3494
f 3430 3494 3431
f 3431 3494 3495
f 3431 3495 3432
f 3432 3495 3496
f 3432 3496 3433
f 3433 3496 3497
f 3433 3497 3434
f 3434 3497 3498
f 3434 3498 3435
f 3435 3498 3499
f 3435 3499 3436
f 3436 3499 3500
f 3436 3500 3437
f 3437 3500 3501
f 3437 3501 3438
f 3438 3501 3502
f 3438 3502 3439
f 3439 3502 3503
f 3439 3503 3440
f 3440 3503 3504
f 3440 3504 3441
f 3441 3504 3505
f 3441 3505 3442
f 3442 3505 3506
f 3442 3506 3443
f 3443 3506 3507
f 3443 3507 3444
f 3444 3507 3508
f 3444 3508 3445
f 3445 3508 3509
f 3445 3509 3446
f 3446 3509 3510
f 3446 3510 3447
f 3447 3510 3511
f 3447 3511 3448
f 3448 3511 3512
f 3448 3512 3449
f 3449 3512 3513
f 3449 3513 3450
f 3450 3513 3514
f 3450 3514 3451
f 3451 3514 3515
f 3451 3515 3452
f 3452 3515 3516
f 3452 3516 3453
f 3453 3516 3517
f 3453 3517 3454
f 3454 3517 3518
f 3454 3518 3455
f 3455 3518 3519
f 3455 3519 3456
f 3456 3519 3520
f 3456 3520 3457
f 3457 3520 3521
f 3457 3521 3394
f 3394 3521 3458
f 3458 3522 3459
f 3459 3522 3523
f 3459 3523 3460
f 3460 3523 3524
f 3460 3524 3461
f 3461 3524 3525
f 3461 3525 3462
f 3462 3525 3526
f 3462 3526 3463
f 3463 3526 3527
f 3463 3527 3464
f 3464 3527 3528
f 3464 3528 3465
f 3465 3528 3529
f 3465 3529 3466
f 3466 3529 3530
f 3466 3530 3467
f 3467 3530 3531
f 3467 3531 3468
f 3468 3531 3532
f 3468 3532 3469
f 3469 3532 3533
f 3469 3533 3470
f 3470 3533 3534
f 3470 3534 3471
f 3471 3534 3535
f 3471 3535 3472
f 3472 3535 3536
f 3472 3536 3473
f 3473 3536 3537
f 3473 3537 3474
f 3474 3537 3538
f 3474 3538 3475
f 3475 3538 3539
f 3475 3539 3476
f 3476 3539 3540
f 3476 3540 3477
f 3477 3540 3541
f 3477 3541 3478
f 3478 3541 3542
f 3478 3542 3479
f 3479 3542 3543
f 3479 3543 3480
f 3480 3543 3544
f 3480 3544 3481
f 3481 3544 3545
f 3481 3545 3482
f 3482 3545 3546
f 3482 3546 3483
f 3483 3546 3547
f 3483 3547 3484
f 3484 3547 3548
f 3484 3548 3485
f 3485 3548 3549
f 3485 3549 3486
f 3486 3549 3550
f 3486 3550 3487
f 3487 3550 3551
f 3487 3551 3488
f 3488 3551 3552
f 3488 3552 3489
f 3489 3552 3553
f 3489 3553 3490
f 3490 3553 3554
f 3490 3554 3491
f 3491 3554 3555
f 3491 3555 3492
f 3492 3555 3556
f 3492 3556 3493
f 3493 3556 3557
f 3493 3557 3494
f 3494 3557 3558
f 3494 3558 3495
f 3495 3558 3559
f 3495 3559 3496
f 3496 3559 3560
f 3496 3560 3497
f 3497 3560 3561
f 3497 3561 3498
f 3498 3561 3562
f 3498 3562 3499
f 3499 3562 3563
f 3499 3563 3500
f 3500 3563 3564
f 3500 3564 3501
f 3501 3564 3565
f 3501 3565 3502
f 3502 3565 3566
f 3502 3566 3503
f 3503 3566 3567
f 3503 3567 3504
f 3504 3567 3568
f 3504 3568 3505
f 3505 3568 3569
f 3505 3569 3506
f 3506 3569 3570
f 3506 3570 3507
f 3507 3570 3571
f 3507 3571 3508
f 3508 3571 3572
f 3508 3572 3509
f 3509 3572 3573
f 3509 3573 3510
f 3510 3573 3574
f 3510 3574 3511
f 3511 3574 3575
f 3511 3575 3512
f 3512 3575 3576
f 3512 3576 3513
f 3513 3576 3577
f 3513 3577 3514
f 3514 3577 3578
f 3514 3578 3515
f 3515 3578 3579
f 3515 3579 3516
f 3516 3579 3580
f 3516 3580 3517
f 3517 3580 3581
f 3517 3581 3518
f 3518 3581 3582
f 3518 3582 3519
f 3519 3582 3583
f 3519 3583 3520
f 3520 3583 3584
f 3520 3584 3521
f 3521 3584 3585
f 3521 3585 3458
f 3458 3585 3522
f 3522 3586 3523
f 3523 3586 3587
f 3523 3587 3524
f 3524 3587 3588
f 3524 3588 3525
f 3525 3588 3589
f 3525 3589 3526
f 3526 3589 3590
f 3526 3590 3527
f 3527 3590 3591
f 3527 3591 3528
f 3528 3591 3592
f 3528 3592 3529
f 3529 3592 3593
f 3529 3593 3530
f 3530 3593 3594
f 3530 3594 3531
f 3531 3594 3595
f 3531 3595 3532
f 3532 3595 3596
f 3532 3596 3533
f 3533 3596 3597
f 3533 3597 3534
f 3534 3597 3598
f 3534 3598 3535
f 3535 3598 3599
f 3535 3599 3536
f 3536 3599 3600
f 3536 3600 3537
f 3537 3600 3601
f 3537 3601 3538
f 3538 3601 3602
f 3538 3602 3539
f 3539 3602 3603
f 3539 3603 3540
f 3540 3603 3604
f 3540 3604 3541
f 3541 3604 3605
f 3541 3605 3542
f 3542 3605 3606
f 3542 3606 3543
f 3543 3606 3607
f 3543 3607 3544
f 3544 3607 3608
f 3544 3608 3545
f 3545 3608 3609
f 3545 3609 3546
f 3546 3609 3610
f 3546 3610 3547
f 3547 3610 3611
f 3547 3611 3548
f 3548 3611 3612
f 3548 3612 3549
f 3549 3612 3613
f 3549 3613 3550
f 3550 3613 3614
f 3550 3614 3551
f 3551 3614 3615
f 3551 3615 3552
f 3552 3615 3616
f 3552 3616 3553
f 3553 3616 3617
f 3553 3617 3554
f 3554 3617 3618
f 3554 3618 3555
f 3555 3618 3619
f 3555 3619 3556
f 3556 3619 3620
f 3556 3620 3557
f 3557 3620 3621
f 3557 3621 3558
f 3558 3621 3622
f 3558 3622 3559
f 3559 3622 3623
f 3559 3623 3560
f 3560 3623 3624
f 3560 3624 3561
f 3561 3624 3625
f 3561 3625 3562
f 3562 3625 3626
f 3562 3626 3563
f 3563 3626 3627
f 3563 3627 3564
f 3564 3627 3628
f 3564 3628 3565
f 3565 3628 3629
f 3565 3629 3566
f 3566 3629 3630
f 3566 3630 3567
f 3567 3630 3631
f 3567 3631 3568
f 3568 3631 3632
f 3568 3632 3569
f 3569 3632 3633
f 3569 3633 3570
f 3570 3633 3634
f 3570 3634 3571
f 3571 3634 3635
f 3571 3635 3572
f 3572 3635 3636
f 3572 3636 3573
f 3573 3636 3637
f 3573 3637 3574
f 3574 3637 3638
f 3574 3638 3575
f 3575 3638 3639
f 3575 3639 3576
f 3576 3639 3640
f 3576 3640 3577
f 3577 3640 3641
f 3577 3641 3578
f 3578 3641 3642
f 3578 3642 3579
f 3579 3642 3643
f 3579 3643 3580
f 3580 3643 3644
f 3580 3644 3581
f 3581 3644 3645
f 3581 3645 3582
f 3582 3645 3646
f 3582 3646 3583
f 3583 3646 3647
f 3583 3647 3584
f 3584 3647 3648
f 3584 3648 3585
f 3585 3648 3649
f 3585 3649 3522
f 3522 3649 3586
f 3586 3650 3587
f 3587 3650 3651
f 3587 3651 3588
f 3588 3651 3652
f 3588 3652 3589
f 3589 3652 3653
f 3589 3653 3590
f 3590 3653 3654
f 3590 3654 3591
f 3591 3654 3655
f 3591 3655 3592
f 3592 3655 3656
f 3592 3656 3593
f 3593 3656 3657
f 3593 3657 3594
f 3594 3657 3658
f 3594 3658 3595
f 3595 3658 3659
f 3595 3659 3596
f 3596 3659 3660
f 3596 3660 3597
f 3597 3660 3661
f 3597 3661 3598
f 3598 3661 3662
f 3598 3662 3599
f 3599 3662 3663
f 3599 3663 3600
f 3600 3663 3664
f 3600 3664 3601
f 3601 3664 3665
f 3601 3665 3602
f 3602 3665 3666
f 3602 3666 3603
f 3603 3666 3667
f 3603 3667 3604
f 3604 3667 3668
f 3604 3668 3605
f 3605 3668 3669
f 3605 3669 3606
f 3606 3669 3670
f 3606 3670 3607
f 3607 3670 3671
f 3607 3671 3608
f 3608 3671 3672
f 3608 3672 3609
f 3609 3672 3673
f 3609 3673 3610
f 3610 3673 3674
f 3610 3674 3611
f 3611 3674 3675
f 3611 3675 3612
f 3612 3675 3676
f 3612 3676 3613
f 3613 3676 3677
f 3613 3677 3614
f 3614 3677 3678
f 3614 3678 3615
f 3615 3678 3679
f 3615 3679 3616
f 3616 3679 3680
f 3616 3680 3617
f 3617 3680 3681
f 3617 3681 3618
f 3618 3681 3682
f 3618 3682 3619
f 3619 3682 3683
f 3619 3683 3620
f 3620 3683 3684
f 3620 3684 3621
f 3621 3684 3685
f 3621 3685 3622
f 3622 3685 3686
f 3622 3686 3623
f 3623 3686 3687
f 3623 3687 3624
f 3624 3687 3688
f 3624 3688 3625
f 3625 3688 3689
f 3625 3689 3626
f 3626 3689 3690
f 3626 3690 3627
f 3627 3690 3691
f 3627 3691 3628
f 3628 3691 3692
f 3628 3692 3629
f 3629 3692 3693
f 3629 3693 3630
f 3630 3693 3694
f 3630 3694 3631
f 3631 3694 3695
f 3631 3695 3632
f 3632 3695 3696
f 3632 3696 3633
f 3633 3696 3697
f 3633 3697 3634
f 3634 3697 3698
f 3634 3698 3635
f 3635 3698 3699
f 3635 3699 3636
f 3636 3699 3700
f 3636 3700 3637
f 3637 3700 3701
f 3637 3701 3638
f 3638 3701 3702
f 3638 3702 3639
f 3639 3702 3703
f 3639 3703 3640
f 3640 3703 3704
f 3640 3704 3641
f 3641 3704 3705
f 3641 3705 3642
f 3642 3705 3706
f 3642 3706 3643
f 3643 3706 3707
f 3643 3707 3644
f 3644 3707 3708
f 3644 3708 3645
f 3645 3708 3709
f 3645 3709 3646
f 3646 3709 3710
f 3646 3710 3647
f 3647 3710 3711
f 3647 3711 3648
f 3648 3711 3712
f 3648 3712 3649
f 3649 3712 3713
f 3649 3713 3586
f 3586 3713 3650
f 3650 3714 3651
f 3651 3714 3715
f 3651 3715 3652
f 3652 3715 3716
f 3652 3716 3653
f 3653 3716 3717
f 3653 3717 3654
f 3654 3717 3718
f 3654 3718 3655
f 3655 3718 3719
f 3655 3719 3656
f 3656 3719 3720
f 3656 3720 3657
f 3657 3720 3721
f 3657 3721 3658
f 3658 3721 3722
f 3658 3722 3659
f 3659 3722 3723
f 3659 3723 3660
f 3660 3723 3724
f 3660 3724 3661
f 3661 3724 3725
f 3661 3725 3662
f 3662 3725 3726
f 3662 3726 3663
f 3663 3726 3727
f 3663 3727 3664
f 3664 3727 3728
f 3664 3728 3665
f 3665 3728 3729
f 3665 3729 3666
f 3666 3729 3730
f 3666 3730 3667
f 3667 3730 3731
f 3667 3731 3668
f 3668 3731 3732
f 3668 3732 3669
f 3669 3732 3733
f 3669 3733 3670
f 3670 3733 3734
f 3670 3734 3671
f 3671 3734 3735
f 3671 3735 3672
f 3672 3735 3736
f 3672 3736 3673
f 3673 3736 3737
f 3673 3737 3674
f 3674 3737 3738
f 3674 3738 3675
f 3675 3738 3739
f 3675 3739 3676
f 3676 3739 3740
f 3676 3740 3677
f 3677 3740 3741
f 3677 3741 3678
f 3678 3741 3742
f 3678 3742 3679
f 3679 3742 3743
f 3679 3743 3680
f 3680 3743 3744
f 3680 3744 3681
f 3681 3744 3745
f 3681 3745 3682
f 3682 3745 3746
f 3682 3746 3683
f 3683 3746 3747
f 3683 3747 3684
f 3684 3747 3748
f 3684 3748 3685
f 3685 3748 3749
f 3685 3749 3686
f 3686 3749 3750
f 3686 3750 3687
f 3687 3750 3751
f 3687 3751 3688
f 3688 3751 3752
f 3688 3752 3689
f 3689 3752 3753
f 3689 3753 3690
f 3690 3753 3754
f 3690 3754 3691
f 3691 3754 3755
f 3691 3755 3692
f 3692 3755 3756
f 3692 3756 3693
f 3693 3756 3757
f 3693 3757 3694
f 3694 3757 3758
f 3694 3758 3695
f 3695 3758 3759
f 3695 3759 3696
f 3696 3759 3760
f 3696 3760 3697
f 3697 3760 3761
f 3697 3761 3698
f 3698 3761 3762
f 3698 3762 3699
f 3699 3762 3763
f 3699 3763 3700
f 3700 3763 3764
f 3700 3764 3701
f 3701 3764 3765
f 3701 3765 3702
f 3702 3765 3766
f 3702 3766 3703
f 3703 3766 3767
f 3703 3767 3704
f 3704 3767 3768
f 3704 3768 3705
f 3705 3768 3769
f 3705 3769 3706
f 3706 3769 3770
f 3706 3770 3707
f 3707 3770 3771
f 3707 3771 3708
f 3708 3771 3772
f 3708 3772 3709
f 3709 3772 3773
f 3709 3773 3710
f 3710 3773 3774
f 3710 3774 3711
f 3711 3774 3775
f 3711 3775 3712
f 3712 3775 3776
f 3712 3776 3713
f 3713 3776 3777
f 3713 3777 3650
f 3650 3777 3714
f 3714 3778 3715
f 3715 3778 3779
f 3715 3779 3716
f 3716 3779 3780
f 3716 3780 3717
f 3717 3780 3781
f 3717 3781 3718
f 3718 3781 3782
f 3718 3782 3719
f 3719 3782 3783
f 3719 3783 3720
f 3720 3783 3784
f 3720 3784 3721
f 3721 3784 3785
f 3721 3785 3722
f 3722 3785 3786
f 3722 3786 3723
f 3723 3786 3787
f 3723 3787 3724
f 3724 3787 3788
f 3724 3788 3725
f 3725 3788 3789
f 3725 3789 3726
f 3726 3789 3790
f 3726 3790 3727
f 3727 3790 3791
f 3727 3791 3728
f 3728 3791 3792
f 3728 3792 3729
f 3729 3792 3793
f 3729 3793 3730
f 3730 3793 3794
f 3730 3794 3731
f 3731 3794 3795
f 3731 3795 3732
f 3732 3795 3796
f 3732 3796 3733
f 3733 3796 3797
f 3733 3797 3734
f 3734 3797 3798
f 3734 3798 3735
f 3735 3798 3799
f 3735 3799 3736
f 3736 3799 3800
f 3736 3800 3737
f 3737 3800 3801
f 3737 3801 3738
f 3738 3801 3802
f 3738 3802 3739
f 3739 3802 3803
f 3739 3803 3740
f 3740 3803 3804
f 3740 3804 3741
f 3741 3804 3805
f 3741 3805 3742
f 3742 3805 3806
f 3742 3806 3743
f 3743 3806 3807
f 3743 3807 3744
f 3744 3807 3808
f 3744 3808 3745
f 3745 3808 3809
f 3745 3809 3746
f 3746 3809 3810
f 3746 3810 3747
f 3747 3810 3811
f 3747 3811 3748
f 3748 3811 3812
f 3748 3812 3749
f 3749 3812 3813
f 3749 3813 3750
f 3750 3813 3814
f 3750 3814 3751
f 3751 3814 3815
f 3751 3815 3752
f 3752 3815 3816
f 3752 3816 3753
f 3753 3816 3817
f 3753 3817 3754
f 3754 3817 3818
f 3754 3818 3755
f 3755 3818 3819
f 3755 3819 3756
f 3756 3819 3820
f 3756 3820 3757
f 3757 3820 3821
f 3757 3821 3758
f 3758 3821 3822
f 3758 3822 3759
f 3759 3822 3823
f 3759 3823 3760
f 3760 3823 3824
f 3760 3824 3761
f 3761 3824 3825
f 3761 3825 3762
f 3762 3825 3826
f 3762 3826 3763
f 3763 3826 3827
f 3763 3827 3764
f 3764 3827 3828
f 3764 3828 3765
f 3765 3828 3829
f 3765 3829 3766
f 3766 3829 3830
f 3766 3830 3767
f 3767 3830 3831
f 3767 3831 3768
f 3768 3831 3832
f 3768 3832 3769
f 3769 3832 3833
f 3769 3833 3770
f 3770 3833 3834
f 3770 3834 3771
f 3771 3834 3835
f 3771 3835 3772
f 3772 3835 3836
f 3772 3836 3773
f 3773 3836 3837
f 3773 3837 3774
f 3774 3837 3838
f 3774 3838 3775
f 3775 3838 3839
f 3775 3839 3776
f 3776 3839 3840
f 3776 3840 3777
f 3777 3840 3841
f 3777 3841 3714
f 3714 3841 3778
f 3778 3842 3779
f 3779 3842 3843
f 3779 3843 3780
f 3780 3843 3844
f 3780 3844 3781
f 3781 3844 3845
f 3781 3845 3782
f 3782 3845 3846
f 3782 3846 3783
f 3783 3846 3847
f 3783 3847 3784
f 3784 3847 3848
f 3784 3848 3785
f 3785 3848 3849
f 3785 3849 3786
f 3786 3849 3850
f 3786 3850 3787
f 3787 3850 3851
f 3787 3851 3788
f 3788 3851 3852
f 3788 3852 3789
f 3789 3852 3853
f 3789 3853 3790
f 3790 3853 3854
f 3790 3854 3791
f 3791 3854 3855
f 3791 3855 3792
f 3792 3855 3856
f 3792 3856 3793
f 3793 3856 3857
f 3793 3857 3794
f 3794 3857 3858
f 3794 3858 3795
f 3795 3858 3859
f 3795 3859 3796
f 3796 3859 3860
f 3796 3860 3797
f 3797 3860 3861
f 3797 3861 3798
f 3798 3861 3862
f 3798 3862 3799
f 3799 3862 3863
f 3799 3863 3800
f 3800 3863 3864
f 3800 3864 3801
f 3801 3864 3865
f 3801 3865 3802
f 3802 3865 3866
f 3802 3866 3803
f 3803 3866 3867
f 3803 3867 3804
f 3804 3867 3868
f 3804 3868 3805
f 3805 3868 3869
f 3805 3869 3806
f 3806 3869 3870
f 3806 3870 3807
f 3807 3870 3871
f 3807 3871 3808
f 3808 3871 3872
f 3808 3872 3809
f 3809 3872 3873
f 3809 3873 3810
f 3810 3873 3874
f 3810 3874 3811
f 3811 3874 3875
f 3811 3875 3812
f 3812 3875 3876
f 3812 3876 3813
f 3813 3876 3877
f 3813 3877 3814
f 3814 3877 3878
f 3814 3878 3815
f 3815 3878 3879
f 3815 3879 3816
f 3816 3879 3880
f 3816 3880 3817
f 3817 3880 3881
f 3817 3881 3818
f 3818 3881 3882
f 3818 3882 3819
f 3819 3882 3883
f 3819 3883 3820
f 3820 3883 3884
f 3820 3884 3821
f 3821 3884 3885
f 3821 3885 3822
f 3822 3885 3886
f 3822 3886 3823
f 3823 3886 3887
f 3823 3887 3824
f 3824 3887 3888
f 3824 3888 3825
f 3825 3888 3889
f 3825 3889 3826
f 3826 3889 3890
f 3826 3890 3827
f 3827 3890 3891
f 3827 3891 3828
f 3828 3891 3892
f 3828 3892 3829
f 3829 3892 3893
f 3829 3893 3830
f 3830 3893 3894
f 3830 3894 3831
f 3831 3894 3895
f 3831 3895 3832
f 3832 3895 3896
f 3832 3896 3833
f 3833 3896 3897
f 3833 3897 3834
f 3834 3897 3898
f 3834 3898 3835
f 3835 3898 3899
f 3835 3899 3836
f 3836 3899 3900
f 3836 3900 3837
f 3837 3900 3901
f 3837 3901 3838
f 3838 3901 3902
f 3838 3902 3839
f 3839 3902 3903
f 3839 3903 3840
f 3840 3903 3904
f 3840 3904 3841
f 3841 3904 3905
f 3841 3905 3778
f 3778 3905 3842
f 3842 3906 3843
f 3843 3906 3907
f 3843 3907 3844
f 3844 3907 3908
f 3844 3908 3845
f 3845 3908 3909
f 3845 3909 3846
f 3846 3909 3910
f 3846 3910 3847
f 3847 3910 3911
f 3847 3911 3848
f 3848 3911 3912
f 3848 3912 3849
f 3849 3912 3913
f 3849 3913 3850
f 3850 3913 3914
f 3850 3914 3851
f 3851 3914 3915
f 3851 3915 3852
f 3852 3915 3916
f 3852 3916 3853
f 3853 3916 3917
f 3853 3917 3854
f 3854 3917 3918
f 3854 3918 3855
f 3855 3918 3919
f 3855 3919 3856
f 3856 3919 3920
f 3856 3920 3857
f 3857 3920 3921
f 3857 3921 3858
f 3858 3921 3922
f 3858 3922 3859
f 3859 3922 3923
f 3859 3923 3860
f 3860 3923 3924
f 3860 3924 3861
f 3861 3924 3925
f 3861 3925 3862
f 3862 3925 3926
f 3862 3926 3863
f 3863 3926 3927
f 3863 3927 3864
f 3864 3927 3928
f 3864 3928 3865
f 3865 3928 3929
f 3865 3929 3866
f 3866 3929 3930
f 3866 3930 3867
f 3867 3930 3931
f 3867 3931 3868
f 3868 3931 3932
f 3868 3932 3869
f 3869 3932 3933
f 3869 3933 3870
f 3870 3933 3934
f 3870 3934 3871
f 3871 3934 3935
f 3871 3935 3872
f 3872 3935 3936
f 3872 3936 3873
f 3873 3936 3937
f 3873 3937 3874
f 3874 3937 3938
f 3874 3938 3875
f 3875 3938 3939
f 3875 3939 3876
f 3876 3939 3940
f 3876 3940 3877
f 3877 3940 3941
f 3877 3941 3878
f 3878 3941 3942
f 3878 3942 3879
f 3879 3942 3943
f 3879 3943 3880
f 3880 3943 3944
f 3880 3944 3881
f 3881 3944 3945
f 3881 3945 3882
f 3882 3945 3946
f 3882 3946 3883
f 3883 3946 3947
f 3883 3947 3884
f 3884 3947 3948
f 3884 3948 3885
f 3885 3948 3949
f 3885 3949 3886
f 3886 3949 3950
f 3886 3950 3887
f 3887 3950 3951
f 3887 3951 3888
f 3888 3951 3952
f 3888 3952 3889
f 3889 3952 3953
f 3889 3953 3890
f 3890 3953 3954
f 3890 3954 3891
f 3891 3954 3955
f 3891 3955 3892
f 3892 3955 3956
f 3892 3956 3893
f 3893 3956 3957
f 3893 3957 3894
f 3894 3957 3958
f 3894 3958 3895
f 3895 3958 3959
f 3895 3959 3896
f 3896 3959 3960
f 3896 3960 3897
f 3897 3960 3961
f 3897 3961 3898
f 3898 3961 3962
f 3898 3962 3899
f 3899 3962 3963
f 3899 3963 3900
f 3900 3963 3964
f 3900 3964 3901
f 3901 3964 3965
f 3901 3965 3902
f 3902 3965 3966
f 3902 3966 3903
f 3903 3966 3967
f 3903 3967 3904
f 3904 3967 3968
f 3904 3968 3905
f 3905 3968 3969
f 3905 3969 3842
f 3842 3969 3906
f 3906 3970 3907
f 3907 3970 3971
f 3907 3971 3908
f 3908 3971 3972
f 3908 3972 3909
f 3909 3972 3973
f 3909 3973 3910
f 3910 3973 3974
f 3910 3974 3911
f 3911 3974 3975
f 3911 3975 3912
f 3912 3975 3976
f 3912 3976 3913
f 3913 3976 3977
f 3913 3977 3914
f 3914 3977 3978
f 3914 3978 3915
f 3915 3978 3979
f 3915 3979 3916
f 3916 3979 3980
f 3916 3980 3917
f 3917 3980 3981
f 3917 3981 3918
f 3918 3981 3982
f 3918 3982 3919
f 3919 3982 3983
f 3919 3983 3920
f 3920 3983 3984
f 3920 3984 3921
f 3921 3984 3985
f 3921 3985 3922
f 3922 3985 3986
f 3922 3986 3923
f 3923 3986 3987
f 3923 3987 3924
f 3924 3987 3988
f 3924 3988 3925
f 3925 3988 3989
f 3925 3989 3926
f 3926 3989 3990
f 3926 3990 3927
f 3927 3990 3991
f 3927 3991 3928
f 3928 3991 3992
f 3928 3992 3929
f 3929 3992 3993
f 3929 3993 3930
f 3930 3993 3994
f 3930 3994 3931
f 3931 3994 3995
f 3931 3995 3932
f 3932 3995 3996
f 3932 3996 3933
f 3933 3996 3997
f 3933 3997 3934
f 3934 3997 3998
f 3934 3998 3935
f 3935 3998 3999
f 3935 3999 3936
f 3936 3999 4000
f 3936 4000 3937
f 3937 4000 4001
f 3937 4001 3938
f 3938 4001 4002
f 3938 4002 3939
f 3939 4002 4003
f 3939 4003 3940
f 3940 4003 4004
f 3940 4004 3941
f 3941 4004 4005
f 3941 4005 3942
f 3942 4005 4006
f 3942 4006 3943
f 3943 4006 4007
f 3943 4007 3944
f 3944 4007 4008
f 3944 4008 3945
f 3945 4008 4009
f 3945 4009 3946
f 3946 4009 4010
f 3946 4010 3947
f 3947 4010 4011
f 3947 4011 3948
f 3948 4011 4012
f 3948 4012 3949
f 3949 4012 4013
f 3949 4013 3950
f 3950 4013 4014
f 3950 4014 3951
f 3951 4014 4015
f 3951 4015 3952
f 3952 4015 4016
f 3952 4016 3953
f 3953 4016 4017
f 3953 4017 3954
f 3954 4017 4018
f 3954 4018 3955
f 3955 4018 4019
f 3955 4019 3956
f 3956 4019 4020
f 3956 4020 3957
f 3957 4020 4021
f 3957 4021 3958
f 3958 4021 4022
f 3958 4022 3959
f 3959 4022 4023
f 3959 4023 3960
f 3960 4023 4024
f 3960 4024 3961
f 3961 4024 4025
f 3961 4025 3962
f 3962 4025 4026
f 3962 4026 3963
f 3963 4026 4027
f 3963 4027 3964
f 3964 4027 4028
f 3964 4028 3965
f 3965 4028 4029
f 3965 4029 3966
f 3966 4029 4030
f 3966 4030 3967
f 3967 4030 4031
f 3967 4031 3968
f 3968 4031 4032
f 3968 4032 3969
f 3969 4032 4033
f 3969 4033 3906
f 3906 4033 3970
f 3970 4034 3971
f 3971 4034 4035
f 3971 4035 3972
f 3972 4035 4036
f 3972 4036 3973
f 3973 4036 4037
f 3973 4037 3974
f 3974 4037 4038
f 3974 4038 3975
f 3975 4038 4039
f 3975 4039 3976
f 3976 4039 4040
f 3976 4040 3977
f 3977 4040 4041
f 3977 4041 3978
f 3978 4041 4042
f 3978 4042 3979
f 3979 4042 4043
f 3979 4043 3980
f 3980 4043 4044
f 3980 4044 3981
f 3981 4044 4045
f 3981 4045 3982
f 3982 4045 4046
f 3982 4046 3983
f 3983 4046 4047
f 3983 4047 3984
f 3984 4047 4048
f 3984 4048 3985
f 3985 4048 4049
f 3985 4049 3986
f 3986 4049 4050
f 3986 4050 3987
f 3987 4050 4051
f 3987 4051 3988
f 3988 4051 4052
f 3988 4052 3989
f 3989 4052 4053
f 3989 4053 3990
f 3990 4053 4054
f 3990 4054 3991
f 3991 4054 4055
f 3991 4055 3992
f 3992 4055 4056
f 3992 4056 3993
f 3993 4056 4057
f 3993 4057 3994
f 3994 4057 4058
f 3994 4058 3995
f 3995 4058 4059
f 3995 4059 3996
f 3996 4059 4060
f 3996 4060 3997
f 3997 4060 4061
f 3997 4061 3998
f 3998 4061 4062
f 3998 4062 3999
f 3999 4062 4063
f 3999 4063 4000
f 4000 4063 4064
f 4000 4064 4001
f 4001 4064 4065
f 4001 4065 4002
f 4002 4065 4066
f 4002 4066 4003
f 4003 4066 4067
f 4003 4067 4004
f 4004 4067 4068
f 4004 4068 4005
f 4005 4068 4069
f 4005 4069 4006
f 4006 4069 4070
f 4006 4070 4007
f 4007 4070 4071
f 4007 4071 4008
f 4008 4071 4072
f 4008 4072 4009
f 4009 4072 4073
f 4009 4073 4010
f 4010 4073 4074
f 4010 4074 4011
f 4011 4074 4075
f 4011 4075 4012
f 4012 4075 4076
f 4012 4076 4013
f 4013 4076 4077
f 4013 4077 4014
f 4014 4077 4078
f 4014 4078 4015
f 4015 4078 4079
f 4015 4079 4016
f 4016 4079 4080
f 4016 4080 4017
f 4017 4080 4081
f 4017 4081 4018
f 4018 4081 4082
f 4018 4082 4019
f 4019 4082 4083
f 4019 4083 4020
f 4020 4083 4084
f 4020 4084 4021
f 4021 4084 4085
f 4021 4085 4022
f 4022 4085 4086
f 4022 4086 4023
f 4023 4086 4087
f 4023 4087 4024
f 4024 4087 4088
f 4024 4088 4025
f 4025 4088 4089
f 4025 4089 4026
f 4026 4089 4090
f 4026 4090 4027
f 4027 4090 4091
f 4027 4091 4028
f 4028 4091 4092
f 4028 4092 4029
f 4029 4092 4093
f 4029 4093 4030
f 4030 4093 4094
f 4030 4094 4031
f 4031 4094 4095
f 4031 4095 4032
f 4032 4095 4096
f 4032 4096 4033
f 4033 4096 4097
f 4033 4097 3970
f 3970 4097 4034
f 4034 4098 4035
f 4035 4098 4099
f 4035 4099 4036
f 4036 4099 4100
f 4036 4100 4037
f 4037 4100 4101
f 4037 4101 4038
f 4038 4101 4102
f 4038 4102 4039
f 4039 4102 4103
f 4039 4103 4040
f 4040 4103 4104
f 4040 4104 4041
f 4041 4104 4105
f 4041 4105 4042
f 4042 4105 4106
f 4042 4106 4043
f 4043 4106 4107
f 4043 4107 4044
f 4044 4107 4108
f 4044 4108 4045
f 4045 4108 4109
f 4045 4109 4046
f 4046 4109 4110
f 4046 4110 4047
f 4047 4110 4111
f 4047 4111 4048
f 4048 4111 4112
f 4048 4112 4049
f 4049 4112 4113
f 4049 4113 4050
f 4050 4113 4114
f 4050 4114 4051
f 4051 4114 4115
f 4051 4115 4052
f 4052 4115 4116
f 4052 4116 4053
f 4053 4116 4117
f 4053 4117 4054
f 4054 4117 4118
f 4054 4118 4055
f 4055 4118 4119
f 4055 4119 4056
f 4056 4119 4120
f 4056 4120 4057
f 4057 4120 4121
f 4057 4121 4058
f 4058 4121 4122
f 4058 4122 4059
f 4059 4122 4123
f 4059 4123 4060
f 4060 4123 4124
f 4060 4124 4061
f 4061 4124 4125
f 4061 4125 4062
f 4062 4125 4126
f 4062 4126 4063
f 4063 4126 4127
f 4063 4127 4064
f 4064 4127 4128
f 4064 4128 4065
f 4065 4128 4129
f 4065 4129 4066
f 4066 4129 4130
f 4066 4130 4067
f 4067 4130 4131
f 4067 4131 4068
f 4068 4131 4132
f 4068 4132 4069
f 4069 4132 4133
f 4069 4133 4070
f 4070 4133 4134
f 4070 4134 4071
f 4071 4134 4135
f 4071 4135 4072
f 4072 4135 4136
f 4072 4136 4073
f 4073 4136 4137
f 4073 4137 4074
f 4074 4137 4138
f 4074 4138 4075
f 4075 4138 4139
f 4075 4139 4076
f 4076 4139 4140
f 4076 4140 4077
f 4077 4140 4141
f 4077 4141 4078
f 4078 4141 4142
f 4078 4142 4079
f 4079 4142 4143
f 4079 4143 4080
f 4080 4143 4144
f 4080 4144 4081
f 4081 4144 4145
f 4081 4145 4082
f 4082 4145 4146
f 4082 4146 4083
f 4083 4146 4147
f 4083 4147 4084
f 4084 4147 4148
f 4084 4148 4085
f 4085 4148 4149
f 4085 4149 4086
f 4086 4149 4150
f 4086 4150 4087
f 4087 4150 4151
f 4087 4151 4088
f 4088 4151 4152
f 4088 4152 4089
f 4089 4152 4153
f 4089 4153 4090
f 4090 4153 4154
f 4090 4154 4091
f 4091 4154 4155
f 4091 4155 4092
f 4092 4155 4156
f 4092 4156 4093
f 4093 4156 4157
f 4093 4157 4094
f 4094 4157 4158
f 4094 4158 4095
f 4095 4158 4159
f 4095 4159 4096
f 4096 4159 4160
f 4096 4160 4097
f 4097 4160 4161
f 4097 4161 4034
f 4034 4161 4098
f 4098 4162 4099
f 4099 4162 4163
f 4099 4163 4100
f 4100 4163 4164
f 4100 4164 4101
f 4101 4164 4165
f 4101 4165 4102
f 4102 4165 4166
f 4102 4166 4103
f 4103 4166 4167
f 4103 4167 4104
f 4104 4167 4168
f 4104 4168 4105
f 4105 4168 4169
f 4105 4169 4106
f 4106 4169 4170
f 4106 4170 4107
f 4107 4170 4171
f 4107 4171 4108
f 4108 4171 4172
f 4108 4172 4109
f 4109 4172 4173
f 4109 4173 4110
f 4110 4173 4174
f 4110 4174 4111
f 4111 4174 4175
f 4111 4175 4112
f 4112 4175 4176
f 4112 4176 4113
f 4113 4176 4177
f 4113 4177 4114
f 4114 4177 4178
f 4114 4178 4115
f 4115 4178 4179
f 4115 4179 4116
f 4116 4179 4180
f 4116 4180 4117
f 4117 4180 4181
f 4117 4181 4118
f 4118 4181 4182
f 4118 4182 4119
f 4119 4182 4183
f 4119 4183 4120
f 4120 4183 4184
f 4120 4184 4121
f 4121 4184 4185
f 4121 4185 4122
f 4122 4185 4186
f 4122 4186 4123
f 4123 4186 4187
f 4123 4187 4124
f 4124 4187 4188
f 4124 4188 4125
f 4125 4188 4189
f 4125 4189 4126
f 4126 4189 4190
f 4126 4190 4127
f 4127 4190 4191
f 4127 4191 4128
f 4128 4191 4192
f 4128 4192 4129
f 4129 4192 4193
f 4129 4193 4130
f 4130 4193 4194
f 4130 4194 4131
f 4131 4194 4195
f 4131 4195 4132
f 4132 4195 4196
f 4132 4196 4133
f 4133 4196 4197
f 4133 4197 4134
f 4134 4197 4198
f 4134 4198 4135
f 4135 4198 4199
f 4135 4199 4136
f 4136 4199 4200
f 4136 4200 4137
f 4137 4200 4201
f 4137 4201 4138
f 4138 4201 4202
f 4138 4202 4139
f 4139 4202 4203
f 4139 4203 4140
f 4140 4203 4204
f 4140 4204 4141
f 4141 4204 4205
f 4141 4205 4142
f 4142 4205 4206
f 4142 4206 4143
f 4143 4206 4207
f 4143 4207 4144
f 4144 4207 4208
f 4144 4208 4145
f 4145 4208 4209
f 4145 4209 4146
f 4146 4209 4210
f 4146 4210 4147
f 4147 4210 4211
f 4147 4211 4148
f 4148 4211 4212
f 4148 4212 4149
f 4149 4212 4213
f 4149 4213 4150
f 4150 4213 4214
f 4150 4214 4151
f 4151 4214 4215
f 4151 4215 4152
f 4152 4215 4216
f 4152 4216 4153
f 4153 4216 4217
f 4153 4217 4154
f 4154 4217 4218
f 4154 4218 4155
f 4155 4218 4219
f 4155 4219 4156
f 4156 4219 4220
f 4156 4220 4157
f 4157 4220 4221
f 4157 4221 4158
f 4158 4221 4222
f 4158 4222 4159
f 4159 4222 4223
f 4159 4223 4160
f 4160 4223 4224
f 4160 4224 4161
f 4161 4224 4225
f 4161 4225 4098
f 4098 4225 4162
f 4162 4226 4163
f 4163 4226 4227
f 4163 4227 4164
f 4164 4227 4228
f 4164 4228 4165
f 4165 4228 4229
f 4165 4229 4166
f 4166 4229 4230
f 4166 4230 4167
f 4167 4230 4231
f 4167 4231 4168
f 4168 4231 4232
f 4168 4232 4169
f 4169 4232 4233
f 4169 4233 4170
f 4170 4233 4234
f 4170 4234 4171
f 4171 4234 4235
f 4171 4235 4172
f 4172 4235 4236
f 4172 4236 4173
f 4173 4236 4237
f 4173 4237 4174
f 4174 4237 4238
f 4174 4238 4175
f 4175 4238 4239
f 4175 4239 4176
f 4176 4239 4240
f 4176 4240 4177
f 4177 4240 4241
f 4177 4241 4178
f 4178 4241 4242
f 4178 4242 4179
f 4179 4242 4243
f 4179 4243 4180
f 4180 4243 4244
f 4180 4244 4181
f 4181 4244 4245
f 4181 4245 4182
f 4182 4245 4246
f 4182 4246 4183
f 4183 4246 4247
f 4183 4247 4184
f 4184 4247 4248
f 4184 4248 4185
f 4185 4248 4249
f 4185 4249 4186
f 4186 4249 4250
f 4186 4250 4187
f 4187 4250 4251
f 4187 4251 4188
f 4188 4251 4252
f 4188 4252 4189
f 4189 4252 4253
f 4189 4253 4190
f 4190 4253 4254
f 4190 4254 4191
f 4191 4254 4255
f 4191 4255 4192
f 4192 4255 4256
f 4192 4256 4193
f 4193 4256 4257
f 4193 4257 4194
f 4194 4257 4258
f 4194 4258 4195
f 4195 4258 4259
f 4195 4259 4196
f 4196 4259 4260
f 4196 4260 4197
f 4197 4260 4261
f 4197 4261 4198
f 4198 4261 4262
f 4198 4262 4199
f 4199 4262 4263
f 4199 4263 4200
f 4200 4263 4264
f 4200 4264 4201
f 4201 4264 4265
f 4201 4265 4202
f 4202 4265 4266
f 4202 4266 4203
f 4203 4266 4267
f 4203 4267 4204
f 4204 4267 4268
f 4204 4268 4205
f 4205 4268 4269
f 4205 4269 4206
f 4206 4269 4270
f 4206 4270 4207
f 4207 4270 4271
f 4207 4271 4208
f 4208 4271 4272
f 4208 4272 4209
f 4209 4272 4273
f 4209 4273 4210
f 4210 4273 4274
f 4210 4274 4211
f 4211 4274 4275
f 4211 4275 4212
f 4212 4275 4276
f 4212 4276 4213
f 4213 4276 4277
f 4213 4277 4214
f 4214 4277 4278
f 4214 4278 4215
f 4215 4278 4279
f 4215 4279 4216
f 4216 4279 4280
f 4216 4280 4217
f 4217 4280 4281
f 4217 4281 4218
f 4218 4281 4282
f 4218 4282 4219
f 4219 4282 4283
f 4219 4283 4220
f 4220 4283 4284
f 4220 4284 4221
f 4221 4284 4285
f 4221 4285 4222
f 4222 4285 4286
f 4222 4286 4223
f 4223 4286 4287
f 4223 4287 4224
f 4224 4287 4288
f 4224 4288 4225
f 4225 4288 4289
f 4225 4289 4162
f 4162 4289 4226
f 4226 4290 4227
f 4227 4290 4291
f 4227 4291 4228
f 4228 4291 4292
f 4228 4292 4229
f 4229 4292 4293
f 4229 4293 4230
f 4230 4293 4294
f 4230 4294 4231
f 4231 4294 4295
f 4231 4295 4232
f 4232 4295 4296
f 4232 4296 4233
f 4233 4296 4297
f 4233 4297 4234
f 4234 4297 4298
f 4234 4298 4235
f 4235 4298 4299
f 4235 4299 4236
f 4236 4299 4300
f 4236 4300 4237
f 4237 4300 4301
f 4237 4301 4238
f 4238 4301 4302
f 4238 4302 4239
f 4239 4302 4303
f 4239 4303 4240
f 4240 4303 4304
f 4240 4304 4241
f 4241 4304 4305
f 4241 4305 4242
f 4242 4305 4306
f 4242 4306 4243
f 4243 4306 4307
f 4243 4307 4244
f 4244 4307 4308
f 4244 4308 4245
f 4245 4308 4309
f 4245 4309 4246
f 4246 4309 4310
f 4246 4310 4247
f 4247 4310 4311
f 4247 4311 4248
f 4248 4311 4312
f 4248 4312 4249
f 4249 4312 4313
f 4249 4313 4250
f 4250 4313 4314
f 4250 4314 4251
f 4251 4314 4315
f 4251 4315 4252
f 4252 4315 4316
f 4252 4316 4253
f 4253 4316 4317
f 4253 4317 4254
f 4254 4317 4318
f 4254 4318 4255
f 4255 4318 4319
f 4255 4319 4256
f 4256 4319 4320
f 4256 4320 4257
f 4257 4320 4321
f 4257 4321 4258
f 4258 4321 4322
f 4258 4322 4259
f 4259 4322 4323
f 4259 4323 4260
f 4260 4323 4324
f 4260 4324 4261
f 4261 4324 4325
f 4261 4325 4262
f 4262 4325 4326
f 4262 4326 4263
f 4263 4326 4327
f 4263 4327 4264
f 4264 4327 4328
f 4264 4328 4265
f 4265 4328 4329
f 4265 4329 4266
f 4266 4329 4330
f 4266 4330 4267
f 4267 4330 4331
f 4267 4331 4268
f 4268 4331 4332
f 4268 4332 4269
f 4269 4332 4333
f 4269 4333 4270
f 4270 4333 4334
f 4270 4334 4271
f 4271 4334 4335
f 4271 4335 4272
f 4272 4335 4336
f 4272 4336 4273
f 4273 4336 4337
f 4273 4337 4274
f 4274 4337 4338
f 4274 4338 4275
f 4275 4338 4339
f 4275 4339 4276
f 4276 4339 4340
f 4276 4340 4277
f 4277 4340 4341
f 4277 4341 4278
f 4278 4341 4342
f 4278 4342 4279
f 4279 4342 4343
f 4279 4343 4280
f 4280 4343 4344
f 4280 4344 4281
f 4281 4344 4345
f 4281 4345 4282
f 4282 4345 4346
f 4282 4346 4283
f 4283 4346 4347
f 4283 4347 4284
f 4284 4347 4348
f 4284 4348 4285
f 4285 4348 4349
f 4285 4349 4286
f 4286 4349 4350
f 4286 4350 4287
f 4287 4350 4351
f 4287 4351 4288
f 4288 4351 4352
f 4288 4352 4289
f 4289 4352 4353
f 4289 4353 4226
f 4226 4353 4290
