v 0 0 0
v 0.9 0 0.0
v 0.8956662540049772 0 0.08821542629660455
v 0.8827067523629074 0 0.17558128981451543
v 0.861246302158988 0 0.2612562095290161
v 0.831491579260158 0 0.3444150891285808
v 0.7937291379135195 0 0.4242570631433979
v 0.7483226510722907 0 0.500013209717642
v 0.6957094080264633 0 0.5709539557472809
v 0.6363961030678928 0 0.6363961030678928
v 0.5709539557472809 0 0.6957094080264632
v 0.5000132097176421 0 0.7483226510722907
v 0.42425706314339806 0 0.7937291379135195
v 0.3444150891285809 0 0.831491579260158
v 0.2612562095290161 0 0.861246302158988
v 0.1755812898145155 0 0.8827067523629074
v 0.0882154262966047 0 0.8956662540049771
v 5.5109105961630896e-17 0 0.9
v -0.08821542629660459 0 0.8956662540049772
v -0.17558128981451537 0 0.8827067523629074
v -0.26125620952901596 0 0.861246302158988
v -0.34441508912858076 0 0.831491579260158
v -0.42425706314339795 0 0.7937291379135195
v -0.5000132097176417 0 0.7483226510722908
v -0.5709539557472808 0 0.6957094080264634
v -0.6363961030678927 0 0.6363961030678928
v -0.6957094080264633 0 0.5709539557472809
v -0.7483226510722908 0 0.500013209717642
v -0.7937291379135195 0 0.42425706314339806
v -0.831491579260158 0 0.34441508912858093
v -0.861246302158988 0 0.2612562095290162
v -0.8827067523629074 0 0.17558128981451576
v -0.8956662540049771 0 0.08821542629660474
v -0.9 0 1.1021821192326179e-16
v -0.8956662540049772 0 -0.08821542629660453
v -0.8827067523629074 0 -0.17558128981451554
v -0.861246302158988 0 -0.2612562095290159
v -0.8314915792601582 0 -0.3444150891285807
v -0.7937291379135195 0 -0.4242570631433979
v -0.7483226510722909 0 -0.5000132097176417
v -0.6957094080264634 0 -0.5709539557472808
v -0.636396103067893 0 -0.6363961030678927
v -0.5709539557472814 0 -0.695709408026463
v -0.500013209717642 0 -0.7483226510722907
v -0.42425706314339806 0 -0.7937291379135195
v -0.3444150891285813 0 -0.8314915792601579
v -0.2612562095290162 0 -0.861246302158988
v -0.1755812898145158 0 -0.8827067523629073
v -0.08821542629660441 0 -0.8956662540049772
v -1.6532731788489269e-16 0 -0.9
v 0.08821542629660409 0 -0.8956662540049772
v 0.17558128981451548 0 -0.8827067523629074
v 0.26125620952901585 0 -0.861246302158988
v 0.344415089128581 0 -0.8314915792601579
v 0.42425706314339784 0 -0.7937291379135195
v 0.5000132097176416 0 -0.7483226510722909
v 0.570953955747281 0 -0.6957094080264632
v 0.6363961030678926 0 -0.636396103067893
v 0.6957094080264629 0 -0.5709539557472814
v 0.7483226510722907 0 -0.500013209717642
v 0.7937291379135194 0 -0.4242570631433981
v 0.8314915792601579 0 -0.3444150891285814
v 0.861246302158988 0 -0.26125620952901624
v 0.8827067523629073 0 -0.17558128981451585
v 0.8956662540049772 0 -0.08821542629660446
v 1.0 0.0 0.0
v 0.998078528040323 0.019509032201612826 0.0
v 0.9923879532511287 0.03826834323650898 0.0
v 0.9831469612302546 0.05555702330196022 0.0
v 0.9707106781186547 0.07071067811865477 0.0
v 0.9555570233019602 0.08314696123025453 0.0
v 0.938268343236509 0.09238795325112868 0.0
v 0.9195090322016128 0.09807852804032305 0.0
v 0.9 0.1 0.0
v 0.8804909677983872 0.09807852804032305 0.0
v 0.8617316567634911 0.09238795325112868 0.0
v 0.8444429766980398 0.08314696123025454 0.0
v 0.8292893218813453 0.07071067811865477 0.0
v 0.8168530387697455 0.05555702330196022 0.0
v 0.8076120467488713 0.03826834323650899 0.0
v 0.801921471959677 0.01950903220161286 0.0
v 0.8 1.2246467991473533e-17 0.0
v 0.801921471959677 -0.019509032201612837 0.0
v 0.8076120467488713 -0.03826834323650897 0.0
v 0.8168530387697455 -0.0555570233019602 0.0
v 0.8292893218813453 -0.07071067811865475 0.0
v 0.8444429766980398 -0.08314696123025453 0.0
v 0.861731656763491 -0.09238795325112865 0.0
v 0.8804909677983872 -0.09807852804032303 0.0
v 0.9 -0.1 0.0
v 0.9195090322016128 -0.09807852804032305 0.0
v 0.938268343236509 -0.09238795325112867 0.0
v 0.9555570233019602 -0.08314696123025456 0.0
v 0.9707106781186547 -0.07071067811865477 0.0
v 0.9831469612302546 -0.05555702330196022 0.0
v 0.9923879532511287 -0.038268343236509045 0.0
v 0.998078528040323 -0.019509032201612875 0.0
v 0.9951847266721969 0.0 0.0980171403295606
v 0.9932725071251975 0.019509032201612826 0.09782880314284963
v 0.9876093340090055 0.03826834323650898 0.09727102927518132
v 0.9784128398905318 0.05555702330196022 0.09636525366348694
v 0.9660364408812964 0.07071067811865477 0.09514628475655912
v 0.9509557550544594 0.08314696123025453 0.09366096684588544
v 0.9337503247090002 0.09238795325112868 0.09196637986579724
v 0.9150813448841784 0.09807852804032305 0.09012764584360394
v 0.8956662540049772 0.1 0.08821542629660455
v 0.8762511631257761 0.09807852804032305 0.08630320674960515
v 0.8575821833009543 0.09238795325112868 0.08446447272741185
v 0.8403767529554951 0.08314696123025454 0.08276988574732365
v 0.8252960671286581 0.07071067811865477 0.08128456783664997
v 0.8129196681194226 0.05555702330196022 0.08006559892972215
v 0.8037231740009491 0.03826834323650899 0.07915982331802777
v 0.798060000884757 0.01950903220161286 0.07860204945035947
v 0.7961477813377575 1.2246467991473533e-17 0.07841371226364849
v 0.798060000884757 -0.019509032201612837 0.07860204945035947
v 0.8037231740009491 -0.03826834323650897 0.07915982331802777
v 0.8129196681194226 -0.0555570233019602 0.08006559892972215
v 0.8252960671286581 -0.07071067811865475 0.08128456783664997
v 0.8403767529554951 -0.08314696123025453 0.08276988574732365
v 0.8575821833009541 -0.09238795325112865 0.08446447272741184
v 0.8762511631257761 -0.09807852804032303 0.08630320674960515
v 0.8956662540049772 -0.1 0.08821542629660455
v 0.9150813448841784 -0.09807852804032305 0.09012764584360394
v 0.9337503247090002 -0.09238795325112867 0.09196637986579724
v 0.9509557550544594 -0.08314696123025456 0.09366096684588544
v 0.9660364408812964 -0.07071067811865477 0.09514628475655912
v 0.9784128398905318 -0.05555702330196022 0.09636525366348694
v 0.9876093340090055 -0.038268343236509045 0.09727102927518132
v 0.9932725071251975 -0.019509032201612875 0.09782880314284963
v 0.9807852804032304 0.0 0.19509032201612825
v 0.9789007289884717 0.019509032201612826 0.1947154614327699
v 0.9733194969981962 0.03826834323650898 0.19360528536468913
v 0.9642560680477992 0.05555702330196022 0.1918024572555883
v 0.9520587446290147 0.07071067811865477 0.18937625877866257
v 0.9371962630404893 0.08314696123025453 0.1864199273807524
v 0.9202397801146939 0.09238795325112868 0.1830470732195497
v 0.9018409239811619 0.09807852804032305 0.1793873131889511
v 0.8827067523629074 0.1 0.17558128981451543
v 0.8635725807446529 0.09807852804032305 0.17177526644007976
v 0.845173724611121 0.09238795325112868 0.16811550640948117
v 0.8282172416853255 0.08314696123025454 0.16474265224827847
v 0.8133547600968001 0.07071067811865477 0.1617863208503683
v 0.8011574366780156 0.05555702330196022 0.15936012237344255
v 0.7920940077276186 0.03826834323650899 0.15755729426434173
v 0.7865127757373431 0.01950903220161286 0.15644711819626095
v 0.7846282243225844 1.2246467991473533e-17 0.1560722576129026
v 0.7865127757373431 -0.019509032201612837 0.15644711819626095
v 0.7920940077276186 -0.03826834323650897 0.15755729426434173
v 0.8011574366780156 -0.0555570233019602 0.15936012237344255
v 0.8133547600968001 -0.07071067811865475 0.1617863208503683
v 0.8282172416853255 -0.08314696123025453 0.16474265224827847
v 0.8451737246111208 -0.09238795325112865 0.16811550640948114
v 0.8635725807446529 -0.09807852804032303 0.17177526644007976
v 0.8827067523629074 -0.1 0.17558128981451543
v 0.9018409239811619 -0.09807852804032305 0.1793873131889511
v 0.9202397801146939 -0.09238795325112867 0.1830470732195497
v 0.9371962630404893 -0.08314696123025456 0.1864199273807524
v 0.9520587446290147 -0.07071067811865477 0.18937625877866257
v 0.9642560680477992 -0.05555702330196022 0.1918024572555883
v 0.9733194969981962 -0.038268343236509045 0.19360528536468913
v 0.9789007289884717 -0.019509032201612875 0.1947154614327699
v 0.9569403357322088 0.0 0.29028467725446233
v 0.9551016017100156 0.019509032201612826 0.289726903386794
v 0.9496560611607346 0.03826834323650898 0.28807501672072033
v 0.9408129831537807 0.05555702330196022 0.28539249833442987
v 0.9289122022177055 0.07071067811865477 0.28178243590513397
v 0.914411058689848 0.08314696123025453 0.27738356210744425
v 0.8978668233836482 0.09238795325112868 0.2723649231944891
v 0.8799152819838099 0.09807852804032305 0.2669193826452082
v 0.861246302158988 0.1 0.2612562095290161
v 0.8425773223341662 0.09807852804032305 0.255593036412824
v 0.8246257809343277 0.09238795325112868 0.2501474958635431
v 0.808081545628128 0.08314696123025454 0.24512885695058795
v 0.7935804021002704 0.07071067811865477 0.24072998315289826
v 0.7816796211641952 0.05555702330196022 0.23711992072360236
v 0.7728365431572413 0.03826834323650899 0.23443740233731186
v 0.7673910026079604 0.01950903220161286 0.2327855156712382
v 0.7655522685857671 1.2246467991473533e-17 0.23222774180356986
v 0.7673910026079604 -0.019509032201612837 0.2327855156712382
v 0.7728365431572413 -0.03826834323650897 0.23443740233731186
v 0.7816796211641952 -0.0555570233019602 0.23711992072360236
v 0.7935804021002704 -0.07071067811865475 0.24072998315289826
v 0.808081545628128 -0.08314696123025453 0.24512885695058795
v 0.8246257809343276 -0.09238795325112865 0.25014749586354307
v 0.8425773223341662 -0.09807852804032303 0.255593036412824
v 0.861246302158988 -0.1 0.2612562095290161
v 0.8799152819838099 -0.09807852804032305 0.2669193826452082
v 0.8978668233836482 -0.09238795325112867 0.2723649231944891
v 0.914411058689848 -0.08314696123025456 0.27738356210744425
v 0.9289122022177055 -0.07071067811865477 0.28178243590513397
v 0.9408129831537807 -0.05555702330196022 0.28539249833442987
v 0.9496560611607346 -0.038268343236509045 0.28807501672072033
v 0.9551016017100156 -0.019509032201612875 0.289726903386794
v 0.9238795325112867 0.0 0.3826834323650898
v 0.9221043238954468 0.019509032201612826 0.38194811688036734
v 0.9168469183194855 0.03826834323650898 0.3797704281879082
v 0.9083093549312997 0.05555702330196022 0.3762340536429017
v 0.8968197275039769 0.07071067811865477 0.37147489413589063
v 0.8828195759760917 0.08314696123025453 0.3656758414977622
v 0.8668469183194855 0.09238795325112868 0.35905975006925345
v 0.8495155748103318 0.09807852804032305 0.35188087253361505
v 0.831491579260158 0.1 0.3444150891285808
v 0.8134675837099844 0.09807852804032305 0.33694930572354653
v 0.7961362402008307 0.09238795325112868 0.3297704281879082
v 0.7801635825442245 0.08314696123025454 0.3231543367593994
v 0.7661634310163393 0.07071067811865477 0.31735528412127095
v 0.7546738035890164 0.05555702330196022 0.31259612461425995
v 0.7461362402008307 0.03826834323650899 0.3090597500692534
v 0.7408788346248694 0.01950903220161286 0.3068820613767943
v 0.7391036260090295 1.2246467991473533e-17 0.30614674589207186
v 0.7408788346248694 -0.019509032201612837 0.3068820613767943
v 0.7461362402008307 -0.03826834323650897 0.3090597500692534
v 0.7546738035890164 -0.0555570233019602 0.31259612461425995
v 0.7661634310163393 -0.07071067811865475 0.31735528412127095
v 0.7801635825442245 -0.08314696123025453 0.3231543367593994
v 0.7961362402008306 -0.09238795325112865 0.32977042818790814
v 0.8134675837099844 -0.09807852804032303 0.33694930572354653
v 0.831491579260158 -0.1 0.3444150891285808
v 0.8495155748103318 -0.09807852804032305 0.35188087253361505
v 0.8668469183194855 -0.09238795325112867 0.35905975006925345
v 0.8828195759760917 -0.08314696123025456 0.3656758414977622
v 0.8968197275039769 -0.07071067811865477 0.37147489413589063
v 0.9083093549312997 -0.05555702330196022 0.3762340536429017
v 0.9168469183194855 -0.038268343236509045 0.3797704281879082
v 0.9221043238954468 -0.019509032201612875 0.38194811688036734
v 0.881921264348355 0.0 0.47139673682599764
v 0.8802266773682669 0.019509032201612826 0.4704909612143033
v 0.8752080384553117 0.03826834323650898 0.46780844282801276
v 0.8670582110884293 0.05555702330196022 0.46345226934433764
v 0.8560903885628531 0.07071067811865477 0.4575898460672852
v 0.8427260581474153 0.08314696123025453 0.45044646263570787
v 0.8274788035651783 0.09238795325112868 0.44229663526882546
v 0.8109345682589787 0.09807852804032305 0.43345355726187146
v 0.7937291379135195 0.1 0.4242570631433979
v 0.7765237075680604 0.09807852804032305 0.4150605690249243
v 0.7599794722618608 0.09238795325112868 0.40621749101797033
v 0.7447322176796238 0.08314696123025454 0.3980676636510879
v 0.731367887264186 0.07071067811865477 0.3909242802195106
v 0.7204000647386098 0.05555702330196022 0.38506185694245815
v 0.7122502373717274 0.03826834323650899 0.38070568345878303
v 0.7072315984587723 0.01950903220161286 0.3780231650724925
v 0.7055370114786841 1.2246467991473533e-17 0.37711738946079815
v 0.7072315984587723 -0.019509032201612837 0.3780231650724925
v 0.7122502373717274 -0.03826834323650897 0.38070568345878303
v 0.7204000647386098 -0.0555570233019602 0.38506185694245815
v 0.731367887264186 -0.07071067811865475 0.3909242802195106
v 0.7447322176796238 -0.08314696123025453 0.3980676636510879
v 0.7599794722618607 -0.09238795325112865 0.4062174910179703
v 0.7765237075680604 -0.09807852804032303 0.4150605690249243
v 0.7937291379135195 -0.1 0.4242570631433979
v 0.8109345682589787 -0.09807852804032305 0.43345355726187146
v 0.8274788035651783 -0.09238795325112867 0.44229663526882546
v 0.8427260581474153 -0.08314696123025456 0.45044646263570787
v 0.8560903885628531 -0.07071067811865477 0.4575898460672852
v 0.8670582110884293 -0.05555702330196022 0.46345226934433764
v 0.8752080384553117 -0.038268343236509045 0.46780844282801276
v 0.8802266773682669 -0.019509032201612875 0.4704909612143033
v 0.8314696123025452 0.0 0.5555702330196022
v 0.8298719667571824 0.019509032201612826 0.5545027203952239
v 0.8251404267434324 0.03826834323650898 0.5513412064335756
v 0.8174568226905452 0.05555702330196022 0.5462071863432063
v 0.8071164311932586 0.07071067811865477 0.5392979576369971
v 0.794516627697855 0.08314696123025453 0.5308790380993875
v 0.7801416155866115 0.09238795325112868 0.5212739620868234
v 0.7645438185133636 0.09807852804032305 0.5108518472838789
v 0.7483226510722907 0.1 0.500013209717642
v 0.7321014836312179 0.09807852804032305 0.48917457215140503
v 0.7165036865579699 0.09238795325112868 0.47875245734846056
v 0.7021286744467264 0.08314696123025454 0.46914738133589645
v 0.6895288709513229 0.07071067811865477 0.46072846179828686
v 0.6791884794540363 0.05555702330196022 0.4538192330920776
v 0.6715048754011491 0.03826834323650899 0.44868521300170827
v 0.666773335387399 0.01950903220161286 0.4455236990400601
v 0.6651756898420362 1.2246467991473533e-17 0.44445618641568174
v 0.666773335387399 -0.019509032201612837 0.4455236990400601
v 0.6715048754011491 -0.03826834323650897 0.44868521300170827
v 0.6791884794540363 -0.0555570233019602 0.4538192330920776
v 0.6895288709513229 -0.07071067811865475 0.46072846179828686
v 0.7021286744467264 -0.08314696123025453 0.46914738133589645
v 0.7165036865579698 -0.09238795325112865 0.4787524573484605
v 0.7321014836312179 -0.09807852804032303 0.48917457215140503
v 0.7483226510722907 -0.1 0.500013209717642
v 0.7645438185133636 -0.09807852804032305 0.5108518472838789
v 0.7801416155866115 -0.09238795325112867 0.5212739620868234
v 0.794516627697855 -0.08314696123025456 0.5308790380993875
v 0.8071164311932586 -0.07071067811865477 0.5392979576369971
v 0.8174568226905452 -0.05555702330196022 0.5462071863432063
v 0.8251404267434324 -0.038268343236509045 0.5513412064335756
v 0.8298719667571824 -0.019509032201612875 0.5545027203952239
v 0.773010453362737 0.0 0.6343932841636455
v 0.7715251354520634 0.019509032201612826 0.6331743152567176
v 0.7671262616543737 0.03826834323650898 0.6295642528274218
v 0.7599828782227963 0.05555702330196022 0.6237018295503695
v 0.7503695013765511 0.07071067811865477 0.6158123350644128
v 0.7386555677965957 0.08314696123025453 0.6061989582181677
v 0.725291237381158 0.09238795325112868 0.5952311356925915
v 0.7107900938533003 0.09807852804032305 0.5833303547565164
v 0.6957094080264633 0.1 0.5709539557472809
v 0.6806287221996263 0.09807852804032305 0.5585775567380454
v 0.6661275786717686 0.09238795325112868 0.5466767758019704
v 0.6527632482563309 0.08314696123025454 0.5357089532763942
v 0.6410493146763755 0.07071067811865477 0.5260955764301491
v 0.6314359378301303 0.05555702330196022 0.5182060819441925
v 0.6242925543985529 0.03826834323650899 0.51234365866714
v 0.6198936806008633 0.01950903220161286 0.5087335962378442
v 0.6184083626901896 1.2246467991473533e-17 0.5075146273309165
v 0.6198936806008633 -0.019509032201612837 0.5087335962378442
v 0.6242925543985529 -0.03826834323650897 0.51234365866714
v 0.6314359378301303 -0.0555570233019602 0.5182060819441925
v 0.6410493146763755 -0.07071067811865475 0.5260955764301491
v 0.6527632482563309 -0.08314696123025453 0.5357089532763942
v 0.6661275786717686 -0.09238795325112865 0.5466767758019704
v 0.6806287221996263 -0.09807852804032303 0.5585775567380454
v 0.6957094080264633 -0.1 0.5709539557472809
v 0.7107900938533003 -0.09807852804032305 0.5833303547565164
v 0.725291237381158 -0.09238795325112867 0.5952311356925915
v 0.7386555677965957 -0.08314696123025456 0.6061989582181677
v 0.7503695013765511 -0.07071067811865477 0.6158123350644128
v 0.7599828782227963 -0.05555702330196022 0.6237018295503695
v 0.7671262616543737 -0.038268343236509045 0.6295642528274218
v 0.7715251354520634 -0.019509032201612875 0.6331743152567176
v 0.7071067811865476 0.0 0.7071067811865476
v 0.7057480953340002 0.019509032201612826 0.7057480953340002
v 0.7017242513117117 0.03826834323650898 0.7017242513117117
v 0.6951898831888608 0.05555702330196022 0.6951898831888608
v 0.6863961030678928 0.07071067811865477 0.6863961030678928
v 0.675680850987248 0.08314696123025453 0.675680850987248
v 0.6634559080752027 0.09238795325112868 0.6634559080752027
v 0.65019107203204 0.09807852804032305 0.65019107203204
v 0.6363961030678928 0.1 0.6363961030678928
v 0.6226011341037457 0.09807852804032305 0.6226011341037457
v 0.609336298060583 0.09238795325112868 0.609336298060583
v 0.5971113551485377 0.08314696123025454 0.5971113551485377
v 0.5863961030678928 0.07071067811865477 0.5863961030678928
v 0.5776023229469248 0.05555702330196022 0.5776023229469248
v 0.571067954824074 0.03826834323650899 0.571067954824074
v 0.5670441108017855 0.01950903220161286 0.5670441108017855
v 0.5656854249492381 1.2246467991473533e-17 0.5656854249492381
v 0.5670441108017855 -0.019509032201612837 0.5670441108017855
v 0.571067954824074 -0.03826834323650897 0.571067954824074
v 0.5776023229469248 -0.0555570233019602 0.5776023229469248
v 0.5863961030678928 -0.07071067811865475 0.5863961030678928
v 0.5971113551485377 -0.08314696123025453 0.5971113551485377
v 0.6093362980605829 -0.09238795325112865 0.6093362980605829
v 0.6226011341037457 -0.09807852804032303 0.6226011341037457
v 0.6363961030678928 -0.1 0.6363961030678928
v 0.65019107203204 -0.09807852804032305 0.65019107203204
v 0.6634559080752027 -0.09238795325112867 0.6634559080752027
v 0.675680850987248 -0.08314696123025456 0.675680850987248
v 0.6863961030678928 -0.07071067811865477 0.6863961030678928
v 0.6951898831888608 -0.05555702330196022 0.6951898831888608
v 0.7017242513117117 -0.038268343236509045 0.7017242513117117
v 0.7057480953340002 -0.019509032201612875 0.7057480953340002
v 0.6343932841636455 0.0 0.7730104533627369
v 0.6331743152567176 0.019509032201612826 0.7715251354520632
v 0.6295642528274218 0.03826834323650898 0.7671262616543736
v 0.6237018295503695 0.05555702330196022 0.7599828782227962
v 0.6158123350644128 0.07071067811865477 0.750369501376551
v 0.6061989582181677 0.08314696123025453 0.7386555677965956
v 0.5952311356925915 0.09238795325112868 0.7252912373811579
v 0.5833303547565164 0.09807852804032305 0.7107900938533002
v 0.5709539557472809 0.1 0.6957094080264632
v 0.5585775567380454 0.09807852804032305 0.6806287221996262
v 0.5466767758019704 0.09238795325112868 0.6661275786717686
v 0.5357089532763942 0.08314696123025454 0.6527632482563308
v 0.5260955764301491 0.07071067811865477 0.6410493146763754
v 0.5182060819441925 0.05555702330196022 0.6314359378301302
v 0.51234365866714 0.03826834323650899 0.6242925543985529
v 0.5087335962378442 0.01950903220161286 0.6198936806008633
v 0.5075146273309165 1.2246467991473533e-17 0.6184083626901895
v 0.5087335962378442 -0.019509032201612837 0.6198936806008633
v 0.51234365866714 -0.03826834323650897 0.6242925543985529
v 0.5182060819441925 -0.0555570233019602 0.6314359378301302
v 0.5260955764301491 -0.07071067811865475 0.6410493146763754
v 0.5357089532763942 -0.08314696123025453 0.6527632482563308
v 0.5466767758019704 -0.09238795325112865 0.6661275786717685
v 0.5585775567380454 -0.09807852804032303 0.6806287221996262
v 0.5709539557472809 -0.1 0.6957094080264632
v 0.5833303547565164 -0.09807852804032305 0.7107900938533002
v 0.5952311356925915 -0.09238795325112867 0.7252912373811579
v 0.6061989582181677 -0.08314696123025456 0.7386555677965956
v 0.6158123350644128 -0.07071067811865477 0.750369501376551
v 0.6237018295503695 -0.05555702330196022 0.7599828782227962
v 0.6295642528274218 -0.038268343236509045 0.7671262616543736
v 0.6331743152567176 -0.019509032201612875 0.7715251354520632
v 0.5555702330196023 0.0 0.8314696123025452
v 0.554502720395224 0.019509032201612826 0.8298719667571824
v 0.5513412064335758 0.03826834323650898 0.8251404267434324
v 0.5462071863432064 0.05555702330196022 0.8174568226905452
v 0.5392979576369972 0.07071067811865477 0.8071164311932586
v 0.5308790380993876 0.08314696123025453 0.794516627697855
v 0.5212739620868235 0.09238795325112868 0.7801416155866115
v 0.510851847283879 0.09807852804032305 0.7645438185133636
v 0.5000132097176421 0.1 0.7483226510722907
v 0.48917457215140514 0.09807852804032305 0.7321014836312179
v 0.47875245734846067 0.09238795325112868 0.7165036865579699
v 0.46914738133589656 0.08314696123025454 0.7021286744467264
v 0.46072846179828697 0.07071067811865477 0.6895288709513229
v 0.4538192330920777 0.05555702330196022 0.6791884794540363
v 0.4486852130017084 0.03826834323650899 0.6715048754011491
v 0.44552369904006023 0.01950903220161286 0.666773335387399
v 0.44445618641568185 1.2246467991473533e-17 0.6651756898420362
v 0.44552369904006023 -0.019509032201612837 0.666773335387399
v 0.4486852130017084 -0.03826834323650897 0.6715048754011491
v 0.4538192330920777 -0.0555570233019602 0.6791884794540363
v 0.46072846179828697 -0.07071067811865475 0.6895288709513229
v 0.46914738133589656 -0.08314696123025453 0.7021286744467264
v 0.4787524573484606 -0.09238795325112865 0.7165036865579698
v 0.48917457215140514 -0.09807852804032303 0.7321014836312179
v 0.5000132097176421 -0.1 0.7483226510722907
v 0.510851847283879 -0.09807852804032305 0.7645438185133636
v 0.5212739620868235 -0.09238795325112867 0.7801416155866115
v 0.5308790380993876 -0.08314696123025456 0.794516627697855
v 0.5392979576369972 -0.07071067811865477 0.8071164311932586
v 0.5462071863432064 -0.05555702330196022 0.8174568226905452
v 0.5513412064335758 -0.038268343236509045 0.8251404267434324
v 0.554502720395224 -0.019509032201612875 0.8298719667571824
v 0.4713967368259978 0.0 0.8819212643483549
v 0.47049096121430345 0.019509032201612826 0.8802266773682668
v 0.4678084428280129 0.03826834323650898 0.8752080384553116
v 0.4634522693443378 0.05555702330196022 0.8670582110884292
v 0.45758984606728537 0.07071067811865477 0.856090388562853
v 0.45044646263570803 0.08314696123025453 0.8427260581474152
v 0.4422966352688256 0.09238795325112868 0.8274788035651782
v 0.4334535572618716 0.09807852804032305 0.8109345682589786
v 0.42425706314339806 0.1 0.7937291379135195
v 0.41506056902492444 0.09807852804032305 0.7765237075680603
v 0.40621749101797044 0.09238795325112868 0.7599794722618607
v 0.3980676636510881 0.08314696123025454 0.7447322176796237
v 0.3909242802195107 0.07071067811865477 0.7313678872641859
v 0.3850618569424583 0.05555702330196022 0.7204000647386097
v 0.38070568345878314 0.03826834323650899 0.7122502373717273
v 0.3780231650724926 0.01950903220161286 0.7072315984587721
v 0.37711738946079826 1.2246467991473533e-17 0.705537011478684
v 0.3780231650724926 -0.019509032201612837 0.7072315984587721
v 0.38070568345878314 -0.03826834323650897 0.7122502373717273
v 0.3850618569424583 -0.0555570233019602 0.7204000647386097
v 0.3909242802195107 -0.07071067811865475 0.7313678872641859
v 0.3980676636510881 -0.08314696123025453 0.7447322176796237
v 0.40621749101797044 -0.09238795325112865 0.7599794722618606
v 0.41506056902492444 -0.09807852804032303 0.7765237075680603
v 0.42425706314339806 -0.1 0.7937291379135195
v 0.4334535572618716 -0.09807852804032305 0.8109345682589786
v 0.4422966352688256 -0.09238795325112867 0.8274788035651782
v 0.45044646263570803 -0.08314696123025456 0.8427260581474152
v 0.45758984606728537 -0.07071067811865477 0.856090388562853
v 0.4634522693443378 -0.05555702330196022 0.8670582110884292
v 0.4678084428280129 -0.038268343236509045 0.8752080384553116
v 0.47049096121430345 -0.019509032201612875 0.8802266773682668
v 0.38268343236508984 0.0 0.9238795325112867
v 0.3819481168803674 0.019509032201612826 0.9221043238954468
v 0.37977042818790824 0.03826834323650898 0.9168469183194855
v 0.37623405364290174 0.05555702330196022 0.9083093549312997
v 0.3714748941358907 0.07071067811865477 0.8968197275039769
v 0.3656758414977623 0.08314696123025453 0.8828195759760917
v 0.3590597500692535 0.09238795325112868 0.8668469183194855
v 0.3518808725336151 0.09807852804032305 0.8495155748103318
v 0.3444150891285809 0.1 0.831491579260158
v 0.3369493057235466 0.09807852804032305 0.8134675837099844
v 0.32977042818790825 0.09238795325112868 0.7961362402008307
v 0.3231543367593995 0.08314696123025454 0.7801635825442245
v 0.317355284121271 0.07071067811865477 0.7661634310163393
v 0.31259612461426 0.05555702330196022 0.7546738035890164
v 0.30905975006925346 0.03826834323650899 0.7461362402008307
v 0.30688206137679436 0.01950903220161286 0.7408788346248694
v 0.3061467458920719 1.2246467991473533e-17 0.7391036260090295
v 0.30688206137679436 -0.019509032201612837 0.7408788346248694
v 0.30905975006925346 -0.03826834323650897 0.7461362402008307
v 0.31259612461426 -0.0555570233019602 0.7546738035890164
v 0.317355284121271 -0.07071067811865475 0.7661634310163393
v 0.3231543367593995 -0.08314696123025453 0.7801635825442245
v 0.3297704281879082 -0.09238795325112865 0.7961362402008306
v 0.3369493057235466 -0.09807852804032303 0.8134675837099844
v 0.3444150891285809 -0.1 0.831491579260158
v 0.3518808725336151 -0.09807852804032305 0.8495155748103318
v 0.3590597500692535 -0.09238795325112867 0.8668469183194855
v 0.3656758414977623 -0.08314696123025456 0.8828195759760917
v 0.3714748941358907 -0.07071067811865477 0.8968197275039769
v 0.37623405364290174 -0.05555702330196022 0.9083093549312997
v 0.37977042818790824 -0.038268343236509045 0.9168469183194855
v 0.3819481168803674 -0.019509032201612875 0.9221043238954468
v 0.29028467725446233 0.0 0.9569403357322089
v 0.289726903386794 0.019509032201612826 0.9551016017100157
v 0.28807501672072033 0.03826834323650898 0.9496560611607348
v 0.28539249833442987 0.05555702330196022 0.9408129831537808
v 0.28178243590513397 0.07071067811865477 0.9289122022177057
v 0.27738356210744425 0.08314696123025453 0.9144110586898481
v 0.2723649231944891 0.09238795325112868 0.8978668233836483
v 0.2669193826452082 0.09807852804032305 0.8799152819838099
v 0.2612562095290161 0.1 0.861246302158988
v 0.255593036412824 0.09807852804032305 0.8425773223341663
v 0.2501474958635431 0.09238795325112868 0.8246257809343278
v 0.24512885695058795 0.08314696123025454 0.8080815456281281
v 0.24072998315289826 0.07071067811865477 0.7935804021002705
v 0.23711992072360236 0.05555702330196022 0.7816796211641953
v 0.23443740233731186 0.03826834323650899 0.7728365431572414
v 0.2327855156712382 0.01950903220161286 0.7673910026079604
v 0.23222774180356986 1.2246467991473533e-17 0.7655522685857672
v 0.2327855156712382 -0.019509032201612837 0.7673910026079604
v 0.23443740233731186 -0.03826834323650897 0.7728365431572414
v 0.23711992072360236 -0.0555570233019602 0.7816796211641953
v 0.24072998315289826 -0.07071067811865475 0.7935804021002705
v 0.24512885695058795 -0.08314696123025453 0.8080815456281281
v 0.25014749586354307 -0.09238795325112865 0.8246257809343277
v 0.255593036412824 -0.09807852804032303 0.8425773223341663
v 0.2612562095290161 -0.1 0.861246302158988
v 0.2669193826452082 -0.09807852804032305 0.8799152819838099
v 0.2723649231944891 -0.09238795325112867 0.8978668233836483
v 0.27738356210744425 -0.08314696123025456 0.9144110586898481
v 0.28178243590513397 -0.07071067811865477 0.9289122022177057
v 0.28539249833442987 -0.05555702330196022 0.9408129831537808
v 0.28807501672072033 -0.038268343236509045 0.9496560611607348
v 0.289726903386794 -0.019509032201612875 0.9551016017100157
v 0.19509032201612833 0.0 0.9807852804032304
v 0.19471546143277 0.019509032201612826 0.9789007289884717
v 0.1936052853646892 0.03826834323650898 0.9733194969981962
v 0.1918024572555884 0.05555702330196022 0.9642560680477992
v 0.18937625877866265 0.07071067811865477 0.9520587446290147
v 0.18641992738075247 0.08314696123025453 0.9371962630404893
v 0.18304707321954977 0.09238795325112868 0.9202397801146939
v 0.17938731318895115 0.09807852804032305 0.9018409239811619
v 0.1755812898145155 0.1 0.8827067523629074
v 0.17177526644007984 0.09807852804032305 0.8635725807446529
v 0.16811550640948125 0.09238795325112868 0.845173724611121
v 0.16474265224827853 0.08314696123025454 0.8282172416853255
v 0.16178632085036834 0.07071067811865477 0.8133547600968001
v 0.1593601223734426 0.05555702330196022 0.8011574366780156
v 0.15755729426434179 0.03826834323650899 0.7920940077276186
v 0.156447118196261 0.01950903220161286 0.7865127757373431
v 0.15607225761290267 1.2246467991473533e-17 0.7846282243225844
v 0.156447118196261 -0.019509032201612837 0.7865127757373431
v 0.15755729426434179 -0.03826834323650897 0.7920940077276186
v 0.1593601223734426 -0.0555570233019602 0.8011574366780156
v 0.16178632085036834 -0.07071067811865475 0.8133547600968001
v 0.16474265224827853 -0.08314696123025453 0.8282172416853255
v 0.16811550640948122 -0.09238795325112865 0.8451737246111208
v 0.17177526644007984 -0.09807852804032303 0.8635725807446529
v 0.1755812898145155 -0.1 0.8827067523629074
v 0.17938731318895115 -0.09807852804032305 0.9018409239811619
v 0.18304707321954977 -0.09238795325112867 0.9202397801146939
v 0.18641992738075247 -0.08314696123025456 0.9371962630404893
v 0.18937625877866265 -0.07071067811865477 0.9520587446290147
v 0.1918024572555884 -0.05555702330196022 0.9642560680477992
v 0.1936052853646892 -0.038268343236509045 0.9733194969981962
v 0.19471546143277 -0.019509032201612875 0.9789007289884717
v 0.09801714032956077 0.0 0.9951847266721968
v 0.0978288031428498 0.019509032201612826 0.9932725071251974
v 0.09727102927518148 0.03826834323650898 0.9876093340090054
v 0.09636525366348711 0.05555702330196022 0.9784128398905317
v 0.09514628475655927 0.07071067811865477 0.9660364408812963
v 0.09366096684588561 0.08314696123025453 0.9509557550544593
v 0.09196637986579739 0.09238795325112868 0.9337503247090001
v 0.0901276458436041 0.09807852804032305 0.9150813448841782
v 0.0882154262966047 0.1 0.8956662540049771
v 0.08630320674960529 0.09807852804032305 0.876251163125776
v 0.084464472727412 0.09238795325112868 0.8575821833009541
v 0.08276988574732379 0.08314696123025454 0.840376752955495
v 0.08128456783665011 0.07071067811865477 0.8252960671286581
v 0.08006559892972229 0.05555702330196022 0.8129196681194225
v 0.07915982331802791 0.03826834323650899 0.803723174000949
v 0.07860204945035959 0.01950903220161286 0.7980600008847569
v 0.07841371226364863 1.2246467991473533e-17 0.7961477813377575
v 0.07860204945035959 -0.019509032201612837 0.7980600008847569
v 0.07915982331802791 -0.03826834323650897 0.803723174000949
v 0.08006559892972229 -0.0555570233019602 0.8129196681194225
v 0.08128456783665011 -0.07071067811865475 0.8252960671286581
v 0.08276988574732379 -0.08314696123025453 0.840376752955495
v 0.08446447272741199 -0.09238795325112865 0.857582183300954
v 0.08630320674960529 -0.09807852804032303 0.876251163125776
v 0.0882154262966047 -0.1 0.8956662540049771
v 0.0901276458436041 -0.09807852804032305 0.9150813448841782
v 0.09196637986579739 -0.09238795325112867 0.9337503247090001
v 0.09366096684588561 -0.08314696123025456 0.9509557550544593
v 0.09514628475655927 -0.07071067811865477 0.9660364408812963
v 0.09636525366348711 -0.05555702330196022 0.9784128398905317
v 0.09727102927518148 -0.038268343236509045 0.9876093340090054
v 0.0978288031428498 -0.019509032201612875 0.9932725071251974
v 6.123233995736766e-17 0.0 1.0
v 6.111468373311418e-17 0.019509032201612826 0.998078528040323
v 6.07662365230694e-17 0.03826834323650898 0.9923879532511287
v 6.020038895810391e-17 0.05555702330196022 0.9831469612302546
v 5.943888624280836e-17 0.07071067811865477 0.9707106781186547
v 5.851099249947592e-17 0.08314696123025453 0.9555570233019602
v 5.745236616429404e-17 0.09238795325112868 0.938268343236509
v 5.630368965363928e-17 0.09807852804032305 0.9195090322016128
v 5.5109105961630896e-17 0.1 0.9
v 5.3914522269622506e-17 0.09807852804032305 0.8804909677983872
v 5.276584575896775e-17 0.09238795325112868 0.8617316567634911
v 5.170721942378587e-17 0.08314696123025454 0.8444429766980398
v 5.077932568045343e-17 0.07071067811865477 0.8292893218813453
v 5.001782296515788e-17 0.05555702330196022 0.8168530387697455
v 4.9451975400192394e-17 0.03826834323650899 0.8076120467488713
v 4.910352819014762e-17 0.01950903220161286 0.801921471959677
v 4.898587196589413e-17 1.2246467991473533e-17 0.8
v 4.910352819014762e-17 -0.019509032201612837 0.801921471959677
v 4.9451975400192394e-17 -0.03826834323650897 0.8076120467488713
v 5.001782296515788e-17 -0.0555570233019602 0.8168530387697455
v 5.077932568045343e-17 -0.07071067811865475 0.8292893218813453
v 5.170721942378587e-17 -0.08314696123025453 0.8444429766980398
v 5.2765845758967743e-17 -0.09238795325112865 0.861731656763491
v 5.3914522269622506e-17 -0.09807852804032303 0.8804909677983872
v 5.5109105961630896e-17 -0.1 0.9
v 5.630368965363928e-17 -0.09807852804032305 0.9195090322016128
v 5.745236616429404e-17 -0.09238795325112867 0.938268343236509
v 5.851099249947592e-17 -0.08314696123025456 0.9555570233019602
v 5.943888624280836e-17 -0.07071067811865477 0.9707106781186547
v 6.020038895810391e-17 -0.05555702330196022 0.9831469612302546
v 6.07662365230694e-17 -0.038268343236509045 0.9923879532511287
v 6.111468373311418e-17 -0.019509032201612875 0.998078528040323
v -0.09801714032956065 0.0 0.9951847266721969
v -0.09782880314284967 0.019509032201612826 0.9932725071251975
v -0.09727102927518136 0.03826834323650898 0.9876093340090055
v -0.09636525366348699 0.05555702330196022 0.9784128398905318
v -0.09514628475655916 0.07071067811865477 0.9660364408812964
v -0.09366096684588548 0.08314696123025453 0.9509557550544594
v -0.09196637986579727 0.09238795325112868 0.9337503247090002
v -0.09012764584360398 0.09807852804032305 0.9150813448841784
v -0.08821542629660459 0.1 0.8956662540049772
v -0.08630320674960518 0.09807852804032305 0.8762511631257761
v -0.0844644727274119 0.09238795325112868 0.8575821833009543
v -0.08276988574732368 0.08314696123025454 0.8403767529554951
v -0.08128456783665002 0.07071067811865477 0.8252960671286581
v -0.08006559892972219 0.05555702330196022 0.8129196681194226
v -0.07915982331802782 0.03826834323650899 0.8037231740009491
v -0.07860204945035949 0.01950903220161286 0.798060000884757
v -0.07841371226364852 1.2246467991473533e-17 0.7961477813377575
v -0.07860204945035949 -0.019509032201612837 0.798060000884757
v -0.07915982331802782 -0.03826834323650897 0.8037231740009491
v -0.08006559892972219 -0.0555570233019602 0.8129196681194226
v -0.08128456783665002 -0.07071067811865475 0.8252960671286581
v -0.08276988574732368 -0.08314696123025453 0.8403767529554951
v -0.08446447272741188 -0.09238795325112865 0.8575821833009541
v -0.08630320674960518 -0.09807852804032303 0.8762511631257761
v -0.08821542629660459 -0.1 0.8956662540049772
v -0.09012764584360398 -0.09807852804032305 0.9150813448841784
v -0.09196637986579727 -0.09238795325112867 0.9337503247090002
v -0.09366096684588548 -0.08314696123025456 0.9509557550544594
v -0.09514628475655916 -0.07071067811865477 0.9660364408812964
v -0.09636525366348699 -0.05555702330196022 0.9784128398905318
v -0.09727102927518136 -0.038268343236509045 0.9876093340090055
v -0.09782880314284967 -0.019509032201612875 0.9932725071251975
v -0.1950903220161282 0.0 0.9807852804032304
v -0.19471546143276985 0.019509032201612826 0.9789007289884717
v -0.19360528536468907 0.03826834323650898 0.9733194969981962
v -0.19180245725558825 0.05555702330196022 0.9642560680477992
v -0.18937625877866252 0.07071067811865477 0.9520587446290147
v -0.18641992738075233 0.08314696123025453 0.9371962630404893
v -0.18304707321954963 0.09238795325112868 0.9202397801146939
v -0.17938731318895104 0.09807852804032305 0.9018409239811619
v -0.17558128981451537 0.1 0.8827067523629074
v -0.1717752664400797 0.09807852804032305 0.8635725807446529
v -0.1681155064094811 0.09238795325112868 0.845173724611121
v -0.16474265224827842 0.08314696123025454 0.8282172416853255
v -0.16178632085036823 0.07071067811865477 0.8133547600968001
v -0.1593601223734425 0.05555702330196022 0.8011574366780156
v -0.15755729426434167 0.03826834323650899 0.7920940077276186
v -0.1564471181962609 0.01950903220161286 0.7865127757373431
v -0.15607225761290255 1.2246467991473533e-17 0.7846282243225844
v -0.1564471181962609 -0.019509032201612837 0.7865127757373431
v -0.15755729426434167 -0.03826834323650897 0.7920940077276186
v -0.1593601223734425 -0.0555570233019602 0.8011574366780156
v -0.16178632085036823 -0.07071067811865475 0.8133547600968001
v -0.16474265224827842 -0.08314696123025453 0.8282172416853255
v -0.1681155064094811 -0.09238795325112865 0.8451737246111208
v -0.1717752664400797 -0.09807852804032303 0.8635725807446529
v -0.17558128981451537 -0.1 0.8827067523629074
v -0.17938731318895104 -0.09807852804032305 0.9018409239811619
v -0.18304707321954963 -0.09238795325112867 0.9202397801146939
v -0.18641992738075233 -0.08314696123025456 0.9371962630404893
v -0.18937625877866252 -0.07071067811865477 0.9520587446290147
v -0.19180245725558825 -0.05555702330196022 0.9642560680477992
v -0.19360528536468907 -0.038268343236509045 0.9733194969981962
v -0.19471546143276985 -0.019509032201612875 0.9789007289884717
v -0.29028467725446216 0.0 0.9569403357322089
v -0.28972690338679385 0.019509032201612826 0.9551016017100157
v -0.28807501672072017 0.03826834323650898 0.9496560611607348
v -0.2853924983344297 0.05555702330196022 0.9408129831537808
v -0.2817824359051338 0.07071067811865477 0.9289122022177057
v -0.27738356210744414 0.08314696123025453 0.9144110586898481
v -0.27236492319448896 0.09238795325112868 0.8978668233836483
v -0.26691938264520804 0.09807852804032305 0.8799152819838099
v -0.26125620952901596 0.1 0.861246302158988
v -0.2555930364128239 0.09807852804032305 0.8425773223341663
v -0.25014749586354296 0.09238795325112868 0.8246257809343278
v -0.2451288569505878 0.08314696123025454 0.8080815456281281
v -0.24072998315289812 0.07071067811865477 0.7935804021002705
v -0.23711992072360225 0.05555702330196022 0.7816796211641953
v -0.23443740233731172 0.03826834323650899 0.7728365431572414
v -0.23278551567123806 0.01950903220161286 0.7673910026079604
v -0.23222774180356975 1.2246467991473533e-17 0.7655522685857672
v -0.23278551567123806 -0.019509032201612837 0.7673910026079604
v -0.23443740233731172 -0.03826834323650897 0.7728365431572414
v -0.23711992072360225 -0.0555570233019602 0.7816796211641953
v -0.24072998315289812 -0.07071067811865475 0.7935804021002705
v -0.2451288569505878 -0.08314696123025453 0.8080815456281281
v -0.25014749586354296 -0.09238795325112865 0.8246257809343277
v -0.2555930364128239 -0.09807852804032303 0.8425773223341663
v -0.26125620952901596 -0.1 0.861246302158988
v -0.26691938264520804 -0.09807852804032305 0.8799152819838099
v -0.27236492319448896 -0.09238795325112867 0.8978668233836483
v -0.27738356210744414 -0.08314696123025456 0.9144110586898481
v -0.2817824359051338 -0.07071067811865477 0.9289122022177057
v -0.2853924983344297 -0.05555702330196022 0.9408129831537808
v -0.28807501672072017 -0.038268343236509045 0.9496560611607348
v -0.28972690338679385 -0.019509032201612875 0.9551016017100157
v -0.3826834323650897 0.0 0.9238795325112867
v -0.3819481168803673 0.019509032201612826 0.9221043238954468
v -0.3797704281879081 0.03826834323650898 0.9168469183194855
v -0.37623405364290163 0.05555702330196022 0.9083093549312997
v -0.3714748941358906 0.07071067811865477 0.8968197275039769
v -0.36567584149776217 0.08314696123025453 0.8828195759760917
v -0.3590597500692534 0.09238795325112868 0.8668469183194855
v -0.351880872533615 0.09807852804032305 0.8495155748103318
v -0.34441508912858076 0.1 0.831491579260158
v -0.33694930572354653 0.09807852804032305 0.8134675837099844
v -0.32977042818790814 0.09238795325112868 0.7961362402008307
v -0.32315433675939936 0.08314696123025454 0.7801635825442245
v -0.31735528412127095 0.07071067811865477 0.7661634310163393
v -0.3125961246142599 0.05555702330196022 0.7546738035890164
v -0.3090597500692534 0.03826834323650899 0.7461362402008307
v -0.30688206137679425 0.01950903220161286 0.7408788346248694
v -0.3061467458920718 1.2246467991473533e-17 0.7391036260090295
v -0.30688206137679425 -0.019509032201612837 0.7408788346248694
v -0.3090597500692534 -0.03826834323650897 0.7461362402008307
v -0.3125961246142599 -0.0555570233019602 0.7546738035890164
v -0.31735528412127095 -0.07071067811865475 0.7661634310163393
v -0.32315433675939936 -0.08314696123025453 0.7801635825442245
v -0.3297704281879081 -0.09238795325112865 0.7961362402008306
v -0.33694930572354653 -0.09807852804032303 0.8134675837099844
v -0.34441508912858076 -0.1 0.831491579260158
v -0.351880872533615 -0.09807852804032305 0.8495155748103318
v -0.3590597500692534 -0.09238795325112867 0.8668469183194855
v -0.36567584149776217 -0.08314696123025456 0.8828195759760917
v -0.3714748941358906 -0.07071067811865477 0.8968197275039769
v -0.37623405364290163 -0.05555702330196022 0.9083093549312997
v -0.3797704281879081 -0.038268343236509045 0.9168469183194855
v -0.3819481168803673 -0.019509032201612875 0.9221043238954468
v -0.4713967368259977 0.0 0.881921264348355
v -0.47049096121430334 0.019509032201612826 0.8802266773682669
v -0.4678084428280128 0.03826834323650898 0.8752080384553117
v -0.4634522693443377 0.05555702330196022 0.8670582110884293
v -0.45758984606728526 0.07071067811865477 0.8560903885628531
v -0.4504464626357079 0.08314696123025453 0.8427260581474153
v -0.4422966352688255 0.09238795325112868 0.8274788035651783
v -0.4334535572618715 0.09807852804032305 0.8109345682589787
v -0.42425706314339795 0.1 0.7937291379135195
v -0.41506056902492433 0.09807852804032305 0.7765237075680604
v -0.4062174910179704 0.09238795325112868 0.7599794722618608
v -0.398067663651088 0.08314696123025454 0.7447322176796238
v -0.39092428021951064 0.07071067811865477 0.731367887264186
v -0.3850618569424582 0.05555702330196022 0.7204000647386098
v -0.38070568345878303 0.03826834323650899 0.7122502373717274
v -0.37802316507249256 0.01950903220161286 0.7072315984587723
v -0.3771173894607982 1.2246467991473533e-17 0.7055370114786841
v -0.37802316507249256 -0.019509032201612837 0.7072315984587723
v -0.38070568345878303 -0.03826834323650897 0.7122502373717274
v -0.3850618569424582 -0.0555570233019602 0.7204000647386098
v -0.39092428021951064 -0.07071067811865475 0.731367887264186
v -0.398067663651088 -0.08314696123025453 0.7447322176796238
v -0.40621749101797033 -0.09238795325112865 0.7599794722618607
v -0.41506056902492433 -0.09807852804032303 0.7765237075680604
v -0.42425706314339795 -0.1 0.7937291379135195
v -0.4334535572618715 -0.09807852804032305 0.8109345682589787
v -0.4422966352688255 -0.09238795325112867 0.8274788035651783
v -0.4504464626357079 -0.08314696123025456 0.8427260581474153
v -0.45758984606728526 -0.07071067811865477 0.8560903885628531
v -0.4634522693443377 -0.05555702330196022 0.8670582110884293
v -0.4678084428280128 -0.038268343236509045 0.8752080384553117
v -0.47049096121430334 -0.019509032201612875 0.8802266773682669
v -0.555570233019602 0.0 0.8314696123025453
v -0.5545027203952236 0.019509032201612826 0.8298719667571826
v -0.5513412064335754 0.03826834323650898 0.8251404267434325
v -0.5462071863432061 0.05555702330196022 0.8174568226905453
v -0.5392979576369968 0.07071067811865477 0.8071164311932587
v -0.5308790380993873 0.08314696123025453 0.7945166276978551
v -0.5212739620868232 0.09238795325112868 0.7801416155866117
v -0.5108518472838788 0.09807852804032305 0.7645438185133637
v -0.5000132097176417 0.1 0.7483226510722908
v -0.4891745721514048 0.09807852804032305 0.732101483631218
v -0.4787524573484604 0.09238795325112868 0.71650368655797
v -0.4691473813358963 0.08314696123025454 0.7021286744467264
v -0.4607284617982867 0.07071067811865477 0.6895288709513229
v -0.45381923309207745 0.05555702330196022 0.6791884794540363
v -0.4486852130017081 0.03826834323650899 0.6715048754011491
v -0.44552369904005995 0.01950903220161286 0.6667733353873991
v -0.4444561864156816 1.2246467991473533e-17 0.6651756898420363
v -0.44552369904005995 -0.019509032201612837 0.6667733353873991
v -0.4486852130017081 -0.03826834323650897 0.6715048754011491
v -0.45381923309207745 -0.0555570233019602 0.6791884794540363
v -0.4607284617982867 -0.07071067811865475 0.6895288709513229
v -0.4691473813358963 -0.08314696123025453 0.7021286744467264
v -0.47875245734846034 -0.09238795325112865 0.7165036865579699
v -0.4891745721514048 -0.09807852804032303 0.732101483631218
v -0.5000132097176417 -0.1 0.7483226510722908
v -0.5108518472838788 -0.09807852804032305 0.7645438185133637
v -0.5212739620868232 -0.09238795325112867 0.7801416155866117
v -0.5308790380993873 -0.08314696123025456 0.7945166276978551
v -0.5392979576369968 -0.07071067811865477 0.8071164311932587
v -0.5462071863432061 -0.05555702330196022 0.8174568226905453
v -0.5513412064335754 -0.038268343236509045 0.8251404267434325
v -0.5545027203952236 -0.019509032201612875 0.8298719667571826
v -0.6343932841636454 0.0 0.7730104533627371
v -0.6331743152567175 0.019509032201612826 0.7715251354520635
v -0.6295642528274217 0.03826834323650898 0.7671262616543738
v -0.6237018295503693 0.05555702330196022 0.7599828782227964
v -0.6158123350644127 0.07071067811865477 0.7503695013765512
v -0.6061989582181676 0.08314696123025453 0.7386555677965958
v -0.5952311356925915 0.09238795325112868 0.7252912373811581
v -0.5833303547565163 0.09807852804032305 0.7107900938533004
v -0.5709539557472808 0.1 0.6957094080264634
v -0.5585775567380454 0.09807852804032305 0.6806287221996264
v -0.5466767758019703 0.09238795325112868 0.6661275786717687
v -0.5357089532763941 0.08314696123025454 0.652763248256331
v -0.526095576430149 0.07071067811865477 0.6410493146763756
v -0.5182060819441924 0.05555702330196022 0.6314359378301304
v -0.5123436586671399 0.03826834323650899 0.624292554398553
v -0.5087335962378442 0.01950903220161286 0.6198936806008634
v -0.5075146273309163 1.2246467991473533e-17 0.6184083626901897
v -0.5087335962378442 -0.019509032201612837 0.6198936806008634
v -0.5123436586671399 -0.03826834323650897 0.624292554398553
v -0.5182060819441924 -0.0555570233019602 0.6314359378301304
v -0.526095576430149 -0.07071067811865475 0.6410493146763756
v -0.5357089532763941 -0.08314696123025453 0.652763248256331
v -0.5466767758019703 -0.09238795325112865 0.6661275786717687
v -0.5585775567380454 -0.09807852804032303 0.6806287221996264
v -0.5709539557472808 -0.1 0.6957094080264634
v -0.5833303547565163 -0.09807852804032305 0.7107900938533004
v -0.5952311356925915 -0.09238795325112867 0.7252912373811581
v -0.6061989582181676 -0.08314696123025456 0.7386555677965958
v -0.6158123350644127 -0.07071067811865477 0.7503695013765512
v -0.6237018295503693 -0.05555702330196022 0.7599828782227964
v -0.6295642528274217 -0.038268343236509045 0.7671262616543738
v -0.6331743152567175 -0.019509032201612875 0.7715251354520635
v -0.7071067811865475 0.0 0.7071067811865476
v -0.7057480953340001 0.019509032201612826 0.7057480953340002
v -0.7017242513117116 0.03826834323650898 0.7017242513117117
v -0.6951898831888607 0.05555702330196022 0.6951898831888608
v -0.6863961030678927 0.07071067811865477 0.6863961030678928
v -0.6756808509872478 0.08314696123025453 0.675680850987248
v -0.6634559080752026 0.09238795325112868 0.6634559080752027
v -0.6501910720320399 0.09807852804032305 0.65019107203204
v -0.6363961030678927 0.1 0.6363961030678928
v -0.6226011341037456 0.09807852804032305 0.6226011341037457
v -0.6093362980605829 0.09238795325112868 0.609336298060583
v -0.5971113551485376 0.08314696123025454 0.5971113551485377
v -0.5863961030678928 0.07071067811865477 0.5863961030678928
v -0.5776023229469248 0.05555702330196022 0.5776023229469248
v -0.5710679548240739 0.03826834323650899 0.571067954824074
v -0.5670441108017854 0.01950903220161286 0.5670441108017855
v -0.565685424949238 1.2246467991473533e-17 0.5656854249492381
v -0.5670441108017854 -0.019509032201612837 0.5670441108017855
v -0.5710679548240739 -0.03826834323650897 0.571067954824074
v -0.5776023229469248 -0.0555570233019602 0.5776023229469248
v -0.5863961030678928 -0.07071067811865475 0.5863961030678928
v -0.5971113551485376 -0.08314696123025453 0.5971113551485377
v -0.6093362980605829 -0.09238795325112865 0.6093362980605829
v -0.6226011341037456 -0.09807852804032303 0.6226011341037457
v -0.6363961030678927 -0.1 0.6363961030678928
v -0.6501910720320399 -0.09807852804032305 0.65019107203204
v -0.6634559080752026 -0.09238795325112867 0.6634559080752027
v -0.6756808509872478 -0.08314696123025456 0.675680850987248
v -0.6863961030678927 -0.07071067811865477 0.6863961030678928
v -0.6951898831888607 -0.05555702330196022 0.6951898831888608
v -0.7017242513117116 -0.038268343236509045 0.7017242513117117
v -0.7057480953340001 -0.019509032201612875 0.7057480953340002
v -0.773010453362737 0.0 0.6343932841636455
v -0.7715251354520634 0.019509032201612826 0.6331743152567176
v -0.7671262616543737 0.03826834323650898 0.6295642528274218
v -0.7599828782227963 0.05555702330196022 0.6237018295503695
v -0.7503695013765511 0.07071067811865477 0.6158123350644128
v -0.7386555677965957 0.08314696123025453 0.6061989582181677
v -0.725291237381158 0.09238795325112868 0.5952311356925915
v -0.7107900938533003 0.09807852804032305 0.5833303547565164
v -0.6957094080264633 0.1 0.5709539557472809
v -0.6806287221996263 0.09807852804032305 0.5585775567380454
v -0.6661275786717686 0.09238795325112868 0.5466767758019704
v -0.6527632482563309 0.08314696123025454 0.5357089532763942
v -0.6410493146763755 0.07071067811865477 0.5260955764301491
v -0.6314359378301303 0.05555702330196022 0.5182060819441925
v -0.6242925543985529 0.03826834323650899 0.51234365866714
v -0.6198936806008633 0.01950903220161286 0.5087335962378442
v -0.6184083626901896 1.2246467991473533e-17 0.5075146273309165
v -0.6198936806008633 -0.019509032201612837 0.5087335962378442
v -0.6242925543985529 -0.03826834323650897 0.51234365866714
v -0.6314359378301303 -0.0555570233019602 0.5182060819441925
v -0.6410493146763755 -0.07071067811865475 0.5260955764301491
v -0.6527632482563309 -0.08314696123025453 0.5357089532763942
v -0.6661275786717686 -0.09238795325112865 0.5466767758019704
v -0.6806287221996263 -0.09807852804032303 0.5585775567380454
v -0.6957094080264633 -0.1 0.5709539557472809
v -0.7107900938533003 -0.09807852804032305 0.5833303547565164
v -0.725291237381158 -0.09238795325112867 0.5952311356925915
v -0.7386555677965957 -0.08314696123025456 0.6061989582181677
v -0.7503695013765511 -0.07071067811865477 0.6158123350644128
v -0.7599828782227963 -0.05555702330196022 0.6237018295503695
v -0.7671262616543737 -0.038268343236509045 0.6295642528274218
v -0.7715251354520634 -0.019509032201612875 0.6331743152567176
v -0.8314696123025453 0.0 0.5555702330196022
v -0.8298719667571826 0.019509032201612826 0.5545027203952239
v -0.8251404267434325 0.03826834323650898 0.5513412064335756
v -0.8174568226905453 0.05555702330196022 0.5462071863432063
v -0.8071164311932587 0.07071067811865477 0.5392979576369971
v -0.7945166276978551 0.08314696123025453 0.5308790380993875
v -0.7801416155866117 0.09238795325112868 0.5212739620868234
v -0.7645438185133637 0.09807852804032305 0.5108518472838789
v -0.7483226510722908 0.1 0.500013209717642
v -0.732101483631218 0.09807852804032305 0.48917457215140503
v -0.71650368655797 0.09238795325112868 0.47875245734846056
v -0.7021286744467264 0.08314696123025454 0.46914738133589645
v -0.6895288709513229 0.07071067811865477 0.46072846179828686
v -0.6791884794540363 0.05555702330196022 0.4538192330920776
v -0.6715048754011491 0.03826834323650899 0.44868521300170827
v -0.6667733353873991 0.01950903220161286 0.4455236990400601
v -0.6651756898420363 1.2246467991473533e-17 0.44445618641568174
v -0.6667733353873991 -0.019509032201612837 0.4455236990400601
v -0.6715048754011491 -0.03826834323650897 0.44868521300170827
v -0.6791884794540363 -0.0555570233019602 0.4538192330920776
v -0.6895288709513229 -0.07071067811865475 0.46072846179828686
v -0.7021286744467264 -0.08314696123025453 0.46914738133589645
v -0.7165036865579699 -0.09238795325112865 0.4787524573484605
v -0.732101483631218 -0.09807852804032303 0.48917457215140503
v -0.7483226510722908 -0.1 0.500013209717642
v -0.7645438185133637 -0.09807852804032305 0.5108518472838789
v -0.7801416155866117 -0.09238795325112867 0.5212739620868234
v -0.7945166276978551 -0.08314696123025456 0.5308790380993875
v -0.8071164311932587 -0.07071067811865477 0.5392979576369971
v -0.8174568226905453 -0.05555702330196022 0.5462071863432063
v -0.8251404267434325 -0.038268343236509045 0.5513412064335756
v -0.8298719667571826 -0.019509032201612875 0.5545027203952239
v -0.8819212643483549 0.0 0.4713967368259978
v -0.8802266773682668 0.019509032201612826 0.47049096121430345
v -0.8752080384553116 0.03826834323650898 0.4678084428280129
v -0.8670582110884292 0.05555702330196022 0.4634522693443378
v -0.856090388562853 0.07071067811865477 0.45758984606728537
v -0.8427260581474152 0.08314696123025453 0.45044646263570803
v -0.8274788035651782 0.09238795325112868 0.4422966352688256
v -0.8109345682589786 0.09807852804032305 0.4334535572618716
v -0.7937291379135195 0.1 0.42425706314339806
v -0.7765237075680603 0.09807852804032305 0.41506056902492444
v -0.7599794722618607 0.09238795325112868 0.40621749101797044
v -0.7447322176796237 0.08314696123025454 0.3980676636510881
v -0.7313678872641859 0.07071067811865477 0.3909242802195107
v -0.7204000647386097 0.05555702330196022 0.3850618569424583
v -0.7122502373717273 0.03826834323650899 0.38070568345878314
v -0.7072315984587721 0.01950903220161286 0.3780231650724926
v -0.705537011478684 1.2246467991473533e-17 0.37711738946079826
v -0.7072315984587721 -0.019509032201612837 0.3780231650724926
v -0.7122502373717273 -0.03826834323650897 0.38070568345878314
v -0.7204000647386097 -0.0555570233019602 0.3850618569424583
v -0.7313678872641859 -0.07071067811865475 0.3909242802195107
v -0.7447322176796237 -0.08314696123025453 0.3980676636510881
v -0.7599794722618606 -0.09238795325112865 0.40621749101797044
v -0.7765237075680603 -0.09807852804032303 0.41506056902492444
v -0.7937291379135195 -0.1 0.42425706314339806
v -0.8109345682589786 -0.09807852804032305 0.4334535572618716
v -0.8274788035651782 -0.09238795325112867 0.4422966352688256
v -0.8427260581474152 -0.08314696123025456 0.45044646263570803
v -0.856090388562853 -0.07071067811865477 0.45758984606728537
v -0.8670582110884292 -0.05555702330196022 0.4634522693443378
v -0.8752080384553116 -0.038268343236509045 0.4678084428280129
v -0.8802266773682668 -0.019509032201612875 0.47049096121430345
v -0.9238795325112867 0.0 0.3826834323650899
v -0.9221043238954468 0.019509032201612826 0.38194811688036745
v -0.9168469183194855 0.03826834323650898 0.3797704281879083
v -0.9083093549312997 0.05555702330196022 0.3762340536429018
v -0.8968197275039769 0.07071067811865477 0.37147489413589074
v -0.8828195759760917 0.08314696123025453 0.36567584149776233
v -0.8668469183194855 0.09238795325112868 0.35905975006925356
v -0.8495155748103318 0.09807852804032305 0.35188087253361516
v -0.831491579260158 0.1 0.34441508912858093
v -0.8134675837099844 0.09807852804032305 0.33694930572354664
v -0.7961362402008307 0.09238795325112868 0.3297704281879083
v -0.7801635825442245 0.08314696123025454 0.3231543367593995
v -0.7661634310163393 0.07071067811865477 0.31735528412127106
v -0.7546738035890164 0.05555702330196022 0.31259612461426006
v -0.7461362402008307 0.03826834323650899 0.3090597500692535
v -0.7408788346248694 0.01950903220161286 0.30688206137679436
v -0.7391036260090295 1.2246467991473533e-17 0.3061467458920719
v -0.7408788346248694 -0.019509032201612837 0.30688206137679436
v -0.7461362402008307 -0.03826834323650897 0.3090597500692535
v -0.7546738035890164 -0.0555570233019602 0.31259612461426006
v -0.7661634310163393 -0.07071067811865475 0.31735528412127106
v -0.7801635825442245 -0.08314696123025453 0.3231543367593995
v -0.7961362402008306 -0.09238795325112865 0.32977042818790825
v -0.8134675837099844 -0.09807852804032303 0.33694930572354664
v -0.831491579260158 -0.1 0.34441508912858093
v -0.8495155748103318 -0.09807852804032305 0.35188087253361516
v -0.8668469183194855 -0.09238795325112867 0.35905975006925356
v -0.8828195759760917 -0.08314696123025456 0.36567584149776233
v -0.8968197275039769 -0.07071067811865477 0.37147489413589074
v -0.9083093549312997 -0.05555702330196022 0.3762340536429018
v -0.9168469183194855 -0.038268343236509045 0.3797704281879083
v -0.9221043238954468 -0.019509032201612875 0.38194811688036745
v -0.9569403357322088 0.0 0.2902846772544624
v -0.9551016017100156 0.019509032201612826 0.2897269033867941
v -0.9496560611607346 0.03826834323650898 0.2880750167207204
v -0.9408129831537807 0.05555702330196022 0.2853924983344299
v -0.9289122022177055 0.07071067811865477 0.281782435905134
v -0.914411058689848 0.08314696123025453 0.2773835621074443
v -0.8978668233836482 0.09238795325112868 0.27236492319448913
v -0.8799152819838099 0.09807852804032305 0.26691938264520826
v -0.861246302158988 0.1 0.2612562095290162
v -0.8425773223341662 0.09807852804032305 0.25559303641282405
v -0.8246257809343277 0.09238795325112868 0.2501474958635432
v -0.808081545628128 0.08314696123025454 0.24512885695058798
v -0.7935804021002704 0.07071067811865477 0.24072998315289829
v -0.7816796211641952 0.05555702330196022 0.2371199207236024
v -0.7728365431572413 0.03826834323650899 0.2344374023373119
v -0.7673910026079604 0.01950903220161286 0.23278551567123826
v -0.7655522685857671 1.2246467991473533e-17 0.23222774180356992
v -0.7673910026079604 -0.019509032201612837 0.23278551567123826
v -0.7728365431572413 -0.03826834323650897 0.2344374023373119
v -0.7816796211641952 -0.0555570233019602 0.2371199207236024
v -0.7935804021002704 -0.07071067811865475 0.24072998315289829
v -0.808081545628128 -0.08314696123025453 0.24512885695058798
v -0.8246257809343276 -0.09238795325112865 0.2501474958635431
v -0.8425773223341662 -0.09807852804032303 0.25559303641282405
v -0.861246302158988 -0.1 0.2612562095290162
v -0.8799152819838099 -0.09807852804032305 0.26691938264520826
v -0.8978668233836482 -0.09238795325112867 0.27236492319448913
v -0.914411058689848 -0.08314696123025456 0.2773835621074443
v -0.9289122022177055 -0.07071067811865477 0.281782435905134
v -0.9408129831537807 -0.05555702330196022 0.2853924983344299
v -0.9496560611607346 -0.038268343236509045 0.2880750167207204
v -0.9551016017100156 -0.019509032201612875 0.2897269033867941
v -0.9807852804032304 0.0 0.1950903220161286
v -0.9789007289884717 0.019509032201612826 0.19471546143277027
v -0.9733194969981962 0.03826834323650898 0.1936052853646895
v -0.9642560680477992 0.05555702330196022 0.19180245725558867
v -0.9520587446290147 0.07071067811865477 0.18937625877866293
v -0.9371962630404893 0.08314696123025453 0.18641992738075272
v -0.9202397801146939 0.09238795325112868 0.18304707321955002
v -0.9018409239811619 0.09807852804032305 0.17938731318895143
v -0.8827067523629074 0.1 0.17558128981451576
v -0.8635725807446529 0.09807852804032305 0.1717752664400801
v -0.845173724611121 0.09238795325112868 0.16811550640948147
v -0.8282172416853255 0.08314696123025454 0.16474265224827878
v -0.8133547600968001 0.07071067811865477 0.1617863208503686
v -0.8011574366780156 0.05555702330196022 0.15936012237344283
v -0.7920940077276186 0.03826834323650899 0.157557294264342
v -0.7865127757373431 0.01950903220161286 0.15644711819626123
v -0.7846282243225844 1.2246467991473533e-17 0.1560722576129029
v -0.7865127757373431 -0.019509032201612837 0.15644711819626123
v -0.7920940077276186 -0.03826834323650897 0.157557294264342
v -0.8011574366780156 -0.0555570233019602 0.15936012237344283
v -0.8133547600968001 -0.07071067811865475 0.1617863208503686
v -0.8282172416853255 -0.08314696123025453 0.16474265224827878
v -0.8451737246111208 -0.09238795325112865 0.16811550640948145
v -0.8635725807446529 -0.09807852804032303 0.1717752664400801
v -0.8827067523629074 -0.1 0.17558128981451576
v -0.9018409239811619 -0.09807852804032305 0.17938731318895143
v -0.9202397801146939 -0.09238795325112867 0.18304707321955002
v -0.9371962630404893 -0.08314696123025456 0.18641992738075272
v -0.9520587446290147 -0.07071067811865477 0.18937625877866293
v -0.9642560680477992 -0.05555702330196022 0.19180245725558867
v -0.9733194969981962 -0.038268343236509045 0.1936052853646895
v -0.9789007289884717 -0.019509032201612875 0.19471546143277027
v -0.9951847266721968 0.0 0.09801714032956083
v -0.9932725071251974 0.019509032201612826 0.09782880314284985
v -0.9876093340090054 0.03826834323650898 0.09727102927518153
v -0.9784128398905317 0.05555702330196022 0.09636525366348717
v -0.9660364408812963 0.07071067811865477 0.09514628475655933
v -0.9509557550544593 0.08314696123025453 0.09366096684588567
v -0.9337503247090001 0.09238795325112868 0.09196637986579745
v -0.9150813448841782 0.09807852804032305 0.09012764584360415
v -0.8956662540049771 0.1 0.08821542629660474
v -0.876251163125776 0.09807852804032305 0.08630320674960534
v -0.8575821833009541 0.09238795325112868 0.08446447272741205
v -0.840376752955495 0.08314696123025454 0.08276988574732383
v -0.8252960671286581 0.07071067811865477 0.08128456783665015
v -0.8129196681194225 0.05555702330196022 0.08006559892972233
v -0.803723174000949 0.03826834323650899 0.07915982331802796
v -0.7980600008847569 0.01950903220161286 0.07860204945035963
v -0.7961477813377575 1.2246467991473533e-17 0.07841371226364867
v -0.7980600008847569 -0.019509032201612837 0.07860204945035963
v -0.803723174000949 -0.03826834323650897 0.07915982331802796
v -0.8129196681194225 -0.0555570233019602 0.08006559892972233
v -0.8252960671286581 -0.07071067811865475 0.08128456783665015
v -0.840376752955495 -0.08314696123025453 0.08276988574732383
v -0.857582183300954 -0.09238795325112865 0.08446447272741203
v -0.876251163125776 -0.09807852804032303 0.08630320674960534
v -0.8956662540049771 -0.1 0.08821542629660474
v -0.9150813448841782 -0.09807852804032305 0.09012764584360415
v -0.9337503247090001 -0.09238795325112867 0.09196637986579745
v -0.9509557550544593 -0.08314696123025456 0.09366096684588567
v -0.9660364408812963 -0.07071067811865477 0.09514628475655933
v -0.9784128398905317 -0.05555702330196022 0.09636525366348717
v -0.9876093340090054 -0.038268343236509045 0.09727102927518153
v -0.9932725071251974 -0.019509032201612875 0.09782880314284985
v -1.0 0.0 1.2246467991473532e-16
v -0.998078528040323 0.019509032201612826 1.2222936746622835e-16
v -0.9923879532511287 0.03826834323650898 1.215324730461388e-16
v -0.9831469612302546 0.05555702330196022 1.2040077791620782e-16
v -0.9707106781186547 0.07071067811865477 1.1887777248561673e-16
v -0.9555570233019602 0.08314696123025453 1.1702198499895184e-16
v -0.938268343236509 0.09238795325112868 1.1490473232858808e-16
v -0.9195090322016128 0.09807852804032305 1.1260737930727856e-16
v -0.9 0.1 1.1021821192326179e-16
v -0.8804909677983872 0.09807852804032305 1.0782904453924501e-16
v -0.8617316567634911 0.09238795325112868 1.055316915179355e-16
v -0.8444429766980398 0.08314696123025454 1.0341443884757174e-16
v -0.8292893218813453 0.07071067811865477 1.0155865136090686e-16
v -0.8168530387697455 0.05555702330196022 1.0003564593031576e-16
v -0.8076120467488713 0.03826834323650899 9.890395080038479e-17
v -0.801921471959677 0.01950903220161286 9.820705638029524e-17
v -0.8 1.2246467991473533e-17 9.797174393178826e-17
v -0.801921471959677 -0.019509032201612837 9.820705638029524e-17
v -0.8076120467488713 -0.03826834323650897 9.890395080038479e-17
v -0.8168530387697455 -0.0555570233019602 1.0003564593031576e-16
v -0.8292893218813453 -0.07071067811865475 1.0155865136090686e-16
v -0.8444429766980398 -0.08314696123025453 1.0341443884757174e-16
v -0.861731656763491 -0.09238795325112865 1.0553169151793549e-16
v -0.8804909677983872 -0.09807852804032303 1.0782904453924501e-16
v -0.9 -0.1 1.1021821192326179e-16
v -0.9195090322016128 -0.09807852804032305 1.1260737930727856e-16
v -0.938268343236509 -0.09238795325112867 1.1490473232858808e-16
v -0.9555570233019602 -0.08314696123025456 1.1702198499895184e-16
v -0.9707106781186547 -0.07071067811865477 1.1887777248561673e-16
v -0.9831469612302546 -0.05555702330196022 1.2040077791620782e-16
v -0.9923879532511287 -0.038268343236509045 1.215324730461388e-16
v -0.998078528040323 -0.019509032201612875 1.2222936746622835e-16
v -0.9951847266721969 0.0 -0.09801714032956059
v -0.9932725071251975 0.019509032201612826 -0.09782880314284961
v -0.9876093340090055 0.03826834323650898 -0.0972710292751813
v -0.9784128398905318 0.05555702330196022 -0.09636525366348693
v -0.9660364408812964 0.07071067811865477 -0.0951462847565591
v -0.9509557550544594 0.08314696123025453 -0.09366096684588543
v -0.9337503247090002 0.09238795325112868 -0.09196637986579723
v -0.9150813448841784 0.09807852804032305 -0.09012764584360393
v -0.8956662540049772 0.1 -0.08821542629660453
v -0.8762511631257761 0.09807852804032305 -0.08630320674960514
v -0.8575821833009543 0.09238795325112868 -0.08446447272741184
v -0.8403767529554951 0.08314696123025454 -0.08276988574732363
v -0.8252960671286581 0.07071067811865477 -0.08128456783664996
v -0.8129196681194226 0.05555702330196022 -0.08006559892972213
v -0.8037231740009491 0.03826834323650899 -0.07915982331802777
v -0.798060000884757 0.01950903220161286 -0.07860204945035945
v -0.7961477813377575 1.2246467991473533e-17 -0.07841371226364847
v -0.798060000884757 -0.019509032201612837 -0.07860204945035945
v -0.8037231740009491 -0.03826834323650897 -0.07915982331802777
v -0.8129196681194226 -0.0555570233019602 -0.08006559892972213
v -0.8252960671286581 -0.07071067811865475 -0.08128456783664996
v -0.8403767529554951 -0.08314696123025453 -0.08276988574732363
v -0.8575821833009541 -0.09238795325112865 -0.08446447272741184
v -0.8762511631257761 -0.09807852804032303 -0.08630320674960514
v -0.8956662540049772 -0.1 -0.08821542629660453
v -0.9150813448841784 -0.09807852804032305 -0.09012764584360393
v -0.9337503247090002 -0.09238795325112867 -0.09196637986579723
v -0.9509557550544594 -0.08314696123025456 -0.09366096684588543
v -0.9660364408812964 -0.07071067811865477 -0.0951462847565591
v -0.9784128398905318 -0.05555702330196022 -0.09636525366348693
v -0.9876093340090055 -0.038268343236509045 -0.0972710292751813
v -0.9932725071251975 -0.019509032201612875 -0.09782880314284961
v -0.9807852804032304 0.0 -0.19509032201612836
v -0.9789007289884717 0.019509032201612826 -0.19471546143277002
v -0.9733194969981962 0.03826834323650898 -0.19360528536468924
v -0.9642560680477992 0.05555702330196022 -0.19180245725558842
v -0.9520587446290147 0.07071067811865477 -0.18937625877866268
v -0.9371962630404893 0.08314696123025453 -0.1864199273807525
v -0.9202397801146939 0.09238795325112868 -0.1830470732195498
v -0.9018409239811619 0.09807852804032305 -0.17938731318895118
v -0.8827067523629074 0.1 -0.17558128981451554
v -0.8635725807446529 0.09807852804032305 -0.17177526644007987
v -0.845173724611121 0.09238795325112868 -0.16811550640948128
v -0.8282172416853255 0.08314696123025454 -0.16474265224827855
v -0.8133547600968001 0.07071067811865477 -0.16178632085036837
v -0.8011574366780156 0.05555702330196022 -0.15936012237344263
v -0.7920940077276186 0.03826834323650899 -0.1575572942643418
v -0.7865127757373431 0.01950903220161286 -0.15644711819626103
v -0.7846282243225844 1.2246467991473533e-17 -0.1560722576129027
v -0.7865127757373431 -0.019509032201612837 -0.15644711819626103
v -0.7920940077276186 -0.03826834323650897 -0.1575572942643418
v -0.8011574366780156 -0.0555570233019602 -0.15936012237344263
v -0.8133547600968001 -0.07071067811865475 -0.16178632085036837
v -0.8282172416853255 -0.08314696123025453 -0.16474265224827855
v -0.8451737246111208 -0.09238795325112865 -0.16811550640948125
v -0.8635725807446529 -0.09807852804032303 -0.17177526644007987
v -0.8827067523629074 -0.1 -0.17558128981451554
v -0.9018409239811619 -0.09807852804032305 -0.17938731318895118
v -0.9202397801146939 -0.09238795325112867 -0.1830470732195498
v -0.9371962630404893 -0.08314696123025456 -0.1864199273807525
v -0.9520587446290147 -0.07071067811865477 -0.18937625877866268
v -0.9642560680477992 -0.05555702330196022 -0.19180245725558842
v -0.9733194969981962 -0.038268343236509045 -0.19360528536468924
v -0.9789007289884717 -0.019509032201612875 -0.19471546143277002
v -0.9569403357322089 0.0 -0.2902846772544621
v -0.9551016017100157 0.019509032201612826 -0.2897269033867938
v -0.9496560611607348 0.03826834323650898 -0.2880750167207201
v -0.9408129831537808 0.05555702330196022 -0.28539249833442965
v -0.9289122022177057 0.07071067811865477 -0.28178243590513374
v -0.9144110586898481 0.08314696123025453 -0.2773835621074441
v -0.8978668233836483 0.09238795325112868 -0.2723649231944889
v -0.8799152819838099 0.09807852804032305 -0.266919382645208
v -0.861246302158988 0.1 -0.2612562095290159
v -0.8425773223341663 0.09807852804032305 -0.2555930364128238
v -0.8246257809343278 0.09238795325112868 -0.2501474958635429
v -0.8080815456281281 0.08314696123025454 -0.24512885695058775
v -0.7935804021002705 0.07071067811865477 -0.24072998315289806
v -0.7816796211641953 0.05555702330196022 -0.2371199207236022
v -0.7728365431572414 0.03826834323650899 -0.23443740233731167
v -0.7673910026079604 0.01950903220161286 -0.23278551567123804
v -0.7655522685857672 1.2246467991473533e-17 -0.2322277418035697
v -0.7673910026079604 -0.019509032201612837 -0.23278551567123804
v -0.7728365431572414 -0.03826834323650897 -0.23443740233731167
v -0.7816796211641953 -0.0555570233019602 -0.2371199207236022
v -0.7935804021002705 -0.07071067811865475 -0.24072998315289806
v -0.8080815456281281 -0.08314696123025453 -0.24512885695058775
v -0.8246257809343277 -0.09238795325112865 -0.2501474958635429
v -0.8425773223341663 -0.09807852804032303 -0.2555930364128238
v -0.861246302158988 -0.1 -0.2612562095290159
v -0.8799152819838099 -0.09807852804032305 -0.266919382645208
v -0.8978668233836483 -0.09238795325112867 -0.2723649231944889
v -0.9144110586898481 -0.08314696123025456 -0.2773835621074441
v -0.9289122022177057 -0.07071067811865477 -0.28178243590513374
v -0.9408129831537808 -0.05555702330196022 -0.28539249833442965
v -0.9496560611607348 -0.038268343236509045 -0.2880750167207201
v -0.9551016017100157 -0.019509032201612875 -0.2897269033867938
v -0.9238795325112868 0.0 -0.38268343236508967
v -0.9221043238954469 0.019509032201612826 -0.3819481168803672
v -0.9168469183194856 0.03826834323650898 -0.37977042818790807
v -0.9083093549312998 0.05555702330196022 -0.3762340536429016
v -0.896819727503977 0.07071067811865477 -0.3714748941358905
v -0.8828195759760918 0.08314696123025453 -0.3656758414977621
v -0.8668469183194856 0.09238795325112868 -0.35905975006925334
v -0.8495155748103319 0.09807852804032305 -0.35188087253361494
v -0.8314915792601582 0.1 -0.3444150891285807
v -0.8134675837099845 0.09807852804032305 -0.3369493057235465
v -0.7961362402008308 0.09238795325112868 -0.3297704281879081
v -0.7801635825442245 0.08314696123025454 -0.3231543367593993
v -0.7661634310163393 0.07071067811865477 -0.3173552841212709
v -0.7546738035890165 0.05555702330196022 -0.31259612461425984
v -0.7461362402008308 0.03826834323650899 -0.30905975006925335
v -0.7408788346248694 0.01950903220161286 -0.3068820613767942
v -0.7391036260090296 1.2246467991473533e-17 -0.30614674589207175
v -0.7408788346248694 -0.019509032201612837 -0.3068820613767942
v -0.7461362402008308 -0.03826834323650897 -0.30905975006925335
v -0.7546738035890165 -0.0555570233019602 -0.31259612461425984
v -0.7661634310163393 -0.07071067811865475 -0.3173552841212709
v -0.7801635825442245 -0.08314696123025453 -0.3231543367593993
v -0.7961362402008307 -0.09238795325112865 -0.3297704281879081
v -0.8134675837099845 -0.09807852804032303 -0.3369493057235465
v -0.8314915792601582 -0.1 -0.3444150891285807
v -0.8495155748103319 -0.09807852804032305 -0.35188087253361494
v -0.8668469183194856 -0.09238795325112867 -0.35905975006925334
v -0.8828195759760918 -0.08314696123025456 -0.3656758414977621
v -0.896819727503977 -0.07071067811865477 -0.3714748941358905
v -0.9083093549312998 -0.05555702330196022 -0.3762340536429016
v -0.9168469183194856 -0.038268343236509045 -0.37977042818790807
v -0.9221043238954469 -0.019509032201612875 -0.3819481168803672
v -0.881921264348355 0.0 -0.47139673682599764
v -0.8802266773682669 0.019509032201612826 -0.4704909612143033
v -0.8752080384553117 0.03826834323650898 -0.46780844282801276
v -0.8670582110884293 0.05555702330196022 -0.46345226934433764
v -0.8560903885628531 0.07071067811865477 -0.4575898460672852
v -0.8427260581474153 0.08314696123025453 -0.45044646263570787
v -0.8274788035651783 0.09238795325112868 -0.44229663526882546
v -0.8109345682589787 0.09807852804032305 -0.43345355726187146
v -0.7937291379135195 0.1 -0.4242570631433979
v -0.7765237075680604 0.09807852804032305 -0.4150605690249243
v -0.7599794722618608 0.09238795325112868 -0.40621749101797033
v -0.7447322176796238 0.08314696123025454 -0.3980676636510879
v -0.731367887264186 0.07071067811865477 -0.3909242802195106
v -0.7204000647386098 0.05555702330196022 -0.38506185694245815
v -0.7122502373717274 0.03826834323650899 -0.38070568345878303
v -0.7072315984587723 0.01950903220161286 -0.3780231650724925
v -0.7055370114786841 1.2246467991473533e-17 -0.37711738946079815
v -0.7072315984587723 -0.019509032201612837 -0.3780231650724925
v -0.7122502373717274 -0.03826834323650897 -0.38070568345878303
v -0.7204000647386098 -0.0555570233019602 -0.38506185694245815
v -0.731367887264186 -0.07071067811865475 -0.3909242802195106
v -0.7447322176796238 -0.08314696123025453 -0.3980676636510879
v -0.7599794722618607 -0.09238795325112865 -0.4062174910179703
v -0.7765237075680604 -0.09807852804032303 -0.4150605690249243
v -0.7937291379135195 -0.1 -0.4242570631433979
v -0.8109345682589787 -0.09807852804032305 -0.43345355726187146
v -0.8274788035651783 -0.09238795325112867 -0.44229663526882546
v -0.8427260581474153 -0.08314696123025456 -0.45044646263570787
v -0.8560903885628531 -0.07071067811865477 -0.4575898460672852
v -0.8670582110884293 -0.05555702330196022 -0.46345226934433764
v -0.8752080384553117 -0.038268343236509045 -0.46780844282801276
v -0.8802266773682669 -0.019509032201612875 -0.4704909612143033
v -0.8314696123025455 0.0 -0.555570233019602
v -0.8298719667571827 0.019509032201612826 -0.5545027203952236
v -0.8251404267434326 0.03826834323650898 -0.5513412064335754
v -0.8174568226905454 0.05555702330196022 -0.5462071863432061
v -0.8071164311932588 0.07071067811865477 -0.5392979576369968
v -0.7945166276978552 0.08314696123025453 -0.5308790380993873
v -0.7801416155866118 0.09238795325112868 -0.5212739620868232
v -0.7645438185133638 0.09807852804032305 -0.5108518472838788
v -0.7483226510722909 0.1 -0.5000132097176417
v -0.7321014836312181 0.09807852804032305 -0.4891745721514048
v -0.71650368655797 0.09238795325112868 -0.4787524573484604
v -0.7021286744467266 0.08314696123025454 -0.4691473813358963
v -0.689528870951323 0.07071067811865477 -0.4607284617982867
v -0.6791884794540364 0.05555702330196022 -0.45381923309207745
v -0.6715048754011492 0.03826834323650899 -0.4486852130017081
v -0.6667733353873992 0.01950903220161286 -0.44552369904005995
v -0.6651756898420365 1.2246467991473533e-17 -0.4444561864156816
v -0.6667733353873992 -0.019509032201612837 -0.44552369904005995
v -0.6715048754011492 -0.03826834323650897 -0.4486852130017081
v -0.6791884794540364 -0.0555570233019602 -0.45381923309207745
v -0.689528870951323 -0.07071067811865475 -0.4607284617982867
v -0.7021286744467266 -0.08314696123025453 -0.4691473813358963
v -0.71650368655797 -0.09238795325112865 -0.47875245734846034
v -0.7321014836312181 -0.09807852804032303 -0.4891745721514048
v -0.7483226510722909 -0.1 -0.5000132097176417
v -0.7645438185133638 -0.09807852804032305 -0.5108518472838788
v -0.7801416155866118 -0.09238795325112867 -0.5212739620868232
v -0.7945166276978552 -0.08314696123025456 -0.5308790380993873
v -0.8071164311932588 -0.07071067811865477 -0.5392979576369968
v -0.8174568226905454 -0.05555702330196022 -0.5462071863432061
v -0.8251404267434326 -0.038268343236509045 -0.5513412064335754
v -0.8298719667571827 -0.019509032201612875 -0.5545027203952236
v -0.7730104533627371 0.0 -0.6343932841636453
v -0.7715251354520635 0.019509032201612826 -0.6331743152567174
v -0.7671262616543738 0.03826834323650898 -0.6295642528274216
v -0.7599828782227964 0.05555702330196022 -0.6237018295503692
v -0.7503695013765512 0.07071067811865477 -0.6158123350644126
v -0.7386555677965958 0.08314696123025453 -0.6061989582181675
v -0.7252912373811581 0.09238795325112868 -0.5952311356925913
v -0.7107900938533004 0.09807852804032305 -0.5833303547565162
v -0.6957094080264634 0.1 -0.5709539557472808
v -0.6806287221996264 0.09807852804032305 -0.5585775567380453
v -0.6661275786717687 0.09238795325112868 -0.5466767758019702
v -0.652763248256331 0.08314696123025454 -0.535708953276394
v -0.6410493146763756 0.07071067811865477 -0.5260955764301489
v -0.6314359378301304 0.05555702330196022 -0.5182060819441923
v -0.624292554398553 0.03826834323650899 -0.5123436586671399
v -0.6198936806008634 0.01950903220161286 -0.5087335962378441
v -0.6184083626901897 1.2246467991473533e-17 -0.5075146273309162
v -0.6198936806008634 -0.019509032201612837 -0.5087335962378441
v -0.624292554398553 -0.03826834323650897 -0.5123436586671399
v -0.6314359378301304 -0.0555570233019602 -0.5182060819441923
v -0.6410493146763756 -0.07071067811865475 -0.5260955764301489
v -0.652763248256331 -0.08314696123025453 -0.535708953276394
v -0.6661275786717687 -0.09238795325112865 -0.5466767758019702
v -0.6806287221996264 -0.09807852804032303 -0.5585775567380453
v -0.6957094080264634 -0.1 -0.5709539557472808
v -0.7107900938533004 -0.09807852804032305 -0.5833303547565162
v -0.7252912373811581 -0.09238795325112867 -0.5952311356925913
v -0.7386555677965958 -0.08314696123025456 -0.6061989582181675
v -0.7503695013765512 -0.07071067811865477 -0.6158123350644126
v -0.7599828782227964 -0.05555702330196022 -0.6237018295503692
v -0.7671262616543738 -0.038268343236509045 -0.6295642528274216
v -0.7715251354520635 -0.019509032201612875 -0.6331743152567174
v -0.7071067811865477 0.0 -0.7071067811865475
v -0.7057480953340003 0.019509032201612826 -0.7057480953340001
v -0.7017242513117118 0.03826834323650898 -0.7017242513117116
v -0.6951898831888609 0.05555702330196022 -0.6951898831888607
v -0.6863961030678929 0.07071067811865477 -0.6863961030678927
v -0.6756808509872481 0.08314696123025453 -0.6756808509872478
v -0.6634559080752028 0.09238795325112868 -0.6634559080752026
v -0.6501910720320401 0.09807852804032305 -0.6501910720320399
v -0.636396103067893 0.1 -0.6363961030678927
v -0.6226011341037457 0.09807852804032305 -0.6226011341037456
v -0.6093362980605831 0.09238795325112868 -0.6093362980605829
v -0.5971113551485379 0.08314696123025454 -0.5971113551485376
v -0.5863961030678929 0.07071067811865477 -0.5863961030678928
v -0.5776023229469249 0.05555702330196022 -0.5776023229469248
v -0.5710679548240741 0.03826834323650899 -0.5710679548240739
v -0.5670441108017855 0.01950903220161286 -0.5670441108017854
v -0.5656854249492381 1.2246467991473533e-17 -0.565685424949238
v -0.5670441108017855 -0.019509032201612837 -0.5670441108017854
v -0.5710679548240741 -0.03826834323650897 -0.5710679548240739
v -0.5776023229469249 -0.0555570233019602 -0.5776023229469248
v -0.5863961030678929 -0.07071067811865475 -0.5863961030678928
v -0.5971113551485379 -0.08314696123025453 -0.5971113551485376
v -0.609336298060583 -0.09238795325112865 -0.6093362980605829
v -0.6226011341037457 -0.09807852804032303 -0.6226011341037456
v -0.636396103067893 -0.1 -0.6363961030678927
v -0.6501910720320401 -0.09807852804032305 -0.6501910720320399
v -0.6634559080752028 -0.09238795325112867 -0.6634559080752026
v -0.6756808509872481 -0.08314696123025456 -0.6756808509872478
v -0.6863961030678929 -0.07071067811865477 -0.6863961030678927
v -0.6951898831888609 -0.05555702330196022 -0.6951898831888607
v -0.7017242513117118 -0.038268343236509045 -0.7017242513117116
v -0.7057480953340003 -0.019509032201612875 -0.7057480953340001
v -0.6343932841636459 0.0 -0.7730104533627367
v -0.6331743152567181 0.019509032201612826 -0.771525135452063
v -0.6295642528274222 0.03826834323650898 -0.7671262616543734
v -0.6237018295503699 0.05555702330196022 -0.759982878222796
v -0.6158123350644131 0.07071067811865477 -0.7503695013765509
v -0.606198958218168 0.08314696123025453 -0.7386555677965954
v -0.5952311356925919 0.09238795325112868 -0.7252912373811576
v -0.5833303547565168 0.09807852804032305 -0.7107900938532999
v -0.5709539557472814 0.1 -0.695709408026463
v -0.5585775567380459 0.09807852804032305 -0.6806287221996261
v -0.5466767758019708 0.09238795325112868 -0.6661275786717684
v -0.5357089532763946 0.08314696123025454 -0.6527632482563306
v -0.5260955764301495 0.07071067811865477 -0.6410493146763752
v -0.5182060819441928 0.05555702330196022 -0.6314359378301301
v -0.5123436586671404 0.03826834323650899 -0.6242925543985527
v -0.5087335962378446 0.01950903220161286 -0.619893680600863
v -0.5075146273309168 1.2246467991473533e-17 -0.6184083626901894
v -0.5087335962378446 -0.019509032201612837 -0.619893680600863
v -0.5123436586671404 -0.03826834323650897 -0.6242925543985527
v -0.5182060819441928 -0.0555570233019602 -0.6314359378301301
v -0.5260955764301495 -0.07071067811865475 -0.6410493146763752
v -0.5357089532763946 -0.08314696123025453 -0.6527632482563306
v -0.5466767758019707 -0.09238795325112865 -0.6661275786717683
v -0.5585775567380459 -0.09807852804032303 -0.6806287221996261
v -0.5709539557472814 -0.1 -0.695709408026463
v -0.5833303547565168 -0.09807852804032305 -0.7107900938532999
v -0.5952311356925919 -0.09238795325112867 -0.7252912373811576
v -0.606198958218168 -0.08314696123025456 -0.7386555677965954
v -0.6158123350644131 -0.07071067811865477 -0.7503695013765509
v -0.6237018295503699 -0.05555702330196022 -0.759982878222796
v -0.6295642528274222 -0.038268343236509045 -0.7671262616543734
v -0.6331743152567181 -0.019509032201612875 -0.771525135452063
v -0.5555702330196022 0.0 -0.8314696123025452
v -0.5545027203952239 0.019509032201612826 -0.8298719667571824
v -0.5513412064335756 0.03826834323650898 -0.8251404267434324
v -0.5462071863432063 0.05555702330196022 -0.8174568226905452
v -0.5392979576369971 0.07071067811865477 -0.8071164311932586
v -0.5308790380993875 0.08314696123025453 -0.794516627697855
v -0.5212739620868234 0.09238795325112868 -0.7801416155866115
v -0.5108518472838789 0.09807852804032305 -0.7645438185133636
v -0.500013209717642 0.1 -0.7483226510722907
v -0.48917457215140503 0.09807852804032305 -0.7321014836312179
v -0.47875245734846056 0.09238795325112868 -0.7165036865579699
v -0.46914738133589645 0.08314696123025454 -0.7021286744467264
v -0.46072846179828686 0.07071067811865477 -0.6895288709513229
v -0.4538192330920776 0.05555702330196022 -0.6791884794540363
v -0.44868521300170827 0.03826834323650899 -0.6715048754011491
v -0.4455236990400601 0.01950903220161286 -0.666773335387399
v -0.44445618641568174 1.2246467991473533e-17 -0.6651756898420362
v -0.4455236990400601 -0.019509032201612837 -0.666773335387399
v -0.44868521300170827 -0.03826834323650897 -0.6715048754011491
v -0.4538192330920776 -0.0555570233019602 -0.6791884794540363
v -0.46072846179828686 -0.07071067811865475 -0.6895288709513229
v -0.46914738133589645 -0.08314696123025453 -0.7021286744467264
v -0.4787524573484605 -0.09238795325112865 -0.7165036865579698
v -0.48917457215140503 -0.09807852804032303 -0.7321014836312179
v -0.500013209717642 -0.1 -0.7483226510722907
v -0.5108518472838789 -0.09807852804032305 -0.7645438185133636
v -0.5212739620868234 -0.09238795325112867 -0.7801416155866115
v -0.5308790380993875 -0.08314696123025456 -0.794516627697855
v -0.5392979576369971 -0.07071067811865477 -0.8071164311932586
v -0.5462071863432063 -0.05555702330196022 -0.8174568226905452
v -0.5513412064335756 -0.038268343236509045 -0.8251404267434324
v -0.5545027203952239 -0.019509032201612875 -0.8298719667571824
v -0.47139673682599786 0.0 -0.8819212643483549
v -0.4704909612143035 0.019509032201612826 -0.8802266773682668
v -0.467808442828013 0.03826834323650898 -0.8752080384553116
v -0.46345226934433786 0.05555702330196022 -0.8670582110884292
v -0.4575898460672854 0.07071067811865477 -0.856090388562853
v -0.45044646263570803 0.08314696123025453 -0.8427260581474152
v -0.4422966352688257 0.09238795325112868 -0.8274788035651782
v -0.4334535572618717 0.09807852804032305 -0.8109345682589786
v -0.42425706314339806 0.1 -0.7937291379135195
v -0.4150605690249245 0.09807852804032305 -0.7765237075680603
v -0.4062174910179705 0.09238795325112868 -0.7599794722618607
v -0.39806766365108814 0.08314696123025454 -0.7447322176796237
v -0.39092428021951076 0.07071067811865477 -0.7313678872641859
v -0.3850618569424583 0.05555702330196022 -0.7204000647386097
v -0.3807056834587832 0.03826834323650899 -0.7122502373717273
v -0.3780231650724927 0.01950903220161286 -0.7072315984587721
v -0.3771173894607983 1.2246467991473533e-17 -0.705537011478684
v -0.3780231650724927 -0.019509032201612837 -0.7072315984587721
v -0.3807056834587832 -0.03826834323650897 -0.7122502373717273
v -0.3850618569424583 -0.0555570233019602 -0.7204000647386097
v -0.39092428021951076 -0.07071067811865475 -0.7313678872641859
v -0.39806766365108814 -0.08314696123025453 -0.7447322176796237
v -0.40621749101797044 -0.09238795325112865 -0.7599794722618606
v -0.4150605690249245 -0.09807852804032303 -0.7765237075680603
v -0.42425706314339806 -0.1 -0.7937291379135195
v -0.4334535572618717 -0.09807852804032305 -0.8109345682589786
v -0.4422966352688257 -0.09238795325112867 -0.8274788035651782
v -0.45044646263570803 -0.08314696123025456 -0.8427260581474152
v -0.4575898460672854 -0.07071067811865477 -0.856090388562853
v -0.46345226934433786 -0.05555702330196022 -0.8670582110884292
v -0.467808442828013 -0.038268343236509045 -0.8752080384553116
v -0.4704909612143035 -0.019509032201612875 -0.8802266773682668
v -0.38268343236509034 0.0 -0.9238795325112865
v -0.3819481168803679 0.019509032201612826 -0.9221043238954466
v -0.37977042818790874 0.03826834323650898 -0.9168469183194853
v -0.37623405364290224 0.05555702330196022 -0.9083093549312995
v -0.3714748941358912 0.07071067811865477 -0.8968197275039766
v -0.3656758414977628 0.08314696123025453 -0.8828195759760915
v -0.35905975006925395 0.09238795325112868 -0.8668469183194852
v -0.3518808725336156 0.09807852804032305 -0.8495155748103316
v -0.3444150891285813 0.1 -0.8314915792601579
v -0.33694930572354703 0.09807852804032305 -0.8134675837099842
v -0.3297704281879087 0.09238795325112868 -0.7961362402008305
v -0.32315433675939986 0.08314696123025454 -0.7801635825442242
v -0.31735528412127145 0.07071067811865477 -0.7661634310163391
v -0.3125961246142604 0.05555702330196022 -0.7546738035890163
v -0.3090597500692539 0.03826834323650899 -0.7461362402008305
v -0.30688206137679475 0.01950903220161286 -0.7408788346248691
v -0.3061467458920723 1.2246467991473533e-17 -0.7391036260090292
v -0.30688206137679475 -0.019509032201612837 -0.7408788346248691
v -0.3090597500692539 -0.03826834323650897 -0.7461362402008305
v -0.3125961246142604 -0.0555570233019602 -0.7546738035890163
v -0.31735528412127145 -0.07071067811865475 -0.7661634310163391
v -0.32315433675939986 -0.08314696123025453 -0.7801635825442242
v -0.32977042818790864 -0.09238795325112865 -0.7961362402008304
v -0.33694930572354703 -0.09807852804032303 -0.8134675837099842
v -0.3444150891285813 -0.1 -0.8314915792601579
v -0.3518808725336156 -0.09807852804032305 -0.8495155748103316
v -0.35905975006925395 -0.09238795325112867 -0.8668469183194852
v -0.3656758414977628 -0.08314696123025456 -0.8828195759760915
v -0.3714748941358912 -0.07071067811865477 -0.8968197275039766
v -0.37623405364290224 -0.05555702330196022 -0.9083093549312995
v -0.37977042818790874 -0.038268343236509045 -0.9168469183194853
v -0.3819481168803679 -0.019509032201612875 -0.9221043238954466
v -0.29028467725446244 0.0 -0.9569403357322088
v -0.28972690338679413 0.019509032201612826 -0.9551016017100156
v -0.28807501672072044 0.03826834323650898 -0.9496560611607346
v -0.2853924983344299 0.05555702330196022 -0.9408129831537807
v -0.2817824359051341 0.07071067811865477 -0.9289122022177055
v -0.27738356210744436 0.08314696123025453 -0.914411058689848
v -0.2723649231944892 0.09238795325112868 -0.8978668233836482
v -0.2669193826452083 0.09807852804032305 -0.8799152819838099
v -0.2612562095290162 0.1 -0.861246302158988
v -0.2555930364128241 0.09807852804032305 -0.8425773223341662
v -0.25014749586354323 0.09238795325112868 -0.8246257809343277
v -0.24512885695058803 0.08314696123025454 -0.808081545628128
v -0.24072998315289834 0.07071067811865477 -0.7935804021002704
v -0.23711992072360247 0.05555702330196022 -0.7816796211641952
v -0.23443740233731195 0.03826834323650899 -0.7728365431572413
v -0.23278551567123829 0.01950903220161286 -0.7673910026079604
v -0.23222774180356998 1.2246467991473533e-17 -0.7655522685857671
v -0.23278551567123829 -0.019509032201612837 -0.7673910026079604
v -0.23443740233731195 -0.03826834323650897 -0.7728365431572413
v -0.23711992072360247 -0.0555570233019602 -0.7816796211641952
v -0.24072998315289834 -0.07071067811865475 -0.7935804021002704
v -0.24512885695058803 -0.08314696123025453 -0.808081545628128
v -0.2501474958635432 -0.09238795325112865 -0.8246257809343276
v -0.2555930364128241 -0.09807852804032303 -0.8425773223341662
v -0.2612562095290162 -0.1 -0.861246302158988
v -0.2669193826452083 -0.09807852804032305 -0.8799152819838099
v -0.2723649231944892 -0.09238795325112867 -0.8978668233836482
v -0.27738356210744436 -0.08314696123025456 -0.914411058689848
v -0.2817824359051341 -0.07071067811865477 -0.9289122022177055
v -0.2853924983344299 -0.05555702330196022 -0.9408129831537807
v -0.28807501672072044 -0.038268343236509045 -0.9496560611607346
v -0.28972690338679413 -0.019509032201612875 -0.9551016017100156
v -0.19509032201612866 0.0 -0.9807852804032303
v -0.19471546143277033 0.019509032201612826 -0.9789007289884716
v -0.19360528536468954 0.03826834323650898 -0.9733194969981961
v -0.19180245725558873 0.05555702330196022 -0.9642560680477991
v -0.189376258778663 0.07071067811865477 -0.9520587446290146
v -0.18641992738075278 0.08314696123025453 -0.9371962630404892
v -0.18304707321955008 0.09238795325112868 -0.9202397801146938
v -0.17938731318895146 0.09807852804032305 -0.9018409239811618
v -0.1755812898145158 0.1 -0.8827067523629073
v -0.17177526644008012 0.09807852804032305 -0.8635725807446528
v -0.16811550640948153 0.09238795325112868 -0.8451737246111208
v -0.16474265224827883 0.08314696123025454 -0.8282172416853255
v -0.16178632085036862 0.07071067811865477 -0.8133547600968
v -0.15936012237344288 0.05555702330196022 -0.8011574366780155
v -0.15755729426434206 0.03826834323650899 -0.7920940077276185
v -0.15644711819626128 0.01950903220161286 -0.786512775737343
v -0.15607225761290294 1.2246467991473533e-17 -0.7846282243225843
v -0.15644711819626128 -0.019509032201612837 -0.786512775737343
v -0.15755729426434206 -0.03826834323650897 -0.7920940077276185
v -0.15936012237344288 -0.0555570233019602 -0.8011574366780155
v -0.16178632085036862 -0.07071067811865475 -0.8133547600968
v -0.16474265224827883 -0.08314696123025453 -0.8282172416853255
v -0.1681155064094815 -0.09238795325112865 -0.8451737246111207
v -0.17177526644008012 -0.09807852804032303 -0.8635725807446528
v -0.1755812898145158 -0.1 -0.8827067523629073
v -0.17938731318895146 -0.09807852804032305 -0.9018409239811618
v -0.18304707321955008 -0.09238795325112867 -0.9202397801146938
v -0.18641992738075278 -0.08314696123025456 -0.9371962630404892
v -0.189376258778663 -0.07071067811865477 -0.9520587446290146
v -0.19180245725558873 -0.05555702330196022 -0.9642560680477991
v -0.19360528536468954 -0.038268343236509045 -0.9733194969981961
v -0.19471546143277033 -0.019509032201612875 -0.9789007289884716
v -0.09801714032956045 0.0 -0.9951847266721969
v -0.09782880314284947 0.019509032201612826 -0.9932725071251975
v -0.09727102927518116 0.03826834323650898 -0.9876093340090055
v -0.09636525366348679 0.05555702330196022 -0.9784128398905318
v -0.09514628475655897 0.07071067811865477 -0.9660364408812964
v -0.0936609668458853 0.08314696123025453 -0.9509557550544594
v -0.09196637986579709 0.09238795325112868 -0.9337503247090002
v -0.0901276458436038 0.09807852804032305 -0.9150813448841784
v -0.08821542629660441 0.1 -0.8956662540049772
v -0.08630320674960501 0.09807852804032305 -0.8762511631257761
v -0.08446447272741173 0.09238795325112868 -0.8575821833009543
v -0.08276988574732351 0.08314696123025454 -0.8403767529554951
v -0.08128456783664985 0.07071067811865477 -0.8252960671286581
v -0.08006559892972202 0.05555702330196022 -0.8129196681194226
v -0.07915982331802765 0.03826834323650899 -0.8037231740009491
v -0.07860204945035934 0.01950903220161286 -0.798060000884757
v -0.07841371226364836 1.2246467991473533e-17 -0.7961477813377575
v -0.07860204945035934 -0.019509032201612837 -0.798060000884757
v -0.07915982331802765 -0.03826834323650897 -0.8037231740009491
v -0.08006559892972202 -0.0555570233019602 -0.8129196681194226
v -0.08128456783664985 -0.07071067811865475 -0.8252960671286581
v -0.08276988574732351 -0.08314696123025453 -0.8403767529554951
v -0.08446447272741171 -0.09238795325112865 -0.8575821833009541
v -0.08630320674960501 -0.09807852804032303 -0.8762511631257761
v -0.08821542629660441 -0.1 -0.8956662540049772
v -0.0901276458436038 -0.09807852804032305 -0.9150813448841784
v -0.09196637986579709 -0.09238795325112867 -0.9337503247090002
v -0.0936609668458853 -0.08314696123025456 -0.9509557550544594
v -0.09514628475655897 -0.07071067811865477 -0.9660364408812964
v -0.09636525366348679 -0.05555702330196022 -0.9784128398905318
v -0.09727102927518116 -0.038268343236509045 -0.9876093340090055
v -0.09782880314284947 -0.019509032201612875 -0.9932725071251975
v -1.8369701987210297e-16 0.0 -1.0
v -1.833440511993425e-16 0.019509032201612826 -0.998078528040323
v -1.8229870956920817e-16 0.03826834323650898 -0.9923879532511287
v -1.8060116687431172e-16 0.05555702330196022 -0.9831469612302546
v -1.7831665872842506e-16 0.07071067811865477 -0.9707106781186547
v -1.7553297749842775e-16 0.08314696123025453 -0.9555570233019602
v -1.723570984928821e-16 0.09238795325112868 -0.938268343236509
v -1.6891106896091784e-16 0.09807852804032305 -0.9195090322016128
v -1.6532731788489269e-16 0.1 -0.9
v -1.6174356680886751e-16 0.09807852804032305 -0.8804909677983872
v -1.5829753727690324e-16 0.09238795325112868 -0.8617316567634911
v -1.551216582713576e-16 0.08314696123025454 -0.8444429766980398
v -1.5233797704136028e-16 0.07071067811865477 -0.8292893218813453
v -1.5005346889547363e-16 0.05555702330196022 -0.8168530387697455
v -1.4835592620057718e-16 0.03826834323650899 -0.8076120467488713
v -1.4731058457044284e-16 0.01950903220161286 -0.801921471959677
v -1.4695761589768238e-16 1.2246467991473533e-17 -0.8
v -1.4731058457044284e-16 -0.019509032201612837 -0.801921471959677
v -1.4835592620057718e-16 -0.03826834323650897 -0.8076120467488713
v -1.5005346889547363e-16 -0.0555570233019602 -0.8168530387697455
v -1.5233797704136028e-16 -0.07071067811865475 -0.8292893218813453
v -1.551216582713576e-16 -0.08314696123025453 -0.8444429766980398
v -1.582975372769032e-16 -0.09238795325112865 -0.861731656763491
v -1.6174356680886751e-16 -0.09807852804032303 -0.8804909677983872
v -1.6532731788489269e-16 -0.1 -0.9
v -1.6891106896091784e-16 -0.09807852804032305 -0.9195090322016128
v -1.723570984928821e-16 -0.09238795325112867 -0.938268343236509
v -1.7553297749842775e-16 -0.08314696123025456 -0.9555570233019602
v -1.7831665872842506e-16 -0.07071067811865477 -0.9707106781186547
v -1.8060116687431172e-16 -0.05555702330196022 -0.9831469612302546
v -1.8229870956920817e-16 -0.038268343236509045 -0.9923879532511287
v -1.833440511993425e-16 -0.019509032201612875 -0.998078528040323
v 0.09801714032956009 0.0 -0.9951847266721969
v 0.09782880314284911 0.019509032201612826 -0.9932725071251975
v 0.0972710292751808 0.03826834323650898 -0.9876093340090055
v 0.09636525366348643 0.05555702330196022 -0.9784128398905318
v 0.09514628475655862 0.07071067811865477 -0.9660364408812964
v 0.09366096684588496 0.08314696123025453 -0.9509557550544594
v 0.09196637986579675 0.09238795325112868 -0.9337503247090002
v 0.09012764584360347 0.09807852804032305 -0.9150813448841784
v 0.08821542629660409 0.1 -0.8956662540049772
v 0.08630320674960469 0.09807852804032305 -0.8762511631257761
v 0.08446447272741141 0.09238795325112868 -0.8575821833009543
v 0.0827698857473232 0.08314696123025454 -0.8403767529554951
v 0.08128456783664954 0.07071067811865477 -0.8252960671286581
v 0.08006559892972173 0.05555702330196022 -0.8129196681194226
v 0.07915982331802736 0.03826834323650899 -0.8037231740009491
v 0.07860204945035905 0.01950903220161286 -0.798060000884757
v 0.07841371226364807 1.2246467991473533e-17 -0.7961477813377575
v 0.07860204945035905 -0.019509032201612837 -0.798060000884757
v 0.07915982331802736 -0.03826834323650897 -0.8037231740009491
v 0.08006559892972173 -0.0555570233019602 -0.8129196681194226
v 0.08128456783664954 -0.07071067811865475 -0.8252960671286581
v 0.0827698857473232 -0.08314696123025453 -0.8403767529554951
v 0.08446447272741141 -0.09238795325112865 -0.8575821833009541
v 0.08630320674960469 -0.09807852804032303 -0.8762511631257761
v 0.08821542629660409 -0.1 -0.8956662540049772
v 0.09012764584360347 -0.09807852804032305 -0.9150813448841784
v 0.09196637986579675 -0.09238795325112867 -0.9337503247090002
v 0.09366096684588496 -0.08314696123025456 -0.9509557550544594
v 0.09514628475655862 -0.07071067811865477 -0.9660364408812964
v 0.09636525366348643 -0.05555702330196022 -0.9784128398905318
v 0.0972710292751808 -0.038268343236509045 -0.9876093340090055
v 0.09782880314284911 -0.019509032201612875 -0.9932725071251975
v 0.1950903220161283 0.0 -0.9807852804032304
v 0.19471546143276997 0.019509032201612826 -0.9789007289884717
v 0.19360528536468918 0.03826834323650898 -0.9733194969981962
v 0.19180245725558837 0.05555702330196022 -0.9642560680477992
v 0.18937625877866263 0.07071067811865477 -0.9520587446290147
v 0.18641992738075244 0.08314696123025453 -0.9371962630404893
v 0.18304707321954974 0.09238795325112868 -0.9202397801146939
v 0.17938731318895113 0.09807852804032305 -0.9018409239811619
v 0.17558128981451548 0.1 -0.8827067523629074
v 0.17177526644007982 0.09807852804032305 -0.8635725807446529
v 0.16811550640948122 0.09238795325112868 -0.845173724611121
v 0.16474265224827853 0.08314696123025454 -0.8282172416853255
v 0.16178632085036834 0.07071067811865477 -0.8133547600968001
v 0.15936012237344258 0.05555702330196022 -0.8011574366780156
v 0.15755729426434179 0.03826834323650899 -0.7920940077276186
v 0.156447118196261 0.01950903220161286 -0.7865127757373431
v 0.15607225761290267 1.2246467991473533e-17 -0.7846282243225844
v 0.156447118196261 -0.019509032201612837 -0.7865127757373431
v 0.15755729426434179 -0.03826834323650897 -0.7920940077276186
v 0.15936012237344258 -0.0555570233019602 -0.8011574366780156
v 0.16178632085036834 -0.07071067811865475 -0.8133547600968001
v 0.16474265224827853 -0.08314696123025453 -0.8282172416853255
v 0.1681155064094812 -0.09238795325112865 -0.8451737246111208
v 0.17177526644007982 -0.09807852804032303 -0.8635725807446529
v 0.17558128981451548 -0.1 -0.8827067523629074
v 0.17938731318895113 -0.09807852804032305 -0.9018409239811619
v 0.18304707321954974 -0.09238795325112867 -0.9202397801146939
v 0.18641992738075244 -0.08314696123025456 -0.9371962630404893
v 0.18937625877866263 -0.07071067811865477 -0.9520587446290147
v 0.19180245725558837 -0.05555702330196022 -0.9642560680477992
v 0.19360528536468918 -0.038268343236509045 -0.9733194969981962
v 0.19471546143276997 -0.019509032201612875 -0.9789007289884717
v 0.29028467725446205 0.0 -0.9569403357322089
v 0.28972690338679374 0.019509032201612826 -0.9551016017100157
v 0.28807501672072006 0.03826834323650898 -0.9496560611607348
v 0.2853924983344296 0.05555702330196022 -0.9408129831537808
v 0.2817824359051337 0.07071067811865477 -0.9289122022177057
v 0.277383562107444 0.08314696123025453 -0.9144110586898481
v 0.27236492319448885 0.09238795325112868 -0.8978668233836483
v 0.2669193826452079 0.09807852804032305 -0.8799152819838099
v 0.26125620952901585 0.1 -0.861246302158988
v 0.25559303641282377 0.09807852804032305 -0.8425773223341663
v 0.2501474958635429 0.09238795325112868 -0.8246257809343278
v 0.2451288569505877 0.08314696123025454 -0.8080815456281281
v 0.240729983152898 0.07071067811865477 -0.7935804021002705
v 0.23711992072360213 0.05555702330196022 -0.7816796211641953
v 0.23443740233731164 0.03826834323650899 -0.7728365431572414
v 0.23278551567123798 0.01950903220161286 -0.7673910026079604
v 0.23222774180356964 1.2246467991473533e-17 -0.7655522685857672
v 0.23278551567123798 -0.019509032201612837 -0.7673910026079604
v 0.23443740233731164 -0.03826834323650897 -0.7728365431572414
v 0.23711992072360213 -0.0555570233019602 -0.7816796211641953
v 0.240729983152898 -0.07071067811865475 -0.7935804021002705
v 0.2451288569505877 -0.08314696123025453 -0.8080815456281281
v 0.25014749586354285 -0.09238795325112865 -0.8246257809343277
v 0.25559303641282377 -0.09807852804032303 -0.8425773223341663
v 0.26125620952901585 -0.1 -0.861246302158988
v 0.2669193826452079 -0.09807852804032305 -0.8799152819838099
v 0.27236492319448885 -0.09238795325112867 -0.8978668233836483
v 0.277383562107444 -0.08314696123025456 -0.9144110586898481
v 0.2817824359051337 -0.07071067811865477 -0.9289122022177057
v 0.2853924983344296 -0.05555702330196022 -0.9408129831537808
v 0.28807501672072006 -0.038268343236509045 -0.9496560611607348
v 0.28972690338679374 -0.019509032201612875 -0.9551016017100157
v 0.38268343236509 0.0 -0.9238795325112866
v 0.38194811688036756 0.019509032201612826 -0.9221043238954467
v 0.3797704281879084 0.03826834323650898 -0.9168469183194854
v 0.3762340536429019 0.05555702330196022 -0.9083093549312996
v 0.37147489413589085 0.07071067811865477 -0.8968197275039768
v 0.36567584149776244 0.08314696123025453 -0.8828195759760916
v 0.3590597500692536 0.09238795325112868 -0.8668469183194853
v 0.3518808725336153 0.09807852804032305 -0.8495155748103317
v 0.344415089128581 0.1 -0.8314915792601579
v 0.33694930572354675 0.09807852804032305 -0.8134675837099843
v 0.32977042818790836 0.09238795325112868 -0.7961362402008306
v 0.3231543367593996 0.08314696123025454 -0.7801635825442244
v 0.3173552841212712 0.07071067811865477 -0.7661634310163392
v 0.3125961246142601 0.05555702330196022 -0.7546738035890164
v 0.3090597500692536 0.03826834323650899 -0.7461362402008306
v 0.30688206137679447 0.01950903220161286 -0.7408788346248693
v 0.306146745892072 1.2246467991473533e-17 -0.7391036260090293
v 0.30688206137679447 -0.019509032201612837 -0.7408788346248693
v 0.3090597500692536 -0.03826834323650897 -0.7461362402008306
v 0.3125961246142601 -0.0555570233019602 -0.7546738035890164
v 0.3173552841212712 -0.07071067811865475 -0.7661634310163392
v 0.3231543367593996 -0.08314696123025453 -0.7801635825442244
v 0.32977042818790836 -0.09238795325112865 -0.7961362402008305
v 0.33694930572354675 -0.09807852804032303 -0.8134675837099843
v 0.344415089128581 -0.1 -0.8314915792601579
v 0.3518808725336153 -0.09807852804032305 -0.8495155748103317
v 0.3590597500692536 -0.09238795325112867 -0.8668469183194853
v 0.36567584149776244 -0.08314696123025456 -0.8828195759760916
v 0.37147489413589085 -0.07071067811865477 -0.8968197275039768
v 0.3762340536429019 -0.05555702330196022 -0.9083093549312996
v 0.3797704281879084 -0.038268343236509045 -0.9168469183194854
v 0.38194811688036756 -0.019509032201612875 -0.9221043238954467
v 0.4713967368259976 0.0 -0.881921264348355
v 0.4704909612143032 0.019509032201612826 -0.8802266773682669
v 0.4678084428280127 0.03826834323650898 -0.8752080384553117
v 0.4634522693443376 0.05555702330196022 -0.8670582110884293
v 0.45758984606728514 0.07071067811865477 -0.8560903885628531
v 0.4504464626357078 0.08314696123025453 -0.8427260581474153
v 0.4422966352688254 0.09238795325112868 -0.8274788035651783
v 0.4334535572618714 0.09807852804032305 -0.8109345682589787
v 0.42425706314339784 0.1 -0.7937291379135195
v 0.4150605690249243 0.09807852804032305 -0.7765237075680604
v 0.4062174910179703 0.09238795325112868 -0.7599794722618608
v 0.39806766365108787 0.08314696123025454 -0.7447322176796238
v 0.39092428021951053 0.07071067811865477 -0.731367887264186
v 0.3850618569424581 0.05555702330196022 -0.7204000647386098
v 0.380705683458783 0.03826834323650899 -0.7122502373717274
v 0.37802316507249245 0.01950903220161286 -0.7072315984587723
v 0.3771173894607981 1.2246467991473533e-17 -0.7055370114786841
v 0.37802316507249245 -0.019509032201612837 -0.7072315984587723
v 0.380705683458783 -0.03826834323650897 -0.7122502373717274
v 0.3850618569424581 -0.0555570233019602 -0.7204000647386098
v 0.39092428021951053 -0.07071067811865475 -0.731367887264186
v 0.39806766365108787 -0.08314696123025453 -0.7447322176796238
v 0.4062174910179702 -0.09238795325112865 -0.7599794722618607
v 0.4150605690249243 -0.09807852804032303 -0.7765237075680604
v 0.42425706314339784 -0.1 -0.7937291379135195
v 0.4334535572618714 -0.09807852804032305 -0.8109345682589787
v 0.4422966352688254 -0.09238795325112867 -0.8274788035651783
v 0.4504464626357078 -0.08314696123025456 -0.8427260581474153
v 0.45758984606728514 -0.07071067811865477 -0.8560903885628531
v 0.4634522693443376 -0.05555702330196022 -0.8670582110884293
v 0.4678084428280127 -0.038268343236509045 -0.8752080384553117
v 0.4704909612143032 -0.019509032201612875 -0.8802266773682669
v 0.5555702330196018 0.0 -0.8314696123025455
v 0.5545027203952235 0.019509032201612826 -0.8298719667571827
v 0.5513412064335753 0.03826834323650898 -0.8251404267434326
v 0.546207186343206 0.05555702330196022 -0.8174568226905454
v 0.5392979576369967 0.07071067811865477 -0.8071164311932588
v 0.5308790380993872 0.08314696123025453 -0.7945166276978552
v 0.5212739620868231 0.09238795325112868 -0.7801416155866118
v 0.5108518472838787 0.09807852804032305 -0.7645438185133638
v 0.5000132097176416 0.1 -0.7483226510722909
v 0.4891745721514047 0.09807852804032305 -0.7321014836312181
v 0.4787524573484603 0.09238795325112868 -0.71650368655797
v 0.4691473813358962 0.08314696123025454 -0.7021286744467266
v 0.4607284617982866 0.07071067811865477 -0.689528870951323
v 0.45381923309207733 0.05555702330196022 -0.6791884794540364
v 0.448685213001708 0.03826834323650899 -0.6715048754011492
v 0.44552369904005984 0.01950903220161286 -0.6667733353873992
v 0.4444561864156815 1.2246467991473533e-17 -0.6651756898420365
v 0.44552369904005984 -0.019509032201612837 -0.6667733353873992
v 0.448685213001708 -0.03826834323650897 -0.6715048754011492
v 0.45381923309207733 -0.0555570233019602 -0.6791884794540364
v 0.4607284617982866 -0.07071067811865475 -0.689528870951323
v 0.4691473813358962 -0.08314696123025453 -0.7021286744467266
v 0.4787524573484602 -0.09238795325112865 -0.71650368655797
v 0.4891745721514047 -0.09807852804032303 -0.7321014836312181
v 0.5000132097176416 -0.1 -0.7483226510722909
v 0.5108518472838787 -0.09807852804032305 -0.7645438185133638
v 0.5212739620868231 -0.09238795325112867 -0.7801416155866118
v 0.5308790380993872 -0.08314696123025456 -0.7945166276978552
v 0.5392979576369967 -0.07071067811865477 -0.8071164311932588
v 0.546207186343206 -0.05555702330196022 -0.8174568226905454
v 0.5513412064335753 -0.038268343236509045 -0.8251404267434326
v 0.5545027203952235 -0.019509032201612875 -0.8298719667571827
v 0.6343932841636456 0.0 -0.7730104533627369
v 0.6331743152567177 0.019509032201612826 -0.7715251354520632
v 0.6295642528274219 0.03826834323650898 -0.7671262616543736
v 0.6237018295503696 0.05555702330196022 -0.7599828782227962
v 0.6158123350644129 0.07071067811865477 -0.750369501376551
v 0.6061989582181678 0.08314696123025453 -0.7386555677965956
v 0.5952311356925916 0.09238795325112868 -0.7252912373811579
v 0.5833303547565165 0.09807852804032305 -0.7107900938533002
v 0.570953955747281 0.1 -0.6957094080264632
v 0.5585775567380455 0.09807852804032305 -0.6806287221996262
v 0.5466767758019705 0.09238795325112868 -0.6661275786717686
v 0.5357089532763943 0.08314696123025454 -0.6527632482563308
v 0.5260955764301493 0.07071067811865477 -0.6410493146763754
v 0.5182060819441926 0.05555702330196022 -0.6314359378301302
v 0.5123436586671402 0.03826834323650899 -0.6242925543985529
v 0.5087335962378443 0.01950903220161286 -0.6198936806008633
v 0.5075146273309165 1.2246467991473533e-17 -0.6184083626901895
v 0.5087335962378443 -0.019509032201612837 -0.6198936806008633
v 0.5123436586671402 -0.03826834323650897 -0.6242925543985529
v 0.5182060819441926 -0.0555570233019602 -0.6314359378301302
v 0.5260955764301493 -0.07071067811865475 -0.6410493146763754
v 0.5357089532763943 -0.08314696123025453 -0.6527632482563308
v 0.5466767758019704 -0.09238795325112865 -0.6661275786717685
v 0.5585775567380455 -0.09807852804032303 -0.6806287221996262
v 0.570953955747281 -0.1 -0.6957094080264632
v 0.5833303547565165 -0.09807852804032305 -0.7107900938533002
v 0.5952311356925916 -0.09238795325112867 -0.7252912373811579
v 0.6061989582181678 -0.08314696123025456 -0.7386555677965956
v 0.6158123350644129 -0.07071067811865477 -0.750369501376551
v 0.6237018295503696 -0.05555702330196022 -0.7599828782227962
v 0.6295642528274219 -0.038268343236509045 -0.7671262616543736
v 0.6331743152567177 -0.019509032201612875 -0.7715251354520632
v 0.7071067811865474 0.0 -0.7071067811865477
v 0.705748095334 0.019509032201612826 -0.7057480953340003
v 0.7017242513117115 0.03826834323650898 -0.7017242513117118
v 0.6951898831888605 0.05555702330196022 -0.6951898831888609
v 0.6863961030678926 0.07071067811865477 -0.6863961030678929
v 0.6756808509872477 0.08314696123025453 -0.6756808509872481
v 0.6634559080752025 0.09238795325112868 -0.6634559080752028
v 0.6501910720320397 0.09807852804032305 -0.6501910720320401
v 0.6363961030678926 0.1 -0.636396103067893
v 0.6226011341037455 0.09807852804032305 -0.6226011341037457
v 0.6093362980605828 0.09238795325112868 -0.6093362980605831
v 0.5971113551485375 0.08314696123025454 -0.5971113551485379
v 0.5863961030678927 0.07071067811865477 -0.5863961030678929
v 0.5776023229469247 0.05555702330196022 -0.5776023229469249
v 0.5710679548240738 0.03826834323650899 -0.5710679548240741
v 0.5670441108017853 0.01950903220161286 -0.5670441108017855
v 0.5656854249492379 1.2246467991473533e-17 -0.5656854249492381
v 0.5670441108017853 -0.019509032201612837 -0.5670441108017855
v 0.5710679548240738 -0.03826834323650897 -0.5710679548240741
v 0.5776023229469247 -0.0555570233019602 -0.5776023229469249
v 0.5863961030678927 -0.07071067811865475 -0.5863961030678929
v 0.5971113551485375 -0.08314696123025453 -0.5971113551485379
v 0.6093362980605828 -0.09238795325112865 -0.609336298060583
v 0.6226011341037455 -0.09807852804032303 -0.6226011341037457
v 0.6363961030678926 -0.1 -0.636396103067893
v 0.6501910720320397 -0.09807852804032305 -0.6501910720320401
v 0.6634559080752025 -0.09238795325112867 -0.6634559080752028
v 0.6756808509872477 -0.08314696123025456 -0.6756808509872481
v 0.6863961030678926 -0.07071067811865477 -0.6863961030678929
v 0.6951898831888605 -0.05555702330196022 -0.6951898831888609
v 0.7017242513117115 -0.038268343236509045 -0.7017242513117118
v 0.705748095334 -0.019509032201612875 -0.7057480953340003
v 0.7730104533627365 0.0 -0.6343932841636459
v 0.7715251354520629 0.019509032201612826 -0.6331743152567181
v 0.7671262616543733 0.03826834323650898 -0.6295642528274222
v 0.7599828782227959 0.05555702330196022 -0.6237018295503699
v 0.7503695013765508 0.07071067811865477 -0.6158123350644131
v 0.7386555677965952 0.08314696123025453 -0.606198958218168
v 0.7252912373811575 0.09238795325112868 -0.5952311356925919
v 0.7107900938532998 0.09807852804032305 -0.5833303547565168
v 0.6957094080264629 0.1 -0.5709539557472814
v 0.680628722199626 0.09807852804032305 -0.5585775567380459
v 0.6661275786717683 0.09238795325112868 -0.5466767758019708
v 0.6527632482563305 0.08314696123025454 -0.5357089532763946
v 0.641049314676375 0.07071067811865477 -0.5260955764301495
v 0.63143593783013 0.05555702330196022 -0.5182060819441928
v 0.6242925543985526 0.03826834323650899 -0.5123436586671404
v 0.6198936806008629 0.01950903220161286 -0.5087335962378446
v 0.6184083626901893 1.2246467991473533e-17 -0.5075146273309168
v 0.6198936806008629 -0.019509032201612837 -0.5087335962378446
v 0.6242925543985526 -0.03826834323650897 -0.5123436586671404
v 0.63143593783013 -0.0555570233019602 -0.5182060819441928
v 0.641049314676375 -0.07071067811865475 -0.5260955764301495
v 0.6527632482563305 -0.08314696123025453 -0.5357089532763946
v 0.6661275786717682 -0.09238795325112865 -0.5466767758019707
v 0.680628722199626 -0.09807852804032303 -0.5585775567380459
v 0.6957094080264629 -0.1 -0.5709539557472814
v 0.7107900938532998 -0.09807852804032305 -0.5833303547565168
v 0.7252912373811575 -0.09238795325112867 -0.5952311356925919
v 0.7386555677965952 -0.08314696123025456 -0.606198958218168
v 0.7503695013765508 -0.07071067811865477 -0.6158123350644131
v 0.7599828782227959 -0.05555702330196022 -0.6237018295503699
v 0.7671262616543733 -0.038268343236509045 -0.6295642528274222
v 0.7715251354520629 -0.019509032201612875 -0.6331743152567181
v 0.8314696123025452 0.0 -0.5555702330196022
v 0.8298719667571824 0.019509032201612826 -0.5545027203952239
v 0.8251404267434324 0.03826834323650898 -0.5513412064335756
v 0.8174568226905452 0.05555702330196022 -0.5462071863432063
v 0.8071164311932586 0.07071067811865477 -0.5392979576369971
v 0.794516627697855 0.08314696123025453 -0.5308790380993875
v 0.7801416155866115 0.09238795325112868 -0.5212739620868234
v 0.7645438185133636 0.09807852804032305 -0.5108518472838789
v 0.7483226510722907 0.1 -0.500013209717642
v 0.7321014836312179 0.09807852804032305 -0.48917457215140503
v 0.7165036865579699 0.09238795325112868 -0.47875245734846056
v 0.7021286744467264 0.08314696123025454 -0.46914738133589645
v 0.6895288709513229 0.07071067811865477 -0.46072846179828686
v 0.6791884794540363 0.05555702330196022 -0.4538192330920776
v 0.6715048754011491 0.03826834323650899 -0.44868521300170827
v 0.666773335387399 0.01950903220161286 -0.4455236990400601
v 0.6651756898420362 1.2246467991473533e-17 -0.44445618641568174
v 0.666773335387399 -0.019509032201612837 -0.4455236990400601
v 0.6715048754011491 -0.03826834323650897 -0.44868521300170827
v 0.6791884794540363 -0.0555570233019602 -0.4538192330920776
v 0.6895288709513229 -0.07071067811865475 -0.46072846179828686
v 0.7021286744467264 -0.08314696123025453 -0.46914738133589645
v 0.7165036865579698 -0.09238795325112865 -0.4787524573484605
v 0.7321014836312179 -0.09807852804032303 -0.48917457215140503
v 0.7483226510722907 -0.1 -0.500013209717642
v 0.7645438185133636 -0.09807852804032305 -0.5108518472838789
v 0.7801416155866115 -0.09238795325112867 -0.5212739620868234
v 0.794516627697855 -0.08314696123025456 -0.5308790380993875
v 0.8071164311932586 -0.07071067811865477 -0.5392979576369971
v 0.8174568226905452 -0.05555702330196022 -0.5462071863432063
v 0.8251404267434324 -0.038268343236509045 -0.5513412064335756
v 0.8298719667571824 -0.019509032201612875 -0.5545027203952239
v 0.8819212643483548 0.0 -0.4713967368259979
v 0.8802266773682667 0.019509032201612826 -0.47049096121430356
v 0.8752080384553115 0.03826834323650898 -0.46780844282801304
v 0.8670582110884291 0.05555702330196022 -0.4634522693443379
v 0.8560903885628529 0.07071067811865477 -0.4575898460672855
v 0.8427260581474151 0.08314696123025453 -0.4504464626357081
v 0.8274788035651781 0.09238795325112868 -0.44229663526882573
v 0.8109345682589785 0.09807852804032305 -0.43345355726187174
v 0.7937291379135194 0.1 -0.4242570631433981
v 0.7765237075680602 0.09807852804032305 -0.41506056902492455
v 0.7599794722618606 0.09238795325112868 -0.40621749101797056
v 0.7447322176796236 0.08314696123025454 -0.39806766365108814
v 0.7313678872641859 0.07071067811865477 -0.3909242802195108
v 0.7204000647386096 0.05555702330196022 -0.38506185694245837
v 0.7122502373717272 0.03826834323650899 -0.38070568345878325
v 0.7072315984587721 0.01950903220161286 -0.37802316507249273
v 0.7055370114786839 1.2246467991473533e-17 -0.37711738946079837
v 0.7072315984587721 -0.019509032201612837 -0.37802316507249273
v 0.7122502373717272 -0.03826834323650897 -0.38070568345878325
v 0.7204000647386096 -0.0555570233019602 -0.38506185694245837
v 0.7313678872641859 -0.07071067811865475 -0.3909242802195108
v 0.7447322176796236 -0.08314696123025453 -0.39806766365108814
v 0.7599794722618605 -0.09238795325112865 -0.4062174910179705
v 0.7765237075680602 -0.09807852804032303 -0.41506056902492455
v 0.7937291379135194 -0.1 -0.4242570631433981
v 0.8109345682589785 -0.09807852804032305 -0.43345355726187174
v 0.8274788035651781 -0.09238795325112867 -0.44229663526882573
v 0.8427260581474151 -0.08314696123025456 -0.4504464626357081
v 0.8560903885628529 -0.07071067811865477 -0.4575898460672855
v 0.8670582110884291 -0.05555702330196022 -0.4634522693443379
v 0.8752080384553115 -0.038268343236509045 -0.46780844282801304
v 0.8802266773682667 -0.019509032201612875 -0.47049096121430356
v 0.9238795325112865 0.0 -0.3826834323650904
v 0.9221043238954466 0.019509032201612826 -0.38194811688036795
v 0.9168469183194853 0.03826834323650898 -0.3797704281879088
v 0.9083093549312995 0.05555702330196022 -0.3762340536429023
v 0.8968197275039766 0.07071067811865477 -0.37147489413589124
v 0.8828195759760915 0.08314696123025453 -0.36567584149776283
v 0.8668469183194852 0.09238795325112868 -0.359059750069254
v 0.8495155748103316 0.09807852804032305 -0.3518808725336156
v 0.8314915792601579 0.1 -0.3444150891285814
v 0.8134675837099842 0.09807852804032305 -0.3369493057235471
v 0.7961362402008305 0.09238795325112868 -0.3297704281879087
v 0.7801635825442242 0.08314696123025454 -0.3231543367593999
v 0.7661634310163391 0.07071067811865477 -0.31735528412127145
v 0.7546738035890163 0.05555702330196022 -0.31259612461426045
v 0.7461362402008305 0.03826834323650899 -0.3090597500692539
v 0.7408788346248691 0.01950903220161286 -0.3068820613767948
v 0.7391036260090292 1.2246467991473533e-17 -0.30614674589207236
v 0.7408788346248691 -0.019509032201612837 -0.3068820613767948
v 0.7461362402008305 -0.03826834323650897 -0.3090597500692539
v 0.7546738035890163 -0.0555570233019602 -0.31259612461426045
v 0.7661634310163391 -0.07071067811865475 -0.31735528412127145
v 0.7801635825442242 -0.08314696123025453 -0.3231543367593999
v 0.7961362402008304 -0.09238795325112865 -0.3297704281879087
v 0.8134675837099842 -0.09807852804032303 -0.3369493057235471
v 0.8314915792601579 -0.1 -0.3444150891285814
v 0.8495155748103316 -0.09807852804032305 -0.3518808725336156
v 0.8668469183194852 -0.09238795325112867 -0.359059750069254
v 0.8828195759760915 -0.08314696123025456 -0.36567584149776283
v 0.8968197275039766 -0.07071067811865477 -0.37147489413589124
v 0.9083093549312995 -0.05555702330196022 -0.3762340536429023
v 0.9168469183194853 -0.038268343236509045 -0.3797704281879088
v 0.9221043238954466 -0.019509032201612875 -0.38194811688036795
v 0.9569403357322088 0.0 -0.2902846772544625
v 0.9551016017100156 0.019509032201612826 -0.2897269033867942
v 0.9496560611607346 0.03826834323650898 -0.2880750167207205
v 0.9408129831537807 0.05555702330196022 -0.28539249833443
v 0.9289122022177055 0.07071067811865477 -0.28178243590513413
v 0.914411058689848 0.08314696123025453 -0.2773835621074444
v 0.8978668233836482 0.09238795325112868 -0.27236492319448924
v 0.8799152819838099 0.09807852804032305 -0.26691938264520837
v 0.861246302158988 0.1 -0.26125620952901624
v 0.8425773223341662 0.09807852804032305 -0.25559303641282416
v 0.8246257809343277 0.09238795325112868 -0.25014749586354323
v 0.808081545628128 0.08314696123025454 -0.2451288569505881
v 0.7935804021002704 0.07071067811865477 -0.2407299831528984
v 0.7816796211641952 0.05555702330196022 -0.2371199207236025
v 0.7728365431572413 0.03826834323650899 -0.234437402337312
v 0.7673910026079604 0.01950903220161286 -0.23278551567123834
v 0.7655522685857671 1.2246467991473533e-17 -0.23222774180357
v 0.7673910026079604 -0.019509032201612837 -0.23278551567123834
v 0.7728365431572413 -0.03826834323650897 -0.234437402337312
v 0.7816796211641952 -0.0555570233019602 -0.2371199207236025
v 0.7935804021002704 -0.07071067811865475 -0.2407299831528984
v 0.808081545628128 -0.08314696123025453 -0.2451288569505881
v 0.8246257809343276 -0.09238795325112865 -0.25014749586354323
v 0.8425773223341662 -0.09807852804032303 -0.25559303641282416
v 0.861246302158988 -0.1 -0.26125620952901624
v 0.8799152819838099 -0.09807852804032305 -0.26691938264520837
v 0.8978668233836482 -0.09238795325112867 -0.27236492319448924
v 0.914411058689848 -0.08314696123025456 -0.2773835621074444
v 0.9289122022177055 -0.07071067811865477 -0.28178243590513413
v 0.9408129831537807 -0.05555702330196022 -0.28539249833443
v 0.9496560611607346 -0.038268343236509045 -0.2880750167207205
v 0.9551016017100156 -0.019509032201612875 -0.2897269033867942
v 0.9807852804032303 0.0 -0.19509032201612872
v 0.9789007289884716 0.019509032201612826 -0.19471546143277038
v 0.9733194969981961 0.03826834323650898 -0.1936052853646896
v 0.9642560680477991 0.05555702330196022 -0.19180245725558878
v 0.9520587446290146 0.07071067811865477 -0.18937625877866304
v 0.9371962630404892 0.08314696123025453 -0.18641992738075283
v 0.9202397801146938 0.09238795325112868 -0.18304707321955013
v 0.9018409239811618 0.09807852804032305 -0.1793873131889515
v 0.8827067523629073 0.1 -0.17558128981451585
v 0.8635725807446528 0.09807852804032305 -0.17177526644008018
v 0.8451737246111208 0.09238795325112868 -0.16811550640948159
v 0.8282172416853255 0.08314696123025454 -0.16474265224827886
v 0.8133547600968 0.07071067811865477 -0.16178632085036868
v 0.8011574366780155 0.05555702330196022 -0.1593601223734429
v 0.7920940077276185 0.03826834323650899 -0.15755729426434212
v 0.786512775737343 0.01950903220161286 -0.15644711819626134
v 0.7846282243225843 1.2246467991473533e-17 -0.156072257612903
v 0.786512775737343 -0.019509032201612837 -0.15644711819626134
v 0.7920940077276185 -0.03826834323650897 -0.15755729426434212
v 0.8011574366780155 -0.0555570233019602 -0.1593601223734429
v 0.8133547600968 -0.07071067811865475 -0.16178632085036868
v 0.8282172416853255 -0.08314696123025453 -0.16474265224827886
v 0.8451737246111207 -0.09238795325112865 -0.16811550640948156
v 0.8635725807446528 -0.09807852804032303 -0.17177526644008018
v 0.8827067523629073 -0.1 -0.17558128981451585
v 0.9018409239811618 -0.09807852804032305 -0.1793873131889515
v 0.9202397801146938 -0.09238795325112867 -0.18304707321955013
v 0.9371962630404892 -0.08314696123025456 -0.18641992738075283
v 0.9520587446290146 -0.07071067811865477 -0.18937625877866304
v 0.9642560680477991 -0.05555702330196022 -0.19180245725558878
v 0.9733194969981961 -0.038268343236509045 -0.1936052853646896
v 0.9789007289884716 -0.019509032201612875 -0.19471546143277038
v 0.9951847266721969 0.0 -0.0980171403295605
v 0.9932725071251975 0.019509032201612826 -0.09782880314284953
v 0.9876093340090055 0.03826834323650898 -0.09727102927518122
v 0.9784128398905318 0.05555702330196022 -0.09636525366348685
v 0.9660364408812964 0.07071067811865477 -0.09514628475655902
v 0.9509557550544594 0.08314696123025453 -0.09366096684588536
v 0.9337503247090002 0.09238795325112868 -0.09196637986579714
v 0.9150813448841784 0.09807852804032305 -0.09012764584360386
v 0.8956662540049772 0.1 -0.08821542629660446
v 0.8762511631257761 0.09807852804032305 -0.08630320674960507
v 0.8575821833009543 0.09238795325112868 -0.08446447272741177
v 0.8403767529554951 0.08314696123025454 -0.08276988574732357
v 0.8252960671286581 0.07071067811865477 -0.08128456783664989
v 0.8129196681194226 0.05555702330196022 -0.08006559892972206
v 0.8037231740009491 0.03826834323650899 -0.0791598233180277
v 0.798060000884757 0.01950903220161286 -0.07860204945035938
v 0.7961477813377575 1.2246467991473533e-17 -0.0784137122636484
v 0.798060000884757 -0.019509032201612837 -0.07860204945035938
v 0.8037231740009491 -0.03826834323650897 -0.0791598233180277
v 0.8129196681194226 -0.0555570233019602 -0.08006559892972206
v 0.8252960671286581 -0.07071067811865475 -0.08128456783664989
v 0.8403767529554951 -0.08314696123025453 -0.08276988574732357
v 0.8575821833009541 -0.09238795325112865 -0.08446447272741175
v 0.8762511631257761 -0.09807852804032303 -0.08630320674960507
v 0.8956662540049772 -0.1 -0.08821542629660446
v 0.9150813448841784 -0.09807852804032305 -0.09012764584360386
v 0.9337503247090002 -0.09238795325112867 -0.09196637986579714
v 0.9509557550544594 -0.08314696123025456 -0.09366096684588536
v 0.9660364408812964 -0.07071067811865477 -0.09514628475655902
v 0.9784128398905318 -0.05555702330196022 -0.09636525366348685
v 0.9876093340090055 -0.038268343236509045 -0.09727102927518122
v 0.9932725071251975 -0.019509032201612875 -0.09782880314284953
v 0.9 0.4 0.0
v 0.8923141121612922 0.4780361288064513 0.0
v 0.8695518130045148 0.553073372946036 0.0
v 0.8325878449210181 0.6222280932078409 0.0
v 0.7828427124746191 0.682842712474619 0.0
v 0.7222280932078409 0.7325878449210181 0.0
v 0.653073372946036 0.7695518130045147 0.0
v 0.5780361288064513 0.7923141121612922 0.0
v 0.5 0.8 0.0
v 0.4219638711935487 0.7923141121612922 0.0
v 0.3469266270539641 0.7695518130045147 0.0
v 0.27777190679215924 0.7325878449210181 0.0
v 0.217157287525381 0.682842712474619 0.0
v 0.16741215507898183 0.6222280932078409 0.0
v 0.13044818699548527 0.553073372946036 0.0
v 0.1076858878387078 0.47803612880645147 0.0
v 0.09999999999999998 0.4000000000000001 0.0
v 0.1076858878387078 0.3219638711935487 0.0
v 0.13044818699548522 0.24692662705396415 0.0
v 0.16741215507898177 0.17777190679215923 0.0
v 0.21715728752538094 0.11715728752538102 0.0
v 0.27777190679215913 0.0674121550789819 0.0
v 0.3469266270539638 0.030448186995485405 0.0
v 0.4219638711935485 0.007685887838707883 0.0
v 0.49999999999999994 0.0 0.0
v 0.5780361288064513 0.007685887838707828 0.0
v 0.6530733729460361 0.03044818699548535 0.0
v 0.7222280932078408 0.0674121550789818 0.0
v 0.7828427124746189 0.11715728752538096 0.0
v 0.8325878449210181 0.17777190679215915 0.0
v 0.8695518130045146 0.24692662705396384 0.0
v 0.8923141121612921 0.3219638711935485 0.0
v 0.8956662540049772 0.4 0.08821542629660455
v 0.8880173758169796 0.4780361288064513 0.08746207754976065
v 0.8653646833522114 0.553073372946036 0.08523098207908737
v 0.8285787068783169 0.6222280932078409 0.08160787963230988
v 0.7790731108413751 0.682842712474619 0.0767320040045986
v 0.7187503675340271 0.7325878449210181 0.07079073236190392
v 0.6499286461521905 0.7695518130045147 0.06401238444155108
v 0.5752527268529031 0.7923141121612922 0.0566574483527779
v 0.49759236333609846 0.8 0.0490085701647803
v 0.4199319998192939 0.7923141121612922 0.0413596919767827
v 0.34525608052000645 0.7695518130045147 0.03400475588800954
v 0.27643435913816994 0.7325878449210181 0.0272264079676567
v 0.21611161583082197 0.682842712474619 0.02128513632496201
v 0.16660601979387998 0.6222280932078409 0.016409260697250724
v 0.12982004331998565 0.553073372946036 0.012786158250473242
v 0.10716735085521728 0.47803612880645147 0.010555062779799947
v 0.09951847266721967 0.4000000000000001 0.009801714032956058
v 0.10716735085521728 0.3219638711935487 0.010555062779799947
v 0.1298200433199856 0.24692662705396415 0.012786158250473236
v 0.16660601979387993 0.17777190679215923 0.016409260697250717
v 0.21611161583082192 0.11715728752538102 0.021285136324962005
v 0.2764343591381698 0.0674121550789819 0.02722640796765669
v 0.34525608052000617 0.030448186995485405 0.03400475588800951
v 0.4199319998192937 0.007685887838707883 0.04135969197678268
v 0.4975923633360984 0.0 0.049008570164780295
v 0.5752527268529031 0.007685887838707828 0.0566574483527779
v 0.6499286461521906 0.03044818699548535 0.06401238444155108
v 0.718750367534027 0.0674121550789818 0.0707907323619039
v 0.7790731108413749 0.11715728752538096 0.07673200400459858
v 0.8285787068783169 0.17777190679215915 0.08160787963230988
v 0.8653646833522112 0.24692662705396384 0.08523098207908734
v 0.8880173758169795 0.3219638711935485 0.08746207754976065
v 0.8827067523629074 0.4 0.17558128981451543
v 0.8751685467038726 0.4780361288064513 0.17408184748108207
v 0.8528436187427704 0.553073372946036 0.16964114320875892
v 0.816589902941182 0.6222280932078409 0.16242983077235568
v 0.7678006092660448 0.682842712474619 0.15272503686465275
v 0.7083506829119427 0.7325878449210181 0.14089971127301196
v 0.6405247512087614 0.7695518130045147 0.12740829462820116
v 0.5669293266746331 0.7923141121612922 0.11276925450580677
v 0.4903926402016152 0.8 0.09754516100806412
v 0.4138559537285973 0.7923141121612922 0.08232106751032148
v 0.34026052919446914 0.7695518130045147 0.06768202738792709
v 0.2724345974912879 0.7325878449210181 0.054190610743116305
v 0.21298467113718572 0.682842712474619 0.04236528515147553
v 0.1641953774620483 0.6222280932078409 0.032660491243772564
v 0.12794166166046006 0.553073372946036 0.025449178807369334
v 0.10561673369935785 0.47803612880645147 0.021008474535046173
v 0.09807852804032302 0.4000000000000001 0.01950903220161282
v 0.10561673369935785 0.3219638711935487 0.021008474535046173
v 0.12794166166046 0.24692662705396415 0.025449178807369324
v 0.16419537746204824 0.17777190679215923 0.03266049124377256
v 0.21298467113718567 0.11715728752538102 0.042365285151475515
v 0.2724345974912878 0.0674121550789819 0.054190610743116284
v 0.34026052919446886 0.030448186995485405 0.06768202738792703
v 0.41385595372859707 0.007685887838707883 0.08232106751032144
v 0.49039264020161516 0.0 0.09754516100806411
v 0.5669293266746331 0.007685887838707828 0.11276925450580677
v 0.6405247512087615 0.03044818699548535 0.1274082946282012
v 0.7083506829119426 0.0674121550789818 0.14089971127301193
v 0.7678006092660445 0.11715728752538096 0.1527250368646527
v 0.816589902941182 0.17777190679215915 0.16242983077235568
v 0.8528436187427703 0.24692662705396384 0.1696411432087589
v 0.8751685467038725 0.3219638711935485 0.17408184748108205
v 0.861246302158988 0.4 0.2612562095290161
v 0.8538913660702148 0.4780361288064513 0.25902511405834283
v 0.8321092038730913 0.553073372946036 0.25241756739404814
v 0.7967368918452753 0.6222280932078409 0.24168749384888608
v 0.7491337681009751 0.682842712474619 0.22724724413170266
v 0.6911291939895442 0.7325878449210181 0.20965174894094382
v 0.6249522527647456 0.7695518130045147 0.18957719328912315
v 0.5531460871653918 0.7923141121612922 0.16779503109199953
v 0.4784701678661044 0.8 0.14514233862723117
v 0.40379424856681706 0.7923141121612922 0.1224896461624628
v 0.3319880829674632 0.7695518130045147 0.10070748396533918
v 0.2658111417426647 0.7325878449210181 0.08063292831351854
v 0.2078065676312339 0.682842712474619 0.0630374331227597
v 0.16020344388693347 0.6222280932078409 0.048597183405576234
v 0.12483113185911764 0.553073372946036 0.037867109860414194
v 0.10304896966199403 0.47803612880645147 0.03125956319611953
v 0.09569403357322086 0.4000000000000001 0.029028467725446226
v 0.10304896966199403 0.3219638711935487 0.03125956319611953
v 0.12483113185911758 0.24692662705396415 0.03786710986041417
v 0.16020344388693342 0.17777190679215923 0.04859718340557622
v 0.20780656763123384 0.11715728752538102 0.06303743312275968
v 0.26581114174266457 0.0674121550789819 0.08063292831351851
v 0.33198808296746296 0.030448186995485405 0.1007074839653391
v 0.40379424856681684 0.007685887838707883 0.12248964616246275
v 0.47847016786610436 0.0 0.14514233862723114
v 0.5531460871653918 0.007685887838707828 0.16779503109199953
v 0.6249522527647458 0.03044818699548535 0.1895771932891232
v 0.6911291939895442 0.0674121550789818 0.2096517489409438
v 0.7491337681009749 0.11715728752538096 0.2272472441317026
v 0.7967368918452753 0.17777190679215915 0.24168749384888608
v 0.8321092038730911 0.24692662705396384 0.2524175673940481
v 0.8538913660702147 0.3219638711935485 0.2590251140583428
v 0.831491579260158 0.4 0.3444150891285808
v 0.8243907447967985 0.4780361288064513 0.341473827189691
v 0.803361122492953 0.553073372946036 0.3327630724198544
v 0.76921086894021 0.6222280932078409 0.3186175742398283
v 0.7232523592309188 0.682842712474619 0.29958093621178433
v 0.667251753119378 0.7325878449210181 0.2763847256592705
v 0.6033611224929529 0.7695518130045147 0.2499203599452354
v 0.5340357484563382 0.7923141121612922 0.22120484980268193
v 0.46193976625564337 0.8 0.1913417161825449
v 0.3898437840549486 0.7923141121612922 0.16147858256240785
v 0.32051841001833387 0.7695518130045147 0.13276307241985438
v 0.2566277793919088 0.7325878449210181 0.1062987067058193
v 0.20062717328036808 0.682842712474619 0.08310249615330549
v 0.15466866357107678 0.6222280932078409 0.06406585812526146
v 0.12051841001833384 0.553073372946036 0.049920359945235374
v 0.09948878771448823 0.47803612880645147 0.04120960517539878
v 0.09238795325112865 0.4000000000000001 0.03826834323650897
v 0.09948878771448823 0.3219638711935487 0.04120960517539878
v 0.1205184100183338 0.24692662705396415 0.04992035994523535
v 0.15466866357107673 0.17777190679215923 0.06406585812526144
v 0.20062717328036803 0.11715728752538102 0.08310249615330548
v 0.2566277793919087 0.0674121550789819 0.10629870670581926
v 0.32051841001833364 0.030448186995485405 0.1327630724198543
v 0.3898437840549484 0.007685887838707883 0.16147858256240777
v 0.4619397662556433 0.0 0.19134171618254486
v 0.5340357484563382 0.007685887838707828 0.22120484980268193
v 0.603361122492953 0.03044818699548535 0.24992035994523545
v 0.6672517531193779 0.0674121550789818 0.27638472565927047
v 0.7232523592309186 0.11715728752538096 0.2995809362117842
v 0.76921086894021 0.17777190679215915 0.3186175742398283
v 0.8033611224929528 0.24692662705396384 0.33276307241985437
v 0.8243907447967984 0.3219638711935485 0.34147382718969094
v 0.7937291379135195 0.4 0.4242570631433979
v 0.7869507899931667 0.4780361288064513 0.4206339606966204
v 0.7668762343413461 0.553073372946036 0.40990388715145837
v 0.7342769248738165 0.6222280932078409 0.3924791932167577
v 0.6904056347715118 0.682842712474619 0.3690295001085482
v 0.6369483131097606 0.7325878449210181 0.3404559663822387
v 0.5759592947808129 0.7695518130045147 0.30785665691470915
v 0.5097823535560141 0.7923141121612922 0.27248434488689316
v 0.4409606321741775 0.8 0.23569836841299882
v 0.3721389107923409 0.7923141121612922 0.19891239193910445
v 0.30596196956754224 0.7695518130045147 0.16354007991128855
v 0.2449729512385945 0.7325878449210181 0.13094077044375904
v 0.1915156295768433 0.682842712474619 0.10236723671744953
v 0.14764433947453853 0.6222280932078409 0.0789175436092399
v 0.11504503000700901 0.553073372946036 0.0614928496745393
v 0.09497047435518834 0.47803612880645147 0.05076277612937724
v 0.08819212643483548 0.4000000000000001 0.047139673682599754
v 0.09497047435518834 0.3219638711935487 0.05076277612937724
v 0.11504503000700897 0.24692662705396415 0.061492849674539274
v 0.1476443394745385 0.17777190679215923 0.07891754360923987
v 0.19151562957684323 0.11715728752538102 0.1023672367174495
v 0.24497295123859442 0.0674121550789819 0.13094077044375899
v 0.305961969567542 0.030448186995485405 0.1635400799112884
v 0.37213891079234074 0.007685887838707883 0.19891239193910434
v 0.44096063217417747 0.0 0.2356983684129988
v 0.5097823535560141 0.007685887838707828 0.27248434488689316
v 0.575959294780813 0.03044818699548535 0.30785665691470915
v 0.6369483131097605 0.0674121550789818 0.34045596638223863
v 0.6904056347715116 0.11715728752538096 0.36902950010854807
v 0.7342769248738165 0.17777190679215915 0.3924791932167577
v 0.7668762343413459 0.24692662705396384 0.40990388715145826
v 0.7869507899931666 0.3219638711935485 0.42063396069662035
v 0.7483226510722907 0.4 0.500013209717642
v 0.7419320688908395 0.4780361288064513 0.4957431592201285
v 0.7230059088358393 0.553073372946036 0.48309710337353584
v 0.6922714926242906 0.6222280932078409 0.4625610230120584
v 0.6509099266351445 0.682842712474619 0.43492410818722155
v 0.60051071265353 0.7325878449210181 0.4012484300367831
v 0.543010664208556 0.7695518130045147 0.36282812598652675
v 0.48061947591556414 0.7923141121612922 0.3211396667747489
v 0.4157348061512726 0.8 0.2777851165098011
v 0.3508501363869811 0.7923141121612922 0.23443056624485326
v 0.28845894809398925 0.7695518130045147 0.19274210703307545
v 0.23095889964901536 0.7325878449210181 0.15432180298281914
v 0.18055968566740088 0.682842712474619 0.12064612483238067
v 0.1391981196782546 0.6222280932078409 0.09300921000754371
v 0.10846370346670606 0.553073372946036 0.07247312964606639
v 0.08953754341170575 0.47803612880645147 0.05982707379947364
v 0.0831469612302545 0.4000000000000001 0.055557023301960204
v 0.08953754341170575 0.3219638711935487 0.05982707379947364
v 0.10846370346670602 0.24692662705396415 0.07247312964606636
v 0.13919811967825454 0.17777190679215923 0.09300921000754368
v 0.18055968566740083 0.11715728752538102 0.12064612483238063
v 0.23095889964901528 0.0674121550789819 0.15432180298281906
v 0.288458948093989 0.030448186995485405 0.1927421070330753
v 0.3508501363869809 0.007685887838707883 0.23443056624485314
v 0.41573480615127256 0.0 0.27778511650980103
v 0.48061947591556414 0.007685887838707828 0.3211396667747489
v 0.5430106642085561 0.03044818699548535 0.3628281259865268
v 0.6005107126535298 0.0674121550789818 0.40124843003678307
v 0.6509099266351442 0.11715728752538096 0.43492410818722144
v 0.6922714926242906 0.17777190679215915 0.4625610230120584
v 0.723005908835839 0.24692662705396384 0.4830971033735357
v 0.7419320688908394 0.3219638711935485 0.49574315922012846
v 0.6957094080264633 0.4 0.5709539557472809
v 0.6897681363837687 0.4780361288064513 0.5660780801195697
v 0.6721726411930099 0.553073372946036 0.5516378304023862
v 0.6435991074667003 0.6222280932078409 0.5281881372941767
v 0.6051456000817201 0.682842712474619 0.49663015935035004
v 0.5582898657618981 0.7325878449210181 0.4581766519653696
v 0.5048325441001471 0.7695518130045147 0.414305361863065
v 0.4468279699887163 0.7923141121612922 0.3667022381187646
v 0.3865052266813685 0.8 0.31719664208182274
v 0.32618248337402067 0.7923141121612922 0.26769104604488086
v 0.26817790926258994 0.7695518130045147 0.2200879223005805
v 0.21472058760083892 0.7325878449210181 0.17621663219827594
v 0.167864853281017 0.682842712474619 0.1377631248132955
v 0.1294113458960366 0.6222280932078409 0.1062051468694688
v 0.10083781216972716 0.553073372946036 0.08275545376125926
v 0.08324231697896836 0.47803612880645147 0.06831520404407582
v 0.07730104533627369 0.4000000000000001 0.06343932841636453
v 0.08324231697896836 0.3219638711935487 0.06831520404407582
v 0.10083781216972712 0.24692662705396415 0.08275545376125922
v 0.12941134589603653 0.17777190679215923 0.10620514686946878
v 0.16786485328101694 0.11715728752538102 0.13776312481329545
v 0.21472058760083884 0.0674121550789819 0.17621663219827585
v 0.2681779092625898 0.030448186995485405 0.22008792230058033
v 0.3261824833740205 0.007685887838707883 0.2676910460448807
v 0.38650522668136844 0.0 0.3171966420818227
v 0.4468279699887163 0.007685887838707828 0.3667022381187646
v 0.5048325441001471 0.03044818699548535 0.4143053618630651
v 0.5582898657618981 0.0674121550789818 0.45817665196536955
v 0.6051456000817199 0.11715728752538096 0.49663015935034993
v 0.6435991074667003 0.17777190679215915 0.5281881372941767
v 0.6721726411930097 0.24692662705396384 0.5516378304023861
v 0.6897681363837685 0.3219638711935485 0.5660780801195696
v 0.6363961030678928 0.4 0.6363961030678928
v 0.6309613596577033 0.4780361288064513 0.6309613596577033
v 0.6148659835685492 0.553073372946036 0.6148659835685492
v 0.5887285110771455 0.6222280932078409 0.5887285110771455
v 0.5535533905932739 0.682842712474619 0.5535533905932739
v 0.5106923822706942 0.7325878449210181 0.5106923822706942
v 0.4617926106225132 0.7695518130045147 0.4617926106225132
v 0.40873326644986235 0.7923141121612922 0.40873326644986235
v 0.3535533905932738 0.8 0.3535533905932738
v 0.2983735147366852 0.7923141121612922 0.2983735147366852
v 0.2453141705640344 0.7695518130045147 0.2453141705640344
v 0.19641439891585344 0.7325878449210181 0.19641439891585344
v 0.15355339059327378 0.682842712474619 0.15355339059327378
v 0.11837827010940197 0.6222280932078409 0.11837827010940197
v 0.09224079761799844 0.553073372946036 0.09224079761799844
v 0.07614542152884426 0.47803612880645147 0.07614542152884426
v 0.07071067811865474 0.4000000000000001 0.07071067811865474
v 0.07614542152884426 0.3219638711935487 0.07614542152884426
v 0.0922407976179984 0.24692662705396415 0.0922407976179984
v 0.11837827010940194 0.17777190679215923 0.11837827010940194
v 0.15355339059327375 0.11715728752538102 0.15355339059327375
v 0.19641439891585336 0.0674121550789819 0.19641439891585336
v 0.24531417056403418 0.030448186995485405 0.24531417056403418
v 0.29837351473668505 0.007685887838707883 0.29837351473668505
v 0.35355339059327373 0.0 0.35355339059327373
v 0.40873326644986235 0.007685887838707828 0.40873326644986235
v 0.4617926106225133 0.03044818699548535 0.4617926106225133
v 0.5106923822706941 0.0674121550789818 0.5106923822706941
v 0.5535533905932737 0.11715728752538096 0.5535533905932737
v 0.5887285110771455 0.17777190679215915 0.5887285110771455
v 0.614865983568549 0.24692662705396384 0.614865983568549
v 0.6309613596577033 0.3219638711935485 0.6309613596577033
v 0.5709539557472809 0.4 0.6957094080264632
v 0.5660780801195697 0.4780361288064513 0.6897681363837685
v 0.5516378304023862 0.553073372946036 0.6721726411930098
v 0.5281881372941767 0.6222280932078409 0.6435991074667002
v 0.49663015935035004 0.682842712474619 0.60514560008172
v 0.4581766519653696 0.7325878449210181 0.5582898657618981
v 0.414305361863065 0.7695518130045147 0.504832544100147
v 0.3667022381187646 0.7923141121612922 0.44682796998871627
v 0.31719664208182274 0.8 0.38650522668136844
v 0.26769104604488086 0.7923141121612922 0.3261824833740206
v 0.2200879223005805 0.7695518130045147 0.26817790926258994
v 0.17621663219827594 0.7325878449210181 0.2147205876008389
v 0.1377631248132955 0.682842712474619 0.16786485328101697
v 0.1062051468694688 0.6222280932078409 0.12941134589603656
v 0.08275545376125926 0.553073372946036 0.10083781216972715
v 0.06831520404407582 0.47803612880645147 0.08324231697896836
v 0.06343932841636453 0.4000000000000001 0.07730104533627367
v 0.06831520404407582 0.3219638711935487 0.08324231697896836
v 0.08275545376125922 0.24692662705396415 0.1008378121697271
v 0.10620514686946878 0.17777190679215923 0.1294113458960365
v 0.13776312481329545 0.11715728752538102 0.1678648532810169
v 0.17621663219827585 0.0674121550789819 0.2147205876008388
v 0.22008792230058033 0.030448186995485405 0.2681779092625897
v 0.2676910460448807 0.007685887838707883 0.32618248337402045
v 0.3171966420818227 0.0 0.3865052266813684
v 0.3667022381187646 0.007685887838707828 0.44682796998871627
v 0.4143053618630651 0.03044818699548535 0.5048325441001471
v 0.45817665196536955 0.0674121550789818 0.558289865761898
v 0.49663015935034993 0.11715728752538096 0.6051456000817198
v 0.5281881372941767 0.17777190679215915 0.6435991074667002
v 0.5516378304023861 0.24692662705396384 0.6721726411930096
v 0.5660780801195696 0.3219638711935485 0.6897681363837684
v 0.5000132097176421 0.4 0.7483226510722907
v 0.4957431592201286 0.4780361288064513 0.7419320688908395
v 0.4830971033735359 0.553073372946036 0.7230059088358393
v 0.46256102301205854 0.6222280932078409 0.6922714926242906
v 0.43492410818722166 0.682842712474619 0.6509099266351445
v 0.4012484300367832 0.7325878449210181 0.60051071265353
v 0.3628281259865268 0.7695518130045147 0.543010664208556
v 0.321139666774749 0.7923141121612922 0.48061947591556414
v 0.27778511650980114 0.8 0.4157348061512726
v 0.2344305662448533 0.7923141121612922 0.3508501363869811
v 0.19274210703307548 0.7695518130045147 0.28845894809398925
v 0.15432180298281917 0.7325878449210181 0.23095889964901536
v 0.12064612483238069 0.682842712474619 0.18055968566740088
v 0.09300921000754372 0.6222280932078409 0.1391981196782546
v 0.0724731296460664 0.553073372946036 0.10846370346670606
v 0.05982707379947365 0.47803612880645147 0.08953754341170575
v 0.05555702330196022 0.4000000000000001 0.0831469612302545
v 0.05982707379947365 0.3219638711935487 0.08953754341170575
v 0.07247312964606638 0.24692662705396415 0.10846370346670602
v 0.0930092100075437 0.17777190679215923 0.13919811967825454
v 0.12064612483238066 0.11715728752538102 0.18055968566740083
v 0.15432180298281908 0.0674121550789819 0.23095889964901528
v 0.19274210703307534 0.030448186995485405 0.288458948093989
v 0.2344305662448532 0.007685887838707883 0.3508501363869809
v 0.2777851165098011 0.0 0.41573480615127256
v 0.321139666774749 0.007685887838707828 0.48061947591556414
v 0.36282812598652686 0.03044818699548535 0.5430106642085561
v 0.4012484300367831 0.0674121550789818 0.6005107126535298
v 0.43492410818722155 0.11715728752538096 0.6509099266351442
v 0.46256102301205854 0.17777190679215915 0.6922714926242906
v 0.4830971033735358 0.24692662705396384 0.723005908835839
v 0.49574315922012857 0.3219638711935485 0.7419320688908394
v 0.42425706314339806 0.4 0.7937291379135195
v 0.42063396069662057 0.4780361288064513 0.7869507899931666
v 0.40990388715145853 0.553073372946036 0.766876234341346
v 0.39247919321675784 0.6222280932078409 0.7342769248738164
v 0.3690295001085483 0.682842712474619 0.6904056347715117
v 0.3404559663822388 0.7325878449210181 0.6369483131097605
v 0.3078566569147092 0.7695518130045147 0.5759592947808128
v 0.27248434488689327 0.7923141121612922 0.5097823535560141
v 0.2356983684129989 0.8 0.44096063217417747
v 0.19891239193910454 0.7923141121612922 0.3721389107923409
v 0.1635400799112886 0.7695518130045147 0.30596196956754224
v 0.13094077044375907 0.7325878449210181 0.24497295123859447
v 0.10236723671744956 0.682842712474619 0.19151562957684326
v 0.07891754360923993 0.6222280932078409 0.14764433947453853
v 0.06149284967453932 0.553073372946036 0.115045030007009
v 0.05076277612937726 0.47803612880645147 0.09497047435518832
v 0.04713967368259977 0.4000000000000001 0.08819212643483547
v 0.05076277612937726 0.3219638711935487 0.09497047435518832
v 0.061492849674539295 0.24692662705396415 0.11504503000700896
v 0.0789175436092399 0.17777190679215923 0.14764433947453848
v 0.10236723671744953 0.11715728752538102 0.1915156295768432
v 0.13094077044375904 0.0674121550789819 0.2449729512385944
v 0.16354007991128847 0.030448186995485405 0.30596196956754196
v 0.19891239193910443 0.007685887838707883 0.3721389107923407
v 0.23569836841299888 0.0 0.4409606321741774
v 0.27248434488689327 0.007685887838707828 0.5097823535560141
v 0.30785665691470926 0.03044818699548535 0.5759592947808129
v 0.34045596638223874 0.0674121550789818 0.6369483131097604
v 0.3690295001085482 0.11715728752538096 0.6904056347715116
v 0.39247919321675784 0.17777190679215915 0.7342769248738164
v 0.4099038871514584 0.24692662705396384 0.7668762343413458
v 0.4206339606966205 0.3219638711935485 0.7869507899931665
v 0.3444150891285809 0.4 0.831491579260158
v 0.34147382718969105 0.4780361288064513 0.8243907447967985
v 0.3327630724198545 0.553073372946036 0.803361122492953
v 0.31861757423982834 0.6222280932078409 0.76921086894021
v 0.2995809362117844 0.682842712474619 0.7232523592309188
v 0.2763847256592706 0.7325878449210181 0.667251753119378
v 0.24992035994523545 0.7695518130045147 0.6033611224929529
v 0.22120484980268196 0.7923141121612922 0.5340357484563382
v 0.19134171618254492 0.8 0.46193976625564337
v 0.16147858256240788 0.7923141121612922 0.3898437840549486
v 0.1327630724198544 0.7695518130045147 0.32051841001833387
v 0.10629870670581931 0.7325878449210181 0.2566277793919088
v 0.0831024961533055 0.682842712474619 0.20062717328036808
v 0.06406585812526147 0.6222280932078409 0.15466866357107678
v 0.04992035994523538 0.553073372946036 0.12051841001833384
v 0.04120960517539879 0.47803612880645147 0.09948878771448823
v 0.038268343236508975 0.4000000000000001 0.09238795325112865
v 0.04120960517539879 0.3219638711935487 0.09948878771448823
v 0.04992035994523536 0.24692662705396415 0.1205184100183338
v 0.06406585812526146 0.17777190679215923 0.15466866357107673
v 0.08310249615330548 0.11715728752538102 0.20062717328036803
v 0.10629870670581927 0.0674121550789819 0.2566277793919087
v 0.1327630724198543 0.030448186995485405 0.32051841001833364
v 0.1614785825624078 0.007685887838707883 0.3898437840549484
v 0.1913417161825449 0.0 0.4619397662556433
v 0.22120484980268196 0.007685887838707828 0.5340357484563382
v 0.24992035994523548 0.03044818699548535 0.603361122492953
v 0.2763847256592705 0.0674121550789818 0.6672517531193779
v 0.2995809362117843 0.11715728752538096 0.7232523592309186
v 0.31861757423982834 0.17777190679215915 0.76921086894021
v 0.33276307241985437 0.24692662705396384 0.8033611224929528
v 0.341473827189691 0.3219638711935485 0.8243907447967984
v 0.2612562095290161 0.4 0.861246302158988
v 0.25902511405834283 0.4780361288064513 0.8538913660702149
v 0.25241756739404814 0.553073372946036 0.8321092038730914
v 0.24168749384888608 0.6222280932078409 0.7967368918452754
v 0.22724724413170266 0.682842712474619 0.7491337681009751
v 0.20965174894094382 0.7325878449210181 0.6911291939895443
v 0.18957719328912315 0.7695518130045147 0.6249522527647458
v 0.16779503109199953 0.7923141121612922 0.5531460871653918
v 0.14514233862723117 0.8 0.47847016786610447
v 0.1224896461624628 0.7923141121612922 0.40379424856681706
v 0.10070748396533918 0.7695518130045147 0.33198808296746324
v 0.08063292831351854 0.7325878449210181 0.26581114174266474
v 0.0630374331227597 0.682842712474619 0.20780656763123392
v 0.048597183405576234 0.6222280932078409 0.1602034438869335
v 0.037867109860414194 0.553073372946036 0.12483113185911765
v 0.03125956319611953 0.47803612880645147 0.10304896966199405
v 0.029028467725446226 0.4000000000000001 0.09569403357322087
v 0.03125956319611953 0.3219638711935487 0.10304896966199405
v 0.03786710986041417 0.24692662705396415 0.1248311318591176
v 0.04859718340557622 0.17777190679215923 0.16020344388693344
v 0.06303743312275968 0.11715728752538102 0.20780656763123387
v 0.08063292831351851 0.0674121550789819 0.2658111417426646
v 0.1007074839653391 0.030448186995485405 0.33198808296746296
v 0.12248964616246275 0.007685887838707883 0.4037942485668169
v 0.14514233862723114 0.0 0.4784701678661044
v 0.16779503109199953 0.007685887838707828 0.5531460871653918
v 0.1895771932891232 0.03044818699548535 0.6249522527647459
v 0.2096517489409438 0.0674121550789818 0.6911291939895442
v 0.2272472441317026 0.11715728752538096 0.7491337681009749
v 0.24168749384888608 0.17777190679215915 0.7967368918452754
v 0.2524175673940481 0.24692662705396384 0.8321092038730912
v 0.2590251140583428 0.3219638711935485 0.8538913660702148
v 0.1755812898145155 0.4 0.8827067523629074
v 0.17408184748108216 0.4780361288064513 0.8751685467038726
v 0.169641143208759 0.553073372946036 0.8528436187427704
v 0.16242983077235573 0.6222280932078409 0.816589902941182
v 0.1527250368646528 0.682842712474619 0.7678006092660448
v 0.140899711273012 0.7325878449210181 0.7083506829119427
v 0.12740829462820122 0.7695518130045147 0.6405247512087614
v 0.11276925450580681 0.7923141121612922 0.5669293266746331
v 0.09754516100806417 0.8 0.4903926402016152
v 0.08232106751032152 0.7923141121612922 0.4138559537285973
v 0.06768202738792711 0.7695518130045147 0.34026052919446914
v 0.05419061074311633 0.7325878449210181 0.2724345974912879
v 0.04236528515147554 0.682842712474619 0.21298467113718572
v 0.03266049124377258 0.6222280932078409 0.1641953774620483
v 0.025449178807369344 0.553073372946036 0.12794166166046006
v 0.021008474535046184 0.47803612880645147 0.10561673369935785
v 0.01950903220161283 0.4000000000000001 0.09807852804032302
v 0.021008474535046184 0.3219638711935487 0.10561673369935785
v 0.025449178807369334 0.24692662705396415 0.12794166166046
v 0.03266049124377257 0.17777190679215923 0.16419537746204824
v 0.042365285151475536 0.11715728752538102 0.21298467113718567
v 0.05419061074311631 0.0674121550789819 0.2724345974912878
v 0.06768202738792706 0.030448186995485405 0.34026052919446886
v 0.08232106751032148 0.007685887838707883 0.41385595372859707
v 0.09754516100806415 0.0 0.49039264020161516
v 0.11276925450580681 0.007685887838707828 0.5669293266746331
v 0.12740829462820125 0.03044818699548535 0.6405247512087615
v 0.140899711273012 0.0674121550789818 0.7083506829119426
v 0.15272503686465277 0.11715728752538096 0.7678006092660445
v 0.16242983077235573 0.17777190679215915 0.816589902941182
v 0.16964114320875895 0.24692662705396384 0.8528436187427703
v 0.17408184748108213 0.3219638711935485 0.8751685467038725
v 0.0882154262966047 0.4 0.8956662540049771
v 0.0874620775497608 0.4780361288064513 0.8880173758169796
v 0.08523098207908751 0.553073372946036 0.8653646833522113
v 0.08160787963231002 0.6222280932078409 0.8285787068783168
v 0.07673200400459873 0.682842712474619 0.779073110841375
v 0.07079073236190403 0.7325878449210181 0.718750367534027
v 0.06401238444155118 0.7695518130045147 0.6499286461521905
v 0.056657448352778 0.7923141121612922 0.575252726852903
v 0.049008570164780385 0.8 0.4975923633360984
v 0.04135969197678277 0.7923141121612922 0.41993199981929386
v 0.034004755888009594 0.7695518130045147 0.34525608052000645
v 0.027226407967656747 0.7325878449210181 0.27643435913816994
v 0.021285136324962046 0.682842712474619 0.21611161583082195
v 0.016409260697250752 0.6222280932078409 0.16660601979387996
v 0.012786158250473264 0.553073372946036 0.12982004331998562
v 0.010555062779799965 0.47803612880645147 0.10716735085521727
v 0.009801714032956075 0.4000000000000001 0.09951847266721967
v 0.010555062779799965 0.3219638711935487 0.10716735085521727
v 0.012786158250473259 0.24692662705396415 0.12982004331998556
v 0.016409260697250745 0.17777190679215923 0.1666060197938799
v 0.02128513632496204 0.11715728752538102 0.2161116158308219
v 0.027226407967656737 0.0674121550789819 0.2764343591381698
v 0.034004755888009566 0.030448186995485405 0.34525608052000617
v 0.04135969197678275 0.007685887838707883 0.41993199981929363
v 0.04900857016478038 0.0 0.49759236333609835
v 0.056657448352778 0.007685887838707828 0.575252726852903
v 0.06401238444155119 0.03044818699548535 0.6499286461521906
v 0.07079073236190403 0.0674121550789818 0.7187503675340269
v 0.07673200400459872 0.11715728752538096 0.7790731108413748
v 0.08160787963231002 0.17777190679215915 0.8285787068783168
v 0.08523098207908748 0.24692662705396384 0.8653646833522111
v 0.08746207754976079 0.3219638711935485 0.8880173758169795
v 5.5109105961630896e-17 0.4 0.9
v 5.463848106461694e-17 0.4780361288064513 0.8923141121612922
v 5.324469222443784e-17 0.553073372946036 0.8695518130045148
v 5.098130196457589e-17 0.6222280932078409 0.8325878449210181
v 4.79352911033937e-17 0.682842712474619 0.7828427124746191
v 4.4223716130063927e-17 0.7325878449210181 0.7222280932078409
v 3.998921078933643e-17 0.7695518130045147 0.653073372946036
v 3.539450474671739e-17 0.7923141121612922 0.5780361288064513
v 3.061616997868383e-17 0.8 0.5
v 2.5837835210650273e-17 0.7923141121612922 0.4219638711935487
v 2.1243129168031234e-17 0.7695518130045147 0.3469266270539641
v 1.7008623827303737e-17 0.7325878449210181 0.27777190679215924
v 1.3297048853973964e-17 0.682842712474619 0.217157287525381
v 1.025103799279177e-17 0.6222280932078409 0.16741215507898183
v 7.987647732929822e-18 0.553073372946036 0.13044818699548527
v 6.59385889275072e-18 0.47803612880645147 0.1076858878387078
v 6.123233995736765e-18 0.4000000000000001 0.09999999999999998
v 6.59385889275072e-18 0.3219638711935487 0.1076858878387078
v 7.987647732929817e-18 0.24692662705396415 0.13044818699548522
v 1.0251037992791767e-17 0.17777190679215923 0.16741215507898177
v 1.3297048853973961e-17 0.11715728752538102 0.21715728752538094
v 1.700862382730373e-17 0.0674121550789819 0.27777190679215913
v 2.1243129168031216e-17 0.030448186995485405 0.3469266270539638
v 2.583783521065026e-17 0.007685887838707883 0.4219638711935485
v 3.0616169978683824e-17 0.0 0.49999999999999994
v 3.539450474671739e-17 0.007685887838707828 0.5780361288064513
v 3.998921078933644e-17 0.03044818699548535 0.6530733729460361
v 4.422371613006392e-17 0.0674121550789818 0.7222280932078408
v 4.793529110339369e-17 0.11715728752538096 0.7828427124746189
v 5.098130196457589e-17 0.17777190679215915 0.8325878449210181
v 5.324469222443783e-17 0.24692662705396384 0.8695518130045146
v 5.463848106461693e-17 0.3219638711935485 0.8923141121612921
v -0.08821542629660459 0.4 0.8956662540049772
v -0.0874620775497607 0.4780361288064513 0.8880173758169796
v -0.0852309820790874 0.553073372946036 0.8653646833522114
v -0.08160787963230991 0.6222280932078409 0.8285787068783169
v -0.07673200400459863 0.682842712474619 0.7790731108413751
v -0.07079073236190395 0.7325878449210181 0.7187503675340271
v -0.0640123844415511 0.7695518130045147 0.6499286461521905
v -0.056657448352777924 0.7923141121612922 0.5752527268529031
v -0.04900857016478032 0.8 0.49759236333609846
v -0.04135969197678272 0.7923141121612922 0.4199319998192939
v -0.03400475588800955 0.7695518130045147 0.34525608052000645
v -0.027226407967656713 0.7325878449210181 0.27643435913816994
v -0.02128513632496202 0.682842712474619 0.21611161583082197
v -0.01640926069725073 0.6222280932078409 0.16660601979387998
v -0.012786158250473249 0.553073372946036 0.12982004331998565
v -0.01055506277979995 0.47803612880645147 0.10716735085521728
v -0.009801714032956063 0.4000000000000001 0.09951847266721967
v -0.01055506277979995 0.3219638711935487 0.10716735085521728
v -0.012786158250473242 0.24692662705396415 0.1298200433199856
v -0.016409260697250724 0.17777190679215923 0.16660601979387993
v -0.021285136324962012 0.11715728752538102 0.21611161583082192
v -0.027226407967656702 0.0674121550789819 0.2764343591381698
v -0.034004755888009525 0.030448186995485405 0.34525608052000617
v -0.04135969197678269 0.007685887838707883 0.4199319998192937
v -0.049008570164780316 0.0 0.4975923633360984
v -0.056657448352777924 0.007685887838707828 0.5752527268529031
v -0.0640123844415511 0.03044818699548535 0.6499286461521906
v -0.07079073236190393 0.0674121550789818 0.718750367534027
v -0.07673200400459862 0.11715728752538096 0.7790731108413749
v -0.08160787963230991 0.17777190679215915 0.8285787068783169
v -0.08523098207908739 0.24692662705396384 0.8653646833522112
v -0.08746207754976068 0.3219638711935485 0.8880173758169795
v -0.17558128981451537 0.4 0.8827067523629074
v -0.17408184748108202 0.4780361288064513 0.8751685467038726
v -0.16964114320875887 0.553073372946036 0.8528436187427704
v -0.16242983077235562 0.6222280932078409 0.816589902941182
v -0.1527250368646527 0.682842712474619 0.7678006092660448
v -0.14089971127301193 0.7325878449210181 0.7083506829119427
v -0.12740829462820114 0.7695518130045147 0.6405247512087614
v -0.11276925450580673 0.7923141121612922 0.5669293266746331
v -0.0975451610080641 0.8 0.4903926402016152
v -0.08232106751032146 0.7923141121612922 0.4138559537285973
v -0.06768202738792707 0.7695518130045147 0.34026052919446914
v -0.05419061074311629 0.7325878449210181 0.2724345974912879
v -0.042365285151475515 0.682842712474619 0.21298467113718572
v -0.03266049124377256 0.6222280932078409 0.1641953774620483
v -0.025449178807369327 0.553073372946036 0.12794166166046006
v -0.02100847453504617 0.47803612880645147 0.10561673369935785
v -0.019509032201612816 0.4000000000000001 0.09807852804032302
v -0.02100847453504617 0.3219638711935487 0.10561673369935785
v -0.025449178807369317 0.24692662705396415 0.12794166166046
v -0.032660491243772544 0.17777190679215923 0.16419537746204824
v -0.04236528515147551 0.11715728752538102 0.21298467113718567
v -0.05419061074311627 0.0674121550789819 0.2724345974912878
v -0.06768202738792702 0.030448186995485405 0.34026052919446886
v -0.08232106751032142 0.007685887838707883 0.41385595372859707
v -0.09754516100806408 0.0 0.49039264020161516
v -0.11276925450580673 0.007685887838707828 0.5669293266746331
v -0.12740829462820116 0.03044818699548535 0.6405247512087615
v -0.1408997112730119 0.0674121550789818 0.7083506829119426
v -0.15272503686465266 0.11715728752538096 0.7678006092660445
v -0.16242983077235562 0.17777190679215915 0.816589902941182
v -0.16964114320875884 0.24692662705396384 0.8528436187427703
v -0.174081847481082 0.3219638711935485 0.8751685467038725
v -0.26125620952901596 0.4 0.861246302158988
v -0.25902511405834266 0.4780361288064513 0.8538913660702149
v -0.252417567394048 0.553073372946036 0.8321092038730914
v -0.24168749384888594 0.6222280932078409 0.7967368918452754
v -0.22724724413170252 0.682842712474619 0.7491337681009751
v -0.2096517489409437 0.7325878449210181 0.6911291939895443
v -0.18957719328912306 0.7695518130045147 0.6249522527647458
v -0.16779503109199942 0.7923141121612922 0.5531460871653918
v -0.14514233862723108 0.8 0.47847016786610447
v -0.12248964616246273 0.7923141121612922 0.40379424856681706
v -0.10070748396533913 0.7695518130045147 0.33198808296746324
v -0.0806329283135185 0.7325878449210181 0.26581114174266474
v -0.06303743312275967 0.682842712474619 0.20780656763123392
v -0.04859718340557621 0.6222280932078409 0.1602034438869335
v -0.03786710986041417 0.553073372946036 0.12483113185911765
v -0.03125956319611951 0.47803612880645147 0.10304896966199405
v -0.02902846772544621 0.4000000000000001 0.09569403357322087
v -0.03125956319611951 0.3219638711935487 0.10304896966199405
v -0.03786710986041415 0.24692662705396415 0.1248311318591176
v -0.04859718340557619 0.17777190679215923 0.16020344388693344
v -0.06303743312275965 0.11715728752538102 0.20780656763123387
v -0.08063292831351845 0.0674121550789819 0.2658111417426646
v -0.10070748396533905 0.030448186995485405 0.33198808296746296
v -0.12248964616246268 0.007685887838707883 0.4037942485668169
v -0.14514233862723105 0.0 0.4784701678661044
v -0.16779503109199942 0.007685887838707828 0.5531460871653918
v -0.1895771932891231 0.03044818699548535 0.6249522527647459
v -0.20965174894094368 0.0674121550789818 0.6911291939895442
v -0.22724724413170247 0.11715728752538096 0.7491337681009749
v -0.24168749384888594 0.17777190679215915 0.7967368918452754
v -0.25241756739404797 0.24692662705396384 0.8321092038730912
v -0.2590251140583426 0.3219638711935485 0.8538913660702148
v -0.34441508912858076 0.4 0.831491579260158
v -0.34147382718969094 0.4780361288064513 0.8243907447967985
v -0.33276307241985437 0.553073372946036 0.803361122492953
v -0.3186175742398282 0.6222280932078409 0.76921086894021
v -0.2995809362117843 0.682842712474619 0.7232523592309188
v -0.27638472565927047 0.7325878449210181 0.667251753119378
v -0.24992035994523537 0.7695518130045147 0.6033611224929529
v -0.2212048498026819 0.7923141121612922 0.5340357484563382
v -0.19134171618254486 0.8 0.46193976625564337
v -0.16147858256240782 0.7923141121612922 0.3898437840549486
v -0.13276307241985438 0.7695518130045147 0.32051841001833387
v -0.10629870670581928 0.7325878449210181 0.2566277793919088
v -0.08310249615330548 0.682842712474619 0.20062717328036808
v -0.06406585812526146 0.6222280932078409 0.15466866357107678
v -0.04992035994523537 0.553073372946036 0.12051841001833384
v -0.041209605175398775 0.47803612880645147 0.09948878771448823
v -0.03826834323650896 0.4000000000000001 0.09238795325112865
v -0.041209605175398775 0.3219638711935487 0.09948878771448823
v -0.049920359945235346 0.24692662705396415 0.1205184100183338
v -0.06406585812526143 0.17777190679215923 0.15466866357107673
v -0.08310249615330546 0.11715728752538102 0.20062717328036803
v -0.10629870670581923 0.0674121550789819 0.2566277793919087
v -0.13276307241985427 0.030448186995485405 0.32051841001833364
v -0.16147858256240774 0.007685887838707883 0.3898437840549484
v -0.19134171618254484 0.0 0.4619397662556433
v -0.2212048498026819 0.007685887838707828 0.5340357484563382
v -0.2499203599452354 0.03044818699548535 0.603361122492953
v -0.27638472565927047 0.0674121550789818 0.6672517531193779
v -0.2995809362117842 0.11715728752538096 0.7232523592309186
v -0.3186175742398282 0.17777190679215915 0.76921086894021
v -0.3327630724198543 0.24692662705396384 0.8033611224929528
v -0.3414738271896909 0.3219638711935485 0.8243907447967984
v -0.42425706314339795 0.4 0.7937291379135195
v -0.42063396069662046 0.4780361288064513 0.7869507899931667
v -0.4099038871514584 0.553073372946036 0.7668762343413461
v -0.3924791932167578 0.6222280932078409 0.7342769248738165
v -0.36902950010854824 0.682842712474619 0.6904056347715118
v -0.3404559663822387 0.7325878449210181 0.6369483131097606
v -0.30785665691470915 0.7695518130045147 0.5759592947808129
v -0.2724843448868932 0.7923141121612922 0.5097823535560141
v -0.23569836841299885 0.8 0.4409606321741775
v -0.19891239193910448 0.7923141121612922 0.3721389107923409
v -0.16354007991128858 0.7695518130045147 0.30596196956754224
v -0.13094077044375904 0.7325878449210181 0.2449729512385945
v -0.10236723671744953 0.682842712474619 0.1915156295768433
v -0.07891754360923992 0.6222280932078409 0.14764433947453853
v -0.06149284967453931 0.553073372946036 0.11504503000700901
v -0.05076277612937725 0.47803612880645147 0.09497047435518834
v -0.04713967368259976 0.4000000000000001 0.08819212643483548
v -0.05076277612937725 0.3219638711935487 0.09497047435518834
v -0.06149284967453928 0.24692662705396415 0.11504503000700897
v -0.07891754360923989 0.17777190679215923 0.1476443394745385
v -0.10236723671744952 0.11715728752538102 0.19151562957684323
v -0.13094077044375899 0.0674121550789819 0.24497295123859442
v -0.16354007991128844 0.030448186995485405 0.305961969567542
v -0.19891239193910437 0.007685887838707883 0.37213891079234074
v -0.23569836841299882 0.0 0.44096063217417747
v -0.2724843448868932 0.007685887838707828 0.5097823535560141
v -0.3078566569147092 0.03044818699548535 0.575959294780813
v -0.34045596638223863 0.0674121550789818 0.6369483131097605
v -0.3690295001085481 0.11715728752538096 0.6904056347715116
v -0.3924791932167578 0.17777190679215915 0.7342769248738165
v -0.4099038871514583 0.24692662705396384 0.7668762343413459
v -0.4206339606966204 0.3219638711935485 0.7869507899931666
v -0.5000132097176417 0.4 0.7483226510722908
v -0.49574315922012835 0.4780361288064513 0.7419320688908396
v -0.4830971033735356 0.553073372946036 0.7230059088358393
v -0.46256102301205826 0.6222280932078409 0.6922714926242907
v -0.4349241081872214 0.682842712474619 0.6509099266351446
v -0.40124843003678295 0.7325878449210181 0.6005107126535301
v -0.3628281259865266 0.7695518130045147 0.5430106642085561
v -0.3211396667747488 0.7923141121612922 0.4806194759155642
v -0.277785116509801 0.8 0.4157348061512727
v -0.23443056624485317 0.7923141121612922 0.35085013638698115
v -0.19274210703307537 0.7695518130045147 0.28845894809398925
v -0.15432180298281906 0.7325878449210181 0.2309588996490154
v -0.12064612483238062 0.682842712474619 0.1805596856674009
v -0.09300921000754367 0.6222280932078409 0.13919811967825463
v -0.07247312964606636 0.553073372946036 0.10846370346670607
v -0.059827073799473614 0.47803612880645147 0.08953754341170576
v -0.05555702330196018 0.4000000000000001 0.08314696123025452
v -0.059827073799473614 0.3219638711935487 0.08953754341170576
v -0.07247312964606634 0.24692662705396415 0.10846370346670603
v -0.09300921000754364 0.17777190679215923 0.13919811967825457
v -0.12064612483238059 0.11715728752538102 0.18055968566740085
v -0.154321802982819 0.0674121550789819 0.2309588996490153
v -0.19274210703307523 0.030448186995485405 0.28845894809398903
v -0.23443056624485303 0.007685887838707883 0.350850136386981
v -0.2777851165098009 0.0 0.4157348061512726
v -0.3211396667747488 0.007685887838707828 0.4806194759155642
v -0.3628281259865267 0.03044818699548535 0.5430106642085563
v -0.4012484300367829 0.0674121550789818 0.60051071265353
v -0.43492410818722127 0.11715728752538096 0.6509099266351444
v -0.46256102301205826 0.17777190679215915 0.6922714926242907
v -0.4830971033735355 0.24692662705396384 0.7230059088358392
v -0.4957431592201283 0.3219638711935485 0.7419320688908395
v -0.5709539557472808 0.4 0.6957094080264634
v -0.5660780801195696 0.4780361288064513 0.6897681363837688
v -0.5516378304023861 0.553073372946036 0.67217264119301
v -0.5281881372941766 0.6222280932078409 0.6435991074667005
v -0.49663015935035 0.682842712474619 0.6051456000817201
v -0.45817665196536955 0.7325878449210181 0.5582898657618982
v -0.41430536186306494 0.7695518130045147 0.5048325441001471
v -0.36670223811876457 0.7923141121612922 0.4468279699887164
v -0.3171966420818227 0.8 0.38650522668136855
v -0.2676910460448808 0.7923141121612922 0.3261824833740207
v -0.22008792230058047 0.7695518130045147 0.26817790926259
v -0.1762166321982759 0.7325878449210181 0.21472058760083898
v -0.13776312481329547 0.682842712474619 0.16786485328101702
v -0.10620514686946879 0.6222280932078409 0.1294113458960366
v -0.08275545376125924 0.553073372946036 0.10083781216972718
v -0.0683152040440758 0.47803612880645147 0.08324231697896838
v -0.06343932841636453 0.4000000000000001 0.07730104533627369
v -0.0683152040440758 0.3219638711935487 0.08324231697896838
v -0.0827554537612592 0.24692662705396415 0.10083781216972713
v -0.10620514686946875 0.17777190679215923 0.12941134589603656
v -0.13776312481329545 0.11715728752538102 0.16786485328101697
v -0.17621663219827582 0.0674121550789819 0.21472058760083887
v -0.2200879223005803 0.030448186995485405 0.2681779092625898
v -0.26769104604488064 0.007685887838707883 0.3261824833740205
v -0.31719664208182263 0.0 0.3865052266813685
v -0.36670223811876457 0.007685887838707828 0.4468279699887164
v -0.414305361863065 0.03044818699548535 0.5048325441001472
v -0.4581766519653695 0.0674121550789818 0.5582898657618981
v -0.4966301593503498 0.11715728752538096 0.60514560008172
v -0.5281881372941766 0.17777190679215915 0.6435991074667005
v -0.551637830402386 0.24692662705396384 0.6721726411930098
v -0.5660780801195695 0.3219638711935485 0.6897681363837687
v -0.6363961030678927 0.4 0.6363961030678928
v -0.6309613596577032 0.4780361288064513 0.6309613596577033
v -0.614865983568549 0.553073372946036 0.6148659835685492
v -0.5887285110771455 0.6222280932078409 0.5887285110771455
v -0.5535533905932738 0.682842712474619 0.5535533905932739
v -0.5106923822706941 0.7325878449210181 0.5106923822706942
v -0.46179261062251314 0.7695518130045147 0.4617926106225132
v -0.4087332664498623 0.7923141121612922 0.40873326644986235
v -0.35355339059327373 0.8 0.3535533905932738
v -0.29837351473668516 0.7923141121612922 0.2983735147366852
v -0.24531417056403435 0.7695518130045147 0.2453141705640344
v -0.1964143989158534 0.7325878449210181 0.19641439891585344
v -0.15355339059327375 0.682842712474619 0.15355339059327378
v -0.11837827010940195 0.6222280932078409 0.11837827010940197
v -0.09224079761799843 0.553073372946036 0.09224079761799844
v -0.07614542152884425 0.47803612880645147 0.07614542152884426
v -0.07071067811865472 0.4000000000000001 0.07071067811865474
v -0.07614542152884425 0.3219638711935487 0.07614542152884426
v -0.09224079761799839 0.24692662705396415 0.0922407976179984
v -0.11837827010940191 0.17777190679215923 0.11837827010940194
v -0.15355339059327372 0.11715728752538102 0.15355339059327375
v -0.19641439891585333 0.0674121550789819 0.19641439891585336
v -0.24531417056403415 0.030448186995485405 0.24531417056403418
v -0.298373514736685 0.007685887838707883 0.29837351473668505
v -0.3535533905932737 0.0 0.35355339059327373
v -0.4087332664498623 0.007685887838707828 0.40873326644986235
v -0.46179261062251326 0.03044818699548535 0.4617926106225133
v -0.510692382270694 0.0674121550789818 0.5106923822706941
v -0.5535533905932737 0.11715728752538096 0.5535533905932737
v -0.5887285110771455 0.17777190679215915 0.5887285110771455
v -0.6148659835685489 0.24692662705396384 0.614865983568549
v -0.6309613596577032 0.3219638711935485 0.6309613596577033
v -0.6957094080264633 0.4 0.5709539557472809
v -0.6897681363837687 0.4780361288064513 0.5660780801195697
v -0.6721726411930099 0.553073372946036 0.5516378304023862
v -0.6435991074667003 0.6222280932078409 0.5281881372941767
v -0.6051456000817201 0.682842712474619 0.49663015935035004
v -0.5582898657618981 0.7325878449210181 0.4581766519653696
v -0.5048325441001471 0.7695518130045147 0.414305361863065
v -0.4468279699887163 0.7923141121612922 0.3667022381187646
v -0.3865052266813685 0.8 0.31719664208182274
v -0.32618248337402067 0.7923141121612922 0.26769104604488086
v -0.26817790926258994 0.7695518130045147 0.2200879223005805
v -0.21472058760083892 0.7325878449210181 0.17621663219827594
v -0.167864853281017 0.682842712474619 0.1377631248132955
v -0.1294113458960366 0.6222280932078409 0.1062051468694688
v -0.10083781216972716 0.553073372946036 0.08275545376125926
v -0.08324231697896836 0.47803612880645147 0.06831520404407582
v -0.07730104533627369 0.4000000000000001 0.06343932841636453
v -0.08324231697896836 0.3219638711935487 0.06831520404407582
v -0.10083781216972712 0.24692662705396415 0.08275545376125922
v -0.12941134589603653 0.17777190679215923 0.10620514686946878
v -0.16786485328101694 0.11715728752538102 0.13776312481329545
v -0.21472058760083884 0.0674121550789819 0.17621663219827585
v -0.2681779092625898 0.030448186995485405 0.22008792230058033
v -0.3261824833740205 0.007685887838707883 0.2676910460448807
v -0.38650522668136844 0.0 0.3171966420818227
v -0.4468279699887163 0.007685887838707828 0.3667022381187646
v -0.5048325441001471 0.03044818699548535 0.4143053618630651
v -0.5582898657618981 0.0674121550789818 0.45817665196536955
v -0.6051456000817199 0.11715728752538096 0.49663015935034993
v -0.6435991074667003 0.17777190679215915 0.5281881372941767
v -0.6721726411930097 0.24692662705396384 0.5516378304023861
v -0.6897681363837685 0.3219638711935485 0.5660780801195696
v -0.7483226510722908 0.4 0.500013209717642
v -0.7419320688908396 0.4780361288064513 0.4957431592201285
v -0.7230059088358393 0.553073372946036 0.48309710337353584
v -0.6922714926242907 0.6222280932078409 0.4625610230120584
v -0.6509099266351446 0.682842712474619 0.43492410818722155
v -0.6005107126535301 0.7325878449210181 0.4012484300367831
v -0.5430106642085561 0.7695518130045147 0.36282812598652675
v -0.4806194759155642 0.7923141121612922 0.3211396667747489
v -0.4157348061512727 0.8 0.2777851165098011
v -0.35085013638698115 0.7923141121612922 0.23443056624485326
v -0.28845894809398925 0.7695518130045147 0.19274210703307545
v -0.2309588996490154 0.7325878449210181 0.15432180298281914
v -0.1805596856674009 0.682842712474619 0.12064612483238067
v -0.13919811967825463 0.6222280932078409 0.09300921000754371
v -0.10846370346670607 0.553073372946036 0.07247312964606639
v -0.08953754341170576 0.47803612880645147 0.05982707379947364
v -0.08314696123025452 0.4000000000000001 0.055557023301960204
v -0.08953754341170576 0.3219638711935487 0.05982707379947364
v -0.10846370346670603 0.24692662705396415 0.07247312964606636
v -0.13919811967825457 0.17777190679215923 0.09300921000754368
v -0.18055968566740085 0.11715728752538102 0.12064612483238063
v -0.2309588996490153 0.0674121550789819 0.15432180298281906
v -0.28845894809398903 0.030448186995485405 0.1927421070330753
v -0.350850136386981 0.007685887838707883 0.23443056624485314
v -0.4157348061512726 0.0 0.27778511650980103
v -0.4806194759155642 0.007685887838707828 0.3211396667747489
v -0.5430106642085563 0.03044818699548535 0.3628281259865268
v -0.60051071265353 0.0674121550789818 0.40124843003678307
v -0.6509099266351444 0.11715728752538096 0.43492410818722144
v -0.6922714926242907 0.17777190679215915 0.4625610230120584
v -0.7230059088358392 0.24692662705396384 0.4830971033735357
v -0.7419320688908395 0.3219638711935485 0.49574315922012846
v -0.7937291379135195 0.4 0.42425706314339806
v -0.7869507899931666 0.4780361288064513 0.42063396069662057
v -0.766876234341346 0.553073372946036 0.40990388715145853
v -0.7342769248738164 0.6222280932078409 0.39247919321675784
v -0.6904056347715117 0.682842712474619 0.3690295001085483
v -0.6369483131097605 0.7325878449210181 0.3404559663822388
v -0.5759592947808128 0.7695518130045147 0.3078566569147092
v -0.5097823535560141 0.7923141121612922 0.27248434488689327
v -0.44096063217417747 0.8 0.2356983684129989
v -0.3721389107923409 0.7923141121612922 0.19891239193910454
v -0.30596196956754224 0.7695518130045147 0.1635400799112886
v -0.24497295123859447 0.7325878449210181 0.13094077044375907
v -0.19151562957684326 0.682842712474619 0.10236723671744956
v -0.14764433947453853 0.6222280932078409 0.07891754360923993
v -0.115045030007009 0.553073372946036 0.06149284967453932
v -0.09497047435518832 0.47803612880645147 0.05076277612937726
v -0.08819212643483547 0.4000000000000001 0.04713967368259977
v -0.09497047435518832 0.3219638711935487 0.05076277612937726
v -0.11504503000700896 0.24692662705396415 0.061492849674539295
v -0.14764433947453848 0.17777190679215923 0.0789175436092399
v -0.1915156295768432 0.11715728752538102 0.10236723671744953
v -0.2449729512385944 0.0674121550789819 0.13094077044375904
v -0.30596196956754196 0.030448186995485405 0.16354007991128847
v -0.3721389107923407 0.007685887838707883 0.19891239193910443
v -0.4409606321741774 0.0 0.23569836841299888
v -0.5097823535560141 0.007685887838707828 0.27248434488689327
v -0.5759592947808129 0.03044818699548535 0.30785665691470926
v -0.6369483131097604 0.0674121550789818 0.34045596638223874
v -0.6904056347715116 0.11715728752538096 0.3690295001085482
v -0.7342769248738164 0.17777190679215915 0.39247919321675784
v -0.7668762343413458 0.24692662705396384 0.4099038871514584
v -0.7869507899931665 0.3219638711935485 0.4206339606966205
v -0.831491579260158 0.4 0.34441508912858093
v -0.8243907447967985 0.4780361288064513 0.3414738271896911
v -0.803361122492953 0.553073372946036 0.33276307241985453
v -0.76921086894021 0.6222280932078409 0.3186175742398284
v -0.7232523592309188 0.682842712474619 0.29958093621178444
v -0.667251753119378 0.7325878449210181 0.27638472565927064
v -0.6033611224929529 0.7695518130045147 0.24992035994523548
v -0.5340357484563382 0.7923141121612922 0.22120484980268199
v -0.46193976625564337 0.8 0.19134171618254495
v -0.3898437840549486 0.7923141121612922 0.1614785825624079
v -0.32051841001833387 0.7695518130045147 0.13276307241985444
v -0.2566277793919088 0.7325878449210181 0.10629870670581933
v -0.20062717328036808 0.682842712474619 0.08310249615330552
v -0.15466866357107678 0.6222280932078409 0.06406585812526149
v -0.12051841001833384 0.553073372946036 0.04992035994523539
v -0.09948878771448823 0.47803612880645147 0.041209605175398796
v -0.09238795325112865 0.4000000000000001 0.03826834323650898
v -0.09948878771448823 0.3219638711935487 0.041209605175398796
v -0.1205184100183338 0.24692662705396415 0.04992035994523537
v -0.15466866357107673 0.17777190679215923 0.06406585812526146
v -0.20062717328036803 0.11715728752538102 0.08310249615330549
v -0.2566277793919087 0.0674121550789819 0.10629870670581928
v -0.32051841001833364 0.030448186995485405 0.13276307241985433
v -0.3898437840549484 0.007685887838707883 0.16147858256240782
v -0.4619397662556433 0.0 0.19134171618254492
v -0.5340357484563382 0.007685887838707828 0.22120484980268199
v -0.603361122492953 0.03044818699548535 0.2499203599452355
v -0.6672517531193779 0.0674121550789818 0.2763847256592706
v -0.7232523592309186 0.11715728752538096 0.29958093621178433
v -0.76921086894021 0.17777190679215915 0.3186175742398284
v -0.8033611224929528 0.24692662705396384 0.3327630724198544
v -0.8243907447967984 0.3219638711935485 0.34147382718969105
v -0.861246302158988 0.4 0.2612562095290162
v -0.8538913660702148 0.4780361288064513 0.25902511405834283
v -0.8321092038730913 0.553073372946036 0.2524175673940482
v -0.7967368918452753 0.6222280932078409 0.24168749384888613
v -0.7491337681009751 0.682842712474619 0.22724724413170272
v -0.6911291939895442 0.7325878449210181 0.20965174894094388
v -0.6249522527647456 0.7695518130045147 0.1895771932891232
v -0.5531460871653918 0.7923141121612922 0.16779503109199956
v -0.4784701678661044 0.8 0.1451423386272312
v -0.40379424856681706 0.7923141121612922 0.12248964616246283
v -0.3319880829674632 0.7695518130045147 0.10070748396533921
v -0.2658111417426647 0.7325878449210181 0.08063292831351855
v -0.2078065676312339 0.682842712474619 0.06303743312275971
v -0.16020344388693347 0.6222280932078409 0.04859718340557625
v -0.12483113185911764 0.553073372946036 0.0378671098604142
v -0.10304896966199403 0.47803612880645147 0.031259563196119534
v -0.09569403357322086 0.4000000000000001 0.029028467725446233
v -0.10304896966199403 0.3219638711935487 0.031259563196119534
v -0.12483113185911758 0.24692662705396415 0.03786710986041418
v -0.16020344388693342 0.17777190679215923 0.04859718340557623
v -0.20780656763123384 0.11715728752538102 0.0630374331227597
v -0.26581114174266457 0.0674121550789819 0.08063292831351852
v -0.33198808296746296 0.030448186995485405 0.10070748396533913
v -0.40379424856681684 0.007685887838707883 0.12248964616246276
v -0.47847016786610436 0.0 0.14514233862723117
v -0.5531460871653918 0.007685887838707828 0.16779503109199956
v -0.6249522527647458 0.03044818699548535 0.18957719328912323
v -0.6911291939895442 0.0674121550789818 0.20965174894094382
v -0.7491337681009749 0.11715728752538096 0.22724724413170264
v -0.7967368918452753 0.17777190679215915 0.24168749384888613
v -0.8321092038730911 0.24692662705396384 0.25241756739404814
v -0.8538913660702147 0.3219638711935485 0.25902511405834283
v -0.8827067523629074 0.4 0.17558128981451576
v -0.8751685467038726 0.4780361288064513 0.1740818474810824
v -0.8528436187427704 0.553073372946036 0.16964114320875923
v -0.816589902941182 0.6222280932078409 0.16242983077235598
v -0.7678006092660448 0.682842712474619 0.15272503686465302
v -0.7083506829119427 0.7325878449210181 0.14089971127301223
v -0.6405247512087614 0.7695518130045147 0.1274082946282014
v -0.5669293266746331 0.7923141121612922 0.11276925450580698
v -0.4903926402016152 0.8 0.0975451610080643
v -0.4138559537285973 0.7923141121612922 0.08232106751032163
v -0.34026052919446914 0.7695518130045147 0.06768202738792721
v -0.2724345974912879 0.7325878449210181 0.05419061074311641
v -0.21298467113718572 0.682842712474619 0.042365285151475605
v -0.1641953774620483 0.6222280932078409 0.03266049124377263
v -0.12794166166046006 0.553073372946036 0.025449178807369383
v -0.10561673369935785 0.47803612880645147 0.021008474535046215
v -0.09807852804032302 0.4000000000000001 0.019509032201612857
v -0.10561673369935785 0.3219638711935487 0.021008474535046215
v -0.12794166166046 0.24692662705396415 0.025449178807369372
v -0.16419537746204824 0.17777190679215923 0.03266049124377261
v -0.21298467113718567 0.11715728752538102 0.0423652851514756
v -0.2724345974912878 0.0674121550789819 0.05419061074311639
v -0.34026052919446886 0.030448186995485405 0.06768202738792715
v -0.41385595372859707 0.007685887838707883 0.08232106751032159
v -0.49039264020161516 0.0 0.09754516100806429
v -0.5669293266746331 0.007685887838707828 0.11276925450580698
v -0.6405247512087615 0.03044818699548535 0.12740829462820144
v -0.7083506829119426 0.0674121550789818 0.1408997112730122
v -0.7678006092660445 0.11715728752538096 0.15272503686465297
v -0.816589902941182 0.17777190679215915 0.16242983077235598
v -0.8528436187427703 0.24692662705396384 0.1696411432087592
v -0.8751685467038725 0.3219638711935485 0.17408184748108238
v -0.8956662540049771 0.4 0.08821542629660474
v -0.8880173758169796 0.4780361288064513 0.08746207754976086
v -0.8653646833522113 0.553073372946036 0.08523098207908757
v -0.8285787068783168 0.6222280932078409 0.08160787963231006
v -0.779073110841375 0.682842712474619 0.07673200400459879
v -0.718750367534027 0.7325878449210181 0.07079073236190407
v -0.6499286461521905 0.7695518130045147 0.06401238444155122
v -0.575252726852903 0.7923141121612922 0.05665744835277803
v -0.4975923633360984 0.8 0.04900857016478041
v -0.41993199981929386 0.7923141121612922 0.0413596919767828
v -0.34525608052000645 0.7695518130045147 0.034004755888009615
v -0.27643435913816994 0.7325878449210181 0.02722640796765676
v -0.21611161583082195 0.682842712474619 0.021285136324962057
v -0.16660601979387996 0.6222280932078409 0.016409260697250763
v -0.12982004331998562 0.553073372946036 0.012786158250473271
v -0.10716735085521727 0.47803612880645147 0.01055506277979997
v -0.09951847266721967 0.4000000000000001 0.00980171403295608
v -0.10716735085521727 0.3219638711935487 0.01055506277979997
v -0.12982004331998556 0.24692662705396415 0.012786158250473266
v -0.1666060197938799 0.17777190679215923 0.016409260697250756
v -0.2161116158308219 0.11715728752538102 0.021285136324962053
v -0.2764343591381698 0.0674121550789819 0.02722640796765675
v -0.34525608052000617 0.030448186995485405 0.03400475588800959
v -0.41993199981929363 0.007685887838707883 0.04135969197678277
v -0.49759236333609835 0.0 0.049008570164780406
v -0.575252726852903 0.007685887838707828 0.05665744835277803
v -0.6499286461521906 0.03044818699548535 0.06401238444155123
v -0.7187503675340269 0.0674121550789818 0.07079073236190406
v -0.7790731108413748 0.11715728752538096 0.07673200400459876
v -0.8285787068783168 0.17777190679215915 0.08160787963231006
v -0.8653646833522111 0.24692662705396384 0.08523098207908754
v -0.8880173758169795 0.3219638711935485 0.08746207754976085
v -0.9 0.4 1.1021821192326179e-16
v -0.8923141121612922 0.4780361288064513 1.0927696212923389e-16
v -0.8695518130045148 0.553073372946036 1.0648938444887568e-16
v -0.8325878449210181 0.6222280932078409 1.0196260392915177e-16
v -0.7828427124746191 0.682842712474619 9.58705822067874e-17
v -0.7222280932078409 0.7325878449210181 8.844743226012785e-17
v -0.653073372946036 0.7695518130045147 7.997842157867286e-17
v -0.5780361288064513 0.7923141121612922 7.078900949343478e-17
v -0.5 0.8 6.123233995736766e-17
v -0.4219638711935487 0.7923141121612922 5.1675670421300546e-17
v -0.3469266270539641 0.7695518130045147 4.248625833606247e-17
v -0.27777190679215924 0.7325878449210181 3.4017247654607473e-17
v -0.217157287525381 0.682842712474619 2.6594097707947928e-17
v -0.16741215507898183 0.6222280932078409 2.050207598558354e-17
v -0.13044818699548527 0.553073372946036 1.5975295465859644e-17
v -0.1076858878387078 0.47803612880645147 1.318771778550144e-17
v -0.09999999999999998 0.4000000000000001 1.224646799147353e-17
v -0.1076858878387078 0.3219638711935487 1.318771778550144e-17
v -0.13044818699548522 0.24692662705396415 1.5975295465859635e-17
v -0.16741215507898177 0.17777190679215923 2.0502075985583534e-17
v -0.21715728752538094 0.11715728752538102 2.6594097707947922e-17
v -0.27777190679215913 0.0674121550789819 3.401724765460746e-17
v -0.3469266270539638 0.030448186995485405 4.248625833606243e-17
v -0.4219638711935485 0.007685887838707883 5.167567042130052e-17
v -0.49999999999999994 0.0 6.123233995736765e-17
v -0.5780361288064513 0.007685887838707828 7.078900949343478e-17
v -0.6530733729460361 0.03044818699548535 7.997842157867288e-17
v -0.7222280932078408 0.0674121550789818 8.844743226012784e-17
v -0.7828427124746189 0.11715728752538096 9.587058220678738e-17
v -0.8325878449210181 0.17777190679215915 1.0196260392915177e-16
v -0.8695518130045146 0.24692662705396384 1.0648938444887566e-16
v -0.8923141121612921 0.3219638711935485 1.0927696212923386e-16
v -0.8956662540049772 0.4 -0.08821542629660453
v -0.8880173758169796 0.4780361288064513 -0.08746207754976064
v -0.8653646833522114 0.553073372946036 -0.08523098207908736
v -0.8285787068783169 0.6222280932078409 -0.08160787963230987
v -0.7790731108413751 0.682842712474619 -0.07673200400459859
v -0.7187503675340271 0.7325878449210181 -0.0707907323619039
v -0.6499286461521905 0.7695518130045147 -0.06401238444155107
v -0.5752527268529031 0.7923141121612922 -0.056657448352777896
v -0.49759236333609846 0.8 -0.049008570164780295
v -0.4199319998192939 0.7923141121612922 -0.04135969197678269
v -0.34525608052000645 0.7695518130045147 -0.03400475588800953
v -0.27643435913816994 0.7325878449210181 -0.027226407967656695
v -0.21611161583082197 0.682842712474619 -0.021285136324962005
v -0.16660601979387998 0.6222280932078409 -0.01640926069725072
v -0.12982004331998565 0.553073372946036 -0.01278615825047324
v -0.10716735085521728 0.47803612880645147 -0.010555062779799946
v -0.09951847266721967 0.4000000000000001 -0.009801714032956058
v -0.10716735085521728 0.3219638711935487 -0.010555062779799946
v -0.1298200433199856 0.24692662705396415 -0.012786158250473235
v -0.16660601979387993 0.17777190679215923 -0.016409260697250717
v -0.21611161583082192 0.11715728752538102 -0.021285136324962
v -0.2764343591381698 0.0674121550789819 -0.027226407967656685
v -0.34525608052000617 0.030448186995485405 -0.034004755888009504
v -0.4199319998192937 0.007685887838707883 -0.04135969197678267
v -0.4975923633360984 0.0 -0.04900857016478029
v -0.5752527268529031 0.007685887838707828 -0.056657448352777896
v -0.6499286461521906 0.03044818699548535 -0.06401238444155108
v -0.718750367534027 0.0674121550789818 -0.07079073236190389
v -0.7790731108413749 0.11715728752538096 -0.07673200400459858
v -0.8285787068783169 0.17777190679215915 -0.08160787963230987
v -0.8653646833522112 0.24692662705396384 -0.08523098207908733
v -0.8880173758169795 0.3219638711935485 -0.08746207754976064
v -0.8827067523629074 0.4 -0.17558128981451554
v -0.8751685467038726 0.4780361288064513 -0.17408184748108219
v -0.8528436187427704 0.553073372946036 -0.16964114320875903
v -0.816589902941182 0.6222280932078409 -0.16242983077235576
v -0.7678006092660448 0.682842712474619 -0.15272503686465283
v -0.7083506829119427 0.7325878449210181 -0.14089971127301204
v -0.6405247512087614 0.7695518130045147 -0.12740829462820125
v -0.5669293266746331 0.7923141121612922 -0.11276925450580683
v -0.4903926402016152 0.8 -0.09754516100806418
v -0.4138559537285973 0.7923141121612922 -0.08232106751032153
v -0.34026052919446914 0.7695518130045147 -0.06768202738792713
v -0.2724345974912879 0.7325878449210181 -0.05419061074311634
v -0.21298467113718572 0.682842712474619 -0.04236528515147555
v -0.1641953774620483 0.6222280932078409 -0.032660491243772585
v -0.12794166166046006 0.553073372946036 -0.025449178807369348
v -0.10561673369935785 0.47803612880645147 -0.021008474535046187
v -0.09807852804032302 0.4000000000000001 -0.019509032201612833
v -0.10561673369935785 0.3219638711935487 -0.021008474535046187
v -0.12794166166046 0.24692662705396415 -0.025449178807369337
v -0.16419537746204824 0.17777190679215923 -0.03266049124377257
v -0.21298467113718567 0.11715728752538102 -0.04236528515147554
v -0.2724345974912878 0.0674121550789819 -0.05419061074311632
v -0.34026052919446886 0.030448186995485405 -0.06768202738792707
v -0.41385595372859707 0.007685887838707883 -0.08232106751032149
v -0.49039264020161516 0.0 -0.09754516100806417
v -0.5669293266746331 0.007685887838707828 -0.11276925450580683
v -0.6405247512087615 0.03044818699548535 -0.12740829462820127
v -0.7083506829119426 0.0674121550789818 -0.140899711273012
v -0.7678006092660445 0.11715728752538096 -0.15272503686465277
v -0.816589902941182 0.17777190679215915 -0.16242983077235576
v -0.8528436187427703 0.24692662705396384 -0.16964114320875898
v -0.8751685467038725 0.3219638711935485 -0.17408184748108216
v -0.861246302158988 0.4 -0.2612562095290159
v -0.8538913660702149 0.4780361288064513 -0.2590251140583426
v -0.8321092038730914 0.553073372946036 -0.25241756739404797
v -0.7967368918452754 0.6222280932078409 -0.24168749384888588
v -0.7491337681009751 0.682842712474619 -0.2272472441317025
v -0.6911291939895443 0.7325878449210181 -0.20965174894094366
v -0.6249522527647458 0.7695518130045147 -0.189577193289123
v -0.5531460871653918 0.7923141121612922 -0.1677950310919994
v -0.47847016786610447 0.8 -0.14514233862723105
v -0.40379424856681706 0.7923141121612922 -0.12248964616246272
v -0.33198808296746324 0.7695518130045147 -0.10070748396533911
v -0.26581114174266474 0.7325878449210181 -0.08063292831351848
v -0.20780656763123392 0.682842712474619 -0.06303743312275965
v -0.1602034438869335 0.6222280932078409 -0.0485971834055762
v -0.12483113185911765 0.553073372946036 -0.037867109860414166
v -0.10304896966199405 0.47803612880645147 -0.0312595631961195
v -0.09569403357322087 0.4000000000000001 -0.029028467725446205
v -0.10304896966199405 0.3219638711935487 -0.0312595631961195
v -0.1248311318591176 0.24692662705396415 -0.037867109860414146
v -0.16020344388693344 0.17777190679215923 -0.048597183405576186
v -0.20780656763123387 0.11715728752538102 -0.06303743312275964
v -0.2658111417426646 0.0674121550789819 -0.08063292831351844
v -0.33198808296746296 0.030448186995485405 -0.10070748396533903
v -0.4037942485668169 0.007685887838707883 -0.12248964616246265
v -0.4784701678661044 0.0 -0.14514233862723103
v -0.5531460871653918 0.007685887838707828 -0.1677950310919994
v -0.6249522527647459 0.03044818699548535 -0.18957719328912304
v -0.6911291939895442 0.0674121550789818 -0.20965174894094363
v -0.7491337681009749 0.11715728752538096 -0.22724724413170241
v -0.7967368918452754 0.17777190679215915 -0.24168749384888588
v -0.8321092038730912 0.24692662705396384 -0.2524175673940479
v -0.8538913660702148 0.3219638711935485 -0.25902511405834255
v -0.8314915792601582 0.4 -0.3444150891285807
v -0.8243907447967986 0.4780361288064513 -0.3414738271896909
v -0.803361122492953 0.553073372946036 -0.3327630724198543
v -0.76921086894021 0.6222280932078409 -0.3186175742398282
v -0.7232523592309189 0.682842712474619 -0.2995809362117842
v -0.6672517531193781 0.7325878449210181 -0.27638472565927047
v -0.603361122492953 0.7695518130045147 -0.24992035994523534
v -0.5340357484563382 0.7923141121612922 -0.22120484980268185
v -0.4619397662556434 0.8 -0.19134171618254484
v -0.3898437840549486 0.7923141121612922 -0.16147858256240782
v -0.3205184100183339 0.7695518130045147 -0.13276307241985436
v -0.25662777939190884 0.7325878449210181 -0.10629870670581926
v -0.20062717328036808 0.682842712474619 -0.08310249615330546
v -0.15466866357107678 0.6222280932078409 -0.06406585812526144
v -0.12051841001833385 0.553073372946036 -0.04992035994523536
v -0.09948878771448824 0.47803612880645147 -0.04120960517539877
v -0.09238795325112867 0.4000000000000001 -0.03826834323650896
v -0.09948878771448824 0.3219638711935487 -0.04120960517539877
v -0.12051841001833381 0.24692662705396415 -0.04992035994523534
v -0.15466866357107673 0.17777190679215923 -0.06406585812526143
v -0.20062717328036805 0.11715728752538102 -0.08310249615330545
v -0.25662777939190873 0.0674121550789819 -0.10629870670581922
v -0.32051841001833364 0.030448186995485405 -0.13276307241985424
v -0.38984378405494846 0.007685887838707883 -0.16147858256240774
v -0.46193976625564337 0.0 -0.1913417161825448
v -0.5340357484563382 0.007685887838707828 -0.22120484980268185
v -0.603361122492953 0.03044818699548535 -0.24992035994523537
v -0.667251753119378 0.0674121550789818 -0.2763847256592704
v -0.7232523592309187 0.11715728752538096 -0.29958093621178417
v -0.76921086894021 0.17777190679215915 -0.3186175742398282
v -0.8033611224929529 0.24692662705396384 -0.33276307241985426
v -0.8243907447967985 0.3219638711935485 -0.3414738271896909
v -0.7937291379135195 0.4 -0.4242570631433979
v -0.7869507899931667 0.4780361288064513 -0.4206339606966204
v -0.7668762343413461 0.553073372946036 -0.40990388715145837
v -0.7342769248738165 0.6222280932078409 -0.3924791932167577
v -0.6904056347715118 0.682842712474619 -0.3690295001085482
v -0.6369483131097606 0.7325878449210181 -0.3404559663822387
v -0.5759592947808129 0.7695518130045147 -0.30785665691470915
v -0.5097823535560141 0.7923141121612922 -0.27248434488689316
v -0.4409606321741775 0.8 -0.23569836841299882
v -0.3721389107923409 0.7923141121612922 -0.19891239193910445
v -0.30596196956754224 0.7695518130045147 -0.16354007991128855
v -0.2449729512385945 0.7325878449210181 -0.13094077044375904
v -0.1915156295768433 0.682842712474619 -0.10236723671744953
v -0.14764433947453853 0.6222280932078409 -0.0789175436092399
v -0.11504503000700901 0.553073372946036 -0.0614928496745393
v -0.09497047435518834 0.47803612880645147 -0.05076277612937724
v -0.08819212643483548 0.4000000000000001 -0.047139673682599754
v -0.09497047435518834 0.3219638711935487 -0.05076277612937724
v -0.11504503000700897 0.24692662705396415 -0.061492849674539274
v -0.1476443394745385 0.17777190679215923 -0.07891754360923987
v -0.19151562957684323 0.11715728752538102 -0.1023672367174495
v -0.24497295123859442 0.0674121550789819 -0.13094077044375899
v -0.305961969567542 0.030448186995485405 -0.1635400799112884
v -0.37213891079234074 0.007685887838707883 -0.19891239193910434
v -0.44096063217417747 0.0 -0.2356983684129988
v -0.5097823535560141 0.007685887838707828 -0.27248434488689316
v -0.575959294780813 0.03044818699548535 -0.30785665691470915
v -0.6369483131097605 0.0674121550789818 -0.34045596638223863
v -0.6904056347715116 0.11715728752538096 -0.36902950010854807
v -0.7342769248738165 0.17777190679215915 -0.3924791932167577
v -0.7668762343413459 0.24692662705396384 -0.40990388715145826
v -0.7869507899931666 0.3219638711935485 -0.42063396069662035
v -0.7483226510722909 0.4 -0.5000132097176417
v -0.7419320688908397 0.4780361288064513 -0.49574315922012835
v -0.7230059088358394 0.553073372946036 -0.4830971033735356
v -0.6922714926242908 0.6222280932078409 -0.46256102301205826
v -0.6509099266351446 0.682842712474619 -0.4349241081872214
v -0.6005107126535301 0.7325878449210181 -0.40124843003678295
v -0.5430106642085561 0.7695518130045147 -0.3628281259865266
v -0.48061947591556425 0.7923141121612922 -0.3211396667747488
v -0.41573480615127273 0.8 -0.277785116509801
v -0.3508501363869812 0.7923141121612922 -0.23443056624485317
v -0.2884589480939893 0.7695518130045147 -0.19274210703307537
v -0.23095889964901545 0.7325878449210181 -0.15432180298281906
v -0.18055968566740094 0.682842712474619 -0.12064612483238062
v -0.13919811967825463 0.6222280932078409 -0.09300921000754367
v -0.10846370346670609 0.553073372946036 -0.07247312964606636
v -0.08953754341170578 0.47803612880645147 -0.059827073799473614
v -0.08314696123025453 0.4000000000000001 -0.05555702330196018
v -0.08953754341170578 0.3219638711935487 -0.059827073799473614
v -0.10846370346670604 0.24692662705396415 -0.07247312964606634
v -0.1391981196782546 0.17777190679215923 -0.09300921000754364
v -0.18055968566740088 0.11715728752538102 -0.12064612483238059
v -0.23095889964901534 0.0674121550789819 -0.154321802982819
v -0.2884589480939891 0.030448186995485405 -0.19274210703307523
v -0.350850136386981 0.007685887838707883 -0.23443056624485303
v -0.4157348061512727 0.0 -0.2777851165098009
v -0.48061947591556425 0.007685887838707828 -0.3211396667747488
v -0.5430106642085563 0.03044818699548535 -0.3628281259865267
v -0.6005107126535301 0.0674121550789818 -0.4012484300367829
v -0.6509099266351445 0.11715728752538096 -0.43492410818722127
v -0.6922714926242908 0.17777190679215915 -0.46256102301205826
v -0.7230059088358393 0.24692662705396384 -0.4830971033735355
v -0.7419320688908396 0.3219638711935485 -0.4957431592201283
v -0.6957094080264634 0.4 -0.5709539557472808
v -0.6897681363837688 0.4780361288064513 -0.5660780801195695
v -0.67217264119301 0.553073372946036 -0.5516378304023861
v -0.6435991074667005 0.6222280932078409 -0.5281881372941765
v -0.6051456000817201 0.682842712474619 -0.4966301593503499
v -0.5582898657618982 0.7325878449210181 -0.4581766519653695
v -0.5048325441001471 0.7695518130045147 -0.4143053618630649
v -0.4468279699887164 0.7923141121612922 -0.3667022381187645
v -0.38650522668136855 0.8 -0.31719664208182263
v -0.3261824833740207 0.7923141121612922 -0.26769104604488075
v -0.26817790926259 0.7695518130045147 -0.22008792230058044
v -0.21472058760083898 0.7325878449210181 -0.17621663219827585
v -0.16786485328101702 0.682842712474619 -0.13776312481329545
v -0.1294113458960366 0.6222280932078409 -0.10620514686946876
v -0.10083781216972718 0.553073372946036 -0.08275545376125923
v -0.08324231697896838 0.47803612880645147 -0.06831520404407579
v -0.07730104533627369 0.4000000000000001 -0.06343932841636452
v -0.08324231697896838 0.3219638711935487 -0.06831520404407579
v -0.10083781216972713 0.24692662705396415 -0.08275545376125919
v -0.12941134589603656 0.17777190679215923 -0.10620514686946873
v -0.16786485328101697 0.11715728752538102 -0.13776312481329542
v -0.21472058760083887 0.0674121550789819 -0.1762166321982758
v -0.2681779092625898 0.030448186995485405 -0.22008792230058025
v -0.3261824833740205 0.007685887838707883 -0.26769104604488064
v -0.3865052266813685 0.0 -0.3171966420818226
v -0.4468279699887164 0.007685887838707828 -0.3667022381187645
v -0.5048325441001472 0.03044818699548535 -0.41430536186306494
v -0.5582898657618981 0.0674121550789818 -0.4581766519653694
v -0.60514560008172 0.11715728752538096 -0.49663015935034976
v -0.6435991074667005 0.17777190679215915 -0.5281881372941765
v -0.6721726411930098 0.24692662705396384 -0.5516378304023859
v -0.6897681363837687 0.3219638711935485 -0.5660780801195694
v -0.636396103067893 0.4 -0.6363961030678927
v -0.6309613596577034 0.4780361288064513 -0.6309613596577032
v -0.6148659835685493 0.553073372946036 -0.614865983568549
v -0.5887285110771456 0.6222280932078409 -0.5887285110771455
v -0.5535533905932739 0.682842712474619 -0.5535533905932738
v -0.5106923822706942 0.7325878449210181 -0.5106923822706941
v -0.4617926106225133 0.7695518130045147 -0.46179261062251314
v -0.4087332664498624 0.7923141121612922 -0.4087332664498623
v -0.35355339059327384 0.8 -0.35355339059327373
v -0.2983735147366853 0.7923141121612922 -0.29837351473668516
v -0.24531417056403443 0.7695518130045147 -0.24531417056403435
v -0.19641439891585347 0.7325878449210181 -0.1964143989158534
v -0.1535533905932738 0.682842712474619 -0.15355339059327375
v -0.118378270109402 0.6222280932078409 -0.11837827010940195
v -0.09224079761799846 0.553073372946036 -0.09224079761799843
v -0.07614542152884428 0.47803612880645147 -0.07614542152884425
v -0.07071067811865475 0.4000000000000001 -0.07071067811865472
v -0.07614542152884428 0.3219638711935487 -0.07614542152884425
v -0.09224079761799842 0.24692662705396415 -0.09224079761799839
v -0.11837827010940195 0.17777190679215923 -0.11837827010940191
v -0.15355339059327375 0.11715728752538102 -0.15355339059327372
v -0.19641439891585338 0.0674121550789819 -0.19641439891585333
v -0.24531417056403423 0.030448186995485405 -0.24531417056403415
v -0.2983735147366851 0.007685887838707883 -0.298373514736685
v -0.3535533905932738 0.0 -0.3535533905932737
v -0.4087332664498624 0.007685887838707828 -0.4087332664498623
v -0.46179261062251337 0.03044818699548535 -0.46179261062251326
v -0.5106923822706942 0.0674121550789818 -0.510692382270694
v -0.5535533905932738 0.11715728752538096 -0.5535533905932737
v -0.5887285110771456 0.17777190679215915 -0.5887285110771455
v -0.6148659835685492 0.24692662705396384 -0.6148659835685489
v -0.6309613596577033 0.3219638711935485 -0.6309613596577032
v -0.5709539557472814 0.4 -0.695709408026463
v -0.5660780801195701 0.4780361288064513 -0.6897681363837683
v -0.5516378304023867 0.553073372946036 -0.6721726411930096
v -0.528188137294177 0.6222280932078409 -0.6435991074667001
v -0.49663015935035043 0.682842712474619 -0.6051456000817198
v -0.45817665196536994 0.7325878449210181 -0.5582898657618979
v -0.4143053618630653 0.7695518130045147 -0.5048325441001469
v -0.3667022381187649 0.7923141121612922 -0.44682796998871616
v -0.31719664208182297 0.8 -0.38650522668136833
v -0.26769104604488103 0.7923141121612922 -0.3261824833740205
v -0.22008792230058066 0.7695518130045147 -0.26817790926258983
v -0.17621663219827605 0.7325878449210181 -0.21472058760083884
v -0.13776312481329558 0.682842712474619 -0.1678648532810169
v -0.10620514686946889 0.6222280932078409 -0.1294113458960365
v -0.08275545376125931 0.553073372946036 -0.10083781216972712
v -0.06831520404407586 0.47803612880645147 -0.08324231697896833
v -0.06343932841636458 0.4000000000000001 -0.07730104533627365
v -0.06831520404407586 0.3219638711935487 -0.08324231697896833
v -0.08275545376125927 0.24692662705396415 -0.10083781216972708
v -0.10620514686946884 0.17777190679215923 -0.12941134589603648
v -0.13776312481329556 0.11715728752538102 -0.16786485328101688
v -0.176216632198276 0.0674121550789819 -0.21472058760083876
v -0.2200879223005805 0.030448186995485405 -0.2681779092625896
v -0.2676910460448809 0.007685887838707883 -0.32618248337402034
v -0.3171966420818229 0.0 -0.3865052266813683
v -0.3667022381187649 0.007685887838707828 -0.44682796998871616
v -0.4143053618630654 0.03044818699548535 -0.5048325441001469
v -0.4581766519653699 0.0674121550789818 -0.5582898657618978
v -0.49663015935035026 0.11715728752538096 -0.6051456000817197
v -0.528188137294177 0.17777190679215915 -0.6435991074667001
v -0.5516378304023866 0.24692662705396384 -0.6721726411930095
v -0.56607808011957 0.3219638711935485 -0.6897681363837682
v -0.500013209717642 0.4 -0.7483226510722907
v -0.4957431592201285 0.4780361288064513 -0.7419320688908395
v -0.48309710337353584 0.553073372946036 -0.7230059088358393
v -0.4625610230120584 0.6222280932078409 -0.6922714926242906
v -0.43492410818722155 0.682842712474619 -0.6509099266351445
v -0.4012484300367831 0.7325878449210181 -0.60051071265353
v -0.36282812598652675 0.7695518130045147 -0.543010664208556
v -0.3211396667747489 0.7923141121612922 -0.48061947591556414
v -0.2777851165098011 0.8 -0.4157348061512726
v -0.23443056624485326 0.7923141121612922 -0.3508501363869811
v -0.19274210703307545 0.7695518130045147 -0.28845894809398925
v -0.15432180298281914 0.7325878449210181 -0.23095889964901536
v -0.12064612483238067 0.682842712474619 -0.18055968566740088
v -0.09300921000754371 0.6222280932078409 -0.1391981196782546
v -0.07247312964606639 0.553073372946036 -0.10846370346670606
v -0.05982707379947364 0.47803612880645147 -0.08953754341170575
v -0.055557023301960204 0.4000000000000001 -0.0831469612302545
v -0.05982707379947364 0.3219638711935487 -0.08953754341170575
v -0.07247312964606636 0.24692662705396415 -0.10846370346670602
v -0.09300921000754368 0.17777190679215923 -0.13919811967825454
v -0.12064612483238063 0.11715728752538102 -0.18055968566740083
v -0.15432180298281906 0.0674121550789819 -0.23095889964901528
v -0.1927421070330753 0.030448186995485405 -0.288458948093989
v -0.23443056624485314 0.007685887838707883 -0.3508501363869809
v -0.27778511650980103 0.0 -0.41573480615127256
v -0.3211396667747489 0.007685887838707828 -0.48061947591556414
v -0.3628281259865268 0.03044818699548535 -0.5430106642085561
v -0.40124843003678307 0.0674121550789818 -0.6005107126535298
v -0.43492410818722144 0.11715728752538096 -0.6509099266351442
v -0.4625610230120584 0.17777190679215915 -0.6922714926242906
v -0.4830971033735357 0.24692662705396384 -0.723005908835839
v -0.49574315922012846 0.3219638711935485 -0.7419320688908394
v -0.42425706314339806 0.4 -0.7937291379135195
v -0.4206339606966206 0.4780361288064513 -0.7869507899931666
v -0.4099038871514586 0.553073372946036 -0.766876234341346
v -0.3924791932167579 0.6222280932078409 -0.7342769248738164
v -0.36902950010854835 0.682842712474619 -0.6904056347715117
v -0.3404559663822388 0.7325878449210181 -0.6369483131097605
v -0.30785665691470926 0.7695518130045147 -0.5759592947808128
v -0.2724843448868933 0.7923141121612922 -0.5097823535560141
v -0.23569836841299893 0.8 -0.44096063217417747
v -0.19891239193910454 0.7923141121612922 -0.3721389107923409
v -0.16354007991128863 0.7695518130045147 -0.30596196956754224
v -0.1309407704437591 0.7325878449210181 -0.24497295123859447
v -0.10236723671744957 0.682842712474619 -0.19151562957684326
v -0.07891754360923994 0.6222280932078409 -0.14764433947453853
v -0.06149284967453933 0.553073372946036 -0.115045030007009
v -0.05076277612937727 0.47803612880645147 -0.09497047435518832
v -0.047139673682599775 0.4000000000000001 -0.08819212643483547
v -0.05076277612937727 0.3219638711935487 -0.09497047435518832
v -0.0614928496745393 0.24692662705396415 -0.11504503000700896
v -0.07891754360923992 0.17777190679215923 -0.14764433947453848
v -0.10236723671744954 0.11715728752538102 -0.1915156295768432
v -0.13094077044375904 0.0674121550789819 -0.2449729512385944
v -0.1635400799112885 0.030448186995485405 -0.30596196956754196
v -0.19891239193910445 0.007685887838707883 -0.3721389107923407
v -0.2356983684129989 0.0 -0.4409606321741774
v -0.2724843448868933 0.007685887838707828 -0.5097823535560141
v -0.3078566569147093 0.03044818699548535 -0.5759592947808129
v -0.34045596638223874 0.0674121550789818 -0.6369483131097604
v -0.36902950010854824 0.11715728752538096 -0.6904056347715116
v -0.3924791932167579 0.17777190679215915 -0.7342769248738164
v -0.4099038871514585 0.24692662705396384 -0.7668762343413458
v -0.42063396069662057 0.3219638711935485 -0.7869507899931665
v -0.3444150891285813 0.4 -0.8314915792601579
v -0.3414738271896915 0.4780361288064513 -0.8243907447967983
v -0.3327630724198549 0.553073372946036 -0.8033611224929528
v -0.3186175742398288 0.6222280932078409 -0.7692108689402097
v -0.2995809362117848 0.682842712474619 -0.7232523592309186
v -0.2763847256592709 0.7325878449210181 -0.6672517531193779
v -0.24992035994523576 0.7695518130045147 -0.6033611224929528
v -0.22120484980268224 0.7923141121612922 -0.534035748456338
v -0.19134171618254517 0.8 -0.46193976625564326
v -0.1614785825624081 0.7923141121612922 -0.3898437840549485
v -0.13276307241985458 0.7695518130045147 -0.3205184100183338
v -0.10629870670581945 0.7325878449210181 -0.25662777939190873
v -0.08310249615330562 0.682842712474619 -0.20062717328036803
v -0.06406585812526155 0.6222280932078409 -0.15466866357107673
v -0.04992035994523544 0.553073372946036 -0.12051841001833381
v -0.041209605175398845 0.47803612880645147 -0.0994887877144882
v -0.038268343236509024 0.4000000000000001 -0.09238795325112863
v -0.041209605175398845 0.3219638711935487 -0.0994887877144882
v -0.04992035994523542 0.24692662705396415 -0.12051841001833377
v -0.06406585812526154 0.17777190679215923 -0.15466866357107667
v -0.08310249615330559 0.11715728752538102 -0.20062717328036797
v -0.10629870670581941 0.0674121550789819 -0.2566277793919086
v -0.1327630724198545 0.030448186995485405 -0.32051841001833353
v -0.16147858256240802 0.007685887838707883 -0.3898437840549483
v -0.19134171618254514 0.0 -0.4619397662556432
v -0.22120484980268224 0.007685887838707828 -0.534035748456338
v -0.24992035994523581 0.03044818699548535 -0.6033611224929529
v -0.2763847256592709 0.0674121550789818 -0.6672517531193778
v -0.29958093621178467 0.11715728752538096 -0.7232523592309184
v -0.3186175742398288 0.17777190679215915 -0.7692108689402097
v -0.3327630724198548 0.24692662705396384 -0.8033611224929526
v -0.34147382718969144 0.3219638711935485 -0.8243907447967982
v -0.2612562095290162 0.4 -0.861246302158988
v -0.2590251140583429 0.4780361288064513 -0.8538913660702148
v -0.25241756739404825 0.553073372946036 -0.8321092038730913
v -0.24168749384888616 0.6222280932078409 -0.7967368918452753
v -0.22724724413170275 0.682842712474619 -0.7491337681009751
v -0.2096517489409439 0.7325878449210181 -0.6911291939895442
v -0.18957719328912323 0.7695518130045147 -0.6249522527647456
v -0.16779503109199959 0.7923141121612922 -0.5531460871653918
v -0.14514233862723122 0.8 -0.4784701678661044
v -0.12248964616246286 0.7923141121612922 -0.40379424856681706
v -0.10070748396533923 0.7695518130045147 -0.3319880829674632
v -0.08063292831351856 0.7325878449210181 -0.2658111417426647
v -0.06303743312275972 0.682842712474619 -0.2078065676312339
v -0.048597183405576255 0.6222280932078409 -0.16020344388693347
v -0.03786710986041421 0.553073372946036 -0.12483113185911764
v -0.031259563196119534 0.47803612880645147 -0.10304896966199403
v -0.029028467725446237 0.4000000000000001 -0.09569403357322086
v -0.031259563196119534 0.3219638711935487 -0.10304896966199403
v -0.03786710986041419 0.24692662705396415 -0.12483113185911758
v -0.04859718340557624 0.17777190679215923 -0.16020344388693342
v -0.06303743312275971 0.11715728752538102 -0.20780656763123384
v -0.08063292831351854 0.0674121550789819 -0.26581114174266457
v -0.10070748396533914 0.030448186995485405 -0.33198808296746296
v -0.12248964616246279 0.007685887838707883 -0.40379424856681684
v -0.1451423386272312 0.0 -0.47847016786610436
v -0.16779503109199959 0.007685887838707828 -0.5531460871653918
v -0.18957719328912326 0.03044818699548535 -0.6249522527647458
v -0.20965174894094388 0.0674121550789818 -0.6911291939895442
v -0.2272472441317027 0.11715728752538096 -0.7491337681009749
v -0.24168749384888616 0.17777190679215915 -0.7967368918452753
v -0.2524175673940482 0.24692662705396384 -0.8321092038730911
v -0.2590251140583429 0.3219638711935485 -0.8538913660702147
v -0.1755812898145158 0.4 -0.8827067523629073
v -0.17408184748108244 0.4780361288064513 -0.8751685467038725
v -0.16964114320875928 0.553073372946036 -0.8528436187427704
v -0.162429830772356 0.6222280932078409 -0.8165899029411819
v -0.15272503686465308 0.682842712474619 -0.7678006092660448
v -0.14089971127301226 0.7325878449210181 -0.7083506829119426
v -0.12740829462820144 0.7695518130045147 -0.6405247512087613
v -0.112769254505807 0.7923141121612922 -0.566929326674633
v -0.09754516100806433 0.8 -0.49039264020161516
v -0.08232106751032166 0.7923141121612922 -0.41385595372859724
v -0.06768202738792722 0.7695518130045147 -0.3402605291944691
v -0.05419061074311642 0.7325878449210181 -0.27243459749128784
v -0.04236528515147562 0.682842712474619 -0.2129846711371857
v -0.032660491243772634 0.6222280932078409 -0.16419537746204826
v -0.02544917880736939 0.553073372946036 -0.12794166166046003
v -0.02100847453504622 0.47803612880645147 -0.10561673369935784
v -0.01950903220161286 0.4000000000000001 -0.09807852804032301
v -0.02100847453504622 0.3219638711935487 -0.10561673369935784
v -0.02544917880736938 0.24692662705396415 -0.12794166166045998
v -0.03266049124377263 0.17777190679215923 -0.1641953774620482
v -0.042365285151475605 0.11715728752538102 -0.21298467113718567
v -0.0541906107431164 0.0674121550789819 -0.27243459749128773
v -0.06768202738792718 0.030448186995485405 -0.3402605291944688
v -0.08232106751032162 0.007685887838707883 -0.413855953728597
v -0.09754516100806432 0.0 -0.4903926402016151
v -0.112769254505807 0.007685887838707828 -0.566929326674633
v -0.12740829462820147 0.03044818699548535 -0.6405247512087614
v -0.14089971127301223 0.0674121550789818 -0.7083506829119425
v -0.15272503686465302 0.11715728752538096 -0.7678006092660445
v -0.162429830772356 0.17777190679215915 -0.8165899029411819
v -0.16964114320875925 0.24692662705396384 -0.8528436187427701
v -0.17408184748108244 0.3219638711935485 -0.8751685467038723
v -0.08821542629660441 0.4 -0.8956662540049772
v -0.08746207754976051 0.4780361288064513 -0.8880173758169796
v -0.08523098207908723 0.553073372946036 -0.8653646833522114
v -0.08160787963230974 0.6222280932078409 -0.8285787068783169
v -0.07673200400459848 0.682842712474619 -0.7790731108413751
v -0.07079073236190381 0.7325878449210181 -0.7187503675340271
v -0.06401238444155097 0.7695518130045147 -0.6499286461521905
v -0.05665744835277781 0.7923141121612922 -0.5752527268529031
v -0.049008570164780225 0.8 -0.49759236333609846
v -0.04135969197678264 0.7923141121612922 -0.4199319998192939
v -0.03400475588800948 0.7695518130045147 -0.34525608052000645
v -0.027226407967656657 0.7325878449210181 -0.27643435913816994
v -0.021285136324961977 0.682842712474619 -0.21611161583082197
v -0.016409260697250697 0.6222280932078409 -0.16660601979387998
v -0.012786158250473223 0.553073372946036 -0.12982004331998565
v -0.01055506277979993 0.47803612880645147 -0.10716735085521728
v -0.009801714032956044 0.4000000000000001 -0.09951847266721967
v -0.01055506277979993 0.3219638711935487 -0.10716735085521728
v -0.012786158250473217 0.24692662705396415 -0.1298200433199856
v -0.016409260697250693 0.17777190679215923 -0.16660601979387993
v -0.02128513632496197 0.11715728752538102 -0.21611161583082192
v -0.027226407967656647 0.0674121550789819 -0.2764343591381698
v -0.034004755888009455 0.030448186995485405 -0.34525608052000617
v -0.04135969197678262 0.007685887838707883 -0.4199319998192937
v -0.04900857016478022 0.0 -0.4975923633360984
v -0.05665744835277781 0.007685887838707828 -0.5752527268529031
v -0.06401238444155098 0.03044818699548535 -0.6499286461521906
v -0.0707907323619038 0.0674121550789818 -0.718750367534027
v -0.07673200400459847 0.11715728752538096 -0.7790731108413749
v -0.08160787963230974 0.17777190679215915 -0.8285787068783169
v -0.0852309820790872 0.24692662705396384 -0.8653646833522112
v -0.08746207754976051 0.3219638711935485 -0.8880173758169795
v -1.6532731788489269e-16 0.4 -0.9
v -1.639154431938508e-16 0.4780361288064513 -0.8923141121612922
v -1.5973407667331352e-16 0.553073372946036 -0.8695518130045148
v -1.5294390589372765e-16 0.6222280932078409 -0.8325878449210181
v -1.438058733101811e-16 0.682842712474619 -0.7828427124746191
v -1.3267114839019177e-16 0.7325878449210181 -0.7222280932078409
v -1.1996763236800928e-16 0.7695518130045147 -0.653073372946036
v -1.0618351424015216e-16 0.7923141121612922 -0.5780361288064513
v -9.184850993605148e-17 0.8 -0.5
v -7.751350563195081e-17 0.7923141121612922 -0.4219638711935487
v -6.37293875040937e-17 0.7695518130045147 -0.3469266270539641
v -5.1025871481911207e-17 0.7325878449210181 -0.27777190679215924
v -3.989114656192189e-17 0.682842712474619 -0.217157287525381
v -3.0753113978375307e-17 0.6222280932078409 -0.16741215507898183
v -2.3962943198789463e-17 0.553073372946036 -0.13044818699548527
v -1.978157667825216e-17 0.47803612880645147 -0.1076858878387078
v -1.836970198721029e-17 0.4000000000000001 -0.09999999999999998
v -1.978157667825216e-17 0.3219638711935487 -0.1076858878387078
v -2.396294319878945e-17 0.24692662705396415 -0.13044818699548522
v -3.07531139783753e-17 0.17777190679215923 -0.16741215507898177
v -3.989114656192188e-17 0.11715728752538102 -0.21715728752538094
v -5.102587148191119e-17 0.0674121550789819 -0.27777190679215913
v -6.372938750409365e-17 0.030448186995485405 -0.3469266270539638
v -7.751350563195078e-17 0.007685887838707883 -0.4219638711935485
v -9.184850993605147e-17 0.0 -0.49999999999999994
v -1.0618351424015216e-16 0.007685887838707828 -0.5780361288064513
v -1.199676323680093e-16 0.03044818699548535 -0.6530733729460361
v -1.3267114839019175e-16 0.0674121550789818 -0.7222280932078408
v -1.4380587331018105e-16 0.11715728752538096 -0.7828427124746189
v -1.5294390589372765e-16 0.17777190679215915 -0.8325878449210181
v -1.5973407667331348e-16 0.24692662705396384 -0.8695518130045146
v -1.6391544319385079e-16 0.3219638711935485 -0.8923141121612921
v 0.08821542629660409 0.4 -0.8956662540049772
v 0.0874620775497602 0.4780361288064513 -0.8880173758169796
v 0.08523098207908691 0.553073372946036 -0.8653646833522114
v 0.08160787963230945 0.6222280932078409 -0.8285787068783169
v 0.0767320040045982 0.682842712474619 -0.7790731108413751
v 0.07079073236190354 0.7325878449210181 -0.7187503675340271
v 0.06401238444155073 0.7695518130045147 -0.6499286461521905
v 0.056657448352777605 0.7923141121612922 -0.5752527268529031
v 0.049008570164780045 0.8 -0.49759236333609846
v 0.041359691976782485 0.7923141121612922 -0.4199319998192939
v 0.03400475588800936 0.7695518130045147 -0.34525608052000645
v 0.027226407967656557 0.7325878449210181 -0.27643435913816994
v 0.021285136324961897 0.682842712474619 -0.21611161583082197
v 0.016409260697250638 0.6222280932078409 -0.16660601979387998
v 0.012786158250473176 0.553073372946036 -0.12982004331998565
v 0.010555062779799892 0.47803612880645147 -0.10716735085521728
v 0.009801714032956007 0.4000000000000001 -0.09951847266721967
v 0.010555062779799892 0.3219638711935487 -0.10716735085521728
v 0.01278615825047317 0.24692662705396415 -0.1298200433199856
v 0.01640926069725063 0.17777190679215923 -0.16660601979387993
v 0.021285136324961894 0.11715728752538102 -0.21611161583082192
v 0.027226407967656546 0.0674121550789819 -0.2764343591381698
v 0.03400475588800933 0.030448186995485405 -0.34525608052000617
v 0.041359691976782464 0.007685887838707883 -0.4199319998192937
v 0.04900857016478004 0.0 -0.4975923633360984
v 0.056657448352777605 0.007685887838707828 -0.5752527268529031
v 0.06401238444155075 0.03044818699548535 -0.6499286461521906
v 0.07079073236190353 0.0674121550789818 -0.718750367534027
v 0.07673200400459818 0.11715728752538096 -0.7790731108413749
v 0.08160787963230945 0.17777190679215915 -0.8285787068783169
v 0.0852309820790869 0.24692662705396384 -0.8653646833522112
v 0.0874620775497602 0.3219638711935485 -0.8880173758169795
v 0.17558128981451548 0.4 -0.8827067523629074
v 0.17408184748108213 0.4780361288064513 -0.8751685467038726
v 0.16964114320875898 0.553073372946036 -0.8528436187427704
v 0.16242983077235573 0.6222280932078409 -0.816589902941182
v 0.15272503686465277 0.682842712474619 -0.7678006092660448
v 0.140899711273012 0.7325878449210181 -0.7083506829119427
v 0.12740829462820122 0.7695518130045147 -0.6405247512087614
v 0.1127692545058068 0.7923141121612922 -0.5669293266746331
v 0.09754516100806415 0.8 -0.4903926402016152
v 0.0823210675103215 0.7923141121612922 -0.4138559537285973
v 0.0676820273879271 0.7695518130045147 -0.34026052919446914
v 0.054190610743116326 0.7325878449210181 -0.2724345974912879
v 0.04236528515147554 0.682842712474619 -0.21298467113718572
v 0.03266049124377257 0.6222280932078409 -0.1641953774620483
v 0.02544917880736934 0.553073372946036 -0.12794166166046006
v 0.02100847453504618 0.47803612880645147 -0.10561673369935785
v 0.019509032201612826 0.4000000000000001 -0.09807852804032302
v 0.02100847453504618 0.3219638711935487 -0.10561673369935785
v 0.02544917880736933 0.24692662705396415 -0.12794166166046
v 0.032660491243772564 0.17777190679215923 -0.16419537746204824
v 0.04236528515147553 0.11715728752538102 -0.21298467113718567
v 0.0541906107431163 0.0674121550789819 -0.2724345974912878
v 0.06768202738792706 0.030448186995485405 -0.34026052919446886
v 0.08232106751032146 0.007685887838707883 -0.41385595372859707
v 0.09754516100806414 0.0 -0.49039264020161516
v 0.1127692545058068 0.007685887838707828 -0.5669293266746331
v 0.12740829462820122 0.03044818699548535 -0.6405247512087615
v 0.14089971127301198 0.0674121550789818 -0.7083506829119426
v 0.15272503686465275 0.11715728752538096 -0.7678006092660445
v 0.16242983077235573 0.17777190679215915 -0.816589902941182
v 0.16964114320875892 0.24692662705396384 -0.8528436187427703
v 0.1740818474810821 0.3219638711935485 -0.8751685467038725
v 0.26125620952901585 0.4 -0.861246302158988
v 0.25902511405834255 0.4780361288064513 -0.8538913660702149
v 0.2524175673940479 0.553073372946036 -0.8321092038730914
v 0.24168749384888585 0.6222280932078409 -0.7967368918452754
v 0.22724724413170244 0.682842712474619 -0.7491337681009751
v 0.20965174894094363 0.7325878449210181 -0.6911291939895443
v 0.18957719328912298 0.7695518130045147 -0.6249522527647458
v 0.16779503109199936 0.7923141121612922 -0.5531460871653918
v 0.14514233862723103 0.8 -0.47847016786610447
v 0.12248964616246269 0.7923141121612922 -0.40379424856681706
v 0.10070748396533909 0.7695518130045147 -0.33198808296746324
v 0.08063292831351847 0.7325878449210181 -0.26581114174266474
v 0.06303743312275964 0.682842712474619 -0.20780656763123392
v 0.04859718340557619 0.6222280932078409 -0.1602034438869335
v 0.03786710986041415 0.553073372946036 -0.12483113185911765
v 0.03125956319611949 0.47803612880645147 -0.10304896966199405
v 0.0290284677254462 0.4000000000000001 -0.09569403357322087
v 0.03125956319611949 0.3219638711935487 -0.10304896966199405
v 0.03786710986041414 0.24692662705396415 -0.1248311318591176
v 0.04859718340557617 0.17777190679215923 -0.16020344388693344
v 0.06303743312275963 0.11715728752538102 -0.20780656763123387
v 0.08063292831351843 0.0674121550789819 -0.2658111417426646
v 0.10070748396533902 0.030448186995485405 -0.33198808296746296
v 0.12248964616246262 0.007685887838707883 -0.4037942485668169
v 0.145142338627231 0.0 -0.4784701678661044
v 0.16779503109199936 0.007685887838707828 -0.5531460871653918
v 0.189577193289123 0.03044818699548535 -0.6249522527647459
v 0.2096517489409436 0.0674121550789818 -0.6911291939895442
v 0.2272472441317024 0.11715728752538096 -0.7491337681009749
v 0.24168749384888585 0.17777190679215915 -0.7967368918452754
v 0.25241756739404786 0.24692662705396384 -0.8321092038730912
v 0.2590251140583425 0.3219638711935485 -0.8538913660702148
v 0.344415089128581 0.4 -0.8314915792601579
v 0.3414738271896912 0.4780361288064513 -0.8243907447967984
v 0.33276307241985464 0.553073372946036 -0.8033611224929529
v 0.3186175742398285 0.6222280932078409 -0.7692108689402098
v 0.2995809362117845 0.682842712474619 -0.7232523592309187
v 0.2763847256592707 0.7325878449210181 -0.667251753119378
v 0.24992035994523554 0.7695518130045147 -0.6033611224929528
v 0.22120484980268204 0.7923141121612922 -0.534035748456338
v 0.191341716182545 0.8 -0.4619397662556433
v 0.16147858256240796 0.7923141121612922 -0.38984378405494857
v 0.13276307241985447 0.7695518130045147 -0.3205184100183338
v 0.10629870670581935 0.7325878449210181 -0.2566277793919088
v 0.08310249615330555 0.682842712474619 -0.20062717328036805
v 0.0640658581252615 0.6222280932078409 -0.15466866357107675
v 0.0499203599452354 0.553073372946036 -0.12051841001833383
v 0.04120960517539881 0.47803612880645147 -0.09948878771448821
v 0.03826834323650899 0.4000000000000001 -0.09238795325112864
v 0.04120960517539881 0.3219638711935487 -0.09948878771448821
v 0.04992035994523538 0.24692662705396415 -0.12051841001833379
v 0.06406585812526149 0.17777190679215923 -0.1546686635710767
v 0.08310249615330552 0.11715728752538102 -0.200627173280368
v 0.10629870670581931 0.0674121550789819 -0.2566277793919087
v 0.13276307241985436 0.030448186995485405 -0.3205184100183336
v 0.16147858256240788 0.007685887838707883 -0.38984378405494835
v 0.19134171618254497 0.0 -0.46193976625564326
v 0.22120484980268204 0.007685887838707828 -0.534035748456338
v 0.2499203599452356 0.03044818699548535 -0.6033611224929529
v 0.27638472565927064 0.0674121550789818 -0.6672517531193779
v 0.29958093621178444 0.11715728752538096 -0.7232523592309185
v 0.3186175742398285 0.17777190679215915 -0.7692108689402098
v 0.33276307241985453 0.24692662705396384 -0.8033611224929527
v 0.34147382718969116 0.3219638711935485 -0.8243907447967983
v 0.42425706314339784 0.4 -0.7937291379135195
v 0.42063396069662035 0.4780361288064513 -0.7869507899931667
v 0.4099038871514583 0.553073372946036 -0.7668762343413461
v 0.39247919321675767 0.6222280932078409 -0.7342769248738165
v 0.3690295001085481 0.682842712474619 -0.6904056347715118
v 0.34045596638223863 0.7325878449210181 -0.6369483131097606
v 0.3078566569147091 0.7695518130045147 -0.5759592947808129
v 0.27248434488689316 0.7923141121612922 -0.5097823535560141
v 0.2356983684129988 0.8 -0.4409606321741775
v 0.19891239193910443 0.7923141121612922 -0.3721389107923409
v 0.16354007991128852 0.7695518130045147 -0.30596196956754224
v 0.130940770443759 0.7325878449210181 -0.2449729512385945
v 0.10236723671744952 0.682842712474619 -0.1915156295768433
v 0.07891754360923989 0.6222280932078409 -0.14764433947453853
v 0.061492849674539295 0.553073372946036 -0.11504503000700901
v 0.05076277612937724 0.47803612880645147 -0.09497047435518834
v 0.04713967368259975 0.4000000000000001 -0.08819212643483548
v 0.05076277612937724 0.3219638711935487 -0.09497047435518834
v 0.06149284967453927 0.24692662705396415 -0.11504503000700897
v 0.07891754360923986 0.17777190679215923 -0.1476443394745385
v 0.10236723671744949 0.11715728752538102 -0.19151562957684323
v 0.13094077044375896 0.0674121550789819 -0.24497295123859442
v 0.1635400799112884 0.030448186995485405 -0.305961969567542
v 0.19891239193910432 0.007685887838707883 -0.37213891079234074
v 0.23569836841299877 0.0 -0.44096063217417747
v 0.27248434488689316 0.007685887838707828 -0.5097823535560141
v 0.30785665691470915 0.03044818699548535 -0.575959294780813
v 0.3404559663822386 0.0674121550789818 -0.6369483131097605
v 0.369029500108548 0.11715728752538096 -0.6904056347715116
v 0.39247919321675767 0.17777190679215915 -0.7342769248738165
v 0.4099038871514582 0.24692662705396384 -0.7668762343413459
v 0.4206339606966203 0.3219638711935485 -0.7869507899931666
v 0.5000132097176416 0.4 -0.7483226510722909
v 0.49574315922012824 0.4780361288064513 -0.7419320688908397
v 0.4830971033735355 0.553073372946036 -0.7230059088358394
v 0.46256102301205815 0.6222280932078409 -0.6922714926242908
v 0.4349241081872213 0.682842712474619 -0.6509099266351446
v 0.4012484300367829 0.7325878449210181 -0.6005107126535301
v 0.36282812598652653 0.7695518130045147 -0.5430106642085561
v 0.3211396667747487 0.7923141121612922 -0.48061947591556425
v 0.2777851165098009 0.8 -0.41573480615127273
v 0.23443056624485312 0.7923141121612922 -0.3508501363869812
v 0.19274210703307534 0.7695518130045147 -0.2884589480939893
v 0.15432180298281903 0.7325878449210181 -0.23095889964901545
v 0.12064612483238059 0.682842712474619 -0.18055968566740094
v 0.09300921000754366 0.6222280932078409 -0.13919811967825463
v 0.07247312964606635 0.553073372946036 -0.10846370346670609
v 0.05982707379947361 0.47803612880645147 -0.08953754341170578
v 0.05555702330196017 0.4000000000000001 -0.08314696123025453
v 0.05982707379947361 0.3219638711935487 -0.08953754341170578
v 0.07247312964606632 0.24692662705396415 -0.10846370346670604
v 0.09300921000754363 0.17777190679215923 -0.1391981196782546
v 0.12064612483238056 0.11715728752538102 -0.18055968566740088
v 0.15432180298281897 0.0674121550789819 -0.23095889964901534
v 0.19274210703307518 0.030448186995485405 -0.2884589480939891
v 0.234430566244853 0.007685887838707883 -0.350850136386981
v 0.27778511650980087 0.0 -0.4157348061512727
v 0.3211396667747487 0.007685887838707828 -0.48061947591556425
v 0.3628281259865266 0.03044818699548535 -0.5430106642085563
v 0.4012484300367828 0.0674121550789818 -0.6005107126535301
v 0.4349241081872212 0.11715728752538096 -0.6509099266351445
v 0.46256102301205815 0.17777190679215915 -0.6922714926242908
v 0.4830971033735354 0.24692662705396384 -0.7230059088358393
v 0.4957431592201282 0.3219638711935485 -0.7419320688908396
v 0.570953955747281 0.4 -0.6957094080264632
v 0.5660780801195697 0.4780361288064513 -0.6897681363837685
v 0.5516378304023863 0.553073372946036 -0.6721726411930098
v 0.5281881372941767 0.6222280932078409 -0.6435991074667002
v 0.49663015935035015 0.682842712474619 -0.60514560008172
v 0.4581766519653697 0.7325878449210181 -0.5582898657618981
v 0.4143053618630651 0.7695518130045147 -0.504832544100147
v 0.3667022381187647 0.7923141121612922 -0.44682796998871627
v 0.3171966420818228 0.8 -0.38650522668136844
v 0.2676910460448809 0.7923141121612922 -0.3261824833740206
v 0.22008792230058055 0.7695518130045147 -0.26817790926258994
v 0.17621663219827596 0.7325878449210181 -0.2147205876008389
v 0.13776312481329553 0.682842712474619 -0.16786485328101697
v 0.10620514686946883 0.6222280932078409 -0.12941134589603656
v 0.08275545376125927 0.553073372946036 -0.10083781216972715
v 0.06831520404407583 0.47803612880645147 -0.08324231697896836
v 0.06343932841636454 0.4000000000000001 -0.07730104533627367
v 0.06831520404407583 0.3219638711935487 -0.08324231697896836
v 0.08275545376125923 0.24692662705396415 -0.1008378121697271
v 0.10620514686946879 0.17777190679215923 -0.1294113458960365
v 0.13776312481329547 0.11715728752538102 -0.1678648532810169
v 0.17621663219827588 0.0674121550789819 -0.2147205876008388
v 0.22008792230058036 0.030448186995485405 -0.2681779092625897
v 0.26769104604488075 0.007685887838707883 -0.32618248337402045
v 0.31719664208182274 0.0 -0.3865052266813684
v 0.3667022381187647 0.007685887838707828 -0.44682796998871627
v 0.41430536186306516 0.03044818699548535 -0.5048325441001471
v 0.45817665196536966 0.0674121550789818 -0.558289865761898
v 0.49663015935035 0.11715728752538096 -0.6051456000817198
v 0.5281881372941767 0.17777190679215915 -0.6435991074667002
v 0.5516378304023862 0.24692662705396384 -0.6721726411930096
v 0.5660780801195697 0.3219638711935485 -0.6897681363837684
v 0.6363961030678926 0.4 -0.636396103067893
v 0.6309613596577031 0.4780361288064513 -0.6309613596577034
v 0.6148659835685489 0.553073372946036 -0.6148659835685493
v 0.5887285110771454 0.6222280932078409 -0.5887285110771456
v 0.5535533905932737 0.682842712474619 -0.5535533905932739
v 0.510692382270694 0.7325878449210181 -0.5106923822706942
v 0.4617926106225131 0.7695518130045147 -0.4617926106225133
v 0.40873326644986224 0.7923141121612922 -0.4087332664498624
v 0.3535533905932737 0.8 -0.35355339059327384
v 0.2983735147366851 0.7923141121612922 -0.2983735147366853
v 0.24531417056403432 0.7695518130045147 -0.24531417056403443
v 0.19641439891585338 0.7325878449210181 -0.19641439891585347
v 0.15355339059327372 0.682842712474619 -0.1535533905932738
v 0.11837827010940194 0.6222280932078409 -0.118378270109402
v 0.09224079761799842 0.553073372946036 -0.09224079761799846
v 0.07614542152884424 0.47803612880645147 -0.07614542152884428
v 0.07071067811865472 0.4000000000000001 -0.07071067811865475
v 0.07614542152884424 0.3219638711935487 -0.07614542152884428
v 0.09224079761799837 0.24692662705396415 -0.09224079761799842
v 0.1183782701094019 0.17777190679215923 -0.11837827010940195
v 0.1535533905932737 0.11715728752538102 -0.15355339059327375
v 0.1964143989158533 0.0674121550789819 -0.19641439891585338
v 0.24531417056403412 0.030448186995485405 -0.24531417056403423
v 0.29837351473668494 0.007685887838707883 -0.2983735147366851
v 0.3535533905932736 0.0 -0.3535533905932738
v 0.40873326644986224 0.007685887838707828 -0.4087332664498624
v 0.46179261062251314 0.03044818699548535 -0.46179261062251337
v 0.510692382270694 0.0674121550789818 -0.5106923822706942
v 0.5535533905932736 0.11715728752538096 -0.5535533905932738
v 0.5887285110771454 0.17777190679215915 -0.5887285110771456
v 0.6148659835685488 0.24692662705396384 -0.6148659835685492
v 0.6309613596577031 0.3219638711935485 -0.6309613596577033
v 0.6957094080264629 0.4 -0.5709539557472814
v 0.6897681363837682 0.4780361288064513 -0.5660780801195701
v 0.6721726411930095 0.553073372946036 -0.5516378304023867
v 0.6435991074667 0.6222280932078409 -0.528188137294177
v 0.6051456000817197 0.682842712474619 -0.49663015935035043
v 0.5582898657618979 0.7325878449210181 -0.45817665196536994
v 0.5048325441001468 0.7695518130045147 -0.4143053618630653
v 0.4468279699887161 0.7923141121612922 -0.3667022381187649
v 0.3865052266813683 0.8 -0.31719664208182297
v 0.32618248337402045 0.7923141121612922 -0.26769104604488103
v 0.26817790926258983 0.7695518130045147 -0.22008792230058066
v 0.2147205876008388 0.7325878449210181 -0.17621663219827605
v 0.16786485328101688 0.682842712474619 -0.13776312481329558
v 0.1294113458960365 0.6222280932078409 -0.10620514686946889
v 0.1008378121697271 0.553073372946036 -0.08275545376125931
v 0.08324231697896832 0.47803612880645147 -0.06831520404407586
v 0.07730104533627363 0.4000000000000001 -0.06343932841636458
v 0.08324231697896832 0.3219638711935487 -0.06831520404407586
v 0.10083781216972706 0.24692662705396415 -0.08275545376125927
v 0.12941134589603645 0.17777190679215923 -0.10620514686946884
v 0.16786485328101686 0.11715728752538102 -0.13776312481329556
v 0.21472058760083873 0.0674121550789819 -0.176216632198276
v 0.2681779092625896 0.030448186995485405 -0.2200879223005805
v 0.3261824833740203 0.007685887838707883 -0.2676910460448809
v 0.3865052266813682 0.0 -0.3171966420818229
v 0.4468279699887161 0.007685887838707828 -0.3667022381187649
v 0.5048325441001469 0.03044818699548535 -0.4143053618630654
v 0.5582898657618978 0.0674121550789818 -0.4581766519653699
v 0.6051456000817196 0.11715728752538096 -0.49663015935035026
v 0.6435991074667 0.17777190679215915 -0.528188137294177
v 0.6721726411930093 0.24692662705396384 -0.5516378304023866
v 0.6897681363837681 0.3219638711935485 -0.56607808011957
v 0.7483226510722907 0.4 -0.500013209717642
v 0.7419320688908395 0.4780361288064513 -0.4957431592201285
v 0.7230059088358393 0.553073372946036 -0.48309710337353584
v 0.6922714926242906 0.6222280932078409 -0.4625610230120584
v 0.6509099266351445 0.682842712474619 -0.43492410818722155
v 0.60051071265353 0.7325878449210181 -0.4012484300367831
v 0.543010664208556 0.7695518130045147 -0.36282812598652675
v 0.48061947591556414 0.7923141121612922 -0.3211396667747489
v 0.4157348061512726 0.8 -0.2777851165098011
v 0.3508501363869811 0.7923141121612922 -0.23443056624485326
v 0.28845894809398925 0.7695518130045147 -0.19274210703307545
v 0.23095889964901536 0.7325878449210181 -0.15432180298281914
v 0.18055968566740088 0.682842712474619 -0.12064612483238067
v 0.1391981196782546 0.6222280932078409 -0.09300921000754371
v 0.10846370346670606 0.553073372946036 -0.07247312964606639
v 0.08953754341170575 0.47803612880645147 -0.05982707379947364
v 0.0831469612302545 0.4000000000000001 -0.055557023301960204
v 0.08953754341170575 0.3219638711935487 -0.05982707379947364
v 0.10846370346670602 0.24692662705396415 -0.07247312964606636
v 0.13919811967825454 0.17777190679215923 -0.09300921000754368
v 0.18055968566740083 0.11715728752538102 -0.12064612483238063
v 0.23095889964901528 0.0674121550789819 -0.15432180298281906
v 0.288458948093989 0.030448186995485405 -0.1927421070330753
v 0.3508501363869809 0.007685887838707883 -0.23443056624485314
v 0.41573480615127256 0.0 -0.27778511650980103
v 0.48061947591556414 0.007685887838707828 -0.3211396667747489
v 0.5430106642085561 0.03044818699548535 -0.3628281259865268
v 0.6005107126535298 0.0674121550789818 -0.40124843003678307
v 0.6509099266351442 0.11715728752538096 -0.43492410818722144
v 0.6922714926242906 0.17777190679215915 -0.4625610230120584
v 0.723005908835839 0.24692662705396384 -0.4830971033735357
v 0.7419320688908394 0.3219638711935485 -0.49574315922012846
v 0.7937291379135194 0.4 -0.4242570631433981
v 0.7869507899931665 0.4780361288064513 -0.4206339606966206
v 0.7668762343413459 0.553073372946036 -0.4099038871514586
v 0.7342769248738162 0.6222280932078409 -0.39247919321675795
v 0.6904056347715117 0.682842712474619 -0.3690295001085484
v 0.6369483131097605 0.7325878449210181 -0.34045596638223885
v 0.5759592947808126 0.7695518130045147 -0.3078566569147093
v 0.509782353556014 0.7923141121612922 -0.2724843448868933
v 0.4409606321741774 0.8 -0.23569836841299896
v 0.37213891079234085 0.7923141121612922 -0.19891239193910457
v 0.3059619695675422 0.7695518130045147 -0.16354007991128863
v 0.24497295123859444 0.7325878449210181 -0.13094077044375912
v 0.19151562957684323 0.682842712474619 -0.10236723671744959
v 0.1476443394745385 0.6222280932078409 -0.07891754360923994
v 0.11504503000700898 0.553073372946036 -0.061492849674539336
v 0.09497047435518831 0.47803612880645147 -0.050762776129377275
v 0.08819212643483547 0.4000000000000001 -0.04713967368259978
v 0.09497047435518831 0.3219638711935487 -0.050762776129377275
v 0.11504503000700894 0.24692662705396415 -0.06149284967453931
v 0.14764433947453845 0.17777190679215923 -0.07891754360923992
v 0.19151562957684318 0.11715728752538102 -0.10236723671744956
v 0.24497295123859436 0.0674121550789819 -0.13094077044375907
v 0.30596196956754196 0.030448186995485405 -0.16354007991128852
v 0.3721389107923406 0.007685887838707883 -0.19891239193910445
v 0.44096063217417736 0.0 -0.23569836841299893
v 0.509782353556014 0.007685887838707828 -0.2724843448868933
v 0.5759592947808128 0.03044818699548535 -0.30785665691470937
v 0.6369483131097604 0.0674121550789818 -0.3404559663822388
v 0.6904056347715115 0.11715728752538096 -0.3690295001085483
v 0.7342769248738162 0.17777190679215915 -0.39247919321675795
v 0.7668762343413457 0.24692662705396384 -0.4099038871514585
v 0.7869507899931664 0.3219638711935485 -0.42063396069662057
v 0.8314915792601579 0.4 -0.3444150891285814
v 0.8243907447967983 0.4780361288064513 -0.34147382718969155
v 0.8033611224929528 0.553073372946036 -0.332763072419855
v 0.7692108689402097 0.6222280932078409 -0.3186175742398288
v 0.7232523592309186 0.682842712474619 -0.29958093621178483
v 0.6672517531193779 0.7325878449210181 -0.27638472565927097
v 0.6033611224929528 0.7695518130045147 -0.24992035994523581
v 0.534035748456338 0.7923141121612922 -0.22120484980268226
v 0.46193976625564326 0.8 -0.1913417161825452
v 0.3898437840549485 0.7923141121612922 -0.16147858256240813
v 0.3205184100183338 0.7695518130045147 -0.1327630724198546
v 0.25662777939190873 0.7325878449210181 -0.10629870670581947
v 0.20062717328036803 0.682842712474619 -0.08310249615330563
v 0.15466866357107673 0.6222280932078409 -0.06406585812526157
v 0.12051841001833381 0.553073372946036 -0.04992035994523545
v 0.0994887877144882 0.47803612880645147 -0.04120960517539885
v 0.09238795325112863 0.4000000000000001 -0.03826834323650903
v 0.0994887877144882 0.3219638711935487 -0.04120960517539885
v 0.12051841001833377 0.24692662705396415 -0.04992035994523543
v 0.15466866357107667 0.17777190679215923 -0.06406585812526154
v 0.20062717328036797 0.11715728752538102 -0.0831024961533056
v 0.2566277793919086 0.0674121550789819 -0.10629870670581942
v 0.32051841001833353 0.030448186995485405 -0.1327630724198545
v 0.3898437840549483 0.007685887838707883 -0.16147858256240802
v 0.4619397662556432 0.0 -0.19134171618254517
v 0.534035748456338 0.007685887838707828 -0.22120484980268226
v 0.6033611224929529 0.03044818699548535 -0.24992035994523584
v 0.6672517531193778 0.0674121550789818 -0.2763847256592709
v 0.7232523592309184 0.11715728752538096 -0.2995809362117847
v 0.7692108689402097 0.17777190679215915 -0.3186175742398288
v 0.8033611224929526 0.24692662705396384 -0.33276307241985487
v 0.8243907447967982 0.3219638711935485 -0.3414738271896915
v 0.861246302158988 0.4 -0.26125620952901624
v 0.8538913660702148 0.4780361288064513 -0.25902511405834294
v 0.8321092038730913 0.553073372946036 -0.2524175673940483
v 0.7967368918452753 0.6222280932078409 -0.24168749384888621
v 0.7491337681009751 0.682842712474619 -0.2272472441317028
v 0.6911291939895442 0.7325878449210181 -0.20965174894094393
v 0.6249522527647456 0.7695518130045147 -0.18957719328912326
v 0.5531460871653918 0.7923141121612922 -0.1677950310919996
v 0.4784701678661044 0.8 -0.14514233862723125
v 0.40379424856681706 0.7923141121612922 -0.12248964616246287
v 0.3319880829674632 0.7695518130045147 -0.10070748396533924
v 0.2658111417426647 0.7325878449210181 -0.08063292831351858
v 0.2078065676312339 0.682842712474619 -0.06303743312275974
v 0.16020344388693347 0.6222280932078409 -0.04859718340557626
v 0.12483113185911764 0.553073372946036 -0.037867109860414215
v 0.10304896966199403 0.47803612880645147 -0.03125956319611954
v 0.09569403357322086 0.4000000000000001 -0.029028467725446244
v 0.10304896966199403 0.3219638711935487 -0.03125956319611954
v 0.12483113185911758 0.24692662705396415 -0.0378671098604142
v 0.16020344388693342 0.17777190679215923 -0.04859718340557625
v 0.20780656763123384 0.11715728752538102 -0.06303743312275972
v 0.26581114174266457 0.0674121550789819 -0.08063292831351855
v 0.33198808296746296 0.030448186995485405 -0.10070748396533917
v 0.40379424856681684 0.007685887838707883 -0.12248964616246281
v 0.47847016786610436 0.0 -0.14514233862723122
v 0.5531460871653918 0.007685887838707828 -0.1677950310919996
v 0.6249522527647458 0.03044818699548535 -0.1895771932891233
v 0.6911291939895442 0.0674121550789818 -0.2096517489409439
v 0.7491337681009749 0.11715728752538096 -0.22724724413170272
v 0.7967368918452753 0.17777190679215915 -0.24168749384888621
v 0.8321092038730911 0.24692662705396384 -0.25241756739404825
v 0.8538913660702147 0.3219638711935485 -0.25902511405834294
v 0.8827067523629073 0.4 -0.17558128981451585
v 0.8751685467038725 0.4780361288064513 -0.1740818474810825
v 0.8528436187427704 0.553073372946036 -0.16964114320875934
v 0.8165899029411819 0.6222280932078409 -0.16242983077235607
v 0.7678006092660448 0.682842712474619 -0.1527250368646531
v 0.7083506829119426 0.7325878449210181 -0.1408997112730123
v 0.6405247512087613 0.7695518130045147 -0.12740829462820147
v 0.566929326674633 0.7923141121612922 -0.11276925450580703
v 0.49039264020161516 0.8 -0.09754516100806436
v 0.41385595372859724 0.7923141121612922 -0.08232106751032169
v 0.3402605291944691 0.7695518130045147 -0.06768202738792725
v 0.27243459749128784 0.7325878449210181 -0.05419061074311644
v 0.2129846711371857 0.682842712474619 -0.04236528515147563
v 0.16419537746204826 0.6222280932078409 -0.03266049124377264
v 0.12794166166046003 0.553073372946036 -0.025449178807369396
v 0.10561673369935784 0.47803612880645147 -0.021008474535046225
v 0.09807852804032301 0.4000000000000001 -0.019509032201612868
v 0.10561673369935784 0.3219638711935487 -0.021008474535046225
v 0.12794166166045998 0.24692662705396415 -0.025449178807369386
v 0.1641953774620482 0.17777190679215923 -0.032660491243772634
v 0.21298467113718567 0.11715728752538102 -0.04236528515147562
v 0.27243459749128773 0.0674121550789819 -0.054190610743116416
v 0.3402605291944688 0.030448186995485405 -0.0676820273879272
v 0.413855953728597 0.007685887838707883 -0.08232106751032164
v 0.4903926402016151 0.0 -0.09754516100806435
v 0.566929326674633 0.007685887838707828 -0.11276925450580703
v 0.6405247512087614 0.03044818699548535 -0.1274082946282015
v 0.7083506829119425 0.0674121550789818 -0.1408997112730123
v 0.7678006092660445 0.11715728752538096 -0.15272503686465308
v 0.8165899029411819 0.17777190679215915 -0.16242983077235607
v 0.8528436187427701 0.24692662705396384 -0.16964114320875928
v 0.8751685467038723 0.3219638711935485 -0.17408184748108246
v 0.8956662540049772 0.4 -0.08821542629660446
v 0.8880173758169796 0.4780361288064513 -0.08746207754976057
v 0.8653646833522114 0.553073372946036 -0.08523098207908729
v 0.8285787068783169 0.6222280932078409 -0.0816078796323098
v 0.7790731108413751 0.682842712474619 -0.07673200400459852
v 0.7187503675340271 0.7325878449210181 -0.07079073236190385
v 0.6499286461521905 0.7695518130045147 -0.06401238444155101
v 0.5752527268529031 0.7923141121612922 -0.05665744835277785
v 0.49759236333609846 0.8 -0.04900857016478025
v 0.4199319998192939 0.7923141121612922 -0.04135969197678266
v 0.34525608052000645 0.7695518130045147 -0.034004755888009504
v 0.27643435913816994 0.7325878449210181 -0.027226407967656675
v 0.21611161583082197 0.682842712474619 -0.021285136324961988
v 0.16660601979387998 0.6222280932078409 -0.016409260697250707
v 0.12982004331998565 0.553073372946036 -0.01278615825047323
v 0.10716735085521728 0.47803612880645147 -0.010555062779799937
v 0.09951847266721967 0.4000000000000001 -0.009801714032956049
v 0.10716735085521728 0.3219638711935487 -0.010555062779799937
v 0.1298200433199856 0.24692662705396415 -0.012786158250473224
v 0.16660601979387993 0.17777190679215923 -0.016409260697250704
v 0.21611161583082192 0.11715728752538102 -0.021285136324961984
v 0.2764343591381698 0.0674121550789819 -0.027226407967656664
v 0.34525608052000617 0.030448186995485405 -0.034004755888009476
v 0.4199319998192937 0.007685887838707883 -0.04135969197678264
v 0.4975923633360984 0.0 -0.049008570164780246
v 0.5752527268529031 0.007685887838707828 -0.05665744835277785
v 0.6499286461521906 0.03044818699548535 -0.06401238444155102
v 0.718750367534027 0.0674121550789818 -0.07079073236190384
v 0.7790731108413749 0.11715728752538096 -0.07673200400459851
v 0.8285787068783169 0.17777190679215915 -0.0816078796323098
v 0.8653646833522112 0.24692662705396384 -0.08523098207908726
v 0.8880173758169795 0.3219638711935485 -0.08746207754976056
v 0.0 0.9 0.0
v 0.0 0.7999999999999999 0.0
v 0.6 0.9 0.0
v 0.6 0.7999999999999999 0.0
v 0.5971108360033182 0.9 0.05881028419773636
v 0.5971108360033182 0.7999999999999999 0.05881028419773636
v 0.5884711682419382 0.9 0.11705419320967694
v 0.5884711682419382 0.7999999999999999 0.11705419320967694
v 0.5741642014393252 0.9 0.1741708063526774
v 0.5741642014393252 0.7999999999999999 0.1741708063526774
v 0.5543277195067721 0.9 0.22961005941905385
v 0.5543277195067721 0.7999999999999999 0.22961005941905385
v 0.529152758609013 0.9 0.2828380420955986
v 0.529152758609013 0.7999999999999999 0.2828380420955986
v 0.4988817673815271 0.9 0.3333421398117613
v 0.4988817673815271 0.7999999999999999 0.3333421398117613
v 0.4638062720176422 0.9 0.38063597049818726
v 0.4638062720176422 0.7999999999999999 0.38063597049818726
v 0.4242640687119285 0.9 0.4242640687119285
v 0.4242640687119285 0.7999999999999999 0.4242640687119285
v 0.38063597049818726 0.9 0.46380627201764213
v 0.38063597049818726 0.7999999999999999 0.46380627201764213
v 0.33334213981176136 0.9 0.4988817673815271
v 0.33334213981176136 0.7999999999999999 0.4988817673815271
v 0.28283804209559865 0.9 0.5291527586090129
v 0.28283804209559865 0.7999999999999999 0.5291527586090129
v 0.22961005941905388 0.9 0.5543277195067721
v 0.22961005941905388 0.7999999999999999 0.5543277195067721
v 0.1741708063526774 0.9 0.5741642014393253
v 0.1741708063526774 0.7999999999999999 0.5741642014393253
v 0.117054193209677 0.9 0.5884711682419382
v 0.117054193209677 0.7999999999999999 0.5884711682419382
v 0.05881028419773646 0.9 0.597110836003318
v 0.05881028419773646 0.7999999999999999 0.597110836003318
v 3.6739403974420595e-17 0.9 0.6
v 3.6739403974420595e-17 0.7999999999999999 0.6
v -0.05881028419773639 0.9 0.5971108360033182
v -0.05881028419773639 0.7999999999999999 0.5971108360033182
v -0.11705419320967692 0.9 0.5884711682419382
v -0.11705419320967692 0.7999999999999999 0.5884711682419382
v -0.1741708063526773 0.9 0.5741642014393253
v -0.1741708063526773 0.7999999999999999 0.5741642014393253
v -0.22961005941905382 0.9 0.5543277195067721
v -0.22961005941905382 0.7999999999999999 0.5543277195067721
v -0.2828380420955986 0.9 0.529152758609013
v -0.2828380420955986 0.7999999999999999 0.529152758609013
v -0.33334213981176114 0.9 0.4988817673815272
v -0.33334213981176114 0.7999999999999999 0.4988817673815272
v -0.3806359704981872 0.9 0.46380627201764224
v -0.3806359704981872 0.7999999999999999 0.46380627201764224
v -0.42426406871192845 0.9 0.4242640687119285
v -0.42426406871192845 0.7999999999999999 0.4242640687119285
v -0.4638062720176422 0.9 0.38063597049818726
v -0.4638062720176422 0.7999999999999999 0.38063597049818726
v -0.4988817673815272 0.9 0.3333421398117613
v -0.4988817673815272 0.7999999999999999 0.3333421398117613
v -0.5291527586090129 0.9 0.28283804209559865
v -0.5291527586090129 0.7999999999999999 0.28283804209559865
v -0.5543277195067721 0.9 0.22961005941905394
v -0.5543277195067721 0.7999999999999999 0.22961005941905394
v -0.5741642014393252 0.9 0.17417080635267743
v -0.5741642014393252 0.7999999999999999 0.17417080635267743
v -0.5884711682419382 0.9 0.11705419320967717
v -0.5884711682419382 0.7999999999999999 0.11705419320967717
v -0.597110836003318 0.9 0.05881028419773649
v -0.597110836003318 0.7999999999999999 0.05881028419773649
v -0.6 0.9 7.347880794884119e-17
v -0.6 0.7999999999999999 7.347880794884119e-17
v -0.5971108360033182 0.9 -0.05881028419773635
v -0.5971108360033182 0.7999999999999999 -0.05881028419773635
v -0.5884711682419382 0.9 -0.11705419320967701
v -0.5884711682419382 0.7999999999999999 -0.11705419320967701
v -0.5741642014393253 0.9 -0.17417080635267726
v -0.5741642014393253 0.7999999999999999 -0.17417080635267726
v -0.5543277195067721 0.9 -0.2296100594190538
v -0.5543277195067721 0.7999999999999999 -0.2296100594190538
v -0.529152758609013 0.9 -0.2828380420955986
v -0.529152758609013 0.7999999999999999 -0.2828380420955986
v -0.49888176738152723 0.9 -0.33334213981176114
v -0.49888176738152723 0.7999999999999999 -0.33334213981176114
v -0.46380627201764224 0.9 -0.38063597049818715
v -0.46380627201764224 0.7999999999999999 -0.38063597049818715
v -0.4242640687119286 0.9 -0.42426406871192845
v -0.4242640687119286 0.7999999999999999 -0.42426406871192845
v -0.38063597049818754 0.9 -0.46380627201764196
v -0.38063597049818754 0.7999999999999999 -0.46380627201764196
v -0.3333421398117613 0.9 -0.4988817673815271
v -0.3333421398117613 0.7999999999999999 -0.4988817673815271
v -0.2828380420955987 0.9 -0.5291527586090129
v -0.2828380420955987 0.7999999999999999 -0.5291527586090129
v -0.22961005941905419 0.9 -0.5543277195067718
v -0.22961005941905419 0.7999999999999999 -0.5543277195067718
v -0.17417080635267745 0.9 -0.5741642014393252
v -0.17417080635267745 0.7999999999999999 -0.5741642014393252
v -0.1170541932096772 0.9 -0.5884711682419381
v -0.1170541932096772 0.7999999999999999 -0.5884711682419381
v -0.05881028419773627 0.9 -0.5971108360033182
v -0.05881028419773627 0.7999999999999999 -0.5971108360033182
v -1.1021821192326178e-16 0.9 -0.6
v -1.1021821192326178e-16 0.7999999999999999 -0.6
v 0.058810284197736054 0.9 -0.5971108360033182
v 0.058810284197736054 0.7999999999999999 -0.5971108360033182
v 0.11705419320967697 0.9 -0.5884711682419382
v 0.11705419320967697 0.7999999999999999 -0.5884711682419382
v 0.17417080635267723 0.9 -0.5741642014393253
v 0.17417080635267723 0.7999999999999999 -0.5741642014393253
v 0.229610059419054 0.9 -0.554327719506772
v 0.229610059419054 0.7999999999999999 -0.554327719506772
v 0.28283804209559854 0.9 -0.529152758609013
v 0.28283804209559854 0.7999999999999999 -0.529152758609013
v 0.3333421398117611 0.9 -0.49888176738152723
v 0.3333421398117611 0.7999999999999999 -0.49888176738152723
v 0.38063597049818737 0.9 -0.46380627201764213
v 0.38063597049818737 0.7999999999999999 -0.46380627201764213
v 0.4242640687119284 0.9 -0.4242640687119286
v 0.4242640687119284 0.7999999999999999 -0.4242640687119286
v 0.4638062720176419 0.9 -0.38063597049818754
v 0.4638062720176419 0.7999999999999999 -0.38063597049818754
v 0.4988817673815271 0.9 -0.3333421398117613
v 0.4988817673815271 0.7999999999999999 -0.3333421398117613
v 0.5291527586090129 0.9 -0.28283804209559876
v 0.5291527586090129 0.7999999999999999 -0.28283804209559876
v 0.5543277195067718 0.9 -0.2296100594190542
v 0.5543277195067718 0.7999999999999999 -0.2296100594190542
v 0.5741642014393252 0.9 -0.17417080635267748
v 0.5741642014393252 0.7999999999999999 -0.17417080635267748
v 0.5884711682419381 0.9 -0.11705419320967722
v 0.5884711682419381 0.7999999999999999 -0.11705419320967722
v 0.5971108360033182 0.9 -0.058810284197736304
v 0.5971108360033182 0.7999999999999999 -0.058810284197736304
v 0.7 1.0 0.0
v 0.698078528040323 1.019509032201613 0.0
v 0.6923879532511287 1.038268343236509 0.0
v 0.6831469612302545 1.0555570233019602 0.0
v 0.6707106781186547 1.0707106781186548 0.0
v 0.6555570233019602 1.0831469612302544 0.0
v 0.6382683432365089 1.0923879532511287 0.0
v 0.6195090322016128 1.0980785280403231 0.0
v 0.6 1.1 0.0
v 0.5804909677983872 1.0980785280403231 0.0
v 0.561731656763491 1.0923879532511287 0.0
v 0.5444429766980398 1.0831469612302544 0.0
v 0.5292893218813453 1.0707106781186548 0.0
v 0.5168530387697454 1.0555570233019602 0.0
v 0.5076120467488713 1.038268343236509 0.0
v 0.501921471959677 1.019509032201613 0.0
v 0.5 1.0 0.0
v 0.501921471959677 0.9804909677983872 0.0
v 0.5076120467488713 0.961731656763491 0.0
v 0.5168530387697454 0.9444429766980398 0.0
v 0.5292893218813453 0.9292893218813453 0.0
v 0.5444429766980398 0.9168530387697454 0.0
v 0.5617316567634909 0.9076120467488713 0.0
v 0.5804909677983872 0.901921471959677 0.0
v 0.6 0.9 0.0
v 0.6195090322016128 0.901921471959677 0.0
v 0.6382683432365089 0.9076120467488713 0.0
v 0.6555570233019602 0.9168530387697454 0.0
v 0.6707106781186547 0.9292893218813453 0.0
v 0.6831469612302545 0.9444429766980398 0.0
v 0.6923879532511287 0.9617316567634909 0.0
v 0.698078528040323 0.9804909677983871 0.0
v 0.6966293086705379 1.0 0.06861199823069242
v 0.6947170891235384 1.019509032201613 0.06842366104398144
v 0.6890539160073463 1.038268343236509 0.06786588717631313
v 0.6798574218888728 1.0555570233019602 0.06696011156461876
v 0.6674810228796373 1.0707106781186548 0.06574114265769093
v 0.6524003370528003 1.0831469612302544 0.06425582474701726
v 0.6351949067073411 1.0923879532511287 0.06256123776692905
v 0.6165259268825193 1.0980785280403231 0.06072250374473576
v 0.5971108360033182 1.1 0.05881028419773636
v 0.577695745124117 1.0980785280403231 0.05689806465073696
v 0.5590267652992952 1.0923879532511287 0.05505933062854367
v 0.541821334953836 1.0831469612302544 0.053364743648455455
v 0.526740649126999 1.0707106781186548 0.05187942573778179
v 0.5143642501177635 1.0555570233019602 0.05066045683085396
v 0.5051677559992899 1.038268343236509 0.049754681219159595
v 0.49950458288309785 1.019509032201613 0.04919690735149127
v 0.49759236333609846 1.0 0.0490085701647803
v 0.49950458288309785 0.9804909677983872 0.04919690735149127
v 0.5051677559992899 0.961731656763491 0.049754681219159595
v 0.5143642501177635 0.9444429766980398 0.05066045683085396
v 0.526740649126999 0.9292893218813453 0.05187942573778179
v 0.541821334953836 0.9168530387697454 0.053364743648455455
v 0.5590267652992951 0.9076120467488713 0.05505933062854366
v 0.577695745124117 0.901921471959677 0.05689806465073696
v 0.5971108360033182 0.9 0.05881028419773636
v 0.6165259268825193 0.901921471959677 0.06072250374473576
v 0.6351949067073411 0.9076120467488713 0.06256123776692905
v 0.6524003370528003 0.9168530387697454 0.06425582474701726
v 0.6674810228796373 0.9292893218813453 0.06574114265769093
v 0.6798574218888728 0.9444429766980398 0.06696011156461876
v 0.6890539160073463 0.9617316567634909 0.06786588717631313
v 0.6947170891235384 0.9804909677983871 0.06842366104398144
v 0.6865496962822613 1.0 0.13656322541128976
v 0.6846651448675025 1.019509032201613 0.13618836482793142
v 0.679083912877227 1.038268343236509 0.13507818875985064
v 0.67002048392683 1.0555570233019602 0.13327536065074982
v 0.6578231605080456 1.0707106781186548 0.13084916217382409
v 0.6429606789195201 1.0831469612302544 0.1278928307759139
v 0.6260041959937247 1.0923879532511287 0.1245199766147112
v 0.6076053398601927 1.0980785280403231 0.1208602165841126
v 0.5884711682419382 1.1 0.11705419320967694
v 0.5693369966236838 1.0980785280403231 0.11324816983524129
v 0.5509381404901518 1.0923879532511287 0.10958840980464268
v 0.5339816575643563 1.0831469612302544 0.10621555564343999
v 0.5191191759758309 1.0707106781186548 0.1032592242455298
v 0.5069218525570465 1.0555570233019602 0.10083302576860405
v 0.49785842360664945 1.038268343236509 0.09903019765950324
v 0.4922771916163739 1.019509032201613 0.09792002159142246
v 0.4903926402016152 1.0 0.09754516100806412
v 0.4922771916163739 0.9804909677983872 0.09792002159142246
v 0.49785842360664945 0.961731656763491 0.09903019765950324
v 0.5069218525570465 0.9444429766980398 0.10083302576860405
v 0.5191191759758309 0.9292893218813453 0.1032592242455298
v 0.5339816575643563 0.9168530387697454 0.10621555564343999
v 0.5509381404901517 0.9076120467488713 0.10958840980464267
v 0.5693369966236838 0.901921471959677 0.11324816983524129
v 0.5884711682419382 0.9 0.11705419320967694
v 0.6076053398601927 0.901921471959677 0.1208602165841126
v 0.6260041959937247 0.9076120467488713 0.1245199766147112
v 0.6429606789195201 0.9168530387697454 0.1278928307759139
v 0.6578231605080456 0.9292893218813453 0.13084916217382409
v 0.67002048392683 0.9444429766980398 0.13327536065074982
v 0.679083912877227 0.9617316567634909 0.13507818875985064
v 0.6846651448675025 0.9804909677983871 0.13618836482793142
v 0.6698582350125462 1.0 0.20319927407812363
v 0.6680195009903528 1.019509032201613 0.2026415002104553
v 0.662573960441072 1.038268343236509 0.20098961354438163
v 0.653730882434118 1.0555570233019602 0.19830709515809114
v 0.6418301014980429 1.0707106781186548 0.19469703272879524
v 0.6273289579701853 1.0831469612302544 0.19029815893110555
v 0.6107847226639855 1.0923879532511287 0.18527952001815037
v 0.5928331812641471 1.0980785280403231 0.17983397946886948
v 0.5741642014393252 1.1 0.1741708063526774
v 0.5554952216145034 1.0980785280403231 0.1685076332364853
v 0.537543680214665 1.0923879532511287 0.1630620926872044
v 0.5209994449084653 1.0831469612302544 0.15804345377424922
v 0.5064983013806077 1.0707106781186548 0.15364457997655953
v 0.49459752044453253 1.0555570233019602 0.15003451754726366
v 0.48575444243757854 1.038268343236509 0.14735199916097313
v 0.4803089018882977 1.019509032201613 0.1457001124948995
v 0.4784701678661044 1.0 0.14514233862723117
v 0.4803089018882977 0.9804909677983872 0.1457001124948995
v 0.48575444243757854 0.961731656763491 0.14735199916097313
v 0.49459752044453253 0.9444429766980398 0.15003451754726366
v 0.5064983013806077 0.9292893218813453 0.15364457997655953
v 0.5209994449084653 0.9168530387697454 0.15804345377424922
v 0.5375436802146649 0.9076120467488713 0.16306209268720437
v 0.5554952216145034 0.901921471959677 0.1685076332364853
v 0.5741642014393252 0.9 0.1741708063526774
v 0.5928331812641471 0.901921471959677 0.17983397946886948
v 0.6107847226639855 0.9076120467488713 0.18527952001815037
v 0.6273289579701853 0.9168530387697454 0.19029815893110555
v 0.6418301014980429 0.9292893218813453 0.19469703272879524
v 0.653730882434118 0.9444429766980398 0.19830709515809114
v 0.662573960441072 0.9617316567634909 0.20098961354438163
v 0.6680195009903528 0.9804909677983871 0.2026415002104553
v 0.6467156727579007 1.0 0.26787840265556284
v 0.6449404641420607 1.019509032201613 0.2671430871708404
v 0.6396830585660994 1.038268343236509 0.26496539847838124
v 0.6311454951779137 1.0555570233019602 0.26142902393337475
v 0.6196558677505908 1.0707106781186548 0.2566698644263637
v 0.6056557162227056 1.0831469612302544 0.2508708117882353
v 0.5896830585660994 1.0923879532511287 0.24425472035972648
v 0.5723517150569457 1.0980785280403231 0.2370758428240881
v 0.5543277195067721 1.1 0.22961005941905385
v 0.5363037239565983 1.0980785280403231 0.2221442760140196
v 0.5189723804474446 1.0923879532511287 0.21496539847838125
v 0.5029997227908384 1.0831469612302544 0.20834930704987245
v 0.48899957126295324 1.0707106781186548 0.202550254411744
v 0.47750994383563033 1.0555570233019602 0.197791094904733
v 0.4689723804474446 1.038268343236509 0.19425472035972646
v 0.4637149748714833 1.019509032201613 0.19207703166726733
v 0.46193976625564337 1.0 0.1913417161825449
v 0.4637149748714833 0.9804909677983872 0.19207703166726733
v 0.4689723804474446 0.961731656763491 0.19425472035972646
v 0.47750994383563033 0.9444429766980398 0.197791094904733
v 0.48899957126295324 0.9292893218813453 0.202550254411744
v 0.5029997227908384 0.9168530387697454 0.20834930704987245
v 0.5189723804474445 0.9076120467488713 0.2149653984783812
v 0.5363037239565983 0.901921471959677 0.2221442760140196
v 0.5543277195067721 0.9 0.22961005941905385
v 0.5723517150569457 0.901921471959677 0.2370758428240881
v 0.5896830585660994 0.9076120467488713 0.24425472035972648
v 0.6056557162227056 0.9168530387697454 0.2508708117882353
v 0.6196558677505908 0.9292893218813453 0.2566698644263637
v 0.6311454951779137 0.9444429766980398 0.26142902393337475
v 0.6396830585660994 0.9617316567634909 0.26496539847838124
v 0.6449404641420607 0.9804909677983871 0.2671430871708404
v 0.6173448850438485 1.0 0.32997771577819834
v 0.6156502980637603 1.019509032201613 0.32907194016650393
v 0.6106316591508052 1.038268343236509 0.32638942178021346
v 0.6024818317839228 1.0555570233019602 0.3220332482965383
v 0.5915140092583465 1.0707106781186548 0.3161708250194859
v 0.5781496788429088 1.0831469612302544 0.3090274415879085
v 0.5629024242606718 1.0923879532511287 0.30087761422102616
v 0.5463581889544722 1.0980785280403231 0.29203453621407216
v 0.529152758609013 1.1 0.2828380420955986
v 0.5119473282635538 1.0980785280403231 0.273641547977125
v 0.4954030929573542 1.0923879532511287 0.26479846997017104
v 0.4801558383751172 1.0831469612302544 0.2566486426032886
v 0.4667915079596795 1.0707106781186548 0.24950525917171126
v 0.45582368543410323 1.0555570233019602 0.24364283589465885
v 0.4476738580672209 1.038268343236509 0.23928666241098367
v 0.44265521915426576 1.019509032201613 0.23660414402469318
v 0.4409606321741775 1.0 0.23569836841299882
v 0.44265521915426576 0.9804909677983872 0.23660414402469318
v 0.4476738580672209 0.961731656763491 0.23928666241098367
v 0.45582368543410323 0.9444429766980398 0.24364283589465885
v 0.4667915079596795 0.9292893218813453 0.24950525917171126
v 0.4801558383751172 0.9168530387697454 0.2566486426032886
v 0.49540309295735413 0.9076120467488713 0.264798469970171
v 0.5119473282635538 0.901921471959677 0.273641547977125
v 0.529152758609013 0.9 0.2828380420955986
v 0.5463581889544722 0.901921471959677 0.29203453621407216
v 0.5629024242606718 0.9076120467488713 0.30087761422102616
v 0.5781496788429088 0.9168530387697454 0.3090274415879085
v 0.5915140092583465 0.9292893218813453 0.3161708250194859
v 0.6024818317839228 0.9444429766980398 0.3220332482965383
v 0.6106316591508052 0.9617316567634909 0.32638942178021346
v 0.6156502980637603 0.9804909677983871 0.32907194016650393
v 0.5820287286117817 1.0 0.3888991631137215
v 0.5804310830664188 1.019509032201613 0.38783165048934315
v 0.5756995430526688 1.038268343236509 0.384670136527695
v 0.5680159389997816 1.0555570233019602 0.37953611643732565
v 0.557675547502495 1.0707106781186548 0.3726268877311164
v 0.5450757440070915 1.0831469612302544 0.3642079681935068
v 0.530700731895848 1.0923879532511287 0.3546028921809427
v 0.5151029348226001 1.0980785280403231 0.34418077737799824
v 0.4988817673815271 1.1 0.3333421398117613
v 0.48266059994045424 1.0980785280403231 0.3225035022455243
v 0.4670628028672063 1.0923879532511287 0.3120813874425799
v 0.45268779075596277 1.0831469612302544 0.3024763114300158
v 0.4400879872605592 1.0707106781186548 0.2940573918924062
v 0.4297475957632726 1.0555570233019602 0.28714816318619696
v 0.4220639917103855 1.038268343236509 0.2820141430958276
v 0.4173324516966354 1.019509032201613 0.27885262913417946
v 0.4157348061512726 1.0 0.2777851165098011
v 0.4173324516966354 0.9804909677983872 0.27885262913417946
v 0.4220639917103855 0.961731656763491 0.2820141430958276
v 0.4297475957632726 0.9444429766980398 0.28714816318619696
v 0.4400879872605592 0.9292893218813453 0.2940573918924062
v 0.45268779075596277 0.9168530387697454 0.3024763114300158
v 0.4670628028672062 0.9076120467488713 0.31208138744257985
v 0.48266059994045424 0.901921471959677 0.3225035022455243
v 0.4988817673815271 0.9 0.3333421398117613
v 0.5151029348226001 0.901921471959677 0.34418077737799824
v 0.530700731895848 0.9076120467488713 0.3546028921809427
v 0.5450757440070915 0.9168530387697454 0.3642079681935068
v 0.557675547502495 0.9292893218813453 0.3726268877311164
v 0.5680159389997816 0.9444429766980398 0.37953611643732565
v 0.5756995430526688 0.9617316567634909 0.384670136527695
v 0.5804310830664188 0.9804909677983871 0.38783165048934315
v 0.5411073173539158 1.0 0.44407529891455183
v 0.5396219994432422 1.019509032201613 0.442856330007624
v 0.5352231256455525 1.038268343236509 0.4392462675783282
v 0.5280797422139751 1.0555570233019602 0.43338384430127574
v 0.51846636536773 1.0707106781186548 0.4254943498153191
v 0.5067524317877746 1.0831469612302544 0.415880972969074
v 0.4933881013723368 1.0923879532511287 0.40491315044349785
v 0.47888695784447916 1.0980785280403231 0.39301236950742274
v 0.4638062720176422 1.1 0.38063597049818726
v 0.4487255861908052 1.0980785280403231 0.36825957148895183
v 0.4342244426629476 1.0923879532511287 0.3563587905528767
v 0.42086011224750974 1.0831469612302544 0.34539096802730057
v 0.4091461786675543 1.0707106781186548 0.3357775911810555
v 0.3995328018213092 1.0555570233019602 0.3278880966950988
v 0.39238941838973185 1.038268343236509 0.3220256734180464
v 0.3879905445920422 1.019509032201613 0.31841561098875054
v 0.3865052266813685 1.0 0.31719664208182274
v 0.3879905445920422 0.9804909677983872 0.31841561098875054
v 0.39238941838973185 0.961731656763491 0.3220256734180464
v 0.3995328018213092 0.9444429766980398 0.3278880966950988
v 0.4091461786675543 0.9292893218813453 0.3357775911810555
v 0.42086011224750974 0.9168530387697454 0.34539096802730057
v 0.43422444266294746 0.9076120467488713 0.35635879055287667
v 0.4487255861908052 0.901921471959677 0.36825957148895183
v 0.4638062720176422 0.9 0.38063597049818726
v 0.47888695784447916 0.901921471959677 0.39301236950742274
v 0.4933881013723368 0.9076120467488713 0.40491315044349785
v 0.5067524317877746 0.9168530387697454 0.415880972969074
v 0.51846636536773 0.9292893218813453 0.4254943498153191
v 0.5280797422139751 0.9444429766980398 0.43338384430127574
v 0.5352231256455525 0.9617316567634909 0.4392462675783282
v 0.5396219994432422 0.9804909677983871 0.442856330007624
v 0.4949747468305833 1.0 0.4949747468305833
v 0.4936160609780359 1.019509032201613 0.4936160609780359
v 0.4895922169557474 1.038268343236509 0.4895922169557474
v 0.4830578488328965 1.0555570233019602 0.4830578488328965
v 0.4742640687119285 1.0707106781186548 0.4742640687119285
v 0.4635488166312836 1.0831469612302544 0.4635488166312836
v 0.4513238737192384 1.0923879532511287 0.4513238737192384
v 0.4380590376760757 1.0980785280403231 0.4380590376760757
v 0.4242640687119285 1.1 0.4242640687119285
v 0.4104690997477814 1.0980785280403231 0.4104690997477814
v 0.3972042637046187 1.0923879532511287 0.3972042637046187
v 0.3849793207925734 1.0831469612302544 0.3849793207925734
v 0.3742640687119285 1.0707106781186548 0.3742640687119285
v 0.3654702885909606 1.0555570233019602 0.3654702885909606
v 0.3589359204681097 1.038268343236509 0.3589359204681097
v 0.3549120764458212 1.019509032201613 0.3549120764458212
v 0.3535533905932738 1.0 0.3535533905932738
v 0.3549120764458212 0.9804909677983872 0.3549120764458212
v 0.3589359204681097 0.961731656763491 0.3589359204681097
v 0.3654702885909606 0.9444429766980398 0.3654702885909606
v 0.3742640687119285 0.9292893218813453 0.3742640687119285
v 0.3849793207925734 0.9168530387697454 0.3849793207925734
v 0.3972042637046186 0.9076120467488713 0.3972042637046186
v 0.4104690997477814 0.901921471959677 0.4104690997477814
v 0.4242640687119285 0.9 0.4242640687119285
v 0.4380590376760757 0.901921471959677 0.4380590376760757
v 0.4513238737192384 0.9076120467488713 0.4513238737192384
v 0.4635488166312836 0.9168530387697454 0.4635488166312836
v 0.4742640687119285 0.9292893218813453 0.4742640687119285
v 0.4830578488328965 0.9444429766980398 0.4830578488328965
v 0.4895922169557474 0.9617316567634909 0.4895922169557474
v 0.4936160609780359 0.9804909677983871 0.4936160609780359
v 0.44407529891455183 1.0 0.5411073173539158
v 0.442856330007624 1.019509032201613 0.5396219994432421
v 0.4392462675783282 1.038268343236509 0.5352231256455524
v 0.43338384430127574 1.0555570233019602 0.5280797422139751
v 0.4254943498153191 1.0707106781186548 0.5184663653677299
v 0.415880972969074 1.0831469612302544 0.5067524317877745
v 0.40491315044349785 1.0923879532511287 0.49338810137233674
v 0.39301236950742274 1.0980785280403231 0.47888695784447904
v 0.38063597049818726 1.1 0.46380627201764213
v 0.36825957148895183 1.0980785280403231 0.44872558619080516
v 0.3563587905528767 1.0923879532511287 0.4342244426629475
v 0.34539096802730057 1.0831469612302544 0.4208601122475097
v 0.3357775911810555 1.0707106781186548 0.40914617866755426
v 0.3278880966950988 1.0555570233019602 0.3995328018213091
v 0.3220256734180464 1.038268343236509 0.3923894183897318
v 0.31841561098875054 1.019509032201613 0.38799054459204213
v 0.31719664208182274 1.0 0.38650522668136844
v 0.31841561098875054 0.9804909677983872 0.38799054459204213
v 0.3220256734180464 0.961731656763491 0.3923894183897318
v 0.3278880966950988 0.9444429766980398 0.3995328018213091
v 0.3357775911810555 0.9292893218813453 0.40914617866755426
v 0.34539096802730057 0.9168530387697454 0.4208601122475097
v 0.35635879055287667 0.9076120467488713 0.4342244426629474
v 0.36825957148895183 0.901921471959677 0.44872558619080516
v 0.38063597049818726 0.9 0.46380627201764213
v 0.39301236950742274 0.901921471959677 0.47888695784447904
v 0.40491315044349785 0.9076120467488713 0.49338810137233674
v 0.415880972969074 0.9168530387697454 0.5067524317877745
v 0.4254943498153191 0.9292893218813453 0.5184663653677299
v 0.43338384430127574 0.9444429766980398 0.5280797422139751
v 0.4392462675783282 0.9617316567634909 0.5352231256455524
v 0.442856330007624 0.9804909677983871 0.5396219994432421
v 0.3888991631137216 1.0 0.5820287286117817
v 0.3878316504893432 1.019509032201613 0.5804310830664188
v 0.38467013652769505 1.038268343236509 0.5756995430526688
v 0.3795361164373257 1.0555570233019602 0.5680159389997816
v 0.37262688773111646 1.0707106781186548 0.557675547502495
v 0.36420796819350687 1.0831469612302544 0.5450757440070915
v 0.35460289218094276 1.0923879532511287 0.530700731895848
v 0.3441807773779983 1.0980785280403231 0.5151029348226001
v 0.33334213981176136 1.1 0.4988817673815271
v 0.3225035022455244 1.0980785280403231 0.48266059994045424
v 0.31208138744257996 1.0923879532511287 0.4670628028672063
v 0.30247631143001585 1.0831469612302544 0.45268779075596277
v 0.29405739189240626 1.0707106781186548 0.4400879872605592
v 0.287148163186197 1.0555570233019602 0.4297475957632726
v 0.2820141430958277 1.038268343236509 0.4220639917103855
v 0.2788526291341795 1.019509032201613 0.4173324516966354
v 0.27778511650980114 1.0 0.4157348061512726
v 0.2788526291341795 0.9804909677983872 0.4173324516966354
v 0.2820141430958277 0.961731656763491 0.4220639917103855
v 0.287148163186197 0.9444429766980398 0.4297475957632726
v 0.29405739189240626 0.9292893218813453 0.4400879872605592
v 0.30247631143001585 0.9168530387697454 0.45268779075596277
v 0.3120813874425799 0.9076120467488713 0.4670628028672062
v 0.3225035022455244 0.901921471959677 0.48266059994045424
v 0.33334213981176136 0.9 0.4988817673815271
v 0.3441807773779983 0.901921471959677 0.5151029348226001
v 0.35460289218094276 0.9076120467488713 0.530700731895848
v 0.36420796819350687 0.9168530387697454 0.5450757440070915
v 0.37262688773111646 0.9292893218813453 0.557675547502495
v 0.3795361164373257 0.9444429766980398 0.5680159389997816
v 0.38467013652769505 0.9617316567634909 0.5756995430526688
v 0.3878316504893432 0.9804909677983871 0.5804310830664188
v 0.32997771577819845 1.0 0.6173448850438484
v 0.3290719401665041 1.019509032201613 0.6156502980637603
v 0.3263894217802136 1.038268343236509 0.6106316591508051
v 0.3220332482965384 1.0555570233019602 0.6024818317839227
v 0.316170825019486 1.0707106781186548 0.5915140092583465
v 0.3090274415879086 1.0831469612302544 0.5781496788429087
v 0.30087761422102627 1.0923879532511287 0.5629024242606717
v 0.29203453621407227 1.0980785280403231 0.5463581889544721
v 0.28283804209559865 1.1 0.5291527586090129
v 0.2736415479771251 1.0980785280403231 0.5119473282635538
v 0.2647984699701711 1.0923879532511287 0.49540309295735413
v 0.2566486426032887 1.0831469612302544 0.48015583837511716
v 0.24950525917171135 1.0707106781186548 0.4667915079596794
v 0.24364283589465893 1.0555570233019602 0.4558236854341032
v 0.23928666241098379 1.038268343236509 0.4476738580672208
v 0.23660414402469326 1.019509032201613 0.4426552191542657
v 0.2356983684129989 1.0 0.44096063217417747
v 0.23660414402469326 0.9804909677983872 0.4426552191542657
v 0.23928666241098379 0.961731656763491 0.4476738580672208
v 0.24364283589465893 0.9444429766980398 0.4558236854341032
v 0.24950525917171135 0.9292893218813453 0.4667915079596794
v 0.2566486426032887 0.9168530387697454 0.48015583837511716
v 0.26479846997017104 0.9076120467488713 0.495403092957354
v 0.2736415479771251 0.901921471959677 0.5119473282635538
v 0.28283804209559865 0.9 0.5291527586090129
v 0.29203453621407227 0.901921471959677 0.5463581889544721
v 0.30087761422102627 0.9076120467488713 0.5629024242606717
v 0.3090274415879086 0.9168530387697454 0.5781496788429087
v 0.316170825019486 0.9292893218813453 0.5915140092583465
v 0.3220332482965384 0.9444429766980398 0.6024818317839227
v 0.3263894217802136 0.9617316567634909 0.6106316591508051
v 0.3290719401665041 0.9804909677983871 0.6156502980637603
v 0.26787840265556284 1.0 0.6467156727579007
v 0.2671430871708404 1.019509032201613 0.6449404641420607
v 0.2649653984783813 1.038268343236509 0.6396830585660994
v 0.26142902393337475 1.0555570233019602 0.6311454951779137
v 0.25666986442636375 1.0707106781186548 0.6196558677505908
v 0.2508708117882353 1.0831469612302544 0.6056557162227056
v 0.2442547203597265 1.0923879532511287 0.5896830585660994
v 0.23707584282408814 1.0980785280403231 0.5723517150569457
v 0.22961005941905388 1.1 0.5543277195067721
v 0.22214427601401965 1.0980785280403231 0.5363037239565983
v 0.21496539847838128 1.0923879532511287 0.5189723804474446
v 0.20834930704987248 1.0831469612302544 0.5029997227908384
v 0.20255025441174404 1.0707106781186548 0.48899957126295324
v 0.19779109490473304 1.0555570233019602 0.47750994383563033
v 0.1942547203597265 1.038268343236509 0.4689723804474446
v 0.19207703166726736 1.019509032201613 0.4637149748714833
v 0.19134171618254492 1.0 0.46193976625564337
v 0.19207703166726736 0.9804909677983872 0.4637149748714833
v 0.1942547203597265 0.961731656763491 0.4689723804474446
v 0.19779109490473304 0.9444429766980398 0.47750994383563033
v 0.20255025441174404 0.9292893218813453 0.48899957126295324
v 0.20834930704987248 0.9168530387697454 0.5029997227908384
v 0.21496539847838123 0.9076120467488713 0.5189723804474445
v 0.22214427601401965 0.901921471959677 0.5363037239565983
v 0.22961005941905388 0.9 0.5543277195067721
v 0.23707584282408814 0.901921471959677 0.5723517150569457
v 0.2442547203597265 0.9076120467488713 0.5896830585660994
v 0.2508708117882353 0.9168530387697454 0.6056557162227056
v 0.25666986442636375 0.9292893218813453 0.6196558677505908
v 0.26142902393337475 0.9444429766980398 0.6311454951779137
v 0.2649653984783813 0.9617316567634909 0.6396830585660994
v 0.2671430871708404 0.9804909677983871 0.6449404641420607
v 0.20319927407812363 1.0 0.6698582350125463
v 0.2026415002104553 1.019509032201613 0.6680195009903529
v 0.20098961354438163 1.038268343236509 0.6625739604410721
v 0.19830709515809114 1.0555570233019602 0.6537308824341181
v 0.19469703272879524 1.0707106781186548 0.641830101498043
v 0.19029815893110555 1.0831469612302544 0.6273289579701853
v 0.18527952001815037 1.0923879532511287 0.6107847226639856
v 0.17983397946886948 1.0980785280403231 0.5928331812641472
v 0.1741708063526774 1.1 0.5741642014393253
v 0.1685076332364853 1.0980785280403231 0.5554952216145035
v 0.1630620926872044 1.0923879532511287 0.537543680214665
v 0.15804345377424922 1.0831469612302544 0.5209994449084654
v 0.15364457997655953 1.0707106781186548 0.5064983013806077
v 0.15003451754726366 1.0555570233019602 0.4945975204445326
v 0.14735199916097313 1.038268343236509 0.48575444243757865
v 0.1457001124948995 1.019509032201613 0.4803089018882978
v 0.14514233862723117 1.0 0.47847016786610447
v 0.1457001124948995 0.9804909677983872 0.4803089018882978
v 0.14735199916097313 0.961731656763491 0.48575444243757865
v 0.15003451754726366 0.9444429766980398 0.4945975204445326
v 0.15364457997655953 0.9292893218813453 0.5064983013806077
v 0.15804345377424922 0.9168530387697454 0.5209994449084654
v 0.16306209268720437 0.9076120467488713 0.5375436802146649
v 0.1685076332364853 0.901921471959677 0.5554952216145035
v 0.1741708063526774 0.9 0.5741642014393253
v 0.17983397946886948 0.901921471959677 0.5928331812641472
v 0.18527952001815037 0.9076120467488713 0.6107847226639856
v 0.19029815893110555 0.9168530387697454 0.6273289579701853
v 0.19469703272879524 0.9292893218813453 0.641830101498043
v 0.19830709515809114 0.9444429766980398 0.6537308824341181
v 0.20098961354438163 0.9617316567634909 0.6625739604410721
v 0.2026415002104553 0.9804909677983871 0.6680195009903529
v 0.13656322541128982 1.0 0.6865496962822613
v 0.13618836482793148 1.019509032201613 0.6846651448675025
v 0.1350781887598507 1.038268343236509 0.679083912877227
v 0.13327536065074988 1.0555570233019602 0.67002048392683
v 0.13084916217382414 1.0707106781186548 0.6578231605080456
v 0.12789283077591396 1.0831469612302544 0.6429606789195201
v 0.12451997661471126 1.0923879532511287 0.6260041959937247
v 0.12086021658411265 1.0980785280403231 0.6076053398601927
v 0.117054193209677 1.1 0.5884711682419382
v 0.11324816983524133 1.0980785280403231 0.5693369966236838
v 0.10958840980464274 1.0923879532511287 0.5509381404901518
v 0.10621555564344003 1.0831469612302544 0.5339816575643563
v 0.10325922424552984 1.0707106781186548 0.5191191759758309
v 0.10083302576860409 1.0555570233019602 0.5069218525570465
v 0.09903019765950329 1.038268343236509 0.49785842360664945
v 0.0979200215914225 1.019509032201613 0.4922771916163739
v 0.09754516100806417 1.0 0.4903926402016152
v 0.0979200215914225 0.9804909677983872 0.4922771916163739
v 0.09903019765950329 0.961731656763491 0.49785842360664945
v 0.10083302576860409 0.9444429766980398 0.5069218525570465
v 0.10325922424552984 0.9292893218813453 0.5191191759758309
v 0.10621555564344003 0.9168530387697454 0.5339816575643563
v 0.10958840980464271 0.9076120467488713 0.5509381404901517
v 0.11324816983524133 0.901921471959677 0.5693369966236838
v 0.117054193209677 0.9 0.5884711682419382
v 0.12086021658411265 0.901921471959677 0.6076053398601927
v 0.12451997661471126 0.9076120467488713 0.6260041959937247
v 0.12789283077591396 0.9168530387697454 0.6429606789195201
v 0.13084916217382414 0.9292893218813453 0.6578231605080456
v 0.13327536065074988 0.9444429766980398 0.67002048392683
v 0.1350781887598507 0.9617316567634909 0.679083912877227
v 0.13618836482793148 0.9804909677983871 0.6846651448675025
v 0.06861199823069253 1.0 0.6966293086705377
v 0.06842366104398157 1.019509032201613 0.6947170891235384
v 0.06786588717631324 1.038268343236509 0.6890539160073462
v 0.06696011156461887 1.0555570233019602 0.6798574218888727
v 0.06574114265769104 1.0707106781186548 0.6674810228796372
v 0.06425582474701737 1.0831469612302544 0.6524003370528002
v 0.06256123776692915 1.0923879532511287 0.635194906707341
v 0.06072250374473586 1.0980785280403231 0.6165259268825192
v 0.05881028419773646 1.1 0.597110836003318
v 0.05689806465073706 1.0980785280403231 0.5776957451241169
v 0.05505933062854376 1.0923879532511287 0.5590267652992951
v 0.053364743648455545 1.0831469612302544 0.5418213349538359
v 0.05187942573778188 1.0707106781186548 0.526740649126999
v 0.05066045683085405 1.0555570233019602 0.5143642501177634
v 0.04975468121915968 1.038268343236509 0.5051677559992899
v 0.049196907351491355 1.019509032201613 0.4995045828830978
v 0.049008570164780385 1.0 0.4975923633360984
v 0.049196907351491355 0.9804909677983872 0.4995045828830978
v 0.04975468121915968 0.961731656763491 0.5051677559992899
v 0.05066045683085405 0.9444429766980398 0.5143642501177634
v 0.05187942573778188 0.9292893218813453 0.526740649126999
v 0.053364743648455545 0.9168530387697454 0.5418213349538359
v 0.055059330628543755 0.9076120467488713 0.559026765299295
v 0.05689806465073706 0.901921471959677 0.5776957451241169
v 0.05881028419773646 0.9 0.597110836003318
v 0.06072250374473586 0.901921471959677 0.6165259268825192
v 0.06256123776692915 0.9076120467488713 0.635194906707341
v 0.06425582474701737 0.9168530387697454 0.6524003370528002
v 0.06574114265769104 0.9292893218813453 0.6674810228796372
v 0.06696011156461887 0.9444429766980398 0.6798574218888727
v 0.06786588717631324 0.9617316567634909 0.6890539160073462
v 0.06842366104398157 0.9804909677983871 0.6947170891235384
v 4.286263797015736e-17 1.0 0.7
v 4.274498174590387e-17 1.019509032201613 0.698078528040323
v 4.2396534535859096e-17 1.038268343236509 0.6923879532511287
v 4.183068697089361e-17 1.0555570233019602 0.6831469612302545
v 4.106918425559806e-17 1.0707106781186548 0.6707106781186547
v 4.014129051226562e-17 1.0831469612302544 0.6555570233019602
v 3.908266417708374e-17 1.0923879532511287 0.6382683432365089
v 3.7933987666428984e-17 1.0980785280403231 0.6195090322016128
v 3.6739403974420595e-17 1.1 0.6
v 3.5544820282412206e-17 1.0980785280403231 0.5804909677983872
v 3.439614377175745e-17 1.0923879532511287 0.561731656763491
v 3.333751743657557e-17 1.0831469612302544 0.5444429766980398
v 3.240962369324313e-17 1.0707106781186548 0.5292893218813453
v 3.164812097794758e-17 1.0555570233019602 0.5168530387697454
v 3.1082273412982094e-17 1.038268343236509 0.5076120467488713
v 3.073382620293732e-17 1.019509032201613 0.501921471959677
v 3.061616997868383e-17 1.0 0.5
v 3.073382620293732e-17 0.9804909677983872 0.501921471959677
v 3.1082273412982094e-17 0.961731656763491 0.5076120467488713
v 3.164812097794758e-17 0.9444429766980398 0.5168530387697454
v 3.240962369324313e-17 0.9292893218813453 0.5292893218813453
v 3.333751743657557e-17 0.9168530387697454 0.5444429766980398
v 3.439614377175744e-17 0.9076120467488713 0.5617316567634909
v 3.5544820282412206e-17 0.901921471959677 0.5804909677983872
v 3.6739403974420595e-17 0.9 0.6
v 3.7933987666428984e-17 0.901921471959677 0.6195090322016128
v 3.908266417708374e-17 0.9076120467488713 0.6382683432365089
v 4.014129051226562e-17 0.9168530387697454 0.6555570233019602
v 4.106918425559806e-17 0.9292893218813453 0.6707106781186547
v 4.183068697089361e-17 0.9444429766980398 0.6831469612302545
v 4.2396534535859096e-17 0.9617316567634909 0.6923879532511287
v 4.274498174590387e-17 0.9804909677983871 0.698078528040323
v -0.06861199823069244 1.0 0.6966293086705379
v -0.06842366104398148 1.019509032201613 0.6947170891235384
v -0.06786588717631316 1.038268343236509 0.6890539160073463
v -0.06696011156461878 1.0555570233019602 0.6798574218888728
v -0.06574114265769096 1.0707106781186548 0.6674810228796373
v -0.06425582474701728 1.0831469612302544 0.6524003370528003
v -0.06256123776692908 1.0923879532511287 0.6351949067073411
v -0.060722503744735784 1.0980785280403231 0.6165259268825193
v -0.05881028419773639 1.1 0.5971108360033182
v -0.05689806465073698 1.0980785280403231 0.577695745124117
v -0.05505933062854369 1.0923879532511287 0.5590267652992952
v -0.05336474364845548 1.0831469612302544 0.541821334953836
v -0.051879425737781815 1.0707106781186548 0.526740649126999
v -0.05066045683085398 1.0555570233019602 0.5143642501177635
v -0.049754681219159616 1.038268343236509 0.5051677559992899
v -0.04919690735149129 1.019509032201613 0.49950458288309785
v -0.04900857016478032 1.0 0.49759236333609846
v -0.04919690735149129 0.9804909677983872 0.49950458288309785
v -0.049754681219159616 0.961731656763491 0.5051677559992899
v -0.05066045683085398 0.9444429766980398 0.5143642501177635
v -0.051879425737781815 0.9292893218813453 0.526740649126999
v -0.05336474364845548 0.9168530387697454 0.541821334953836
v -0.05505933062854368 0.9076120467488713 0.5590267652992951
v -0.05689806465073698 0.901921471959677 0.577695745124117
v -0.05881028419773639 0.9 0.5971108360033182
v -0.060722503744735784 0.901921471959677 0.6165259268825193
v -0.06256123776692908 0.9076120467488713 0.6351949067073411
v -0.06425582474701728 0.9168530387697454 0.6524003370528003
v -0.06574114265769096 0.9292893218813453 0.6674810228796373
v -0.06696011156461878 0.9444429766980398 0.6798574218888728
v -0.06786588717631316 0.9617316567634909 0.6890539160073463
v -0.06842366104398148 0.9804909677983871 0.6947170891235384
v -0.13656322541128973 1.0 0.6865496962822613
v -0.1361883648279314 1.019509032201613 0.6846651448675025
v -0.13507818875985061 1.038268343236509 0.679083912877227
v -0.1332753606507498 1.0555570233019602 0.67002048392683
v -0.13084916217382406 1.0707106781186548 0.6578231605080456
v -0.12789283077591387 1.0831469612302544 0.6429606789195201
v -0.12451997661471116 1.0923879532511287 0.6260041959937247
v -0.12086021658411257 1.0980785280403231 0.6076053398601927
v -0.11705419320967692 1.1 0.5884711682419382
v -0.11324816983524125 1.0980785280403231 0.5693369966236838
v -0.10958840980464266 1.0923879532511287 0.5509381404901518
v -0.10621555564343996 1.0831469612302544 0.5339816575643563
v -0.10325922424552977 1.0707106781186548 0.5191191759758309
v -0.10083302576860402 1.0555570233019602 0.5069218525570465
v -0.09903019765950322 1.038268343236509 0.49785842360664945
v -0.09792002159142243 1.019509032201613 0.4922771916163739
v -0.0975451610080641 1.0 0.4903926402016152
v -0.09792002159142243 0.9804909677983872 0.4922771916163739
v -0.09903019765950322 0.961731656763491 0.49785842360664945
v -0.10083302576860402 0.9444429766980398 0.5069218525570465
v -0.10325922424552977 0.9292893218813453 0.5191191759758309
v -0.10621555564343996 0.9168530387697454 0.5339816575643563
v -0.10958840980464263 0.9076120467488713 0.5509381404901517
v -0.11324816983524125 0.901921471959677 0.5693369966236838
v -0.11705419320967692 0.9 0.5884711682419382
v -0.12086021658411257 0.901921471959677 0.6076053398601927
v -0.12451997661471116 0.9076120467488713 0.6260041959937247
v -0.12789283077591387 0.9168530387697454 0.6429606789195201
v -0.13084916217382406 0.9292893218813453 0.6578231605080456
v -0.1332753606507498 0.9444429766980398 0.67002048392683
v -0.13507818875985061 0.9617316567634909 0.679083912877227
v -0.1361883648279314 0.9804909677983871 0.6846651448675025
v -0.2031992740781235 1.0 0.6698582350125463
v -0.20264150021045518 1.019509032201613 0.6680195009903529
v -0.20098961354438152 1.038268343236509 0.6625739604410721
v -0.198307095158091 1.0555570233019602 0.6537308824341181
v -0.19469703272879513 1.0707106781186548 0.641830101498043
v -0.19029815893110544 1.0831469612302544 0.6273289579701853
v -0.1852795200181503 1.0923879532511287 0.6107847226639856
v -0.1798339794688694 1.0980785280403231 0.5928331812641472
v -0.1741708063526773 1.1 0.5741642014393253
v -0.1685076332364852 1.0980785280403231 0.5554952216145035
v -0.1630620926872043 1.0923879532511287 0.537543680214665
v -0.15804345377424914 1.0831469612302544 0.5209994449084654
v -0.15364457997655945 1.0707106781186548 0.5064983013806077
v -0.15003451754726357 1.0555570233019602 0.4945975204445326
v -0.14735199916097305 1.038268343236509 0.48575444243757865
v -0.14570011249489942 1.019509032201613 0.4803089018882978
v -0.14514233862723108 1.0 0.47847016786610447
v -0.14570011249489942 0.9804909677983872 0.4803089018882978
v -0.14735199916097305 0.961731656763491 0.48575444243757865
v -0.15003451754726357 0.9444429766980398 0.4945975204445326
v -0.15364457997655945 0.9292893218813453 0.5064983013806077
v -0.15804345377424914 0.9168530387697454 0.5209994449084654
v -0.16306209268720429 0.9076120467488713 0.5375436802146649
v -0.1685076332364852 0.901921471959677 0.5554952216145035
v -0.1741708063526773 0.9 0.5741642014393253
v -0.1798339794688694 0.901921471959677 0.5928331812641472
v -0.1852795200181503 0.9076120467488713 0.6107847226639856
v -0.19029815893110544 0.9168530387697454 0.6273289579701853
v -0.19469703272879513 0.9292893218813453 0.641830101498043
v -0.198307095158091 0.9444429766980398 0.6537308824341181
v -0.20098961354438152 0.9617316567634909 0.6625739604410721
v -0.20264150021045518 0.9804909677983871 0.6680195009903529
v -0.2678784026555628 1.0 0.6467156727579007
v -0.26714308717084034 1.019509032201613 0.6449404641420607
v -0.2649653984783812 1.038268343236509 0.6396830585660994
v -0.2614290239333747 1.0555570233019602 0.6311454951779137
v -0.25666986442636364 1.0707106781186548 0.6196558677505908
v -0.2508708117882352 1.0831469612302544 0.6056557162227056
v -0.24425472035972645 1.0923879532511287 0.5896830585660994
v -0.23707584282408808 1.0980785280403231 0.5723517150569457
v -0.22961005941905382 1.1 0.5543277195067721
v -0.22214427601401956 1.0980785280403231 0.5363037239565983
v -0.2149653984783812 1.0923879532511287 0.5189723804474446
v -0.20834930704987242 1.0831469612302544 0.5029997227908384
v -0.20255025441174399 1.0707106781186548 0.48899957126295324
v -0.19779109490473298 1.0555570233019602 0.47750994383563033
v -0.19425472035972643 1.038268343236509 0.4689723804474446
v -0.1920770316672673 1.019509032201613 0.4637149748714833
v -0.19134171618254486 1.0 0.46193976625564337
v -0.1920770316672673 0.9804909677983872 0.4637149748714833
v -0.19425472035972643 0.961731656763491 0.4689723804474446
v -0.19779109490473298 0.9444429766980398 0.47750994383563033
v -0.20255025441174399 0.9292893218813453 0.48899957126295324
v -0.20834930704987242 0.9168530387697454 0.5029997227908384
v -0.21496539847838117 0.9076120467488713 0.5189723804474445
v -0.22214427601401956 0.901921471959677 0.5363037239565983
v -0.22961005941905382 0.9 0.5543277195067721
v -0.23707584282408808 0.901921471959677 0.5723517150569457
v -0.24425472035972645 0.9076120467488713 0.5896830585660994
v -0.2508708117882352 0.9168530387697454 0.6056557162227056
v -0.25666986442636364 0.9292893218813453 0.6196558677505908
v -0.2614290239333747 0.9444429766980398 0.6311454951779137
v -0.2649653984783812 0.9617316567634909 0.6396830585660994
v -0.26714308717084034 0.9804909677983871 0.6449404641420607
v -0.32997771577819834 1.0 0.6173448850438485
v -0.329071940166504 1.019509032201613 0.6156502980637603
v -0.3263894217802135 1.038268343236509 0.6106316591508052
v -0.32203324829653834 1.0555570233019602 0.6024818317839228
v -0.3161708250194859 1.0707106781186548 0.5915140092583465
v -0.30902744158790857 1.0831469612302544 0.5781496788429088
v -0.30087761422102616 1.0923879532511287 0.5629024242606718
v -0.2920345362140722 1.0980785280403231 0.5463581889544722
v -0.2828380420955986 1.1 0.529152758609013
v -0.27364154797712503 1.0980785280403231 0.5119473282635538
v -0.26479846997017104 1.0923879532511287 0.4954030929573542
v -0.2566486426032886 1.0831469612302544 0.4801558383751172
v -0.2495052591717113 1.0707106781186548 0.4667915079596795
v -0.24364283589465888 1.0555570233019602 0.45582368543410323
v -0.2392866624109837 1.038268343236509 0.4476738580672209
v -0.2366041440246932 1.019509032201613 0.44265521915426576
v -0.23569836841299885 1.0 0.4409606321741775
v -0.2366041440246932 0.9804909677983872 0.44265521915426576
v -0.2392866624109837 0.961731656763491 0.4476738580672209
v -0.24364283589465888 0.9444429766980398 0.45582368543410323
v -0.2495052591717113 0.9292893218813453 0.4667915079596795
v -0.2566486426032886 0.9168530387697454 0.4801558383751172
v -0.264798469970171 0.9076120467488713 0.49540309295735413
v -0.27364154797712503 0.901921471959677 0.5119473282635538
v -0.2828380420955986 0.9 0.529152758609013
v -0.2920345362140722 0.901921471959677 0.5463581889544722
v -0.30087761422102616 0.9076120467488713 0.5629024242606718
v -0.30902744158790857 0.9168530387697454 0.5781496788429088
v -0.3161708250194859 0.9292893218813453 0.5915140092583465
v -0.32203324829653834 0.9444429766980398 0.6024818317839228
v -0.3263894217802135 0.9617316567634909 0.6106316591508052
v -0.329071940166504 0.9804909677983871 0.6156502980637603
v -0.38889916311372136 1.0 0.5820287286117817
v -0.387831650489343 1.019509032201613 0.5804310830664189
v -0.38467013652769483 1.038268343236509 0.5756995430526689
v -0.3795361164373255 1.0555570233019602 0.5680159389997818
v -0.37262688773111624 1.0707106781186548 0.5576755475024952
v -0.36420796819350665 1.0831469612302544 0.5450757440070916
v -0.35460289218094254 1.0923879532511287 0.530700731895848
v -0.3441807773779981 1.0980785280403231 0.5151029348226001
v -0.33334213981176114 1.1 0.4988817673815272
v -0.3225035022455242 1.0980785280403231 0.4826605999404543
v -0.3120813874425798 1.0923879532511287 0.46706280286720636
v -0.3024763114300157 1.0831469612302544 0.4526877907559628
v -0.2940573918924061 1.0707106781186548 0.44008798726055925
v -0.28714816318619685 1.0555570233019602 0.42974759576327265
v -0.2820141430958275 1.038268343236509 0.42206399171038556
v -0.27885262913417935 1.019509032201613 0.41733245169663546
v -0.277785116509801 1.0 0.4157348061512727
v -0.27885262913417935 0.9804909677983872 0.41733245169663546
v -0.2820141430958275 0.961731656763491 0.42206399171038556
v -0.28714816318619685 0.9444429766980398 0.42974759576327265
v -0.2940573918924061 0.9292893218813453 0.44008798726055925
v -0.3024763114300157 0.9168530387697454 0.4526877907559628
v -0.3120813874425797 0.9076120467488713 0.46706280286720625
v -0.3225035022455242 0.901921471959677 0.4826605999404543
v -0.33334213981176114 0.9 0.4988817673815272
v -0.3441807773779981 0.901921471959677 0.5151029348226001
v -0.35460289218094254 0.9076120467488713 0.530700731895848
v -0.36420796819350665 0.9168530387697454 0.5450757440070916
v -0.37262688773111624 0.9292893218813453 0.5576755475024952
v -0.3795361164373255 0.9444429766980398 0.5680159389997818
v -0.38467013652769483 0.9617316567634909 0.5756995430526689
v -0.387831650489343 0.9804909677983871 0.5804310830664189
v -0.4440752989145517 1.0 0.5411073173539159
v -0.4428563300076239 1.019509032201613 0.5396219994432423
v -0.4392462675783281 1.038268343236509 0.5352231256455526
v -0.4333838443012757 1.0555570233019602 0.5280797422139752
v -0.425494349815319 1.0707106781186548 0.51846636536773
v -0.41588097296907395 1.0831469612302544 0.5067524317877746
v -0.40491315044349774 1.0923879532511287 0.49338810137233685
v -0.3930123695074227 1.0980785280403231 0.4788869578444792
v -0.3806359704981872 1.1 0.46380627201764224
v -0.3682595714889517 1.0980785280403231 0.44872558619080527
v -0.35635879055287667 1.0923879532511287 0.43422444266294763
v -0.3453909680273005 1.0831469612302544 0.42086011224750985
v -0.33577759118105543 1.0707106781186548 0.40914617866755437
v -0.3278880966950987 1.0555570233019602 0.39953280182130924
v -0.32202567341804633 1.038268343236509 0.3923894183897319
v -0.3184156109887505 1.019509032201613 0.38799054459204224
v -0.3171966420818227 1.0 0.38650522668136855
v -0.3184156109887505 0.9804909677983872 0.38799054459204224
v -0.32202567341804633 0.961731656763491 0.3923894183897319
v -0.3278880966950987 0.9444429766980398 0.39953280182130924
v -0.33577759118105543 0.9292893218813453 0.40914617866755437
v -0.3453909680273005 0.9168530387697454 0.42086011224750985
v -0.3563587905528766 0.9076120467488713 0.4342244426629475
v -0.3682595714889517 0.901921471959677 0.44872558619080527
v -0.3806359704981872 0.9 0.46380627201764224
v -0.3930123695074227 0.901921471959677 0.4788869578444792
v -0.40491315044349774 0.9076120467488713 0.49338810137233685
v -0.41588097296907395 0.9168530387697454 0.5067524317877746
v -0.425494349815319 0.9292893218813453 0.51846636536773
v -0.4333838443012757 0.9444429766980398 0.5280797422139752
v -0.4392462675783281 0.9617316567634909 0.5352231256455526
v -0.4428563300076239 0.9804909677983871 0.5396219994432423
v -0.4949747468305832 1.0 0.4949747468305833
v -0.4936160609780358 1.019509032201613 0.4936160609780359
v -0.4895922169557473 1.038268343236509 0.4895922169557474
v -0.48305784883289643 1.0555570233019602 0.4830578488328965
v -0.47426406871192844 1.0707106781186548 0.4742640687119285
v -0.46354881663128356 1.0831469612302544 0.4635488166312836
v -0.4513238737192383 1.0923879532511287 0.4513238737192384
v -0.4380590376760756 1.0980785280403231 0.4380590376760757
v -0.42426406871192845 1.1 0.4242640687119285
v -0.41046909974778134 1.0980785280403231 0.4104690997477814
v -0.39720426370461864 1.0923879532511287 0.3972042637046187
v -0.38497932079257335 1.0831469612302544 0.3849793207925734
v -0.37426406871192847 1.0707106781186548 0.3742640687119285
v -0.36547028859096053 1.0555570233019602 0.3654702885909606
v -0.3589359204681096 1.038268343236509 0.3589359204681097
v -0.3549120764458211 1.019509032201613 0.3549120764458212
v -0.35355339059327373 1.0 0.3535533905932738
v -0.3549120764458211 0.9804909677983872 0.3549120764458212
v -0.3589359204681096 0.961731656763491 0.3589359204681097
v -0.36547028859096053 0.9444429766980398 0.3654702885909606
v -0.37426406871192847 0.9292893218813453 0.3742640687119285
v -0.38497932079257335 0.9168530387697454 0.3849793207925734
v -0.39720426370461853 0.9076120467488713 0.3972042637046186
v -0.41046909974778134 0.901921471959677 0.4104690997477814
v -0.42426406871192845 0.9 0.4242640687119285
v -0.4380590376760756 0.901921471959677 0.4380590376760757
v -0.4513238737192383 0.9076120467488713 0.4513238737192384
v -0.46354881663128356 0.9168530387697454 0.4635488166312836
v -0.47426406871192844 0.9292893218813453 0.4742640687119285
v -0.48305784883289643 0.9444429766980398 0.4830578488328965
v -0.4895922169557473 0.9617316567634909 0.4895922169557474
v -0.4936160609780358 0.9804909677983871 0.4936160609780359
v -0.5411073173539158 1.0 0.44407529891455183
v -0.5396219994432422 1.019509032201613 0.442856330007624
v -0.5352231256455525 1.038268343236509 0.4392462675783282
v -0.5280797422139751 1.0555570233019602 0.43338384430127574
v -0.51846636536773 1.0707106781186548 0.4254943498153191
v -0.5067524317877746 1.0831469612302544 0.415880972969074
v -0.4933881013723368 1.0923879532511287 0.40491315044349785
v -0.47888695784447916 1.0980785280403231 0.39301236950742274
v -0.4638062720176422 1.1 0.38063597049818726
v -0.4487255861908052 1.0980785280403231 0.36825957148895183
v -0.4342244426629476 1.0923879532511287 0.3563587905528767
v -0.42086011224750974 1.0831469612302544 0.34539096802730057
v -0.4091461786675543 1.0707106781186548 0.3357775911810555
v -0.3995328018213092 1.0555570233019602 0.3278880966950988
v -0.39238941838973185 1.038268343236509 0.3220256734180464
v -0.3879905445920422 1.019509032201613 0.31841561098875054
v -0.3865052266813685 1.0 0.31719664208182274
v -0.3879905445920422 0.9804909677983872 0.31841561098875054
v -0.39238941838973185 0.961731656763491 0.3220256734180464
v -0.3995328018213092 0.9444429766980398 0.3278880966950988
v -0.4091461786675543 0.9292893218813453 0.3357775911810555
v -0.42086011224750974 0.9168530387697454 0.34539096802730057
v -0.43422444266294746 0.9076120467488713 0.35635879055287667
v -0.4487255861908052 0.901921471959677 0.36825957148895183
v -0.4638062720176422 0.9 0.38063597049818726
v -0.47888695784447916 0.901921471959677 0.39301236950742274
v -0.4933881013723368 0.9076120467488713 0.40491315044349785
v -0.5067524317877746 0.9168530387697454 0.415880972969074
v -0.51846636536773 0.9292893218813453 0.4254943498153191
v -0.5280797422139751 0.9444429766980398 0.43338384430127574
v -0.5352231256455525 0.9617316567634909 0.4392462675783282
v -0.5396219994432422 0.9804909677983871 0.442856330007624
v -0.5820287286117817 1.0 0.3888991631137215
v -0.5804310830664189 1.019509032201613 0.38783165048934315
v -0.5756995430526689 1.038268343236509 0.384670136527695
v -0.5680159389997818 1.0555570233019602 0.37953611643732565
v -0.5576755475024952 1.0707106781186548 0.3726268877311164
v -0.5450757440070916 1.0831469612302544 0.3642079681935068
v -0.530700731895848 1.0923879532511287 0.3546028921809427
v -0.5151029348226001 1.0980785280403231 0.34418077737799824
v -0.4988817673815272 1.1 0.3333421398117613
v -0.4826605999404543 1.0980785280403231 0.3225035022455243
v -0.46706280286720636 1.0923879532511287 0.3120813874425799
v -0.4526877907559628 1.0831469612302544 0.3024763114300158
v -0.44008798726055925 1.0707106781186548 0.2940573918924062
v -0.42974759576327265 1.0555570233019602 0.28714816318619696
v -0.42206399171038556 1.038268343236509 0.2820141430958276
v -0.41733245169663546 1.019509032201613 0.27885262913417946
v -0.4157348061512727 1.0 0.2777851165098011
v -0.41733245169663546 0.9804909677983872 0.27885262913417946
v -0.42206399171038556 0.961731656763491 0.2820141430958276
v -0.42974759576327265 0.9444429766980398 0.28714816318619696
v -0.44008798726055925 0.9292893218813453 0.2940573918924062
v -0.4526877907559628 0.9168530387697454 0.3024763114300158
v -0.46706280286720625 0.9076120467488713 0.31208138744257985
v -0.4826605999404543 0.901921471959677 0.3225035022455243
v -0.4988817673815272 0.9 0.3333421398117613
v -0.5151029348226001 0.901921471959677 0.34418077737799824
v -0.530700731895848 0.9076120467488713 0.3546028921809427
v -0.5450757440070916 0.9168530387697454 0.3642079681935068
v -0.5576755475024952 0.9292893218813453 0.3726268877311164
v -0.5680159389997818 0.9444429766980398 0.37953611643732565
v -0.5756995430526689 0.9617316567634909 0.384670136527695
v -0.5804310830664189 0.9804909677983871 0.38783165048934315
v -0.6173448850438484 1.0 0.32997771577819845
v -0.6156502980637603 1.019509032201613 0.3290719401665041
v -0.6106316591508051 1.038268343236509 0.3263894217802136
v -0.6024818317839227 1.0555570233019602 0.3220332482965384
v -0.5915140092583465 1.0707106781186548 0.316170825019486
v -0.5781496788429087 1.0831469612302544 0.3090274415879086
v -0.5629024242606717 1.0923879532511287 0.30087761422102627
v -0.5463581889544721 1.0980785280403231 0.29203453621407227
v -0.5291527586090129 1.1 0.28283804209559865
v -0.5119473282635538 1.0980785280403231 0.2736415479771251
v -0.49540309295735413 1.0923879532511287 0.2647984699701711
v -0.48015583837511716 1.0831469612302544 0.2566486426032887
v -0.4667915079596794 1.0707106781186548 0.24950525917171135
v -0.4558236854341032 1.0555570233019602 0.24364283589465893
v -0.4476738580672208 1.038268343236509 0.23928666241098379
v -0.4426552191542657 1.019509032201613 0.23660414402469326
v -0.44096063217417747 1.0 0.2356983684129989
v -0.4426552191542657 0.9804909677983872 0.23660414402469326
v -0.4476738580672208 0.961731656763491 0.23928666241098379
v -0.4558236854341032 0.9444429766980398 0.24364283589465893
v -0.4667915079596794 0.9292893218813453 0.24950525917171135
v -0.48015583837511716 0.9168530387697454 0.2566486426032887
v -0.495403092957354 0.9076120467488713 0.26479846997017104
v -0.5119473282635538 0.901921471959677 0.2736415479771251
v -0.5291527586090129 0.9 0.28283804209559865
v -0.5463581889544721 0.901921471959677 0.29203453621407227
v -0.5629024242606717 0.9076120467488713 0.30087761422102627
v -0.5781496788429087 0.9168530387697454 0.3090274415879086
v -0.5915140092583465 0.9292893218813453 0.316170825019486
v -0.6024818317839227 0.9444429766980398 0.3220332482965384
v -0.6106316591508051 0.9617316567634909 0.3263894217802136
v -0.6156502980637603 0.9804909677983871 0.3290719401665041
v -0.6467156727579007 1.0 0.2678784026555629
v -0.6449404641420607 1.019509032201613 0.26714308717084045
v -0.6396830585660994 1.038268343236509 0.2649653984783813
v -0.6311454951779137 1.0555570233019602 0.2614290239333748
v -0.6196558677505908 1.0707106781186548 0.25666986442636375
v -0.6056557162227056 1.0831469612302544 0.25087081178823534
v -0.5896830585660994 1.0923879532511287 0.24425472035972656
v -0.5723517150569457 1.0980785280403231 0.2370758428240882
v -0.5543277195067721 1.1 0.22961005941905394
v -0.5363037239565983 1.0980785280403231 0.22214427601401968
v -0.5189723804474446 1.0923879532511287 0.2149653984783813
v -0.5029997227908384 1.0831469612302544 0.2083493070498725
v -0.48899957126295324 1.0707106781186548 0.20255025441174407
v -0.47750994383563033 1.0555570233019602 0.19779109490473307
v -0.4689723804474446 1.038268343236509 0.19425472035972652
v -0.4637149748714833 1.019509032201613 0.1920770316672674
v -0.46193976625564337 1.0 0.19134171618254495
v -0.4637149748714833 0.9804909677983872 0.1920770316672674
v -0.4689723804474446 0.961731656763491 0.19425472035972652
v -0.47750994383563033 0.9444429766980398 0.19779109490473307
v -0.48899957126295324 0.9292893218813453 0.20255025441174407
v -0.5029997227908384 0.9168530387697454 0.2083493070498725
v -0.5189723804474445 0.9076120467488713 0.21496539847838125
v -0.5363037239565983 0.901921471959677 0.22214427601401968
v -0.5543277195067721 0.9 0.22961005941905394
v -0.5723517150569457 0.901921471959677 0.2370758428240882
v -0.5896830585660994 0.9076120467488713 0.24425472035972656
v -0.6056557162227056 0.9168530387697454 0.25087081178823534
v -0.6196558677505908 0.9292893218813453 0.25666986442636375
v -0.6311454951779137 0.9444429766980398 0.2614290239333748
v -0.6396830585660994 0.9617316567634909 0.2649653984783813
v -0.6449404641420607 0.9804909677983871 0.26714308717084045
v -0.6698582350125462 1.0 0.20319927407812366
v -0.6680195009903528 1.019509032201613 0.20264150021045532
v -0.662573960441072 1.038268343236509 0.2009896135443817
v -0.653730882434118 1.0555570233019602 0.19830709515809117
v -0.6418301014980429 1.0707106781186548 0.1946970327287953
v -0.6273289579701853 1.0831469612302544 0.1902981589311056
v -0.6107847226639855 1.0923879532511287 0.18527952001815043
v -0.5928331812641471 1.0980785280403231 0.1798339794688695
v -0.5741642014393252 1.1 0.17417080635267743
v -0.5554952216145034 1.0980785280403231 0.16850763323648532
v -0.537543680214665 1.0923879532511287 0.16306209268720442
v -0.5209994449084653 1.0831469612302544 0.15804345377424925
v -0.5064983013806077 1.0707106781186548 0.15364457997655956
v -0.49459752044453253 1.0555570233019602 0.15003451754726368
v -0.48575444243757854 1.038268343236509 0.14735199916097316
v -0.4803089018882977 1.019509032201613 0.14570011249489953
v -0.4784701678661044 1.0 0.1451423386272312
v -0.4803089018882977 0.9804909677983872 0.14570011249489953
v -0.48575444243757854 0.961731656763491 0.14735199916097316
v -0.49459752044453253 0.9444429766980398 0.15003451754726368
v -0.5064983013806077 0.9292893218813453 0.15364457997655956
v -0.5209994449084653 0.9168530387697454 0.15804345377424925
v -0.5375436802146649 0.9076120467488713 0.1630620926872044
v -0.5554952216145034 0.901921471959677 0.16850763323648532
v -0.5741642014393252 0.9 0.17417080635267743
v -0.5928331812641471 0.901921471959677 0.1798339794688695
v -0.6107847226639855 0.9076120467488713 0.18527952001815043
v -0.6273289579701853 0.9168530387697454 0.1902981589311056
v -0.6418301014980429 0.9292893218813453 0.1946970327287953
v -0.653730882434118 0.9444429766980398 0.19830709515809117
v -0.662573960441072 0.9617316567634909 0.2009896135443817
v -0.6680195009903528 0.9804909677983871 0.20264150021045532
v -0.6865496962822613 1.0 0.13656322541129
v -0.6846651448675025 1.019509032201613 0.13618836482793167
v -0.679083912877227 1.038268343236509 0.1350781887598509
v -0.67002048392683 1.0555570233019602 0.13327536065075007
v -0.6578231605080456 1.0707106781186548 0.13084916217382433
v -0.6429606789195201 1.0831469612302544 0.12789283077591415
v -0.6260041959937247 1.0923879532511287 0.12451997661471143
v -0.6076053398601927 1.0980785280403231 0.12086021658411283
v -0.5884711682419382 1.1 0.11705419320967717
v -0.5693369966236838 1.0980785280403231 0.1132481698352415
v -0.5509381404901518 1.0923879532511287 0.10958840980464289
v -0.5339816575643563 1.0831469612302544 0.10621555564344018
v -0.5191191759758309 1.0707106781186548 0.10325922424553
v -0.5069218525570465 1.0555570233019602 0.10083302576860424
v -0.49785842360664945 1.038268343236509 0.09903019765950342
v -0.4922771916163739 1.019509032201613 0.09792002159142264
v -0.4903926402016152 1.0 0.0975451610080643
v -0.4922771916163739 0.9804909677983872 0.09792002159142264
v -0.49785842360664945 0.961731656763491 0.09903019765950342
v -0.5069218525570465 0.9444429766980398 0.10083302576860424
v -0.5191191759758309 0.9292893218813453 0.10325922424553
v -0.5339816575643563 0.9168530387697454 0.10621555564344018
v -0.5509381404901517 0.9076120467488713 0.10958840980464286
v -0.5693369966236838 0.901921471959677 0.1132481698352415
v -0.5884711682419382 0.9 0.11705419320967717
v -0.6076053398601927 0.901921471959677 0.12086021658411283
v -0.6260041959937247 0.9076120467488713 0.12451997661471143
v -0.6429606789195201 0.9168530387697454 0.12789283077591415
v -0.6578231605080456 0.9292893218813453 0.13084916217382433
v -0.67002048392683 0.9444429766980398 0.13327536065075007
v -0.679083912877227 0.9617316567634909 0.1350781887598509
v -0.6846651448675025 0.9804909677983871 0.13618836482793167
v -0.6966293086705377 1.0 0.06861199823069257
v -0.6947170891235384 1.019509032201613 0.0684236610439816
v -0.6890539160073462 1.038268343236509 0.06786588717631328
v -0.6798574218888727 1.0555570233019602 0.06696011156461891
v -0.6674810228796372 1.0707106781186548 0.06574114265769108
v -0.6524003370528002 1.0831469612302544 0.06425582474701741
v -0.635194906707341 1.0923879532511287 0.06256123776692919
v -0.6165259268825192 1.0980785280403231 0.060722503744735895
v -0.597110836003318 1.1 0.05881028419773649
v -0.5776957451241169 1.0980785280403231 0.05689806465073709
v -0.5590267652992951 1.0923879532511287 0.0550593306285438
v -0.5418213349538359 1.0831469612302544 0.05336474364845558
v -0.526740649126999 1.0707106781186548 0.051879425737781905
v -0.5143642501177634 1.0555570233019602 0.05066045683085408
v -0.5051677559992899 1.038268343236509 0.049754681219159706
v -0.4995045828830978 1.019509032201613 0.04919690735149138
v -0.4975923633360984 1.0 0.04900857016478041
v -0.4995045828830978 0.9804909677983872 0.04919690735149138
v -0.5051677559992899 0.961731656763491 0.049754681219159706
v -0.5143642501177634 0.9444429766980398 0.05066045683085408
v -0.526740649126999 0.9292893218813453 0.051879425737781905
v -0.5418213349538359 0.9168530387697454 0.05336474364845558
v -0.559026765299295 0.9076120467488713 0.05505933062854378
v -0.5776957451241169 0.901921471959677 0.05689806465073709
v -0.597110836003318 0.9 0.05881028419773649
v -0.6165259268825192 0.901921471959677 0.060722503744735895
v -0.635194906707341 0.9076120467488713 0.06256123776692919
v -0.6524003370528002 0.9168530387697454 0.06425582474701741
v -0.6674810228796372 0.9292893218813453 0.06574114265769108
v -0.6798574218888727 0.9444429766980398 0.06696011156461891
v -0.6890539160073462 0.9617316567634909 0.06786588717631328
v -0.6947170891235384 0.9804909677983871 0.0684236610439816
v -0.7 1.0 8.572527594031472e-17
v -0.698078528040323 1.019509032201613 8.548996349180774e-17
v -0.6923879532511287 1.038268343236509 8.479306907171819e-17
v -0.6831469612302545 1.0555570233019602 8.366137394178722e-17
v -0.6707106781186547 1.0707106781186548 8.213836851119613e-17
v -0.6555570233019602 1.0831469612302544 8.028258102453124e-17
v -0.6382683432365089 1.0923879532511287 7.816532835416748e-17
v -0.6195090322016128 1.0980785280403231 7.586797533285797e-17
v -0.6 1.1 7.347880794884119e-17
v -0.5804909677983872 1.0980785280403231 7.108964056482441e-17
v -0.561731656763491 1.0923879532511287 6.87922875435149e-17
v -0.5444429766980398 1.0831469612302544 6.667503487315114e-17
v -0.5292893218813453 1.0707106781186548 6.481924738648625e-17
v -0.5168530387697454 1.0555570233019602 6.329624195589516e-17
v -0.5076120467488713 1.038268343236509 6.216454682596419e-17
v -0.501921471959677 1.019509032201613 6.146765240587464e-17
v -0.5 1.0 6.123233995736766e-17
v -0.501921471959677 0.9804909677983872 6.146765240587464e-17
v -0.5076120467488713 0.961731656763491 6.216454682596419e-17
v -0.5168530387697454 0.9444429766980398 6.329624195589516e-17
v -0.5292893218813453 0.9292893218813453 6.481924738648625e-17
v -0.5444429766980398 0.9168530387697454 6.667503487315114e-17
v -0.5617316567634909 0.9076120467488713 6.879228754351489e-17
v -0.5804909677983872 0.901921471959677 7.108964056482441e-17
v -0.6 0.9 7.347880794884119e-17
v -0.6195090322016128 0.901921471959677 7.586797533285797e-17
v -0.6382683432365089 0.9076120467488713 7.816532835416748e-17
v -0.6555570233019602 0.9168530387697454 8.028258102453124e-17
v -0.6707106781186547 0.9292893218813453 8.213836851119613e-17
v -0.6831469612302545 0.9444429766980398 8.366137394178722e-17
v -0.6923879532511287 0.9617316567634909 8.479306907171819e-17
v -0.698078528040323 0.9804909677983871 8.548996349180774e-17
v -0.6966293086705379 1.0 -0.0686119982306924
v -0.6947170891235384 1.019509032201613 -0.06842366104398144
v -0.6890539160073463 1.038268343236509 -0.06786588717631312
v -0.6798574218888728 1.0555570233019602 -0.06696011156461874
v -0.6674810228796373 1.0707106781186548 -0.06574114265769092
v -0.6524003370528003 1.0831469612302544 -0.06425582474701726
v -0.6351949067073411 1.0923879532511287 -0.06256123776692904
v -0.6165259268825193 1.0980785280403231 -0.06072250374473575
v -0.5971108360033182 1.1 -0.05881028419773635
v -0.577695745124117 1.0980785280403231 -0.05689806465073695
v -0.5590267652992952 1.0923879532511287 -0.055059330628543665
v -0.541821334953836 1.0831469612302544 -0.05336474364845545
v -0.526740649126999 1.0707106781186548 -0.05187942573778178
v -0.5143642501177635 1.0555570233019602 -0.050660456830853955
v -0.5051677559992899 1.038268343236509 -0.04975468121915959
v -0.49950458288309785 1.019509032201613 -0.049196907351491265
v -0.49759236333609846 1.0 -0.049008570164780295
v -0.49950458288309785 0.9804909677983872 -0.049196907351491265
v -0.5051677559992899 0.961731656763491 -0.04975468121915959
v -0.5143642501177635 0.9444429766980398 -0.050660456830853955
v -0.526740649126999 0.9292893218813453 -0.05187942573778178
v -0.541821334953836 0.9168530387697454 -0.05336474364845545
v -0.5590267652992951 0.9076120467488713 -0.05505933062854365
v -0.577695745124117 0.901921471959677 -0.05689806465073695
v -0.5971108360033182 0.9 -0.05881028419773635
v -0.6165259268825193 0.901921471959677 -0.06072250374473575
v -0.6351949067073411 0.9076120467488713 -0.06256123776692904
v -0.6524003370528003 0.9168530387697454 -0.06425582474701726
v -0.6674810228796373 0.9292893218813453 -0.06574114265769092
v -0.6798574218888728 0.9444429766980398 -0.06696011156461874
v -0.6890539160073463 0.9617316567634909 -0.06786588717631312
v -0.6947170891235384 0.9804909677983871 -0.06842366104398144
v -0.6865496962822613 1.0 -0.13656322541128985
v -0.6846651448675025 1.019509032201613 -0.1361883648279315
v -0.679083912877227 1.038268343236509 -0.13507818875985073
v -0.67002048392683 1.0555570233019602 -0.1332753606507499
v -0.6578231605080456 1.0707106781186548 -0.13084916217382417
v -0.6429606789195201 1.0831469612302544 -0.12789283077591398
v -0.6260041959937247 1.0923879532511287 -0.12451997661471127
v -0.6076053398601927 1.0980785280403231 -0.12086021658411267
v -0.5884711682419382 1.1 -0.11705419320967701
v -0.5693369966236838 1.0980785280403231 -0.11324816983524134
v -0.5509381404901518 1.0923879532511287 -0.10958840980464275
v -0.5339816575643563 1.0831469612302544 -0.10621555564344004
v -0.5191191759758309 1.0707106781186548 -0.10325922424552986
v -0.5069218525570465 1.0555570233019602 -0.1008330257686041
v -0.49785842360664945 1.038268343236509 -0.0990301976595033
v -0.4922771916163739 1.019509032201613 -0.09792002159142252
v -0.4903926402016152 1.0 -0.09754516100806418
v -0.4922771916163739 0.9804909677983872 -0.09792002159142252
v -0.49785842360664945 0.961731656763491 -0.0990301976595033
v -0.5069218525570465 0.9444429766980398 -0.1008330257686041
v -0.5191191759758309 0.9292893218813453 -0.10325922424552986
v -0.5339816575643563 0.9168530387697454 -0.10621555564344004
v -0.5509381404901517 0.9076120467488713 -0.10958840980464273
v -0.5693369966236838 0.901921471959677 -0.11324816983524134
v -0.5884711682419382 0.9 -0.11705419320967701
v -0.6076053398601927 0.901921471959677 -0.12086021658411267
v -0.6260041959937247 0.9076120467488713 -0.12451997661471127
v -0.6429606789195201 0.9168530387697454 -0.12789283077591398
v -0.6578231605080456 0.9292893218813453 -0.13084916217382417
v -0.67002048392683 0.9444429766980398 -0.1332753606507499
v -0.679083912877227 0.9617316567634909 -0.13507818875985073
v -0.6846651448675025 0.9804909677983871 -0.1361883648279315
v -0.6698582350125463 1.0 -0.20319927407812347
v -0.6680195009903529 1.019509032201613 -0.20264150021045513
v -0.6625739604410721 1.038268343236509 -0.2009896135443815
v -0.6537308824341181 1.0555570233019602 -0.19830709515809097
v -0.641830101498043 1.0707106781186548 -0.1946970327287951
v -0.6273289579701853 1.0831469612302544 -0.1902981589311054
v -0.6107847226639856 1.0923879532511287 -0.18527952001815023
v -0.5928331812641472 1.0980785280403231 -0.17983397946886934
v -0.5741642014393253 1.1 -0.17417080635267726
v -0.5554952216145035 1.0980785280403231 -0.16850763323648518
v -0.537543680214665 1.0923879532511287 -0.16306209268720429
v -0.5209994449084654 1.0831469612302544 -0.1580434537742491
v -0.5064983013806077 1.0707106781186548 -0.15364457997655942
v -0.4945975204445326 1.0555570233019602 -0.15003451754726355
v -0.48575444243757865 1.038268343236509 -0.14735199916097302
v -0.4803089018882978 1.019509032201613 -0.1457001124948994
v -0.47847016786610447 1.0 -0.14514233862723105
v -0.4803089018882978 0.9804909677983872 -0.1457001124948994
v -0.48575444243757865 0.961731656763491 -0.14735199916097302
v -0.4945975204445326 0.9444429766980398 -0.15003451754726355
v -0.5064983013806077 0.9292893218813453 -0.15364457997655942
v -0.5209994449084654 0.9168530387697454 -0.1580434537742491
v -0.5375436802146649 0.9076120467488713 -0.16306209268720426
v -0.5554952216145035 0.901921471959677 -0.16850763323648518
v -0.5741642014393253 0.9 -0.17417080635267726
v -0.5928331812641472 0.901921471959677 -0.17983397946886934
v -0.6107847226639856 0.9076120467488713 -0.18527952001815023
v -0.6273289579701853 0.9168530387697454 -0.1902981589311054
v -0.641830101498043 0.9292893218813453 -0.1946970327287951
v -0.6537308824341181 0.9444429766980398 -0.19830709515809097
v -0.6625739604410721 0.9617316567634909 -0.2009896135443815
v -0.6680195009903529 0.9804909677983871 -0.20264150021045513
v -0.6467156727579008 1.0 -0.26787840265556273
v -0.6449404641420609 1.019509032201613 -0.2671430871708403
v -0.6396830585660995 1.038268343236509 -0.2649653984783812
v -0.6311454951779137 1.0555570233019602 -0.26142902393337464
v -0.6196558677505909 1.0707106781186548 -0.25666986442636364
v -0.6056557162227058 1.0831469612302544 -0.25087081178823517
v -0.5896830585660995 1.0923879532511287 -0.2442547203597264
v -0.5723517150569458 1.0980785280403231 -0.23707584282408806
v -0.5543277195067721 1.1 -0.2296100594190538
v -0.5363037239565984 1.0980785280403231 -0.22214427601401954
v -0.5189723804474448 1.0923879532511287 -0.21496539847838117
v -0.5029997227908384 1.0831469612302544 -0.2083493070498724
v -0.4889995712629533 1.0707106781186548 -0.20255025441174396
v -0.4775099438356304 1.0555570233019602 -0.19779109490473293
v -0.46897238044744466 1.038268343236509 -0.1942547203597264
v -0.46371497487148333 1.019509032201613 -0.19207703166726728
v -0.4619397662556434 1.0 -0.19134171618254484
v -0.46371497487148333 0.9804909677983872 -0.19207703166726728
v -0.46897238044744466 0.961731656763491 -0.1942547203597264
v -0.4775099438356304 0.9444429766980398 -0.19779109490473293
v -0.4889995712629533 0.9292893218813453 -0.20255025441174396
v -0.5029997227908384 0.9168530387697454 -0.2083493070498724
v -0.5189723804474446 0.9076120467488713 -0.21496539847838114
v -0.5363037239565984 0.901921471959677 -0.22214427601401954
v -0.5543277195067721 0.9 -0.2296100594190538
v -0.5723517150569458 0.901921471959677 -0.23707584282408806
v -0.5896830585660995 0.9076120467488713 -0.2442547203597264
v -0.6056557162227058 0.9168530387697454 -0.25087081178823517
v -0.6196558677505909 0.9292893218813453 -0.25666986442636364
v -0.6311454951779137 0.9444429766980398 -0.26142902393337464
v -0.6396830585660995 0.9617316567634909 -0.2649653984783812
v -0.6449404641420609 0.9804909677983871 -0.2671430871708403
v -0.6173448850438485 1.0 -0.32997771577819834
v -0.6156502980637603 1.019509032201613 -0.32907194016650393
v -0.6106316591508052 1.038268343236509 -0.32638942178021346
v -0.6024818317839228 1.0555570233019602 -0.3220332482965383
v -0.5915140092583465 1.0707106781186548 -0.3161708250194859
v -0.5781496788429088 1.0831469612302544 -0.3090274415879085
v -0.5629024242606718 1.0923879532511287 -0.30087761422102616
v -0.5463581889544722 1.0980785280403231 -0.29203453621407216
v -0.529152758609013 1.1 -0.2828380420955986
v -0.5119473282635538 1.0980785280403231 -0.273641547977125
v -0.4954030929573542 1.0923879532511287 -0.26479846997017104
v -0.4801558383751172 1.0831469612302544 -0.2566486426032886
v -0.4667915079596795 1.0707106781186548 -0.24950525917171126
v -0.45582368543410323 1.0555570233019602 -0.24364283589465885
v -0.4476738580672209 1.038268343236509 -0.23928666241098367
v -0.44265521915426576 1.019509032201613 -0.23660414402469318
v -0.4409606321741775 1.0 -0.23569836841299882
v -0.44265521915426576 0.9804909677983872 -0.23660414402469318
v -0.4476738580672209 0.961731656763491 -0.23928666241098367
v -0.45582368543410323 0.9444429766980398 -0.24364283589465885
v -0.4667915079596795 0.9292893218813453 -0.24950525917171126
v -0.4801558383751172 0.9168530387697454 -0.2566486426032886
v -0.49540309295735413 0.9076120467488713 -0.264798469970171
v -0.5119473282635538 0.901921471959677 -0.273641547977125
v -0.529152758609013 0.9 -0.2828380420955986
v -0.5463581889544722 0.901921471959677 -0.29203453621407216
v -0.5629024242606718 0.9076120467488713 -0.30087761422102616
v -0.5781496788429088 0.9168530387697454 -0.3090274415879085
v -0.5915140092583465 0.9292893218813453 -0.3161708250194859
v -0.6024818317839228 0.9444429766980398 -0.3220332482965383
v -0.6106316591508052 0.9617316567634909 -0.32638942178021346
v -0.6156502980637603 0.9804909677983871 -0.32907194016650393
v -0.5820287286117818 1.0 -0.38889916311372136
v -0.580431083066419 1.019509032201613 -0.387831650489343
v -0.5756995430526689 1.038268343236509 -0.38467013652769483
v -0.5680159389997818 1.0555570233019602 -0.3795361164373255
v -0.5576755475024952 1.0707106781186548 -0.37262688773111624
v -0.5450757440070916 1.0831469612302544 -0.36420796819350665
v -0.5307007318958481 1.0923879532511287 -0.35460289218094254
v -0.5151029348226002 1.0980785280403231 -0.3441807773779981
v -0.49888176738152723 1.1 -0.33334213981176114
v -0.48266059994045435 1.0980785280403231 -0.3225035022455242
v -0.4670628028672064 1.0923879532511287 -0.3120813874425798
v -0.45268779075596294 1.0831469612302544 -0.3024763114300157
v -0.4400879872605593 1.0707106781186548 -0.2940573918924061
v -0.4297475957632727 1.0555570233019602 -0.28714816318619685
v -0.4220639917103856 1.038268343236509 -0.2820141430958275
v -0.4173324516966355 1.019509032201613 -0.27885262913417935
v -0.41573480615127273 1.0 -0.277785116509801
v -0.4173324516966355 0.9804909677983872 -0.27885262913417935
v -0.4220639917103856 0.961731656763491 -0.2820141430958275
v -0.4297475957632727 0.9444429766980398 -0.28714816318619685
v -0.4400879872605593 0.9292893218813453 -0.2940573918924061
v -0.45268779075596294 0.9168530387697454 -0.3024763114300157
v -0.4670628028672063 0.9076120467488713 -0.3120813874425797
v -0.48266059994045435 0.901921471959677 -0.3225035022455242
v -0.49888176738152723 0.9 -0.33334213981176114
v -0.5151029348226002 0.901921471959677 -0.3441807773779981
v -0.5307007318958481 0.9076120467488713 -0.35460289218094254
v -0.5450757440070916 0.9168530387697454 -0.36420796819350665
v -0.5576755475024952 0.9292893218813453 -0.37262688773111624
v -0.5680159389997818 0.9444429766980398 -0.3795361164373255
v -0.5756995430526689 0.9617316567634909 -0.38467013652769483
v -0.580431083066419 0.9804909677983871 -0.387831650489343
v -0.5411073173539159 1.0 -0.44407529891455166
v -0.5396219994432423 1.019509032201613 -0.4428563300076238
v -0.5352231256455526 1.038268343236509 -0.439246267578328
v -0.5280797422139752 1.0555570233019602 -0.43338384430127563
v -0.51846636536773 1.0707106781186548 -0.4254943498153189
v -0.5067524317877746 1.0831469612302544 -0.41588097296907384
v -0.49338810137233685 1.0923879532511287 -0.4049131504434977
v -0.4788869578444792 1.0980785280403231 -0.39301236950742263
v -0.46380627201764224 1.1 -0.38063597049818715
v -0.44872558619080527 1.0980785280403231 -0.36825957148895166
v -0.43422444266294763 1.0923879532511287 -0.3563587905528766
v -0.42086011224750985 1.0831469612302544 -0.34539096802730046
v -0.40914617866755437 1.0707106781186548 -0.3357775911810554
v -0.39953280182130924 1.0555570233019602 -0.32788809669509866
v -0.3923894183897319 1.038268343236509 -0.3220256734180463
v -0.38799054459204224 1.019509032201613 -0.31841561098875043
v -0.38650522668136855 1.0 -0.31719664208182263
v -0.38799054459204224 0.9804909677983872 -0.31841561098875043
v -0.3923894183897319 0.961731656763491 -0.3220256734180463
v -0.39953280182130924 0.9444429766980398 -0.32788809669509866
v -0.40914617866755437 0.9292893218813453 -0.3357775911810554
v -0.42086011224750985 0.9168530387697454 -0.34539096802730046
v -0.4342244426629475 0.9076120467488713 -0.35635879055287656
v -0.44872558619080527 0.901921471959677 -0.36825957148895166
v -0.46380627201764224 0.9 -0.38063597049818715
v -0.4788869578444792 0.901921471959677 -0.39301236950742263
v -0.49338810137233685 0.9076120467488713 -0.4049131504434977
v -0.5067524317877746 0.9168530387697454 -0.41588097296907384
v -0.51846636536773 0.9292893218813453 -0.4254943498153189
v -0.5280797422139752 0.9444429766980398 -0.43338384430127563
v -0.5352231256455526 0.9617316567634909 -0.439246267578328
v -0.5396219994432423 0.9804909677983871 -0.4428563300076238
v -0.49497474683058335 1.0 -0.4949747468305832
v -0.49361606097803595 1.019509032201613 -0.4936160609780358
v -0.48959221695574745 1.038268343236509 -0.4895922169557473
v -0.48305784883289654 1.0555570233019602 -0.48305784883289643
v -0.4742640687119286 1.0707106781186548 -0.47426406871192844
v -0.4635488166312837 1.0831469612302544 -0.46354881663128356
v -0.45132387371923843 1.0923879532511287 -0.4513238737192383
v -0.43805903767607574 1.0980785280403231 -0.4380590376760756
v -0.4242640687119286 1.1 -0.42426406871192845
v -0.41046909974778145 1.0980785280403231 -0.41046909974778134
v -0.39720426370461875 1.0923879532511287 -0.39720426370461864
v -0.38497932079257347 1.0831469612302544 -0.38497932079257335
v -0.3742640687119286 1.0707106781186548 -0.37426406871192847
v -0.36547028859096065 1.0555570233019602 -0.36547028859096053
v -0.35893592046810974 1.038268343236509 -0.3589359204681096
v -0.35491207644582123 1.019509032201613 -0.3549120764458211
v -0.35355339059327384 1.0 -0.35355339059327373
v -0.35491207644582123 0.9804909677983872 -0.3549120764458211
v -0.35893592046810974 0.961731656763491 -0.3589359204681096
v -0.36547028859096065 0.9444429766980398 -0.36547028859096053
v -0.3742640687119286 0.9292893218813453 -0.37426406871192847
v -0.38497932079257347 0.9168530387697454 -0.38497932079257335
v -0.3972042637046187 0.9076120467488713 -0.39720426370461853
v -0.41046909974778145 0.901921471959677 -0.41046909974778134
v -0.4242640687119286 0.9 -0.42426406871192845
v -0.43805903767607574 0.901921471959677 -0.4380590376760756
v -0.45132387371923843 0.9076120467488713 -0.4513238737192383
v -0.4635488166312837 0.9168530387697454 -0.46354881663128356
v -0.4742640687119286 0.9292893218813453 -0.47426406871192844
v -0.48305784883289654 0.9444429766980398 -0.48305784883289643
v -0.48959221695574745 0.9617316567634909 -0.4895922169557473
v -0.49361606097803595 0.9804909677983871 -0.4936160609780358
v -0.4440752989145521 1.0 -0.5411073173539156
v -0.4428563300076243 1.019509032201613 -0.539621999443242
v -0.43924626757832846 1.038268343236509 -0.5352231256455523
v -0.4333838443012761 1.0555570233019602 -0.5280797422139749
v -0.42549434981531936 1.0707106781186548 -0.5184663653677298
v -0.4158809729690743 1.0831469612302544 -0.5067524317877744
v -0.4049131504434981 1.0923879532511287 -0.4933881013723366
v -0.393012369507423 1.0980785280403231 -0.47888695784447893
v -0.38063597049818754 1.1 -0.46380627201764196
v -0.36825957148895205 1.0980785280403231 -0.44872558619080505
v -0.356358790552877 1.0923879532511287 -0.43422444266294735
v -0.3453909680273008 1.0831469612302544 -0.4208601122475096
v -0.3357775911810557 1.0707106781186548 -0.40914617866755415
v -0.327888096695099 1.0555570233019602 -0.399532801821309
v -0.3220256734180466 1.038268343236509 -0.3923894183897317
v -0.31841561098875076 1.019509032201613 -0.387990544592042
v -0.31719664208182297 1.0 -0.38650522668136833
v -0.31841561098875076 0.9804909677983872 -0.387990544592042
v -0.3220256734180466 0.961731656763491 -0.3923894183897317
v -0.327888096695099 0.9444429766980398 -0.399532801821309
v -0.3357775911810557 0.9292893218813453 -0.40914617866755415
v -0.3453909680273008 0.9168530387697454 -0.4208601122475096
v -0.3563587905528769 0.9076120467488713 -0.4342244426629473
v -0.36825957148895205 0.901921471959677 -0.44872558619080505
v -0.38063597049818754 0.9 -0.46380627201764196
v -0.393012369507423 0.901921471959677 -0.47888695784447893
v -0.4049131504434981 0.9076120467488713 -0.4933881013723366
v -0.4158809729690743 0.9168530387697454 -0.5067524317877744
v -0.42549434981531936 0.9292893218813453 -0.5184663653677298
v -0.4333838443012761 0.9444429766980398 -0.5280797422139749
v -0.43924626757832846 0.9617316567634909 -0.5352231256455523
v -0.4428563300076243 0.9804909677983871 -0.539621999443242
v -0.3888991631137215 1.0 -0.5820287286117817
v -0.38783165048934315 1.019509032201613 -0.5804310830664188
v -0.384670136527695 1.038268343236509 -0.5756995430526688
v -0.37953611643732565 1.0555570233019602 -0.5680159389997816
v -0.3726268877311164 1.0707106781186548 -0.557675547502495
v -0.3642079681935068 1.0831469612302544 -0.5450757440070915
v -0.3546028921809427 1.0923879532511287 -0.530700731895848
v -0.34418077737799824 1.0980785280403231 -0.5151029348226001
v -0.3333421398117613 1.1 -0.4988817673815271
v -0.3225035022455243 1.0980785280403231 -0.48266059994045424
v -0.3120813874425799 1.0923879532511287 -0.4670628028672063
v -0.3024763114300158 1.0831469612302544 -0.45268779075596277
v -0.2940573918924062 1.0707106781186548 -0.4400879872605592
v -0.28714816318619696 1.0555570233019602 -0.4297475957632726
v -0.2820141430958276 1.038268343236509 -0.4220639917103855
v -0.27885262913417946 1.019509032201613 -0.4173324516966354
v -0.2777851165098011 1.0 -0.4157348061512726
v -0.27885262913417946 0.9804909677983872 -0.4173324516966354
v -0.2820141430958276 0.961731656763491 -0.4220639917103855
v -0.28714816318619696 0.9444429766980398 -0.4297475957632726
v -0.2940573918924062 0.9292893218813453 -0.4400879872605592
v -0.3024763114300158 0.9168530387697454 -0.45268779075596277
v -0.31208138744257985 0.9076120467488713 -0.4670628028672062
v -0.3225035022455243 0.901921471959677 -0.48266059994045424
v -0.3333421398117613 0.9 -0.4988817673815271
v -0.34418077737799824 0.901921471959677 -0.5151029348226001
v -0.3546028921809427 0.9076120467488713 -0.530700731895848
v -0.3642079681935068 0.9168530387697454 -0.5450757440070915
v -0.3726268877311164 0.9292893218813453 -0.557675547502495
v -0.37953611643732565 0.9444429766980398 -0.5680159389997816
v -0.384670136527695 0.9617316567634909 -0.5756995430526688
v -0.38783165048934315 0.9804909677983871 -0.5804310830664188
v -0.3299777157781985 1.0 -0.6173448850438484
v -0.3290719401665041 1.019509032201613 -0.6156502980637603
v -0.32638942178021363 1.038268343236509 -0.6106316591508051
v -0.32203324829653845 1.0555570233019602 -0.6024818317839227
v -0.316170825019486 1.0707106781186548 -0.5915140092583465
v -0.3090274415879087 1.0831469612302544 -0.5781496788429087
v -0.30087761422102627 1.0923879532511287 -0.5629024242606717
v -0.2920345362140723 1.0980785280403231 -0.5463581889544721
v -0.2828380420955987 1.1 -0.5291527586090129
v -0.2736415479771251 1.0980785280403231 -0.5119473282635538
v -0.26479846997017115 1.0923879532511287 -0.49540309295735413
v -0.25664864260328873 1.0831469612302544 -0.48015583837511716
v -0.24950525917171137 1.0707106781186548 -0.4667915079596794
v -0.24364283589465896 1.0555570233019602 -0.4558236854341032
v -0.2392866624109838 1.038268343236509 -0.4476738580672208
v -0.2366041440246933 1.019509032201613 -0.4426552191542657
v -0.23569836841299893 1.0 -0.44096063217417747
v -0.2366041440246933 0.9804909677983872 -0.4426552191542657
v -0.2392866624109838 0.961731656763491 -0.4476738580672208
v -0.24364283589465896 0.9444429766980398 -0.4558236854341032
v -0.24950525917171137 0.9292893218813453 -0.4667915079596794
v -0.25664864260328873 0.9168530387697454 -0.48015583837511716
v -0.2647984699701711 0.9076120467488713 -0.495403092957354
v -0.2736415479771251 0.901921471959677 -0.5119473282635538
v -0.2828380420955987 0.9 -0.5291527586090129
v -0.2920345362140723 0.901921471959677 -0.5463581889544721
v -0.30087761422102627 0.9076120467488713 -0.5629024242606717
v -0.3090274415879087 0.9168530387697454 -0.5781496788429087
v -0.316170825019486 0.9292893218813453 -0.5915140092583465
v -0.32203324829653845 0.9444429766980398 -0.6024818317839227
v -0.32638942178021363 0.9617316567634909 -0.6106316591508051
v -0.3290719401665041 0.9804909677983871 -0.6156502980637603
v -0.26787840265556323 1.0 -0.6467156727579005
v -0.2671430871708408 1.019509032201613 -0.6449404641420606
v -0.26496539847838163 1.038268343236509 -0.6396830585660993
v -0.2614290239333751 1.0555570233019602 -0.6311454951779135
v -0.2566698644263641 1.0707106781186548 -0.6196558677505907
v -0.2508708117882356 1.0831469612302544 -0.6056557162227055
v -0.24425472035972684 1.0923879532511287 -0.5896830585660993
v -0.23707584282408847 1.0980785280403231 -0.5723517150569456
v -0.22961005941905419 1.1 -0.5543277195067718
v -0.22214427601401993 1.0980785280403231 -0.5363037239565982
v -0.21496539847838156 1.0923879532511287 -0.5189723804474445
v -0.20834930704987276 1.0831469612302544 -0.5029997227908383
v -0.20255025441174432 1.0707106781186548 -0.4889995712629531
v -0.1977910949047333 1.0555570233019602 -0.4775099438356302
v -0.19425472035972677 1.038268343236509 -0.4689723804474445
v -0.1920770316672676 1.019509032201613 -0.46371497487148317
v -0.19134171618254517 1.0 -0.46193976625564326
v -0.1920770316672676 0.9804909677983872 -0.46371497487148317
v -0.19425472035972677 0.961731656763491 -0.4689723804474445
v -0.1977910949047333 0.9444429766980398 -0.4775099438356302
v -0.20255025441174432 0.9292893218813453 -0.4889995712629531
v -0.20834930704987276 0.9168530387697454 -0.5029997227908383
v -0.2149653984783815 0.9076120467488713 -0.5189723804474444
v -0.22214427601401993 0.901921471959677 -0.5363037239565982
v -0.22961005941905419 0.9 -0.5543277195067718
v -0.23707584282408847 0.901921471959677 -0.5723517150569456
v -0.24425472035972684 0.9076120467488713 -0.5896830585660993
v -0.2508708117882356 0.9168530387697454 -0.6056557162227055
v -0.2566698644263641 0.9292893218813453 -0.6196558677505907
v -0.2614290239333751 0.9444429766980398 -0.6311454951779135
v -0.26496539847838163 0.9617316567634909 -0.6396830585660993
v -0.2671430871708408 0.9804909677983871 -0.6449404641420606
v -0.2031992740781237 1.0 -0.6698582350125462
v -0.20264150021045538 1.019509032201613 -0.6680195009903528
v -0.20098961354438172 1.038268343236509 -0.662573960441072
v -0.1983070951580912 1.0555570233019602 -0.653730882434118
v -0.19469703272879532 1.0707106781186548 -0.6418301014980429
v -0.19029815893110563 1.0831469612302544 -0.6273289579701853
v -0.18527952001815046 1.0923879532511287 -0.6107847226639855
v -0.17983397946886956 1.0980785280403231 -0.5928331812641471
v -0.17417080635267745 1.1 -0.5741642014393252
v -0.16850763323648538 1.0980785280403231 -0.5554952216145034
v -0.16306209268720445 1.0923879532511287 -0.537543680214665
v -0.15804345377424928 1.0831469612302544 -0.5209994449084653
v -0.1536445799765596 1.0707106781186548 -0.5064983013806077
v -0.1500345175472637 1.0555570233019602 -0.49459752044453253
v -0.1473519991609732 1.038268343236509 -0.48575444243757854
v -0.14570011249489956 1.019509032201613 -0.4803089018882977
v -0.14514233862723122 1.0 -0.4784701678661044
v -0.14570011249489956 0.9804909677983872 -0.4803089018882977
v -0.1473519991609732 0.961731656763491 -0.48575444243757854
v -0.1500345175472637 0.9444429766980398 -0.49459752044453253
v -0.1536445799765596 0.9292893218813453 -0.5064983013806077
v -0.15804345377424928 0.9168530387697454 -0.5209994449084653
v -0.16306209268720442 0.9076120467488713 -0.5375436802146649
v -0.16850763323648538 0.901921471959677 -0.5554952216145034
v -0.17417080635267745 0.9 -0.5741642014393252
v -0.17983397946886956 0.901921471959677 -0.5928331812641471
v -0.18527952001815046 0.9076120467488713 -0.6107847226639855
v -0.19029815893110563 0.9168530387697454 -0.6273289579701853
v -0.19469703272879532 0.9292893218813453 -0.6418301014980429
v -0.1983070951580912 0.9444429766980398 -0.653730882434118
v -0.20098961354438172 0.9617316567634909 -0.662573960441072
v -0.20264150021045538 0.9804909677983871 -0.6680195009903528
v -0.13656322541129007 1.0 -0.6865496962822611
v -0.13618836482793173 1.019509032201613 -0.6846651448675025
v -0.13507818875985092 1.038268343236509 -0.6790839128772269
v -0.13327536065075013 1.0555570233019602 -0.6700204839268299
v -0.13084916217382436 1.0707106781186548 -0.6578231605080455
v -0.12789283077591418 1.0831469612302544 -0.64296067891952
v -0.12451997661471147 1.0923879532511287 -0.6260041959937247
v -0.12086021658411286 1.0980785280403231 -0.6076053398601926
v -0.1170541932096772 1.1 -0.5884711682419381
v -0.11324816983524152 1.0980785280403231 -0.5693369966236836
v -0.10958840980464292 1.0923879532511287 -0.5509381404901517
v -0.10621555564344021 1.0831469612302544 -0.5339816575643563
v -0.10325922424553002 1.0707106781186548 -0.5191191759758308
v -0.10083302576860427 1.0555570233019602 -0.5069218525570465
v -0.09903019765950345 1.038268343236509 -0.4978584236066494
v -0.09792002159142267 1.019509032201613 -0.49227719161637384
v -0.09754516100806433 1.0 -0.49039264020161516
v -0.09792002159142267 0.9804909677983872 -0.49227719161637384
v -0.09903019765950345 0.961731656763491 -0.4978584236066494
v -0.10083302576860427 0.9444429766980398 -0.5069218525570465
v -0.10325922424553002 0.9292893218813453 -0.5191191759758308
v -0.10621555564344021 0.9168530387697454 -0.5339816575643563
v -0.1095884098046429 0.9076120467488713 -0.5509381404901516
v -0.11324816983524152 0.901921471959677 -0.5693369966236836
v -0.1170541932096772 0.9 -0.5884711682419381
v -0.12086021658411286 0.901921471959677 -0.6076053398601926
v -0.12451997661471147 0.9076120467488713 -0.6260041959937247
v -0.12789283077591418 0.9168530387697454 -0.64296067891952
v -0.13084916217382436 0.9292893218813453 -0.6578231605080455
v -0.13327536065075013 0.9444429766980398 -0.6700204839268299
v -0.13507818875985092 0.9617316567634909 -0.6790839128772269
v -0.13618836482793173 0.9804909677983871 -0.6846651448675025
v -0.0686119982306923 1.0 -0.6966293086705379
v -0.06842366104398134 1.019509032201613 -0.6947170891235384
v -0.06786588717631302 1.038268343236509 -0.6890539160073463
v -0.06696011156461865 1.0555570233019602 -0.6798574218888728
v -0.06574114265769083 1.0707106781186548 -0.6674810228796373
v -0.06425582474701716 1.0831469612302544 -0.6524003370528003
v -0.06256123776692896 1.0923879532511287 -0.6351949067073411
v -0.060722503744735666 1.0980785280403231 -0.6165259268825193
v -0.05881028419773627 1.1 -0.5971108360033182
v -0.05689806465073687 1.0980785280403231 -0.577695745124117
v -0.05505933062854358 1.0923879532511287 -0.5590267652992952
v -0.05336474364845537 1.0831469612302544 -0.541821334953836
v -0.05187942573778171 1.0707106781186548 -0.526740649126999
v -0.050660456830853885 1.0555570233019602 -0.5143642501177635
v -0.04975468121915952 1.038268343236509 -0.5051677559992899
v -0.049196907351491195 1.019509032201613 -0.49950458288309785
v -0.049008570164780225 1.0 -0.49759236333609846
v -0.049196907351491195 0.9804909677983872 -0.49950458288309785
v -0.04975468121915952 0.961731656763491 -0.5051677559992899
v -0.050660456830853885 0.9444429766980398 -0.5143642501177635
v -0.05187942573778171 0.9292893218813453 -0.526740649126999
v -0.05336474364845537 0.9168530387697454 -0.541821334953836
v -0.055059330628543575 0.9076120467488713 -0.5590267652992951
v -0.05689806465073687 0.901921471959677 -0.577695745124117
v -0.05881028419773627 0.9 -0.5971108360033182
v -0.060722503744735666 0.901921471959677 -0.6165259268825193
v -0.06256123776692896 0.9076120467488713 -0.6351949067073411
v -0.06425582474701716 0.9168530387697454 -0.6524003370528003
v -0.06574114265769083 0.9292893218813453 -0.6674810228796373
v -0.06696011156461865 0.9444429766980398 -0.6798574218888728
v -0.06786588717631302 0.9617316567634909 -0.6890539160073463
v -0.06842366104398134 0.9804909677983871 -0.6947170891235384
v -1.2858791391047207e-16 1.0 -0.7
v -1.282349452377116e-16 1.019509032201613 -0.698078528040323
v -1.2718960360757728e-16 1.038268343236509 -0.6923879532511287
v -1.2549206091268083e-16 1.0555570233019602 -0.6831469612302545
v -1.2320755276679417e-16 1.0707106781186548 -0.6707106781186547
v -1.2042387153679685e-16 1.0831469612302544 -0.6555570233019602
v -1.1724799253125122e-16 1.0923879532511287 -0.6382683432365089
v -1.1380196299928694e-16 1.0980785280403231 -0.6195090322016128
v -1.1021821192326178e-16 1.1 -0.6
v -1.066344608472366e-16 1.0980785280403231 -0.5804909677983872
v -1.0318843131527233e-16 1.0923879532511287 -0.561731656763491
v -1.0001255230972671e-16 1.0831469612302544 -0.5444429766980398
v -9.722887107972939e-17 1.0707106781186548 -0.5292893218813453
v -9.494436293384273e-17 1.0555570233019602 -0.5168530387697454
v -9.324682023894627e-17 1.038268343236509 -0.5076120467488713
v -9.220147860881195e-17 1.019509032201613 -0.501921471959677
v -9.184850993605148e-17 1.0 -0.5
v -9.220147860881195e-17 0.9804909677983872 -0.501921471959677
v -9.324682023894627e-17 0.961731656763491 -0.5076120467488713
v -9.494436293384273e-17 0.9444429766980398 -0.5168530387697454
v -9.722887107972939e-17 0.9292893218813453 -0.5292893218813453
v -1.0001255230972671e-16 0.9168530387697454 -0.5444429766980398
v -1.0318843131527232e-16 0.9076120467488713 -0.5617316567634909
v -1.066344608472366e-16 0.901921471959677 -0.5804909677983872
v -1.1021821192326178e-16 0.9 -0.6
v -1.1380196299928694e-16 0.901921471959677 -0.6195090322016128
v -1.1724799253125122e-16 0.9076120467488713 -0.6382683432365089
v -1.2042387153679685e-16 0.9168530387697454 -0.6555570233019602
v -1.2320755276679417e-16 0.9292893218813453 -0.6707106781186547
v -1.2549206091268083e-16 0.9444429766980398 -0.6831469612302545
v -1.2718960360757728e-16 0.9617316567634909 -0.6923879532511287
v -1.282349452377116e-16 0.9804909677983871 -0.698078528040323
v 0.06861199823069206 1.0 -0.6966293086705379
v 0.0684236610439811 1.019509032201613 -0.6947170891235384
v 0.06786588717631277 1.038268343236509 -0.6890539160073463
v 0.06696011156461841 1.0555570233019602 -0.6798574218888728
v 0.06574114265769058 1.0707106781186548 -0.6674810228796373
v 0.06425582474701692 1.0831469612302544 -0.6524003370528003
v 0.06256123776692872 1.0923879532511287 -0.6351949067073411
v 0.060722503744735444 1.0980785280403231 -0.6165259268825193
v 0.058810284197736054 1.1 -0.5971108360033182
v 0.056898064650736664 1.0980785280403231 -0.577695745124117
v 0.05505933062854338 1.0923879532511287 -0.5590267652992952
v 0.05336474364845518 1.0831469612302544 -0.541821334953836
v 0.051879425737781516 1.0707106781186548 -0.526740649126999
v 0.0506604568308537 1.0555570233019602 -0.5143642501177635
v 0.04975468121915933 1.038268343236509 -0.5051677559992899
v 0.049196907351491015 1.019509032201613 -0.49950458288309785
v 0.049008570164780045 1.0 -0.49759236333609846
v 0.049196907351491015 0.9804909677983872 -0.49950458288309785
v 0.04975468121915933 0.961731656763491 -0.5051677559992899
v 0.0506604568308537 0.9444429766980398 -0.5143642501177635
v 0.051879425737781516 0.9292893218813453 -0.526740649126999
v 0.05336474364845518 0.9168530387697454 -0.541821334953836
v 0.055059330628543374 0.9076120467488713 -0.5590267652992951
v 0.056898064650736664 0.901921471959677 -0.577695745124117
v 0.058810284197736054 0.9 -0.5971108360033182
v 0.060722503744735444 0.901921471959677 -0.6165259268825193
v 0.06256123776692872 0.9076120467488713 -0.6351949067073411
v 0.06425582474701692 0.9168530387697454 -0.6524003370528003
v 0.06574114265769058 0.9292893218813453 -0.6674810228796373
v 0.06696011156461841 0.9444429766980398 -0.6798574218888728
v 0.06786588717631277 0.9617316567634909 -0.6890539160073463
v 0.0684236610439811 0.9804909677983871 -0.6947170891235384
v 0.1365632254112898 1.0 -0.6865496962822613
v 0.13618836482793145 1.019509032201613 -0.6846651448675025
v 0.13507818875985067 1.038268343236509 -0.679083912877227
v 0.13327536065074988 1.0555570233019602 -0.67002048392683
v 0.1308491621738241 1.0707106781186548 -0.6578231605080456
v 0.12789283077591393 1.0831469612302544 -0.6429606789195201
v 0.12451997661471123 1.0923879532511287 -0.6260041959937247
v 0.12086021658411264 1.0980785280403231 -0.6076053398601927
v 0.11705419320967697 1.1 -0.5884711682419382
v 0.11324816983524132 1.0980785280403231 -0.5693369966236838
v 0.10958840980464273 1.0923879532511287 -0.5509381404901518
v 0.10621555564344001 1.0831469612302544 -0.5339816575643563
v 0.10325922424552983 1.0707106781186548 -0.5191191759758309
v 0.10083302576860408 1.0555570233019602 -0.5069218525570465
v 0.09903019765950327 1.038268343236509 -0.49785842360664945
v 0.09792002159142249 1.019509032201613 -0.4922771916163739
v 0.09754516100806415 1.0 -0.4903926402016152
v 0.09792002159142249 0.9804909677983872 -0.4922771916163739
v 0.09903019765950327 0.961731656763491 -0.49785842360664945
v 0.10083302576860408 0.9444429766980398 -0.5069218525570465
v 0.10325922424552983 0.9292893218813453 -0.5191191759758309
v 0.10621555564344001 0.9168530387697454 -0.5339816575643563
v 0.1095884098046427 0.9076120467488713 -0.5509381404901517
v 0.11324816983524132 0.901921471959677 -0.5693369966236838
v 0.11705419320967697 0.9 -0.5884711682419382
v 0.12086021658411264 0.901921471959677 -0.6076053398601927
v 0.12451997661471123 0.9076120467488713 -0.6260041959937247
v 0.12789283077591393 0.9168530387697454 -0.6429606789195201
v 0.1308491621738241 0.9292893218813453 -0.6578231605080456
v 0.13327536065074988 0.9444429766980398 -0.67002048392683
v 0.13507818875985067 0.9617316567634909 -0.679083912877227
v 0.13618836482793145 0.9804909677983871 -0.6846651448675025
v 0.20319927407812344 1.0 -0.6698582350125463
v 0.2026415002104551 1.019509032201613 -0.6680195009903529
v 0.20098961354438144 1.038268343236509 -0.6625739604410721
v 0.19830709515809095 1.0555570233019602 -0.6537308824341181
v 0.19469703272879507 1.0707106781186548 -0.641830101498043
v 0.19029815893110538 1.0831469612302544 -0.6273289579701853
v 0.1852795200181502 1.0923879532511287 -0.6107847226639856
v 0.1798339794688693 1.0980785280403231 -0.5928331812641472
v 0.17417080635267723 1.1 -0.5741642014393253
v 0.16850763323648515 1.0980785280403231 -0.5554952216145035
v 0.16306209268720426 1.0923879532511287 -0.537543680214665
v 0.15804345377424908 1.0831469612302544 -0.5209994449084654
v 0.1536445799765594 1.0707106781186548 -0.5064983013806077
v 0.15003451754726352 1.0555570233019602 -0.4945975204445326
v 0.147351999160973 1.038268343236509 -0.48575444243757865
v 0.14570011249489936 1.019509032201613 -0.4803089018882978
v 0.14514233862723103 1.0 -0.47847016786610447
v 0.14570011249489936 0.9804909677983872 -0.4803089018882978
v 0.147351999160973 0.961731656763491 -0.48575444243757865
v 0.15003451754726352 0.9444429766980398 -0.4945975204445326
v 0.1536445799765594 0.9292893218813453 -0.5064983013806077
v 0.15804345377424908 0.9168530387697454 -0.5209994449084654
v 0.1630620926872042 0.9076120467488713 -0.5375436802146649
v 0.16850763323648515 0.901921471959677 -0.5554952216145035
v 0.17417080635267723 0.9 -0.5741642014393253
v 0.1798339794688693 0.901921471959677 -0.5928331812641472
v 0.1852795200181502 0.9076120467488713 -0.6107847226639856
v 0.19029815893110538 0.9168530387697454 -0.6273289579701853
v 0.19469703272879507 0.9292893218813453 -0.641830101498043
v 0.19830709515809095 0.9444429766980398 -0.6537308824341181
v 0.20098961354438144 0.9617316567634909 -0.6625739604410721
v 0.2026415002104551 0.9804909677983871 -0.6680195009903529
v 0.267878402655563 1.0 -0.6467156727579007
v 0.2671430871708405 1.019509032201613 -0.6449404641420607
v 0.2649653984783814 1.038268343236509 -0.6396830585660993
v 0.26142902393337486 1.0555570233019602 -0.6311454951779136
v 0.25666986442636386 1.0707106781186548 -0.6196558677505908
v 0.2508708117882354 1.0831469612302544 -0.6056557162227056
v 0.24425472035972662 1.0923879532511287 -0.5896830585660993
v 0.23707584282408825 1.0980785280403231 -0.5723517150569456
v 0.229610059419054 1.1 -0.554327719506772
v 0.22214427601401973 1.0980785280403231 -0.5363037239565983
v 0.21496539847838136 1.0923879532511287 -0.5189723804474446
v 0.20834930704987256 1.0831469612302544 -0.5029997227908383
v 0.20255025441174415 1.0707106781186548 -0.4889995712629532
v 0.19779109490473312 1.0555570233019602 -0.4775099438356303
v 0.1942547203597266 1.038268343236509 -0.46897238044744455
v 0.19207703166726744 1.019509032201613 -0.4637149748714832
v 0.191341716182545 1.0 -0.4619397662556433
v 0.19207703166726744 0.9804909677983872 -0.4637149748714832
v 0.1942547203597266 0.961731656763491 -0.46897238044744455
v 0.19779109490473312 0.9444429766980398 -0.4775099438356303
v 0.20255025441174415 0.9292893218813453 -0.4889995712629532
v 0.20834930704987256 0.9168530387697454 -0.5029997227908383
v 0.21496539847838134 0.9076120467488713 -0.5189723804474445
v 0.22214427601401973 0.901921471959677 -0.5363037239565983
v 0.229610059419054 0.9 -0.554327719506772
v 0.23707584282408825 0.901921471959677 -0.5723517150569456
v 0.24425472035972662 0.9076120467488713 -0.5896830585660993
v 0.2508708117882354 0.9168530387697454 -0.6056557162227056
v 0.25666986442636386 0.9292893218813453 -0.6196558677505908
v 0.26142902393337486 0.9444429766980398 -0.6311454951779136
v 0.2649653984783814 0.9617316567634909 -0.6396830585660993
v 0.2671430871708405 0.9804909677983871 -0.6449404641420607
v 0.3299777157781983 1.0 -0.6173448850438485
v 0.32907194016650393 1.019509032201613 -0.6156502980637603
v 0.3263894217802134 1.038268343236509 -0.6106316591508052
v 0.3220332482965383 1.0555570233019602 -0.6024818317839228
v 0.31617082501948585 1.0707106781186548 -0.5915140092583465
v 0.3090274415879085 1.0831469612302544 -0.5781496788429088
v 0.3008776142210261 1.0923879532511287 -0.5629024242606718
v 0.2920345362140721 1.0980785280403231 -0.5463581889544722
v 0.28283804209559854 1.1 -0.529152758609013
v 0.273641547977125 1.0980785280403231 -0.5119473282635538
v 0.264798469970171 1.0923879532511287 -0.4954030929573542
v 0.25664864260328857 1.0831469612302544 -0.4801558383751172
v 0.24950525917171124 1.0707106781186548 -0.4667915079596795
v 0.24364283589465882 1.0555570233019602 -0.45582368543410323
v 0.23928666241098365 1.038268343236509 -0.4476738580672209
v 0.23660414402469315 1.019509032201613 -0.44265521915426576
v 0.2356983684129988 1.0 -0.4409606321741775
v 0.23660414402469315 0.9804909677983872 -0.44265521915426576
v 0.23928666241098365 0.961731656763491 -0.4476738580672209
v 0.24364283589465882 0.9444429766980398 -0.45582368543410323
v 0.24950525917171124 0.9292893218813453 -0.4667915079596795
v 0.25664864260328857 0.9168530387697454 -0.4801558383751172
v 0.2647984699701709 0.9076120467488713 -0.49540309295735413
v 0.273641547977125 0.901921471959677 -0.5119473282635538
v 0.28283804209559854 0.9 -0.529152758609013
v 0.2920345362140721 0.901921471959677 -0.5463581889544722
v 0.3008776142210261 0.9076120467488713 -0.5629024242606718
v 0.3090274415879085 0.9168530387697454 -0.5781496788429088
v 0.31617082501948585 0.9292893218813453 -0.5915140092583465
v 0.3220332482965383 0.9444429766980398 -0.6024818317839228
v 0.3263894217802134 0.9617316567634909 -0.6106316591508052
v 0.32907194016650393 0.9804909677983871 -0.6156502980637603
v 0.38889916311372125 1.0 -0.5820287286117818
v 0.3878316504893429 1.019509032201613 -0.580431083066419
v 0.3846701365276948 1.038268343236509 -0.5756995430526689
v 0.37953611643732543 1.0555570233019602 -0.5680159389997818
v 0.3726268877311162 1.0707106781186548 -0.5576755475024952
v 0.3642079681935066 1.0831469612302544 -0.5450757440070916
v 0.3546028921809425 1.0923879532511287 -0.5307007318958481
v 0.34418077737799807 1.0980785280403231 -0.5151029348226002
v 0.3333421398117611 1.1 -0.49888176738152723
v 0.32250350224552415 1.0980785280403231 -0.48266059994045435
v 0.3120813874425797 1.0923879532511287 -0.4670628028672064
v 0.30247631143001563 1.0831469612302544 -0.45268779075596294
v 0.29405739189240604 1.0707106781186548 -0.4400879872605593
v 0.2871481631861968 1.0555570233019602 -0.4297475957632727
v 0.28201414309582745 1.038268343236509 -0.4220639917103856
v 0.2788526291341793 1.019509032201613 -0.4173324516966355
v 0.2777851165098009 1.0 -0.41573480615127273
v 0.2788526291341793 0.9804909677983872 -0.4173324516966355
v 0.28201414309582745 0.961731656763491 -0.4220639917103856
v 0.2871481631861968 0.9444429766980398 -0.4297475957632727
v 0.29405739189240604 0.9292893218813453 -0.4400879872605593
v 0.30247631143001563 0.9168530387697454 -0.45268779075596294
v 0.3120813874425796 0.9076120467488713 -0.4670628028672063
v 0.32250350224552415 0.901921471959677 -0.48266059994045435
v 0.3333421398117611 0.9 -0.49888176738152723
v 0.34418077737799807 0.901921471959677 -0.5151029348226002
v 0.3546028921809425 0.9076120467488713 -0.5307007318958481
v 0.3642079681935066 0.9168530387697454 -0.5450757440070916
v 0.3726268877311162 0.9292893218813453 -0.5576755475024952
v 0.37953611643732543 0.9444429766980398 -0.5680159389997818
v 0.3846701365276948 0.9617316567634909 -0.5756995430526689
v 0.3878316504893429 0.9804909677983871 -0.580431083066419
v 0.4440752989145519 1.0 -0.5411073173539158
v 0.4428563300076241 1.019509032201613 -0.5396219994432421
v 0.43924626757832824 1.038268343236509 -0.5352231256455524
v 0.43338384430127586 1.0555570233019602 -0.5280797422139751
v 0.42549434981531914 1.0707106781186548 -0.5184663653677299
v 0.41588097296907406 1.0831469612302544 -0.5067524317877745
v 0.4049131504434979 1.0923879532511287 -0.49338810137233674
v 0.3930123695074228 1.0980785280403231 -0.47888695784447904
v 0.38063597049818737 1.1 -0.46380627201764213
v 0.3682595714889519 1.0980785280403231 -0.44872558619080516
v 0.3563587905528768 1.0923879532511287 -0.4342244426629475
v 0.3453909680273006 1.0831469612302544 -0.4208601122475097
v 0.33577759118105555 1.0707106781186548 -0.40914617866755426
v 0.32788809669509883 1.0555570233019602 -0.3995328018213091
v 0.32202567341804644 1.038268343236509 -0.3923894183897318
v 0.3184156109887506 1.019509032201613 -0.38799054459204213
v 0.3171966420818228 1.0 -0.38650522668136844
v 0.3184156109887506 0.9804909677983872 -0.38799054459204213
v 0.32202567341804644 0.961731656763491 -0.3923894183897318
v 0.32788809669509883 0.9444429766980398 -0.3995328018213091
v 0.33577759118105555 0.9292893218813453 -0.40914617866755426
v 0.3453909680273006 0.9168530387697454 -0.4208601122475097
v 0.3563587905528767 0.9076120467488713 -0.4342244426629474
v 0.3682595714889519 0.901921471959677 -0.44872558619080516
v 0.38063597049818737 0.9 -0.46380627201764213
v 0.3930123695074228 0.901921471959677 -0.47888695784447904
v 0.4049131504434979 0.9076120467488713 -0.49338810137233674
v 0.41588097296907406 0.9168530387697454 -0.5067524317877745
v 0.42549434981531914 0.9292893218813453 -0.5184663653677299
v 0.43338384430127586 0.9444429766980398 -0.5280797422139751
v 0.43924626757832824 0.9617316567634909 -0.5352231256455524
v 0.4428563300076241 0.9804909677983871 -0.5396219994432421
v 0.4949747468305831 1.0 -0.49497474683058335
v 0.49361606097803573 1.019509032201613 -0.49361606097803595
v 0.48959221695574723 1.038268343236509 -0.48959221695574745
v 0.4830578488328963 1.0555570233019602 -0.48305784883289654
v 0.4742640687119284 1.0707106781186548 -0.4742640687119286
v 0.4635488166312835 1.0831469612302544 -0.4635488166312837
v 0.4513238737192382 1.0923879532511287 -0.45132387371923843
v 0.4380590376760755 1.0980785280403231 -0.43805903767607574
v 0.4242640687119284 1.1 -0.4242640687119286
v 0.41046909974778123 1.0980785280403231 -0.41046909974778145
v 0.3972042637046186 1.0923879532511287 -0.39720426370461875
v 0.3849793207925733 1.0831469612302544 -0.38497932079257347
v 0.3742640687119284 1.0707106781186548 -0.3742640687119286
v 0.3654702885909604 1.0555570233019602 -0.36547028859096065
v 0.35893592046810957 1.038268343236509 -0.35893592046810974
v 0.35491207644582107 1.019509032201613 -0.35491207644582123
v 0.3535533905932737 1.0 -0.35355339059327384
v 0.35491207644582107 0.9804909677983872 -0.35491207644582123
v 0.35893592046810957 0.961731656763491 -0.35893592046810974
v 0.3654702885909604 0.9444429766980398 -0.36547028859096065
v 0.3742640687119284 0.9292893218813453 -0.3742640687119286
v 0.3849793207925733 0.9168530387697454 -0.38497932079257347
v 0.3972042637046185 0.9076120467488713 -0.3972042637046187
v 0.41046909974778123 0.901921471959677 -0.41046909974778145
v 0.4242640687119284 0.9 -0.4242640687119286
v 0.4380590376760755 0.901921471959677 -0.43805903767607574
v 0.4513238737192382 0.9076120467488713 -0.45132387371923843
v 0.4635488166312835 0.9168530387697454 -0.4635488166312837
v 0.4742640687119284 0.9292893218813453 -0.4742640687119286
v 0.4830578488328963 0.9444429766980398 -0.48305784883289654
v 0.48959221695574723 0.9617316567634909 -0.48959221695574745
v 0.49361606097803573 0.9804909677983871 -0.49361606097803595
v 0.5411073173539156 1.0 -0.4440752989145521
v 0.5396219994432419 1.019509032201613 -0.4428563300076243
v 0.5352231256455522 1.038268343236509 -0.43924626757832846
v 0.5280797422139749 1.0555570233019602 -0.4333838443012761
v 0.5184663653677297 1.0707106781186548 -0.42549434981531936
v 0.5067524317877743 1.0831469612302544 -0.4158809729690743
v 0.4933881013723365 1.0923879532511287 -0.4049131504434981
v 0.4788869578444789 1.0980785280403231 -0.393012369507423
v 0.4638062720176419 1.1 -0.38063597049818754
v 0.44872558619080494 1.0980785280403231 -0.36825957148895205
v 0.4342244426629473 1.0923879532511287 -0.356358790552877
v 0.4208601122475095 1.0831469612302544 -0.3453909680273008
v 0.4091461786675541 1.0707106781186548 -0.3357775911810557
v 0.39953280182130896 1.0555570233019602 -0.327888096695099
v 0.3923894183897316 1.038268343236509 -0.3220256734180466
v 0.38799054459204196 1.019509032201613 -0.31841561098875076
v 0.3865052266813683 1.0 -0.31719664208182297
v 0.38799054459204196 0.9804909677983872 -0.31841561098875076
v 0.3923894183897316 0.961731656763491 -0.3220256734180466
v 0.39953280182130896 0.9444429766980398 -0.327888096695099
v 0.4091461786675541 0.9292893218813453 -0.3357775911810557
v 0.4208601122475095 0.9168530387697454 -0.3453909680273008
v 0.43422444266294724 0.9076120467488713 -0.3563587905528769
v 0.44872558619080494 0.901921471959677 -0.36825957148895205
v 0.4638062720176419 0.9 -0.38063597049818754
v 0.4788869578444789 0.901921471959677 -0.393012369507423
v 0.4933881013723365 0.9076120467488713 -0.4049131504434981
v 0.5067524317877743 0.9168530387697454 -0.4158809729690743
v 0.5184663653677297 0.9292893218813453 -0.42549434981531936
v 0.5280797422139749 0.9444429766980398 -0.4333838443012761
v 0.5352231256455522 0.9617316567634909 -0.43924626757832846
v 0.5396219994432419 0.9804909677983871 -0.4428563300076243
v 0.5820287286117817 1.0 -0.3888991631137215
v 0.5804310830664188 1.019509032201613 -0.38783165048934315
v 0.5756995430526688 1.038268343236509 -0.384670136527695
v 0.5680159389997816 1.0555570233019602 -0.37953611643732565
v 0.557675547502495 1.0707106781186548 -0.3726268877311164
v 0.5450757440070915 1.0831469612302544 -0.3642079681935068
v 0.530700731895848 1.0923879532511287 -0.3546028921809427
v 0.5151029348226001 1.0980785280403231 -0.34418077737799824
v 0.4988817673815271 1.1 -0.3333421398117613
v 0.48266059994045424 1.0980785280403231 -0.3225035022455243
v 0.4670628028672063 1.0923879532511287 -0.3120813874425799
v 0.45268779075596277 1.0831469612302544 -0.3024763114300158
v 0.4400879872605592 1.0707106781186548 -0.2940573918924062
v 0.4297475957632726 1.0555570233019602 -0.28714816318619696
v 0.4220639917103855 1.038268343236509 -0.2820141430958276
v 0.4173324516966354 1.019509032201613 -0.27885262913417946
v 0.4157348061512726 1.0 -0.2777851165098011
v 0.4173324516966354 0.9804909677983872 -0.27885262913417946
v 0.4220639917103855 0.961731656763491 -0.2820141430958276
v 0.4297475957632726 0.9444429766980398 -0.28714816318619696
v 0.4400879872605592 0.9292893218813453 -0.2940573918924062
v 0.45268779075596277 0.9168530387697454 -0.3024763114300158
v 0.4670628028672062 0.9076120467488713 -0.31208138744257985
v 0.48266059994045424 0.901921471959677 -0.3225035022455243
v 0.4988817673815271 0.9 -0.3333421398117613
v 0.5151029348226001 0.901921471959677 -0.34418077737799824
v 0.530700731895848 0.9076120467488713 -0.3546028921809427
v 0.5450757440070915 0.9168530387697454 -0.3642079681935068
v 0.557675547502495 0.9292893218813453 -0.3726268877311164
v 0.5680159389997816 0.9444429766980398 -0.37953611643732565
v 0.5756995430526688 0.9617316567634909 -0.384670136527695
v 0.5804310830664188 0.9804909677983871 -0.38783165048934315
v 0.6173448850438483 1.0 -0.3299777157781985
v 0.6156502980637601 1.019509032201613 -0.32907194016650415
v 0.610631659150805 1.038268343236509 -0.32638942178021363
v 0.6024818317839226 1.0555570233019602 -0.3220332482965385
v 0.5915140092583464 1.0707106781186548 -0.31617082501948607
v 0.5781496788429087 1.0831469612302544 -0.30902744158790874
v 0.5629024242606717 1.0923879532511287 -0.3008776142210263
v 0.546358188954472 1.0980785280403231 -0.2920345362140723
v 0.5291527586090129 1.1 -0.28283804209559876
v 0.5119473282635537 1.0980785280403231 -0.27364154797712514
v 0.4954030929573541 1.0923879532511287 -0.26479846997017115
v 0.4801558383751171 1.0831469612302544 -0.2566486426032888
v 0.46679150795967933 1.0707106781186548 -0.2495052591717114
v 0.4558236854341031 1.0555570233019602 -0.243642835894659
v 0.44767385806722076 1.038268343236509 -0.23928666241098384
v 0.44265521915426564 1.019509032201613 -0.23660414402469332
v 0.4409606321741774 1.0 -0.23569836841299896
v 0.44265521915426564 0.9804909677983872 -0.23660414402469332
v 0.44767385806722076 0.961731656763491 -0.23928666241098384
v 0.4558236854341031 0.9444429766980398 -0.243642835894659
v 0.46679150795967933 0.9292893218813453 -0.2495052591717114
v 0.4801558383751171 0.9168530387697454 -0.2566486426032888
v 0.49540309295735396 0.9076120467488713 -0.2647984699701711
v 0.5119473282635537 0.901921471959677 -0.27364154797712514
v 0.5291527586090129 0.9 -0.28283804209559876
v 0.546358188954472 0.901921471959677 -0.2920345362140723
v 0.5629024242606717 0.9076120467488713 -0.3008776142210263
v 0.5781496788429087 0.9168530387697454 -0.30902744158790874
v 0.5915140092583464 0.9292893218813453 -0.31617082501948607
v 0.6024818317839226 0.9444429766980398 -0.3220332482965385
v 0.610631659150805 0.9617316567634909 -0.32638942178021363
v 0.6156502980637601 0.9804909677983871 -0.32907194016650415
v 0.6467156727579005 1.0 -0.26787840265556323
v 0.6449404641420606 1.019509032201613 -0.2671430871708408
v 0.6396830585660993 1.038268343236509 -0.2649653984783817
v 0.6311454951779135 1.0555570233019602 -0.26142902393337514
v 0.6196558677505907 1.0707106781186548 -0.25666986442636414
v 0.6056557162227055 1.0831469612302544 -0.25087081178823567
v 0.5896830585660993 1.0923879532511287 -0.24425472035972687
v 0.5723517150569456 1.0980785280403231 -0.2370758428240885
v 0.5543277195067718 1.1 -0.2296100594190542
v 0.5363037239565982 1.0980785280403231 -0.22214427601401995
v 0.5189723804474445 1.0923879532511287 -0.2149653984783816
v 0.5029997227908383 1.0831469612302544 -0.20834930704987278
v 0.4889995712629531 1.0707106781186548 -0.20255025441174435
v 0.4775099438356302 1.0555570233019602 -0.19779109490473332
v 0.4689723804474445 1.038268343236509 -0.1942547203597268
v 0.46371497487148317 1.019509032201613 -0.19207703166726764
v 0.46193976625564326 1.0 -0.1913417161825452
v 0.46371497487148317 0.9804909677983872 -0.19207703166726764
v 0.4689723804474445 0.961731656763491 -0.1942547203597268
v 0.4775099438356302 0.9444429766980398 -0.19779109490473332
v 0.4889995712629531 0.9292893218813453 -0.20255025441174435
v 0.5029997227908383 0.9168530387697454 -0.20834930704987278
v 0.5189723804474444 0.9076120467488713 -0.21496539847838153
v 0.5363037239565982 0.901921471959677 -0.22214427601401995
v 0.5543277195067718 0.9 -0.2296100594190542
v 0.5723517150569456 0.901921471959677 -0.2370758428240885
v 0.5896830585660993 0.9076120467488713 -0.24425472035972687
v 0.6056557162227055 0.9168530387697454 -0.25087081178823567
v 0.6196558677505907 0.9292893218813453 -0.25666986442636414
v 0.6311454951779135 0.9444429766980398 -0.26142902393337514
v 0.6396830585660993 0.9617316567634909 -0.2649653984783817
v 0.6449404641420606 0.9804909677983871 -0.2671430871708408
v 0.6698582350125462 1.0 -0.20319927407812374
v 0.6680195009903528 1.019509032201613 -0.2026415002104554
v 0.662573960441072 1.038268343236509 -0.20098961354438175
v 0.653730882434118 1.0555570233019602 -0.19830709515809125
v 0.6418301014980429 1.0707106781186548 -0.19469703272879535
v 0.6273289579701853 1.0831469612302544 -0.19029815893110566
v 0.6107847226639855 1.0923879532511287 -0.18527952001815048
v 0.5928331812641471 1.0980785280403231 -0.1798339794688696
v 0.5741642014393252 1.1 -0.17417080635267748
v 0.5554952216145034 1.0980785280403231 -0.1685076332364854
v 0.537543680214665 1.0923879532511287 -0.1630620926872045
v 0.5209994449084653 1.0831469612302544 -0.15804345377424933
v 0.5064983013806077 1.0707106781186548 -0.15364457997655961
v 0.49459752044453253 1.0555570233019602 -0.15003451754726374
v 0.48575444243757854 1.038268343236509 -0.14735199916097322
v 0.4803089018882977 1.019509032201613 -0.1457001124948996
v 0.4784701678661044 1.0 -0.14514233862723125
v 0.4803089018882977 0.9804909677983872 -0.1457001124948996
v 0.48575444243757854 0.961731656763491 -0.14735199916097322
v 0.49459752044453253 0.9444429766980398 -0.15003451754726374
v 0.5064983013806077 0.9292893218813453 -0.15364457997655961
v 0.5209994449084653 0.9168530387697454 -0.15804345377424933
v 0.5375436802146649 0.9076120467488713 -0.16306209268720445
v 0.5554952216145034 0.901921471959677 -0.1685076332364854
v 0.5741642014393252 0.9 -0.17417080635267748
v 0.5928331812641471 0.901921471959677 -0.1798339794688696
v 0.6107847226639855 0.9076120467488713 -0.18527952001815048
v 0.6273289579701853 0.9168530387697454 -0.19029815893110566
v 0.6418301014980429 0.9292893218813453 -0.19469703272879535
v 0.653730882434118 0.9444429766980398 -0.19830709515809125
v 0.662573960441072 0.9617316567634909 -0.20098961354438175
v 0.6680195009903528 0.9804909677983871 -0.2026415002104554
v 0.6865496962822611 1.0 -0.1365632254112901
v 0.6846651448675025 1.019509032201613 -0.13618836482793176
v 0.6790839128772269 1.038268343236509 -0.13507818875985098
v 0.6700204839268299 1.0555570233019602 -0.13327536065075016
v 0.6578231605080455 1.0707106781186548 -0.13084916217382442
v 0.64296067891952 1.0831469612302544 -0.1278928307759142
v 0.6260041959937247 1.0923879532511287 -0.12451997661471151
v 0.6076053398601926 1.0980785280403231 -0.1208602165841129
v 0.5884711682419381 1.1 -0.11705419320967722
v 0.5693369966236836 1.0980785280403231 -0.11324816983524155
v 0.5509381404901517 1.0923879532511287 -0.10958840980464295
v 0.5339816575643563 1.0831469612302544 -0.10621555564344025
v 0.5191191759758308 1.0707106781186548 -0.10325922424553005
v 0.5069218525570465 1.0555570233019602 -0.1008330257686043
v 0.4978584236066494 1.038268343236509 -0.09903019765950348
v 0.49227719161637384 1.019509032201613 -0.0979200215914227
v 0.49039264020161516 1.0 -0.09754516100806436
v 0.49227719161637384 0.9804909677983872 -0.0979200215914227
v 0.4978584236066494 0.961731656763491 -0.09903019765950348
v 0.5069218525570465 0.9444429766980398 -0.1008330257686043
v 0.5191191759758308 0.9292893218813453 -0.10325922424553005
v 0.5339816575643563 0.9168530387697454 -0.10621555564344025
v 0.5509381404901516 0.9076120467488713 -0.10958840980464293
v 0.5693369966236836 0.901921471959677 -0.11324816983524155
v 0.5884711682419381 0.9 -0.11705419320967722
v 0.6076053398601926 0.901921471959677 -0.1208602165841129
v 0.6260041959937247 0.9076120467488713 -0.12451997661471151
v 0.64296067891952 0.9168530387697454 -0.1278928307759142
v 0.6578231605080455 0.9292893218813453 -0.13084916217382442
v 0.6700204839268299 0.9444429766980398 -0.13327536065075016
v 0.6790839128772269 0.9617316567634909 -0.13507818875985098
v 0.6846651448675025 0.9804909677983871 -0.13618836482793176
v 0.6966293086705379 1.0 -0.06861199823069235
v 0.6947170891235384 1.019509032201613 -0.06842366104398138
v 0.6890539160073463 1.038268343236509 -0.06786588717631306
v 0.6798574218888728 1.0555570233019602 -0.06696011156461869
v 0.6674810228796373 1.0707106781186548 -0.06574114265769086
v 0.6524003370528003 1.0831469612302544 -0.0642558247470172
v 0.6351949067073411 1.0923879532511287 -0.06256123776692898
v 0.6165259268825193 1.0980785280403231 -0.0607225037447357
v 0.5971108360033182 1.1 -0.058810284197736304
v 0.577695745124117 1.0980785280403231 -0.0568980646507369
v 0.5590267652992952 1.0923879532511287 -0.05505933062854362
v 0.541821334953836 1.0831469612302544 -0.05336474364845541
v 0.526740649126999 1.0707106781186548 -0.05187942573778174
v 0.5143642501177635 1.0555570233019602 -0.05066045683085391
v 0.5051677559992899 1.038268343236509 -0.04975468121915955
v 0.49950458288309785 1.019509032201613 -0.04919690735149122
v 0.49759236333609846 1.0 -0.04900857016478025
v 0.49950458288309785 0.9804909677983872 -0.04919690735149122
v 0.5051677559992899 0.961731656763491 -0.04975468121915955
v 0.5143642501177635 0.9444429766980398 -0.05066045683085391
v 0.526740649126999 0.9292893218813453 -0.05187942573778174
v 0.541821334953836 0.9168530387697454 -0.05336474364845541
v 0.5590267652992951 0.9076120467488713 -0.0550593306285436
v 0.577695745124117 0.901921471959677 -0.0568980646507369
v 0.5971108360033182 0.9 -0.058810284197736304
v 0.6165259268825193 0.901921471959677 -0.0607225037447357
v 0.6351949067073411 0.9076120467488713 -0.06256123776692898
v 0.6524003370528003 0.9168530387697454 -0.0642558247470172
v 0.6674810228796373 0.9292893218813453 -0.06574114265769086
v 0.6798574218888728 0.9444429766980398 -0.06696011156461869
v 0.6890539160073463 0.9617316567634909 -0.06786588717631306
v 0.6947170891235384 0.9804909677983871 -0.06842366104398138
v 0.7 1.2 0.0
v 0.698078528040323 1.2195090322016129 0.0
v 0.6923879532511287 1.238268343236509 0.0
v 0.6831469612302545 1.2555570233019602 0.0
v 0.6707106781186547 1.2707106781186548 0.0
v 0.6555570233019602 1.2831469612302544 0.0
v 0.6382683432365089 1.2923879532511287 0.0
v 0.6195090322016128 1.298078528040323 0.0
v 0.6 1.3 0.0
v 0.5804909677983872 1.298078528040323 0.0
v 0.561731656763491 1.2923879532511287 0.0
v 0.5444429766980398 1.2831469612302544 0.0
v 0.5292893218813453 1.2707106781186548 0.0
v 0.5168530387697454 1.2555570233019602 0.0
v 0.5076120467488713 1.238268343236509 0.0
v 0.501921471959677 1.2195090322016129 0.0
v 0.5 1.2 0.0
v 0.501921471959677 1.180490967798387 0.0
v 0.5076120467488713 1.161731656763491 0.0
v 0.5168530387697454 1.1444429766980397 0.0
v 0.5292893218813453 1.1292893218813451 0.0
v 0.5444429766980398 1.1168530387697455 0.0
v 0.5617316567634909 1.1076120467488713 0.0
v 0.5804909677983872 1.1019214719596768 0.0
v 0.6 1.0999999999999999 0.0
v 0.6195090322016128 1.1019214719596768 0.0
v 0.6382683432365089 1.1076120467488713 0.0
v 0.6555570233019602 1.1168530387697455 0.0
v 0.6707106781186547 1.1292893218813451 0.0
v 0.6831469612302545 1.1444429766980397 0.0
v 0.6923879532511287 1.161731656763491 0.0
v 0.698078528040323 1.180490967798387 0.0
v 0.6966293086705379 1.2 0.06861199823069242
v 0.6947170891235384 1.2195090322016129 0.06842366104398144
v 0.6890539160073463 1.238268343236509 0.06786588717631313
v 0.6798574218888728 1.2555570233019602 0.06696011156461876
v 0.6674810228796373 1.2707106781186548 0.06574114265769093
v 0.6524003370528003 1.2831469612302544 0.06425582474701726
v 0.6351949067073411 1.2923879532511287 0.06256123776692905
v 0.6165259268825193 1.298078528040323 0.06072250374473576
v 0.5971108360033182 1.3 0.05881028419773636
v 0.577695745124117 1.298078528040323 0.05689806465073696
v 0.5590267652992952 1.2923879532511287 0.05505933062854367
v 0.541821334953836 1.2831469612302544 0.053364743648455455
v 0.526740649126999 1.2707106781186548 0.05187942573778179
v 0.5143642501177635 1.2555570233019602 0.05066045683085396
v 0.5051677559992899 1.238268343236509 0.049754681219159595
v 0.49950458288309785 1.2195090322016129 0.04919690735149127
v 0.49759236333609846 1.2 0.0490085701647803
v 0.49950458288309785 1.180490967798387 0.04919690735149127
v 0.5051677559992899 1.161731656763491 0.049754681219159595
v 0.5143642501177635 1.1444429766980397 0.05066045683085396
v 0.526740649126999 1.1292893218813451 0.05187942573778179
v 0.541821334953836 1.1168530387697455 0.053364743648455455
v 0.5590267652992951 1.1076120467488713 0.05505933062854366
v 0.577695745124117 1.1019214719596768 0.05689806465073696
v 0.5971108360033182 1.0999999999999999 0.05881028419773636
v 0.6165259268825193 1.1019214719596768 0.06072250374473576
v 0.6351949067073411 1.1076120467488713 0.06256123776692905
v 0.6524003370528003 1.1168530387697455 0.06425582474701726
v 0.6674810228796373 1.1292893218813451 0.06574114265769093
v 0.6798574218888728 1.1444429766980397 0.06696011156461876
v 0.6890539160073463 1.161731656763491 0.06786588717631313
v 0.6947170891235384 1.180490967798387 0.06842366104398144
v 0.6865496962822613 1.2 0.13656322541128976
v 0.6846651448675025 1.2195090322016129 0.13618836482793142
v 0.679083912877227 1.238268343236509 0.13507818875985064
v 0.67002048392683 1.2555570233019602 0.13327536065074982
v 0.6578231605080456 1.2707106781186548 0.13084916217382409
v 0.6429606789195201 1.2831469612302544 0.1278928307759139
v 0.6260041959937247 1.2923879532511287 0.1245199766147112
v 0.6076053398601927 1.298078528040323 0.1208602165841126
v 0.5884711682419382 1.3 0.11705419320967694
v 0.5693369966236838 1.298078528040323 0.11324816983524129
v 0.5509381404901518 1.2923879532511287 0.10958840980464268
v 0.5339816575643563 1.2831469612302544 0.10621555564343999
v 0.5191191759758309 1.2707106781186548 0.1032592242455298
v 0.5069218525570465 1.2555570233019602 0.10083302576860405
v 0.49785842360664945 1.238268343236509 0.09903019765950324
v 0.4922771916163739 1.2195090322016129 0.09792002159142246
v 0.4903926402016152 1.2 0.09754516100806412
v 0.4922771916163739 1.180490967798387 0.09792002159142246
v 0.49785842360664945 1.161731656763491 0.09903019765950324
v 0.5069218525570465 1.1444429766980397 0.10083302576860405
v 0.5191191759758309 1.1292893218813451 0.1032592242455298
v 0.5339816575643563 1.1168530387697455 0.10621555564343999
v 0.5509381404901517 1.1076120467488713 0.10958840980464267
v 0.5693369966236838 1.1019214719596768 0.11324816983524129
v 0.5884711682419382 1.0999999999999999 0.11705419320967694
v 0.6076053398601927 1.1019214719596768 0.1208602165841126
v 0.6260041959937247 1.1076120467488713 0.1245199766147112
v 0.6429606789195201 1.1168530387697455 0.1278928307759139
v 0.6578231605080456 1.1292893218813451 0.13084916217382409
v 0.67002048392683 1.1444429766980397 0.13327536065074982
v 0.679083912877227 1.161731656763491 0.13507818875985064
v 0.6846651448675025 1.180490967798387 0.13618836482793142
v 0.6698582350125462 1.2 0.20319927407812363
v 0.6680195009903528 1.2195090322016129 0.2026415002104553
v 0.662573960441072 1.238268343236509 0.20098961354438163
v 0.653730882434118 1.2555570233019602 0.19830709515809114
v 0.6418301014980429 1.2707106781186548 0.19469703272879524
v 0.6273289579701853 1.2831469612302544 0.19029815893110555
v 0.6107847226639855 1.2923879532511287 0.18527952001815037
v 0.5928331812641471 1.298078528040323 0.17983397946886948
v 0.5741642014393252 1.3 0.1741708063526774
v 0.5554952216145034 1.298078528040323 0.1685076332364853
v 0.537543680214665 1.2923879532511287 0.1630620926872044
v 0.5209994449084653 1.2831469612302544 0.15804345377424922
v 0.5064983013806077 1.2707106781186548 0.15364457997655953
v 0.49459752044453253 1.2555570233019602 0.15003451754726366
v 0.48575444243757854 1.238268343236509 0.14735199916097313
v 0.4803089018882977 1.2195090322016129 0.1457001124948995
v 0.4784701678661044 1.2 0.14514233862723117
v 0.4803089018882977 1.180490967798387 0.1457001124948995
v 0.48575444243757854 1.161731656763491 0.14735199916097313
v 0.49459752044453253 1.1444429766980397 0.15003451754726366
v 0.5064983013806077 1.1292893218813451 0.15364457997655953
v 0.5209994449084653 1.1168530387697455 0.15804345377424922
v 0.5375436802146649 1.1076120467488713 0.16306209268720437
v 0.5554952216145034 1.1019214719596768 0.1685076332364853
v 0.5741642014393252 1.0999999999999999 0.1741708063526774
v 0.5928331812641471 1.1019214719596768 0.17983397946886948
v 0.6107847226639855 1.1076120467488713 0.18527952001815037
v 0.6273289579701853 1.1168530387697455 0.19029815893110555
v 0.6418301014980429 1.1292893218813451 0.19469703272879524
v 0.653730882434118 1.1444429766980397 0.19830709515809114
v 0.662573960441072 1.161731656763491 0.20098961354438163
v 0.6680195009903528 1.180490967798387 0.2026415002104553
v 0.6467156727579007 1.2 0.26787840265556284
v 0.6449404641420607 1.2195090322016129 0.2671430871708404
v 0.6396830585660994 1.238268343236509 0.26496539847838124
v 0.6311454951779137 1.2555570233019602 0.26142902393337475
v 0.6196558677505908 1.2707106781186548 0.2566698644263637
v 0.6056557162227056 1.2831469612302544 0.2508708117882353
v 0.5896830585660994 1.2923879532511287 0.24425472035972648
v 0.5723517150569457 1.298078528040323 0.2370758428240881
v 0.5543277195067721 1.3 0.22961005941905385
v 0.5363037239565983 1.298078528040323 0.2221442760140196
v 0.5189723804474446 1.2923879532511287 0.21496539847838125
v 0.5029997227908384 1.2831469612302544 0.20834930704987245
v 0.48899957126295324 1.2707106781186548 0.202550254411744
v 0.47750994383563033 1.2555570233019602 0.197791094904733
v 0.4689723804474446 1.238268343236509 0.19425472035972646
v 0.4637149748714833 1.2195090322016129 0.19207703166726733
v 0.46193976625564337 1.2 0.1913417161825449
v 0.4637149748714833 1.180490967798387 0.19207703166726733
v 0.4689723804474446 1.161731656763491 0.19425472035972646
v 0.47750994383563033 1.1444429766980397 0.197791094904733
v 0.48899957126295324 1.1292893218813451 0.202550254411744
v 0.5029997227908384 1.1168530387697455 0.20834930704987245
v 0.5189723804474445 1.1076120467488713 0.2149653984783812
v 0.5363037239565983 1.1019214719596768 0.2221442760140196
v 0.5543277195067721 1.0999999999999999 0.22961005941905385
v 0.5723517150569457 1.1019214719596768 0.2370758428240881
v 0.5896830585660994 1.1076120467488713 0.24425472035972648
v 0.6056557162227056 1.1168530387697455 0.2508708117882353
v 0.6196558677505908 1.1292893218813451 0.2566698644263637
v 0.6311454951779137 1.1444429766980397 0.26142902393337475
v 0.6396830585660994 1.161731656763491 0.26496539847838124
v 0.6449404641420607 1.180490967798387 0.2671430871708404
v 0.6173448850438485 1.2 0.32997771577819834
v 0.6156502980637603 1.2195090322016129 0.32907194016650393
v 0.6106316591508052 1.238268343236509 0.32638942178021346
v 0.6024818317839228 1.2555570233019602 0.3220332482965383
v 0.5915140092583465 1.2707106781186548 0.3161708250194859
v 0.5781496788429088 1.2831469612302544 0.3090274415879085
v 0.5629024242606718 1.2923879532511287 0.30087761422102616
v 0.5463581889544722 1.298078528040323 0.29203453621407216
v 0.529152758609013 1.3 0.2828380420955986
v 0.5119473282635538 1.298078528040323 0.273641547977125
v 0.4954030929573542 1.2923879532511287 0.26479846997017104
v 0.4801558383751172 1.2831469612302544 0.2566486426032886
v 0.4667915079596795 1.2707106781186548 0.24950525917171126
v 0.45582368543410323 1.2555570233019602 0.24364283589465885
v 0.4476738580672209 1.238268343236509 0.23928666241098367
v 0.44265521915426576 1.2195090322016129 0.23660414402469318
v 0.4409606321741775 1.2 0.23569836841299882
v 0.44265521915426576 1.180490967798387 0.23660414402469318
v 0.4476738580672209 1.161731656763491 0.23928666241098367
v 0.45582368543410323 1.1444429766980397 0.24364283589465885
v 0.4667915079596795 1.1292893218813451 0.24950525917171126
v 0.4801558383751172 1.1168530387697455 0.2566486426032886
v 0.49540309295735413 1.1076120467488713 0.264798469970171
v 0.5119473282635538 1.1019214719596768 0.273641547977125
v 0.529152758609013 1.0999999999999999 0.2828380420955986
v 0.5463581889544722 1.1019214719596768 0.29203453621407216
v 0.5629024242606718 1.1076120467488713 0.30087761422102616
v 0.5781496788429088 1.1168530387697455 0.3090274415879085
v 0.5915140092583465 1.1292893218813451 0.3161708250194859
v 0.6024818317839228 1.1444429766980397 0.3220332482965383
v 0.6106316591508052 1.161731656763491 0.32638942178021346
v 0.6156502980637603 1.180490967798387 0.32907194016650393
v 0.5820287286117817 1.2 0.3888991631137215
v 0.5804310830664188 1.2195090322016129 0.38783165048934315
v 0.5756995430526688 1.238268343236509 0.384670136527695
v 0.5680159389997816 1.2555570233019602 0.37953611643732565
v 0.557675547502495 1.2707106781186548 0.3726268877311164
v 0.5450757440070915 1.2831469612302544 0.3642079681935068
v 0.530700731895848 1.2923879532511287 0.3546028921809427
v 0.5151029348226001 1.298078528040323 0.34418077737799824
v 0.4988817673815271 1.3 0.3333421398117613
v 0.48266059994045424 1.298078528040323 0.3225035022455243
v 0.4670628028672063 1.2923879532511287 0.3120813874425799
v 0.45268779075596277 1.2831469612302544 0.3024763114300158
v 0.4400879872605592 1.2707106781186548 0.2940573918924062
v 0.4297475957632726 1.2555570233019602 0.28714816318619696
v 0.4220639917103855 1.238268343236509 0.2820141430958276
v 0.4173324516966354 1.2195090322016129 0.27885262913417946
v 0.4157348061512726 1.2 0.2777851165098011
v 0.4173324516966354 1.180490967798387 0.27885262913417946
v 0.4220639917103855 1.161731656763491 0.2820141430958276
v 0.4297475957632726 1.1444429766980397 0.28714816318619696
v 0.4400879872605592 1.1292893218813451 0.2940573918924062
v 0.45268779075596277 1.1168530387697455 0.3024763114300158
v 0.4670628028672062 1.1076120467488713 0.31208138744257985
v 0.48266059994045424 1.1019214719596768 0.3225035022455243
v 0.4988817673815271 1.0999999999999999 0.3333421398117613
v 0.5151029348226001 1.1019214719596768 0.34418077737799824
v 0.530700731895848 1.1076120467488713 0.3546028921809427
v 0.5450757440070915 1.1168530387697455 0.3642079681935068
v 0.557675547502495 1.1292893218813451 0.3726268877311164
v 0.5680159389997816 1.1444429766980397 0.37953611643732565
v 0.5756995430526688 1.161731656763491 0.384670136527695
v 0.5804310830664188 1.180490967798387 0.38783165048934315
v 0.5411073173539158 1.2 0.44407529891455183
v 0.5396219994432422 1.2195090322016129 0.442856330007624
v 0.5352231256455525 1.238268343236509 0.4392462675783282
v 0.5280797422139751 1.2555570233019602 0.43338384430127574
v 0.51846636536773 1.2707106781186548 0.4254943498153191
v 0.5067524317877746 1.2831469612302544 0.415880972969074
v 0.4933881013723368 1.2923879532511287 0.40491315044349785
v 0.47888695784447916 1.298078528040323 0.39301236950742274
v 0.4638062720176422 1.3 0.38063597049818726
v 0.4487255861908052 1.298078528040323 0.36825957148895183
v 0.4342244426629476 1.2923879532511287 0.3563587905528767
v 0.42086011224750974 1.2831469612302544 0.34539096802730057
v 0.4091461786675543 1.2707106781186548 0.3357775911810555
v 0.3995328018213092 1.2555570233019602 0.3278880966950988
v 0.39238941838973185 1.238268343236509 0.3220256734180464
v 0.3879905445920422 1.2195090322016129 0.31841561098875054
v 0.3865052266813685 1.2 0.31719664208182274
v 0.3879905445920422 1.180490967798387 0.31841561098875054
v 0.39238941838973185 1.161731656763491 0.3220256734180464
v 0.3995328018213092 1.1444429766980397 0.3278880966950988
v 0.4091461786675543 1.1292893218813451 0.3357775911810555
v 0.42086011224750974 1.1168530387697455 0.34539096802730057
v 0.43422444266294746 1.1076120467488713 0.35635879055287667
v 0.4487255861908052 1.1019214719596768 0.36825957148895183
v 0.4638062720176422 1.0999999999999999 0.38063597049818726
v 0.47888695784447916 1.1019214719596768 0.39301236950742274
v 0.4933881013723368 1.1076120467488713 0.40491315044349785
v 0.5067524317877746 1.1168530387697455 0.415880972969074
v 0.51846636536773 1.1292893218813451 0.4254943498153191
v 0.5280797422139751 1.1444429766980397 0.43338384430127574
v 0.5352231256455525 1.161731656763491 0.4392462675783282
v 0.5396219994432422 1.180490967798387 0.442856330007624
v 0.4949747468305833 1.2 0.4949747468305833
v 0.4936160609780359 1.2195090322016129 0.4936160609780359
v 0.4895922169557474 1.238268343236509 0.4895922169557474
v 0.4830578488328965 1.2555570233019602 0.4830578488328965
v 0.4742640687119285 1.2707106781186548 0.4742640687119285
v 0.4635488166312836 1.2831469612302544 0.4635488166312836
v 0.4513238737192384 1.2923879532511287 0.4513238737192384
v 0.4380590376760757 1.298078528040323 0.4380590376760757
v 0.4242640687119285 1.3 0.4242640687119285
v 0.4104690997477814 1.298078528040323 0.4104690997477814
v 0.3972042637046187 1.2923879532511287 0.3972042637046187
v 0.3849793207925734 1.2831469612302544 0.3849793207925734
v 0.3742640687119285 1.2707106781186548 0.3742640687119285
v 0.3654702885909606 1.2555570233019602 0.3654702885909606
v 0.3589359204681097 1.238268343236509 0.3589359204681097
v 0.3549120764458212 1.2195090322016129 0.3549120764458212
v 0.3535533905932738 1.2 0.3535533905932738
v 0.3549120764458212 1.180490967798387 0.3549120764458212
v 0.3589359204681097 1.161731656763491 0.3589359204681097
v 0.3654702885909606 1.1444429766980397 0.3654702885909606
v 0.3742640687119285 1.1292893218813451 0.3742640687119285
v 0.3849793207925734 1.1168530387697455 0.3849793207925734
v 0.3972042637046186 1.1076120467488713 0.3972042637046186
v 0.4104690997477814 1.1019214719596768 0.4104690997477814
v 0.4242640687119285 1.0999999999999999 0.4242640687119285
v 0.4380590376760757 1.1019214719596768 0.4380590376760757
v 0.4513238737192384 1.1076120467488713 0.4513238737192384
v 0.4635488166312836 1.1168530387697455 0.4635488166312836
v 0.4742640687119285 1.1292893218813451 0.4742640687119285
v 0.4830578488328965 1.1444429766980397 0.4830578488328965
v 0.4895922169557474 1.161731656763491 0.4895922169557474
v 0.4936160609780359 1.180490967798387 0.4936160609780359
v 0.44407529891455183 1.2 0.5411073173539158
v 0.442856330007624 1.2195090322016129 0.5396219994432421
v 0.4392462675783282 1.238268343236509 0.5352231256455524
v 0.43338384430127574 1.2555570233019602 0.5280797422139751
v 0.4254943498153191 1.2707106781186548 0.5184663653677299
v 0.415880972969074 1.2831469612302544 0.5067524317877745
v 0.40491315044349785 1.2923879532511287 0.49338810137233674
v 0.39301236950742274 1.298078528040323 0.47888695784447904
v 0.38063597049818726 1.3 0.46380627201764213
v 0.36825957148895183 1.298078528040323 0.44872558619080516
v 0.3563587905528767 1.2923879532511287 0.4342244426629475
v 0.34539096802730057 1.2831469612302544 0.4208601122475097
v 0.3357775911810555 1.2707106781186548 0.40914617866755426
v 0.3278880966950988 1.2555570233019602 0.3995328018213091
v 0.3220256734180464 1.238268343236509 0.3923894183897318
v 0.31841561098875054 1.2195090322016129 0.38799054459204213
v 0.31719664208182274 1.2 0.38650522668136844
v 0.31841561098875054 1.180490967798387 0.38799054459204213
v 0.3220256734180464 1.161731656763491 0.3923894183897318
v 0.3278880966950988 1.1444429766980397 0.3995328018213091
v 0.3357775911810555 1.1292893218813451 0.40914617866755426
v 0.34539096802730057 1.1168530387697455 0.4208601122475097
v 0.35635879055287667 1.1076120467488713 0.4342244426629474
v 0.36825957148895183 1.1019214719596768 0.44872558619080516
v 0.38063597049818726 1.0999999999999999 0.46380627201764213
v 0.39301236950742274 1.1019214719596768 0.47888695784447904
v 0.40491315044349785 1.1076120467488713 0.49338810137233674
v 0.415880972969074 1.1168530387697455 0.5067524317877745
v 0.4254943498153191 1.1292893218813451 0.5184663653677299
v 0.43338384430127574 1.1444429766980397 0.5280797422139751
v 0.4392462675783282 1.161731656763491 0.5352231256455524
v 0.442856330007624 1.180490967798387 0.5396219994432421
v 0.3888991631137216 1.2 0.5820287286117817
v 0.3878316504893432 1.2195090322016129 0.5804310830664188
v 0.38467013652769505 1.238268343236509 0.5756995430526688
v 0.3795361164373257 1.2555570233019602 0.5680159389997816
v 0.37262688773111646 1.2707106781186548 0.557675547502495
v 0.36420796819350687 1.2831469612302544 0.5450757440070915
v 0.35460289218094276 1.2923879532511287 0.530700731895848
v 0.3441807773779983 1.298078528040323 0.5151029348226001
v 0.33334213981176136 1.3 0.4988817673815271
v 0.3225035022455244 1.298078528040323 0.48266059994045424
v 0.31208138744257996 1.2923879532511287 0.4670628028672063
v 0.30247631143001585 1.2831469612302544 0.45268779075596277
v 0.29405739189240626 1.2707106781186548 0.4400879872605592
v 0.287148163186197 1.2555570233019602 0.4297475957632726
v 0.2820141430958277 1.238268343236509 0.4220639917103855
v 0.2788526291341795 1.2195090322016129 0.4173324516966354
v 0.27778511650980114 1.2 0.4157348061512726
v 0.2788526291341795 1.180490967798387 0.4173324516966354
v 0.2820141430958277 1.161731656763491 0.4220639917103855
v 0.287148163186197 1.1444429766980397 0.4297475957632726
v 0.29405739189240626 1.1292893218813451 0.4400879872605592
v 0.30247631143001585 1.1168530387697455 0.45268779075596277
v 0.3120813874425799 1.1076120467488713 0.4670628028672062
v 0.3225035022455244 1.1019214719596768 0.48266059994045424
v 0.33334213981176136 1.0999999999999999 0.4988817673815271
v 0.3441807773779983 1.1019214719596768 0.5151029348226001
v 0.35460289218094276 1.1076120467488713 0.530700731895848
v 0.36420796819350687 1.1168530387697455 0.5450757440070915
v 0.37262688773111646 1.1292893218813451 0.557675547502495
v 0.3795361164373257 1.1444429766980397 0.5680159389997816
v 0.38467013652769505 1.161731656763491 0.5756995430526688
v 0.3878316504893432 1.180490967798387 0.5804310830664188
v 0.32997771577819845 1.2 0.6173448850438484
v 0.3290719401665041 1.2195090322016129 0.6156502980637603
v 0.3263894217802136 1.238268343236509 0.6106316591508051
v 0.3220332482965384 1.2555570233019602 0.6024818317839227
v 0.316170825019486 1.2707106781186548 0.5915140092583465
v 0.3090274415879086 1.2831469612302544 0.5781496788429087
v 0.30087761422102627 1.2923879532511287 0.5629024242606717
v 0.29203453621407227 1.298078528040323 0.5463581889544721
v 0.28283804209559865 1.3 0.5291527586090129
v 0.2736415479771251 1.298078528040323 0.5119473282635538
v 0.2647984699701711 1.2923879532511287 0.49540309295735413
v 0.2566486426032887 1.2831469612302544 0.48015583837511716
v 0.24950525917171135 1.2707106781186548 0.4667915079596794
v 0.24364283589465893 1.2555570233019602 0.4558236854341032
v 0.23928666241098379 1.238268343236509 0.4476738580672208
v 0.23660414402469326 1.2195090322016129 0.4426552191542657
v 0.2356983684129989 1.2 0.44096063217417747
v 0.23660414402469326 1.180490967798387 0.4426552191542657
v 0.23928666241098379 1.161731656763491 0.4476738580672208
v 0.24364283589465893 1.1444429766980397 0.4558236854341032
v 0.24950525917171135 1.1292893218813451 0.4667915079596794
v 0.2566486426032887 1.1168530387697455 0.48015583837511716
v 0.26479846997017104 1.1076120467488713 0.495403092957354
v 0.2736415479771251 1.1019214719596768 0.5119473282635538
v 0.28283804209559865 1.0999999999999999 0.5291527586090129
v 0.29203453621407227 1.1019214719596768 0.5463581889544721
v 0.30087761422102627 1.1076120467488713 0.5629024242606717
v 0.3090274415879086 1.1168530387697455 0.5781496788429087
v 0.316170825019486 1.1292893218813451 0.5915140092583465
v 0.3220332482965384 1.1444429766980397 0.6024818317839227
v 0.3263894217802136 1.161731656763491 0.6106316591508051
v 0.3290719401665041 1.180490967798387 0.6156502980637603
v 0.26787840265556284 1.2 0.6467156727579007
v 0.2671430871708404 1.2195090322016129 0.6449404641420607
v 0.2649653984783813 1.238268343236509 0.6396830585660994
v 0.26142902393337475 1.2555570233019602 0.6311454951779137
v 0.25666986442636375 1.2707106781186548 0.6196558677505908
v 0.2508708117882353 1.2831469612302544 0.6056557162227056
v 0.2442547203597265 1.2923879532511287 0.5896830585660994
v 0.23707584282408814 1.298078528040323 0.5723517150569457
v 0.22961005941905388 1.3 0.5543277195067721
v 0.22214427601401965 1.298078528040323 0.5363037239565983
v 0.21496539847838128 1.2923879532511287 0.5189723804474446
v 0.20834930704987248 1.2831469612302544 0.5029997227908384
v 0.20255025441174404 1.2707106781186548 0.48899957126295324
v 0.19779109490473304 1.2555570233019602 0.47750994383563033
v 0.1942547203597265 1.238268343236509 0.4689723804474446
v 0.19207703166726736 1.2195090322016129 0.4637149748714833
v 0.19134171618254492 1.2 0.46193976625564337
v 0.19207703166726736 1.180490967798387 0.4637149748714833
v 0.1942547203597265 1.161731656763491 0.4689723804474446
v 0.19779109490473304 1.1444429766980397 0.47750994383563033
v 0.20255025441174404 1.1292893218813451 0.48899957126295324
v 0.20834930704987248 1.1168530387697455 0.5029997227908384
v 0.21496539847838123 1.1076120467488713 0.5189723804474445
v 0.22214427601401965 1.1019214719596768 0.5363037239565983
v 0.22961005941905388 1.0999999999999999 0.5543277195067721
v 0.23707584282408814 1.1019214719596768 0.5723517150569457
v 0.2442547203597265 1.1076120467488713 0.5896830585660994
v 0.2508708117882353 1.1168530387697455 0.6056557162227056
v 0.25666986442636375 1.1292893218813451 0.6196558677505908
v 0.26142902393337475 1.1444429766980397 0.6311454951779137
v 0.2649653984783813 1.161731656763491 0.6396830585660994
v 0.2671430871708404 1.180490967798387 0.6449404641420607
v 0.20319927407812363 1.2 0.6698582350125463
v 0.2026415002104553 1.2195090322016129 0.6680195009903529
v 0.20098961354438163 1.238268343236509 0.6625739604410721
v 0.19830709515809114 1.2555570233019602 0.6537308824341181
v 0.19469703272879524 1.2707106781186548 0.641830101498043
v 0.19029815893110555 1.2831469612302544 0.6273289579701853
v 0.18527952001815037 1.2923879532511287 0.6107847226639856
v 0.17983397946886948 1.298078528040323 0.5928331812641472
v 0.1741708063526774 1.3 0.5741642014393253
v 0.1685076332364853 1.298078528040323 0.5554952216145035
v 0.1630620926872044 1.2923879532511287 0.537543680214665
v 0.15804345377424922 1.2831469612302544 0.5209994449084654
v 0.15364457997655953 1.2707106781186548 0.5064983013806077
v 0.15003451754726366 1.2555570233019602 0.4945975204445326
v 0.14735199916097313 1.238268343236509 0.48575444243757865
v 0.1457001124948995 1.2195090322016129 0.4803089018882978
v 0.14514233862723117 1.2 0.47847016786610447
v 0.1457001124948995 1.180490967798387 0.4803089018882978
v 0.14735199916097313 1.161731656763491 0.48575444243757865
v 0.15003451754726366 1.1444429766980397 0.4945975204445326
v 0.15364457997655953 1.1292893218813451 0.5064983013806077
v 0.15804345377424922 1.1168530387697455 0.5209994449084654
v 0.16306209268720437 1.1076120467488713 0.5375436802146649
v 0.1685076332364853 1.1019214719596768 0.5554952216145035
v 0.1741708063526774 1.0999999999999999 0.5741642014393253
v 0.17983397946886948 1.1019214719596768 0.5928331812641472
v 0.18527952001815037 1.1076120467488713 0.6107847226639856
v 0.19029815893110555 1.1168530387697455 0.6273289579701853
v 0.19469703272879524 1.1292893218813451 0.641830101498043
v 0.19830709515809114 1.1444429766980397 0.6537308824341181
v 0.20098961354438163 1.161731656763491 0.6625739604410721
v 0.2026415002104553 1.180490967798387 0.6680195009903529
v 0.13656322541128982 1.2 0.6865496962822613
v 0.13618836482793148 1.2195090322016129 0.6846651448675025
v 0.1350781887598507 1.238268343236509 0.679083912877227
v 0.13327536065074988 1.2555570233019602 0.67002048392683
v 0.13084916217382414 1.2707106781186548 0.6578231605080456
v 0.12789283077591396 1.2831469612302544 0.6429606789195201
v 0.12451997661471126 1.2923879532511287 0.6260041959937247
v 0.12086021658411265 1.298078528040323 0.6076053398601927
v 0.117054193209677 1.3 0.5884711682419382
v 0.11324816983524133 1.298078528040323 0.5693369966236838
v 0.10958840980464274 1.2923879532511287 0.5509381404901518
v 0.10621555564344003 1.2831469612302544 0.5339816575643563
v 0.10325922424552984 1.2707106781186548 0.5191191759758309
v 0.10083302576860409 1.2555570233019602 0.5069218525570465
v 0.09903019765950329 1.238268343236509 0.49785842360664945
v 0.0979200215914225 1.2195090322016129 0.4922771916163739
v 0.09754516100806417 1.2 0.4903926402016152
v 0.0979200215914225 1.180490967798387 0.4922771916163739
v 0.09903019765950329 1.161731656763491 0.49785842360664945
v 0.10083302576860409 1.1444429766980397 0.5069218525570465
v 0.10325922424552984 1.1292893218813451 0.5191191759758309
v 0.10621555564344003 1.1168530387697455 0.5339816575643563
v 0.10958840980464271 1.1076120467488713 0.5509381404901517
v 0.11324816983524133 1.1019214719596768 0.5693369966236838
v 0.117054193209677 1.0999999999999999 0.5884711682419382
v 0.12086021658411265 1.1019214719596768 0.6076053398601927
v 0.12451997661471126 1.1076120467488713 0.6260041959937247
v 0.12789283077591396 1.1168530387697455 0.6429606789195201
v 0.13084916217382414 1.1292893218813451 0.6578231605080456
v 0.13327536065074988 1.1444429766980397 0.67002048392683
v 0.1350781887598507 1.161731656763491 0.679083912877227
v 0.13618836482793148 1.180490967798387 0.6846651448675025
v 0.06861199823069253 1.2 0.6966293086705377
v 0.06842366104398157 1.2195090322016129 0.6947170891235384
v 0.06786588717631324 1.238268343236509 0.6890539160073462
v 0.06696011156461887 1.2555570233019602 0.6798574218888727
v 0.06574114265769104 1.2707106781186548 0.6674810228796372
v 0.06425582474701737 1.2831469612302544 0.6524003370528002
v 0.06256123776692915 1.2923879532511287 0.635194906707341
v 0.06072250374473586 1.298078528040323 0.6165259268825192
v 0.05881028419773646 1.3 0.597110836003318
v 0.05689806465073706 1.298078528040323 0.5776957451241169
v 0.05505933062854376 1.2923879532511287 0.5590267652992951
v 0.053364743648455545 1.2831469612302544 0.5418213349538359
v 0.05187942573778188 1.2707106781186548 0.526740649126999
v 0.05066045683085405 1.2555570233019602 0.5143642501177634
v 0.04975468121915968 1.238268343236509 0.5051677559992899
v 0.049196907351491355 1.2195090322016129 0.4995045828830978
v 0.049008570164780385 1.2 0.4975923633360984
v 0.049196907351491355 1.180490967798387 0.4995045828830978
v 0.04975468121915968 1.161731656763491 0.5051677559992899
v 0.05066045683085405 1.1444429766980397 0.5143642501177634
v 0.05187942573778188 1.1292893218813451 0.526740649126999
v 0.053364743648455545 1.1168530387697455 0.5418213349538359
v 0.055059330628543755 1.1076120467488713 0.559026765299295
v 0.05689806465073706 1.1019214719596768 0.5776957451241169
v 0.05881028419773646 1.0999999999999999 0.597110836003318
v 0.06072250374473586 1.1019214719596768 0.6165259268825192
v 0.06256123776692915 1.1076120467488713 0.635194906707341
v 0.06425582474701737 1.1168530387697455 0.6524003370528002
v 0.06574114265769104 1.1292893218813451 0.6674810228796372
v 0.06696011156461887 1.1444429766980397 0.6798574218888727
v 0.06786588717631324 1.161731656763491 0.6890539160073462
v 0.06842366104398157 1.180490967798387 0.6947170891235384
v 4.286263797015736e-17 1.2 0.7
v 4.274498174590387e-17 1.2195090322016129 0.698078528040323
v 4.2396534535859096e-17 1.238268343236509 0.6923879532511287
v 4.183068697089361e-17 1.2555570233019602 0.6831469612302545
v 4.106918425559806e-17 1.2707106781186548 0.6707106781186547
v 4.014129051226562e-17 1.2831469612302544 0.6555570233019602
v 3.908266417708374e-17 1.2923879532511287 0.6382683432365089
v 3.7933987666428984e-17 1.298078528040323 0.6195090322016128
v 3.6739403974420595e-17 1.3 0.6
v 3.5544820282412206e-17 1.298078528040323 0.5804909677983872
v 3.439614377175745e-17 1.2923879532511287 0.561731656763491
v 3.333751743657557e-17 1.2831469612302544 0.5444429766980398
v 3.240962369324313e-17 1.2707106781186548 0.5292893218813453
v 3.164812097794758e-17 1.2555570233019602 0.5168530387697454
v 3.1082273412982094e-17 1.238268343236509 0.5076120467488713
v 3.073382620293732e-17 1.2195090322016129 0.501921471959677
v 3.061616997868383e-17 1.2 0.5
v 3.073382620293732e-17 1.180490967798387 0.501921471959677
v 3.1082273412982094e-17 1.161731656763491 0.5076120467488713
v 3.164812097794758e-17 1.1444429766980397 0.5168530387697454
v 3.240962369324313e-17 1.1292893218813451 0.5292893218813453
v 3.333751743657557e-17 1.1168530387697455 0.5444429766980398
v 3.439614377175744e-17 1.1076120467488713 0.5617316567634909
v 3.5544820282412206e-17 1.1019214719596768 0.5804909677983872
v 3.6739403974420595e-17 1.0999999999999999 0.6
v 3.7933987666428984e-17 1.1019214719596768 0.6195090322016128
v 3.908266417708374e-17 1.1076120467488713 0.6382683432365089
v 4.014129051226562e-17 1.1168530387697455 0.6555570233019602
v 4.106918425559806e-17 1.1292893218813451 0.6707106781186547
v 4.183068697089361e-17 1.1444429766980397 0.6831469612302545
v 4.2396534535859096e-17 1.161731656763491 0.6923879532511287
v 4.274498174590387e-17 1.180490967798387 0.698078528040323
v -0.06861199823069244 1.2 0.6966293086705379
v -0.06842366104398148 1.2195090322016129 0.6947170891235384
v -0.06786588717631316 1.238268343236509 0.6890539160073463
v -0.06696011156461878 1.2555570233019602 0.6798574218888728
v -0.06574114265769096 1.2707106781186548 0.6674810228796373
v -0.06425582474701728 1.2831469612302544 0.6524003370528003
v -0.06256123776692908 1.2923879532511287 0.6351949067073411
v -0.060722503744735784 1.298078528040323 0.6165259268825193
v -0.05881028419773639 1.3 0.5971108360033182
v -0.05689806465073698 1.298078528040323 0.577695745124117
v -0.05505933062854369 1.2923879532511287 0.5590267652992952
v -0.05336474364845548 1.2831469612302544 0.541821334953836
v -0.051879425737781815 1.2707106781186548 0.526740649126999
v -0.05066045683085398 1.2555570233019602 0.5143642501177635
v -0.049754681219159616 1.238268343236509 0.5051677559992899
v -0.04919690735149129 1.2195090322016129 0.49950458288309785
v -0.04900857016478032 1.2 0.49759236333609846
v -0.04919690735149129 1.180490967798387 0.49950458288309785
v -0.049754681219159616 1.161731656763491 0.5051677559992899
v -0.05066045683085398 1.1444429766980397 0.5143642501177635
v -0.051879425737781815 1.1292893218813451 0.526740649126999
v -0.05336474364845548 1.1168530387697455 0.541821334953836
v -0.05505933062854368 1.1076120467488713 0.5590267652992951
v -0.05689806465073698 1.1019214719596768 0.577695745124117
v -0.05881028419773639 1.0999999999999999 0.5971108360033182
v -0.060722503744735784 1.1019214719596768 0.6165259268825193
v -0.06256123776692908 1.1076120467488713 0.6351949067073411
v -0.06425582474701728 1.1168530387697455 0.6524003370528003
v -0.06574114265769096 1.1292893218813451 0.6674810228796373
v -0.06696011156461878 1.1444429766980397 0.6798574218888728
v -0.06786588717631316 1.161731656763491 0.6890539160073463
v -0.06842366104398148 1.180490967798387 0.6947170891235384
v -0.13656322541128973 1.2 0.6865496962822613
v -0.1361883648279314 1.2195090322016129 0.6846651448675025
v -0.13507818875985061 1.238268343236509 0.679083912877227
v -0.1332753606507498 1.2555570233019602 0.67002048392683
v -0.13084916217382406 1.2707106781186548 0.6578231605080456
v -0.12789283077591387 1.2831469612302544 0.6429606789195201
v -0.12451997661471116 1.2923879532511287 0.6260041959937247
v -0.12086021658411257 1.298078528040323 0.6076053398601927
v -0.11705419320967692 1.3 0.5884711682419382
v -0.11324816983524125 1.298078528040323 0.5693369966236838
v -0.10958840980464266 1.2923879532511287 0.5509381404901518
v -0.10621555564343996 1.2831469612302544 0.5339816575643563
v -0.10325922424552977 1.2707106781186548 0.5191191759758309
v -0.10083302576860402 1.2555570233019602 0.5069218525570465
v -0.09903019765950322 1.238268343236509 0.49785842360664945
v -0.09792002159142243 1.2195090322016129 0.4922771916163739
v -0.0975451610080641 1.2 0.4903926402016152
v -0.09792002159142243 1.180490967798387 0.4922771916163739
v -0.09903019765950322 1.161731656763491 0.49785842360664945
v -0.10083302576860402 1.1444429766980397 0.5069218525570465
v -0.10325922424552977 1.1292893218813451 0.5191191759758309
v -0.10621555564343996 1.1168530387697455 0.5339816575643563
v -0.10958840980464263 1.1076120467488713 0.5509381404901517
v -0.11324816983524125 1.1019214719596768 0.5693369966236838
v -0.11705419320967692 1.0999999999999999 0.5884711682419382
v -0.12086021658411257 1.1019214719596768 0.6076053398601927
v -0.12451997661471116 1.1076120467488713 0.6260041959937247
v -0.12789283077591387 1.1168530387697455 0.6429606789195201
v -0.13084916217382406 1.1292893218813451 0.6578231605080456
v -0.1332753606507498 1.1444429766980397 0.67002048392683
v -0.13507818875985061 1.161731656763491 0.679083912877227
v -0.1361883648279314 1.180490967798387 0.6846651448675025
v -0.2031992740781235 1.2 0.6698582350125463
v -0.20264150021045518 1.2195090322016129 0.6680195009903529
v -0.20098961354438152 1.238268343236509 0.6625739604410721
v -0.198307095158091 1.2555570233019602 0.6537308824341181
v -0.19469703272879513 1.2707106781186548 0.641830101498043
v -0.19029815893110544 1.2831469612302544 0.6273289579701853
v -0.1852795200181503 1.2923879532511287 0.6107847226639856
v -0.1798339794688694 1.298078528040323 0.5928331812641472
v -0.1741708063526773 1.3 0.5741642014393253
v -0.1685076332364852 1.298078528040323 0.5554952216145035
v -0.1630620926872043 1.2923879532511287 0.537543680214665
v -0.15804345377424914 1.2831469612302544 0.5209994449084654
v -0.15364457997655945 1.2707106781186548 0.5064983013806077
v -0.15003451754726357 1.2555570233019602 0.4945975204445326
v -0.14735199916097305 1.238268343236509 0.48575444243757865
v -0.14570011249489942 1.2195090322016129 0.4803089018882978
v -0.14514233862723108 1.2 0.47847016786610447
v -0.14570011249489942 1.180490967798387 0.4803089018882978
v -0.14735199916097305 1.161731656763491 0.48575444243757865
v -0.15003451754726357 1.1444429766980397 0.4945975204445326
v -0.15364457997655945 1.1292893218813451 0.5064983013806077
v -0.15804345377424914 1.1168530387697455 0.5209994449084654
v -0.16306209268720429 1.1076120467488713 0.5375436802146649
v -0.1685076332364852 1.1019214719596768 0.5554952216145035
v -0.1741708063526773 1.0999999999999999 0.5741642014393253
v -0.1798339794688694 1.1019214719596768 0.5928331812641472
v -0.1852795200181503 1.1076120467488713 0.6107847226639856
v -0.19029815893110544 1.1168530387697455 0.6273289579701853
v -0.19469703272879513 1.1292893218813451 0.641830101498043
v -0.198307095158091 1.1444429766980397 0.6537308824341181
v -0.20098961354438152 1.161731656763491 0.6625739604410721
v -0.20264150021045518 1.180490967798387 0.6680195009903529
v -0.2678784026555628 1.2 0.6467156727579007
v -0.26714308717084034 1.2195090322016129 0.6449404641420607
v -0.2649653984783812 1.238268343236509 0.6396830585660994
v -0.2614290239333747 1.2555570233019602 0.6311454951779137
v -0.25666986442636364 1.2707106781186548 0.6196558677505908
v -0.2508708117882352 1.2831469612302544 0.6056557162227056
v -0.24425472035972645 1.2923879532511287 0.5896830585660994
v -0.23707584282408808 1.298078528040323 0.5723517150569457
v -0.22961005941905382 1.3 0.5543277195067721
v -0.22214427601401956 1.298078528040323 0.5363037239565983
v -0.2149653984783812 1.2923879532511287 0.5189723804474446
v -0.20834930704987242 1.2831469612302544 0.5029997227908384
v -0.20255025441174399 1.2707106781186548 0.48899957126295324
v -0.19779109490473298 1.2555570233019602 0.47750994383563033
v -0.19425472035972643 1.238268343236509 0.4689723804474446
v -0.1920770316672673 1.2195090322016129 0.4637149748714833
v -0.19134171618254486 1.2 0.46193976625564337
v -0.1920770316672673 1.180490967798387 0.4637149748714833
v -0.19425472035972643 1.161731656763491 0.4689723804474446
v -0.19779109490473298 1.1444429766980397 0.47750994383563033
v -0.20255025441174399 1.1292893218813451 0.48899957126295324
v -0.20834930704987242 1.1168530387697455 0.5029997227908384
v -0.21496539847838117 1.1076120467488713 0.5189723804474445
v -0.22214427601401956 1.1019214719596768 0.5363037239565983
v -0.22961005941905382 1.0999999999999999 0.5543277195067721
v -0.23707584282408808 1.1019214719596768 0.5723517150569457
v -0.24425472035972645 1.1076120467488713 0.5896830585660994
v -0.2508708117882352 1.1168530387697455 0.6056557162227056
v -0.25666986442636364 1.1292893218813451 0.6196558677505908
v -0.2614290239333747 1.1444429766980397 0.6311454951779137
v -0.2649653984783812 1.161731656763491 0.6396830585660994
v -0.26714308717084034 1.180490967798387 0.6449404641420607
v -0.32997771577819834 1.2 0.6173448850438485
v -0.329071940166504 1.2195090322016129 0.6156502980637603
v -0.3263894217802135 1.238268343236509 0.6106316591508052
v -0.32203324829653834 1.2555570233019602 0.6024818317839228
v -0.3161708250194859 1.2707106781186548 0.5915140092583465
v -0.30902744158790857 1.2831469612302544 0.5781496788429088
v -0.30087761422102616 1.2923879532511287 0.5629024242606718
v -0.2920345362140722 1.298078528040323 0.5463581889544722
v -0.2828380420955986 1.3 0.529152758609013
v -0.27364154797712503 1.298078528040323 0.5119473282635538
v -0.26479846997017104 1.2923879532511287 0.4954030929573542
v -0.2566486426032886 1.2831469612302544 0.4801558383751172
v -0.2495052591717113 1.2707106781186548 0.4667915079596795
v -0.24364283589465888 1.2555570233019602 0.45582368543410323
v -0.2392866624109837 1.238268343236509 0.4476738580672209
v -0.2366041440246932 1.2195090322016129 0.44265521915426576
v -0.23569836841299885 1.2 0.4409606321741775
v -0.2366041440246932 1.180490967798387 0.44265521915426576
v -0.2392866624109837 1.161731656763491 0.4476738580672209
v -0.24364283589465888 1.1444429766980397 0.45582368543410323
v -0.2495052591717113 1.1292893218813451 0.4667915079596795
v -0.2566486426032886 1.1168530387697455 0.4801558383751172
v -0.264798469970171 1.1076120467488713 0.49540309295735413
v -0.27364154797712503 1.1019214719596768 0.5119473282635538
v -0.2828380420955986 1.0999999999999999 0.529152758609013
v -0.2920345362140722 1.1019214719596768 0.5463581889544722
v -0.30087761422102616 1.1076120467488713 0.5629024242606718
v -0.30902744158790857 1.1168530387697455 0.5781496788429088
v -0.3161708250194859 1.1292893218813451 0.5915140092583465
v -0.32203324829653834 1.1444429766980397 0.6024818317839228
v -0.3263894217802135 1.161731656763491 0.6106316591508052
v -0.329071940166504 1.180490967798387 0.6156502980637603
v -0.38889916311372136 1.2 0.5820287286117817
v -0.387831650489343 1.2195090322016129 0.5804310830664189
v -0.38467013652769483 1.238268343236509 0.5756995430526689
v -0.3795361164373255 1.2555570233019602 0.5680159389997818
v -0.37262688773111624 1.2707106781186548 0.5576755475024952
v -0.36420796819350665 1.2831469612302544 0.5450757440070916
v -0.35460289218094254 1.2923879532511287 0.530700731895848
v -0.3441807773779981 1.298078528040323 0.5151029348226001
v -0.33334213981176114 1.3 0.4988817673815272
v -0.3225035022455242 1.298078528040323 0.4826605999404543
v -0.3120813874425798 1.2923879532511287 0.46706280286720636
v -0.3024763114300157 1.2831469612302544 0.4526877907559628
v -0.2940573918924061 1.2707106781186548 0.44008798726055925
v -0.28714816318619685 1.2555570233019602 0.42974759576327265
v -0.2820141430958275 1.238268343236509 0.42206399171038556
v -0.27885262913417935 1.2195090322016129 0.41733245169663546
v -0.277785116509801 1.2 0.4157348061512727
v -0.27885262913417935 1.180490967798387 0.41733245169663546
v -0.2820141430958275 1.161731656763491 0.42206399171038556
v -0.28714816318619685 1.1444429766980397 0.42974759576327265
v -0.2940573918924061 1.1292893218813451 0.44008798726055925
v -0.3024763114300157 1.1168530387697455 0.4526877907559628
v -0.3120813874425797 1.1076120467488713 0.46706280286720625
v -0.3225035022455242 1.1019214719596768 0.4826605999404543
v -0.33334213981176114 1.0999999999999999 0.4988817673815272
v -0.3441807773779981 1.1019214719596768 0.5151029348226001
v -0.35460289218094254 1.1076120467488713 0.530700731895848
v -0.36420796819350665 1.1168530387697455 0.5450757440070916
v -0.37262688773111624 1.1292893218813451 0.5576755475024952
v -0.3795361164373255 1.1444429766980397 0.5680159389997818
v -0.38467013652769483 1.161731656763491 0.5756995430526689
v -0.387831650489343 1.180490967798387 0.5804310830664189
v -0.4440752989145517 1.2 0.5411073173539159
v -0.4428563300076239 1.2195090322016129 0.5396219994432423
v -0.4392462675783281 1.238268343236509 0.5352231256455526
v -0.4333838443012757 1.2555570233019602 0.5280797422139752
v -0.425494349815319 1.2707106781186548 0.51846636536773
v -0.41588097296907395 1.2831469612302544 0.5067524317877746
v -0.40491315044349774 1.2923879532511287 0.49338810137233685
v -0.3930123695074227 1.298078528040323 0.4788869578444792
v -0.3806359704981872 1.3 0.46380627201764224
v -0.3682595714889517 1.298078528040323 0.44872558619080527
v -0.35635879055287667 1.2923879532511287 0.43422444266294763
v -0.3453909680273005 1.2831469612302544 0.42086011224750985
v -0.33577759118105543 1.2707106781186548 0.40914617866755437
v -0.3278880966950987 1.2555570233019602 0.39953280182130924
v -0.32202567341804633 1.238268343236509 0.3923894183897319
v -0.3184156109887505 1.2195090322016129 0.38799054459204224
v -0.3171966420818227 1.2 0.38650522668136855
v -0.3184156109887505 1.180490967798387 0.38799054459204224
v -0.32202567341804633 1.161731656763491 0.3923894183897319
v -0.3278880966950987 1.1444429766980397 0.39953280182130924
v -0.33577759118105543 1.1292893218813451 0.40914617866755437
v -0.3453909680273005 1.1168530387697455 0.42086011224750985
v -0.3563587905528766 1.1076120467488713 0.4342244426629475
v -0.3682595714889517 1.1019214719596768 0.44872558619080527
v -0.3806359704981872 1.0999999999999999 0.46380627201764224
v -0.3930123695074227 1.1019214719596768 0.4788869578444792
v -0.40491315044349774 1.1076120467488713 0.49338810137233685
v -0.41588097296907395 1.1168530387697455 0.5067524317877746
v -0.425494349815319 1.1292893218813451 0.51846636536773
v -0.4333838443012757 1.1444429766980397 0.5280797422139752
v -0.4392462675783281 1.161731656763491 0.5352231256455526
v -0.4428563300076239 1.180490967798387 0.5396219994432423
v -0.4949747468305832 1.2 0.4949747468305833
v -0.4936160609780358 1.2195090322016129 0.4936160609780359
v -0.4895922169557473 1.238268343236509 0.4895922169557474
v -0.48305784883289643 1.2555570233019602 0.4830578488328965
v -0.47426406871192844 1.2707106781186548 0.4742640687119285
v -0.46354881663128356 1.2831469612302544 0.4635488166312836
v -0.4513238737192383 1.2923879532511287 0.4513238737192384
v -0.4380590376760756 1.298078528040323 0.4380590376760757
v -0.42426406871192845 1.3 0.4242640687119285
v -0.41046909974778134 1.298078528040323 0.4104690997477814
v -0.39720426370461864 1.2923879532511287 0.3972042637046187
v -0.38497932079257335 1.2831469612302544 0.3849793207925734
v -0.37426406871192847 1.2707106781186548 0.3742640687119285
v -0.36547028859096053 1.2555570233019602 0.3654702885909606
v -0.3589359204681096 1.238268343236509 0.3589359204681097
v -0.3549120764458211 1.2195090322016129 0.3549120764458212
v -0.35355339059327373 1.2 0.3535533905932738
v -0.3549120764458211 1.180490967798387 0.3549120764458212
v -0.3589359204681096 1.161731656763491 0.3589359204681097
v -0.36547028859096053 1.1444429766980397 0.3654702885909606
v -0.37426406871192847 1.1292893218813451 0.3742640687119285
v -0.38497932079257335 1.1168530387697455 0.3849793207925734
v -0.39720426370461853 1.1076120467488713 0.3972042637046186
v -0.41046909974778134 1.1019214719596768 0.4104690997477814
v -0.42426406871192845 1.0999999999999999 0.4242640687119285
v -0.4380590376760756 1.1019214719596768 0.4380590376760757
v -0.4513238737192383 1.1076120467488713 0.4513238737192384
v -0.46354881663128356 1.1168530387697455 0.4635488166312836
v -0.47426406871192844 1.1292893218813451 0.4742640687119285
v -0.48305784883289643 1.1444429766980397 0.4830578488328965
v -0.4895922169557473 1.161731656763491 0.4895922169557474
v -0.4936160609780358 1.180490967798387 0.4936160609780359
v -0.5411073173539158 1.2 0.44407529891455183
v -0.5396219994432422 1.2195090322016129 0.442856330007624
v -0.5352231256455525 1.238268343236509 0.4392462675783282
v -0.5280797422139751 1.2555570233019602 0.43338384430127574
v -0.51846636536773 1.2707106781186548 0.4254943498153191
v -0.5067524317877746 1.2831469612302544 0.415880972969074
v -0.4933881013723368 1.2923879532511287 0.40491315044349785
v -0.47888695784447916 1.298078528040323 0.39301236950742274
v -0.4638062720176422 1.3 0.38063597049818726
v -0.4487255861908052 1.298078528040323 0.36825957148895183
v -0.4342244426629476 1.2923879532511287 0.3563587905528767
v -0.42086011224750974 1.2831469612302544 0.34539096802730057
v -0.4091461786675543 1.2707106781186548 0.3357775911810555
v -0.3995328018213092 1.2555570233019602 0.3278880966950988
v -0.39238941838973185 1.238268343236509 0.3220256734180464
v -0.3879905445920422 1.2195090322016129 0.31841561098875054
v -0.3865052266813685 1.2 0.31719664208182274
v -0.3879905445920422 1.180490967798387 0.31841561098875054
v -0.39238941838973185 1.161731656763491 0.3220256734180464
v -0.3995328018213092 1.1444429766980397 0.3278880966950988
v -0.4091461786675543 1.1292893218813451 0.3357775911810555
v -0.42086011224750974 1.1168530387697455 0.34539096802730057
v -0.43422444266294746 1.1076120467488713 0.35635879055287667
v -0.4487255861908052 1.1019214719596768 0.36825957148895183
v -0.4638062720176422 1.0999999999999999 0.38063597049818726
v -0.47888695784447916 1.1019214719596768 0.39301236950742274
v -0.4933881013723368 1.1076120467488713 0.40491315044349785
v -0.5067524317877746 1.1168530387697455 0.415880972969074
v -0.51846636536773 1.1292893218813451 0.4254943498153191
v -0.5280797422139751 1.1444429766980397 0.43338384430127574
v -0.5352231256455525 1.161731656763491 0.4392462675783282
v -0.5396219994432422 1.180490967798387 0.442856330007624
v -0.5820287286117817 1.2 0.3888991631137215
v -0.5804310830664189 1.2195090322016129 0.38783165048934315
v -0.5756995430526689 1.238268343236509 0.384670136527695
v -0.5680159389997818 1.2555570233019602 0.37953611643732565
v -0.5576755475024952 1.2707106781186548 0.3726268877311164
v -0.5450757440070916 1.2831469612302544 0.3642079681935068
v -0.530700731895848 1.2923879532511287 0.3546028921809427
v -0.5151029348226001 1.298078528040323 0.34418077737799824
v -0.4988817673815272 1.3 0.3333421398117613
v -0.4826605999404543 1.298078528040323 0.3225035022455243
v -0.46706280286720636 1.2923879532511287 0.3120813874425799
v -0.4526877907559628 1.2831469612302544 0.3024763114300158
v -0.44008798726055925 1.2707106781186548 0.2940573918924062
v -0.42974759576327265 1.2555570233019602 0.28714816318619696
v -0.42206399171038556 1.238268343236509 0.2820141430958276
v -0.41733245169663546 1.2195090322016129 0.27885262913417946
v -0.4157348061512727 1.2 0.2777851165098011
v -0.41733245169663546 1.180490967798387 0.27885262913417946
v -0.42206399171038556 1.161731656763491 0.2820141430958276
v -0.42974759576327265 1.1444429766980397 0.28714816318619696
v -0.44008798726055925 1.1292893218813451 0.2940573918924062
v -0.4526877907559628 1.1168530387697455 0.3024763114300158
v -0.46706280286720625 1.1076120467488713 0.31208138744257985
v -0.4826605999404543 1.1019214719596768 0.3225035022455243
v -0.4988817673815272 1.0999999999999999 0.3333421398117613
v -0.5151029348226001 1.1019214719596768 0.34418077737799824
v -0.530700731895848 1.1076120467488713 0.3546028921809427
v -0.5450757440070916 1.1168530387697455 0.3642079681935068
v -0.5576755475024952 1.1292893218813451 0.3726268877311164
v -0.5680159389997818 1.1444429766980397 0.37953611643732565
v -0.5756995430526689 1.161731656763491 0.384670136527695
v -0.5804310830664189 1.180490967798387 0.38783165048934315
v -0.6173448850438484 1.2 0.32997771577819845
v -0.6156502980637603 1.2195090322016129 0.3290719401665041
v -0.6106316591508051 1.238268343236509 0.3263894217802136
v -0.6024818317839227 1.2555570233019602 0.3220332482965384
v -0.5915140092583465 1.2707106781186548 0.316170825019486
v -0.5781496788429087 1.2831469612302544 0.3090274415879086
v -0.5629024242606717 1.2923879532511287 0.30087761422102627
v -0.5463581889544721 1.298078528040323 0.29203453621407227
v -0.5291527586090129 1.3 0.28283804209559865
v -0.5119473282635538 1.298078528040323 0.2736415479771251
v -0.49540309295735413 1.2923879532511287 0.2647984699701711
v -0.48015583837511716 1.2831469612302544 0.2566486426032887
v -0.4667915079596794 1.2707106781186548 0.24950525917171135
v -0.4558236854341032 1.2555570233019602 0.24364283589465893
v -0.4476738580672208 1.238268343236509 0.23928666241098379
v -0.4426552191542657 1.2195090322016129 0.23660414402469326
v -0.44096063217417747 1.2 0.2356983684129989
v -0.4426552191542657 1.180490967798387 0.23660414402469326
v -0.4476738580672208 1.161731656763491 0.23928666241098379
v -0.4558236854341032 1.1444429766980397 0.24364283589465893
v -0.4667915079596794 1.1292893218813451 0.24950525917171135
v -0.48015583837511716 1.1168530387697455 0.2566486426032887
v -0.495403092957354 1.1076120467488713 0.26479846997017104
v -0.5119473282635538 1.1019214719596768 0.2736415479771251
v -0.5291527586090129 1.0999999999999999 0.28283804209559865
v -0.5463581889544721 1.1019214719596768 0.29203453621407227
v -0.5629024242606717 1.1076120467488713 0.30087761422102627
v -0.5781496788429087 1.1168530387697455 0.3090274415879086
v -0.5915140092583465 1.1292893218813451 0.316170825019486
v -0.6024818317839227 1.1444429766980397 0.3220332482965384
v -0.6106316591508051 1.161731656763491 0.3263894217802136
v -0.6156502980637603 1.180490967798387 0.3290719401665041
v -0.6467156727579007 1.2 0.2678784026555629
v -0.6449404641420607 1.2195090322016129 0.26714308717084045
v -0.6396830585660994 1.238268343236509 0.2649653984783813
v -0.6311454951779137 1.2555570233019602 0.2614290239333748
v -0.6196558677505908 1.2707106781186548 0.25666986442636375
v -0.6056557162227056 1.2831469612302544 0.25087081178823534
v -0.5896830585660994 1.2923879532511287 0.24425472035972656
v -0.5723517150569457 1.298078528040323 0.2370758428240882
v -0.5543277195067721 1.3 0.22961005941905394
v -0.5363037239565983 1.298078528040323 0.22214427601401968
v -0.5189723804474446 1.2923879532511287 0.2149653984783813
v -0.5029997227908384 1.2831469612302544 0.2083493070498725
v -0.48899957126295324 1.2707106781186548 0.20255025441174407
v -0.47750994383563033 1.2555570233019602 0.19779109490473307
v -0.4689723804474446 1.238268343236509 0.19425472035972652
v -0.4637149748714833 1.2195090322016129 0.1920770316672674
v -0.46193976625564337 1.2 0.19134171618254495
v -0.4637149748714833 1.180490967798387 0.1920770316672674
v -0.4689723804474446 1.161731656763491 0.19425472035972652
v -0.47750994383563033 1.1444429766980397 0.19779109490473307
v -0.48899957126295324 1.1292893218813451 0.20255025441174407
v -0.5029997227908384 1.1168530387697455 0.2083493070498725
v -0.5189723804474445 1.1076120467488713 0.21496539847838125
v -0.5363037239565983 1.1019214719596768 0.22214427601401968
v -0.5543277195067721 1.0999999999999999 0.22961005941905394
v -0.5723517150569457 1.1019214719596768 0.2370758428240882
v -0.5896830585660994 1.1076120467488713 0.24425472035972656
v -0.6056557162227056 1.1168530387697455 0.25087081178823534
v -0.6196558677505908 1.1292893218813451 0.25666986442636375
v -0.6311454951779137 1.1444429766980397 0.2614290239333748
v -0.6396830585660994 1.161731656763491 0.2649653984783813
v -0.6449404641420607 1.180490967798387 0.26714308717084045
v -0.6698582350125462 1.2 0.20319927407812366
v -0.6680195009903528 1.2195090322016129 0.20264150021045532
v -0.662573960441072 1.238268343236509 0.2009896135443817
v -0.653730882434118 1.2555570233019602 0.19830709515809117
v -0.6418301014980429 1.2707106781186548 0.1946970327287953
v -0.6273289579701853 1.2831469612302544 0.1902981589311056
v -0.6107847226639855 1.2923879532511287 0.18527952001815043
v -0.5928331812641471 1.298078528040323 0.1798339794688695
v -0.5741642014393252 1.3 0.17417080635267743
v -0.5554952216145034 1.298078528040323 0.16850763323648532
v -0.537543680214665 1.2923879532511287 0.16306209268720442
v -0.5209994449084653 1.2831469612302544 0.15804345377424925
v -0.5064983013806077 1.2707106781186548 0.15364457997655956
v -0.49459752044453253 1.2555570233019602 0.15003451754726368
v -0.48575444243757854 1.238268343236509 0.14735199916097316
v -0.4803089018882977 1.2195090322016129 0.14570011249489953
v -0.4784701678661044 1.2 0.1451423386272312
v -0.4803089018882977 1.180490967798387 0.14570011249489953
v -0.48575444243757854 1.161731656763491 0.14735199916097316
v -0.49459752044453253 1.1444429766980397 0.15003451754726368
v -0.5064983013806077 1.1292893218813451 0.15364457997655956
v -0.5209994449084653 1.1168530387697455 0.15804345377424925
v -0.5375436802146649 1.1076120467488713 0.1630620926872044
v -0.5554952216145034 1.1019214719596768 0.16850763323648532
v -0.5741642014393252 1.0999999999999999 0.17417080635267743
v -0.5928331812641471 1.1019214719596768 0.1798339794688695
v -0.6107847226639855 1.1076120467488713 0.18527952001815043
v -0.6273289579701853 1.1168530387697455 0.1902981589311056
v -0.6418301014980429 1.1292893218813451 0.1946970327287953
v -0.653730882434118 1.1444429766980397 0.19830709515809117
v -0.662573960441072 1.161731656763491 0.2009896135443817
v -0.6680195009903528 1.180490967798387 0.20264150021045532
v -0.6865496962822613 1.2 0.13656322541129
v -0.6846651448675025 1.2195090322016129 0.13618836482793167
v -0.679083912877227 1.238268343236509 0.1350781887598509
v -0.67002048392683 1.2555570233019602 0.13327536065075007
v -0.6578231605080456 1.2707106781186548 0.13084916217382433
v -0.6429606789195201 1.2831469612302544 0.12789283077591415
v -0.6260041959937247 1.2923879532511287 0.12451997661471143
v -0.6076053398601927 1.298078528040323 0.12086021658411283
v -0.5884711682419382 1.3 0.11705419320967717
v -0.5693369966236838 1.298078528040323 0.1132481698352415
v -0.5509381404901518 1.2923879532511287 0.10958840980464289
v -0.5339816575643563 1.2831469612302544 0.10621555564344018
v -0.5191191759758309 1.2707106781186548 0.10325922424553
v -0.5069218525570465 1.2555570233019602 0.10083302576860424
v -0.49785842360664945 1.238268343236509 0.09903019765950342
v -0.4922771916163739 1.2195090322016129 0.09792002159142264
v -0.4903926402016152 1.2 0.0975451610080643
v -0.4922771916163739 1.180490967798387 0.09792002159142264
v -0.49785842360664945 1.161731656763491 0.09903019765950342
v -0.5069218525570465 1.1444429766980397 0.10083302576860424
v -0.5191191759758309 1.1292893218813451 0.10325922424553
v -0.5339816575643563 1.1168530387697455 0.10621555564344018
v -0.5509381404901517 1.1076120467488713 0.10958840980464286
v -0.5693369966236838 1.1019214719596768 0.1132481698352415
v -0.5884711682419382 1.0999999999999999 0.11705419320967717
v -0.6076053398601927 1.1019214719596768 0.12086021658411283
v -0.6260041959937247 1.1076120467488713 0.12451997661471143
v -0.6429606789195201 1.1168530387697455 0.12789283077591415
v -0.6578231605080456 1.1292893218813451 0.13084916217382433
v -0.67002048392683 1.1444429766980397 0.13327536065075007
v -0.679083912877227 1.161731656763491 0.1350781887598509
v -0.6846651448675025 1.180490967798387 0.13618836482793167
v -0.6966293086705377 1.2 0.06861199823069257
v -0.6947170891235384 1.2195090322016129 0.0684236610439816
v -0.6890539160073462 1.238268343236509 0.06786588717631328
v -0.6798574218888727 1.2555570233019602 0.06696011156461891
v -0.6674810228796372 1.2707106781186548 0.06574114265769108
v -0.6524003370528002 1.2831469612302544 0.06425582474701741
v -0.635194906707341 1.2923879532511287 0.06256123776692919
v -0.6165259268825192 1.298078528040323 0.060722503744735895
v -0.597110836003318 1.3 0.05881028419773649
v -0.5776957451241169 1.298078528040323 0.05689806465073709
v -0.5590267652992951 1.2923879532511287 0.0550593306285438
v -0.5418213349538359 1.2831469612302544 0.05336474364845558
v -0.526740649126999 1.2707106781186548 0.051879425737781905
v -0.5143642501177634 1.2555570233019602 0.05066045683085408
v -0.5051677559992899 1.238268343236509 0.049754681219159706
v -0.4995045828830978 1.2195090322016129 0.04919690735149138
v -0.4975923633360984 1.2 0.04900857016478041
v -0.4995045828830978 1.180490967798387 0.04919690735149138
v -0.5051677559992899 1.161731656763491 0.049754681219159706
v -0.5143642501177634 1.1444429766980397 0.05066045683085408
v -0.526740649126999 1.1292893218813451 0.051879425737781905
v -0.5418213349538359 1.1168530387697455 0.05336474364845558
v -0.559026765299295 1.1076120467488713 0.05505933062854378
v -0.5776957451241169 1.1019214719596768 0.05689806465073709
v -0.597110836003318 1.0999999999999999 0.05881028419773649
v -0.6165259268825192 1.1019214719596768 0.060722503744735895
v -0.635194906707341 1.1076120467488713 0.06256123776692919
v -0.6524003370528002 1.1168530387697455 0.06425582474701741
v -0.6674810228796372 1.1292893218813451 0.06574114265769108
v -0.6798574218888727 1.1444429766980397 0.06696011156461891
v -0.6890539160073462 1.161731656763491 0.06786588717631328
v -0.6947170891235384 1.180490967798387 0.0684236610439816
v -0.7 1.2 8.572527594031472e-17
v -0.698078528040323 1.2195090322016129 8.548996349180774e-17
v -0.6923879532511287 1.238268343236509 8.479306907171819e-17
v -0.6831469612302545 1.2555570233019602 8.366137394178722e-17
v -0.6707106781186547 1.2707106781186548 8.213836851119613e-17
v -0.6555570233019602 1.2831469612302544 8.028258102453124e-17
v -0.6382683432365089 1.2923879532511287 7.816532835416748e-17
v -0.6195090322016128 1.298078528040323 7.586797533285797e-17
v -0.6 1.3 7.347880794884119e-17
v -0.5804909677983872 1.298078528040323 7.108964056482441e-17
v -0.561731656763491 1.2923879532511287 6.87922875435149e-17
v -0.5444429766980398 1.2831469612302544 6.667503487315114e-17
v -0.5292893218813453 1.2707106781186548 6.481924738648625e-17
v -0.5168530387697454 1.2555570233019602 6.329624195589516e-17
v -0.5076120467488713 1.238268343236509 6.216454682596419e-17
v -0.501921471959677 1.2195090322016129 6.146765240587464e-17
v -0.5 1.2 6.123233995736766e-17
v -0.501921471959677 1.180490967798387 6.146765240587464e-17
v -0.5076120467488713 1.161731656763491 6.216454682596419e-17
v -0.5168530387697454 1.1444429766980397 6.329624195589516e-17
v -0.5292893218813453 1.1292893218813451 6.481924738648625e-17
v -0.5444429766980398 1.1168530387697455 6.667503487315114e-17
v -0.5617316567634909 1.1076120467488713 6.879228754351489e-17
v -0.5804909677983872 1.1019214719596768 7.108964056482441e-17
v -0.6 1.0999999999999999 7.347880794884119e-17
v -0.6195090322016128 1.1019214719596768 7.586797533285797e-17
v -0.6382683432365089 1.1076120467488713 7.816532835416748e-17
v -0.6555570233019602 1.1168530387697455 8.028258102453124e-17
v -0.6707106781186547 1.1292893218813451 8.213836851119613e-17
v -0.6831469612302545 1.1444429766980397 8.366137394178722e-17
v -0.6923879532511287 1.161731656763491 8.479306907171819e-17
v -0.698078528040323 1.180490967798387 8.548996349180774e-17
v -0.6966293086705379 1.2 -0.0686119982306924
v -0.6947170891235384 1.2195090322016129 -0.06842366104398144
v -0.6890539160073463 1.238268343236509 -0.06786588717631312
v -0.6798574218888728 1.2555570233019602 -0.06696011156461874
v -0.6674810228796373 1.2707106781186548 -0.06574114265769092
v -0.6524003370528003 1.2831469612302544 -0.06425582474701726
v -0.6351949067073411 1.2923879532511287 -0.06256123776692904
v -0.6165259268825193 1.298078528040323 -0.06072250374473575
v -0.5971108360033182 1.3 -0.05881028419773635
v -0.577695745124117 1.298078528040323 -0.05689806465073695
v -0.5590267652992952 1.2923879532511287 -0.055059330628543665
v -0.541821334953836 1.2831469612302544 -0.05336474364845545
v -0.526740649126999 1.2707106781186548 -0.05187942573778178
v -0.5143642501177635 1.2555570233019602 -0.050660456830853955
v -0.5051677559992899 1.238268343236509 -0.04975468121915959
v -0.49950458288309785 1.2195090322016129 -0.049196907351491265
v -0.49759236333609846 1.2 -0.049008570164780295
v -0.49950458288309785 1.180490967798387 -0.049196907351491265
v -0.5051677559992899 1.161731656763491 -0.04975468121915959
v -0.5143642501177635 1.1444429766980397 -0.050660456830853955
v -0.526740649126999 1.1292893218813451 -0.05187942573778178
v -0.541821334953836 1.1168530387697455 -0.05336474364845545
v -0.5590267652992951 1.1076120467488713 -0.05505933062854365
v -0.577695745124117 1.1019214719596768 -0.05689806465073695
v -0.5971108360033182 1.0999999999999999 -0.05881028419773635
v -0.6165259268825193 1.1019214719596768 -0.06072250374473575
v -0.6351949067073411 1.1076120467488713 -0.06256123776692904
v -0.6524003370528003 1.1168530387697455 -0.06425582474701726
v -0.6674810228796373 1.1292893218813451 -0.06574114265769092
v -0.6798574218888728 1.1444429766980397 -0.06696011156461874
v -0.6890539160073463 1.161731656763491 -0.06786588717631312
v -0.6947170891235384 1.180490967798387 -0.06842366104398144
v -0.6865496962822613 1.2 -0.13656322541128985
v -0.6846651448675025 1.2195090322016129 -0.1361883648279315
v -0.679083912877227 1.238268343236509 -0.13507818875985073
v -0.67002048392683 1.2555570233019602 -0.1332753606507499
v -0.6578231605080456 1.2707106781186548 -0.13084916217382417
v -0.6429606789195201 1.2831469612302544 -0.12789283077591398
v -0.6260041959937247 1.2923879532511287 -0.12451997661471127
v -0.6076053398601927 1.298078528040323 -0.12086021658411267
v -0.5884711682419382 1.3 -0.11705419320967701
v -0.5693369966236838 1.298078528040323 -0.11324816983524134
v -0.5509381404901518 1.2923879532511287 -0.10958840980464275
v -0.5339816575643563 1.2831469612302544 -0.10621555564344004
v -0.5191191759758309 1.2707106781186548 -0.10325922424552986
v -0.5069218525570465 1.2555570233019602 -0.1008330257686041
v -0.49785842360664945 1.238268343236509 -0.0990301976595033
v -0.4922771916163739 1.2195090322016129 -0.09792002159142252
v -0.4903926402016152 1.2 -0.09754516100806418
v -0.4922771916163739 1.180490967798387 -0.09792002159142252
v -0.49785842360664945 1.161731656763491 -0.0990301976595033
v -0.5069218525570465 1.1444429766980397 -0.1008330257686041
v -0.5191191759758309 1.1292893218813451 -0.10325922424552986
v -0.5339816575643563 1.1168530387697455 -0.10621555564344004
v -0.5509381404901517 1.1076120467488713 -0.10958840980464273
v -0.5693369966236838 1.1019214719596768 -0.11324816983524134
v -0.5884711682419382 1.0999999999999999 -0.11705419320967701
v -0.6076053398601927 1.1019214719596768 -0.12086021658411267
v -0.6260041959937247 1.1076120467488713 -0.12451997661471127
v -0.6429606789195201 1.1168530387697455 -0.12789283077591398
v -0.6578231605080456 1.1292893218813451 -0.13084916217382417
v -0.67002048392683 1.1444429766980397 -0.1332753606507499
v -0.679083912877227 1.161731656763491 -0.13507818875985073
v -0.6846651448675025 1.180490967798387 -0.1361883648279315
v -0.6698582350125463 1.2 -0.20319927407812347
v -0.6680195009903529 1.2195090322016129 -0.20264150021045513
v -0.6625739604410721 1.238268343236509 -0.2009896135443815
v -0.6537308824341181 1.2555570233019602 -0.19830709515809097
v -0.641830101498043 1.2707106781186548 -0.1946970327287951
v -0.6273289579701853 1.2831469612302544 -0.1902981589311054
v -0.6107847226639856 1.2923879532511287 -0.18527952001815023
v -0.5928331812641472 1.298078528040323 -0.17983397946886934
v -0.5741642014393253 1.3 -0.17417080635267726
v -0.5554952216145035 1.298078528040323 -0.16850763323648518
v -0.537543680214665 1.2923879532511287 -0.16306209268720429
v -0.5209994449084654 1.2831469612302544 -0.1580434537742491
v -0.5064983013806077 1.2707106781186548 -0.15364457997655942
v -0.4945975204445326 1.2555570233019602 -0.15003451754726355
v -0.48575444243757865 1.238268343236509 -0.14735199916097302
v -0.4803089018882978 1.2195090322016129 -0.1457001124948994
v -0.47847016786610447 1.2 -0.14514233862723105
v -0.4803089018882978 1.180490967798387 -0.1457001124948994
v -0.48575444243757865 1.161731656763491 -0.14735199916097302
v -0.4945975204445326 1.1444429766980397 -0.15003451754726355
v -0.5064983013806077 1.1292893218813451 -0.15364457997655942
v -0.5209994449084654 1.1168530387697455 -0.1580434537742491
v -0.5375436802146649 1.1076120467488713 -0.16306209268720426
v -0.5554952216145035 1.1019214719596768 -0.16850763323648518
v -0.5741642014393253 1.0999999999999999 -0.17417080635267726
v -0.5928331812641472 1.1019214719596768 -0.17983397946886934
v -0.6107847226639856 1.1076120467488713 -0.18527952001815023
v -0.6273289579701853 1.1168530387697455 -0.1902981589311054
v -0.641830101498043 1.1292893218813451 -0.1946970327287951
v -0.6537308824341181 1.1444429766980397 -0.19830709515809097
v -0.6625739604410721 1.161731656763491 -0.2009896135443815
v -0.6680195009903529 1.180490967798387 -0.20264150021045513
v -0.6467156727579008 1.2 -0.26787840265556273
v -0.6449404641420609 1.2195090322016129 -0.2671430871708403
v -0.6396830585660995 1.238268343236509 -0.2649653984783812
v -0.6311454951779137 1.2555570233019602 -0.26142902393337464
v -0.6196558677505909 1.2707106781186548 -0.25666986442636364
v -0.6056557162227058 1.2831469612302544 -0.25087081178823517
v -0.5896830585660995 1.2923879532511287 -0.2442547203597264
v -0.5723517150569458 1.298078528040323 -0.23707584282408806
v -0.5543277195067721 1.3 -0.2296100594190538
v -0.5363037239565984 1.298078528040323 -0.22214427601401954
v -0.5189723804474448 1.2923879532511287 -0.21496539847838117
v -0.5029997227908384 1.2831469612302544 -0.2083493070498724
v -0.4889995712629533 1.2707106781186548 -0.20255025441174396
v -0.4775099438356304 1.2555570233019602 -0.19779109490473293
v -0.46897238044744466 1.238268343236509 -0.1942547203597264
v -0.46371497487148333 1.2195090322016129 -0.19207703166726728
v -0.4619397662556434 1.2 -0.19134171618254484
v -0.46371497487148333 1.180490967798387 -0.19207703166726728
v -0.46897238044744466 1.161731656763491 -0.1942547203597264
v -0.4775099438356304 1.1444429766980397 -0.19779109490473293
v -0.4889995712629533 1.1292893218813451 -0.20255025441174396
v -0.5029997227908384 1.1168530387697455 -0.2083493070498724
v -0.5189723804474446 1.1076120467488713 -0.21496539847838114
v -0.5363037239565984 1.1019214719596768 -0.22214427601401954
v -0.5543277195067721 1.0999999999999999 -0.2296100594190538
v -0.5723517150569458 1.1019214719596768 -0.23707584282408806
v -0.5896830585660995 1.1076120467488713 -0.2442547203597264
v -0.6056557162227058 1.1168530387697455 -0.25087081178823517
v -0.6196558677505909 1.1292893218813451 -0.25666986442636364
v -0.6311454951779137 1.1444429766980397 -0.26142902393337464
v -0.6396830585660995 1.161731656763491 -0.2649653984783812
v -0.6449404641420609 1.180490967798387 -0.2671430871708403
v -0.6173448850438485 1.2 -0.32997771577819834
v -0.6156502980637603 1.2195090322016129 -0.32907194016650393
v -0.6106316591508052 1.238268343236509 -0.32638942178021346
v -0.6024818317839228 1.2555570233019602 -0.3220332482965383
v -0.5915140092583465 1.2707106781186548 -0.3161708250194859
v -0.5781496788429088 1.2831469612302544 -0.3090274415879085
v -0.5629024242606718 1.2923879532511287 -0.30087761422102616
v -0.5463581889544722 1.298078528040323 -0.29203453621407216
v -0.529152758609013 1.3 -0.2828380420955986
v -0.5119473282635538 1.298078528040323 -0.273641547977125
v -0.4954030929573542 1.2923879532511287 -0.26479846997017104
v -0.4801558383751172 1.2831469612302544 -0.2566486426032886
v -0.4667915079596795 1.2707106781186548 -0.24950525917171126
v -0.45582368543410323 1.2555570233019602 -0.24364283589465885
v -0.4476738580672209 1.238268343236509 -0.23928666241098367
v -0.44265521915426576 1.2195090322016129 -0.23660414402469318
v -0.4409606321741775 1.2 -0.23569836841299882
v -0.44265521915426576 1.180490967798387 -0.23660414402469318
v -0.4476738580672209 1.161731656763491 -0.23928666241098367
v -0.45582368543410323 1.1444429766980397 -0.24364283589465885
v -0.4667915079596795 1.1292893218813451 -0.24950525917171126
v -0.4801558383751172 1.1168530387697455 -0.2566486426032886
v -0.49540309295735413 1.1076120467488713 -0.264798469970171
v -0.5119473282635538 1.1019214719596768 -0.273641547977125
v -0.529152758609013 1.0999999999999999 -0.2828380420955986
v -0.5463581889544722 1.1019214719596768 -0.29203453621407216
v -0.5629024242606718 1.1076120467488713 -0.30087761422102616
v -0.5781496788429088 1.1168530387697455 -0.3090274415879085
v -0.5915140092583465 1.1292893218813451 -0.3161708250194859
v -0.6024818317839228 1.1444429766980397 -0.3220332482965383
v -0.6106316591508052 1.161731656763491 -0.32638942178021346
v -0.6156502980637603 1.180490967798387 -0.32907194016650393
v -0.5820287286117818 1.2 -0.38889916311372136
v -0.580431083066419 1.2195090322016129 -0.387831650489343
v -0.5756995430526689 1.238268343236509 -0.38467013652769483
v -0.5680159389997818 1.2555570233019602 -0.3795361164373255
v -0.5576755475024952 1.2707106781186548 -0.37262688773111624
v -0.5450757440070916 1.2831469612302544 -0.36420796819350665
v -0.5307007318958481 1.2923879532511287 -0.35460289218094254
v -0.5151029348226002 1.298078528040323 -0.3441807773779981
v -0.49888176738152723 1.3 -0.33334213981176114
v -0.48266059994045435 1.298078528040323 -0.3225035022455242
v -0.4670628028672064 1.2923879532511287 -0.3120813874425798
v -0.45268779075596294 1.2831469612302544 -0.3024763114300157
v -0.4400879872605593 1.2707106781186548 -0.2940573918924061
v -0.4297475957632727 1.2555570233019602 -0.28714816318619685
v -0.4220639917103856 1.238268343236509 -0.2820141430958275
v -0.4173324516966355 1.2195090322016129 -0.27885262913417935
v -0.41573480615127273 1.2 -0.277785116509801
v -0.4173324516966355 1.180490967798387 -0.27885262913417935
v -0.4220639917103856 1.161731656763491 -0.2820141430958275
v -0.4297475957632727 1.1444429766980397 -0.28714816318619685
v -0.4400879872605593 1.1292893218813451 -0.2940573918924061
v -0.45268779075596294 1.1168530387697455 -0.3024763114300157
v -0.4670628028672063 1.1076120467488713 -0.3120813874425797
v -0.48266059994045435 1.1019214719596768 -0.3225035022455242
v -0.49888176738152723 1.0999999999999999 -0.33334213981176114
v -0.5151029348226002 1.1019214719596768 -0.3441807773779981
v -0.5307007318958481 1.1076120467488713 -0.35460289218094254
v -0.5450757440070916 1.1168530387697455 -0.36420796819350665
v -0.5576755475024952 1.1292893218813451 -0.37262688773111624
v -0.5680159389997818 1.1444429766980397 -0.3795361164373255
v -0.5756995430526689 1.161731656763491 -0.38467013652769483
v -0.580431083066419 1.180490967798387 -0.387831650489343
v -0.5411073173539159 1.2 -0.44407529891455166
v -0.5396219994432423 1.2195090322016129 -0.4428563300076238
v -0.5352231256455526 1.238268343236509 -0.439246267578328
v -0.5280797422139752 1.2555570233019602 -0.43338384430127563
v -0.51846636536773 1.2707106781186548 -0.4254943498153189
v -0.5067524317877746 1.2831469612302544 -0.41588097296907384
v -0.49338810137233685 1.2923879532511287 -0.4049131504434977
v -0.4788869578444792 1.298078528040323 -0.39301236950742263
v -0.46380627201764224 1.3 -0.38063597049818715
v -0.44872558619080527 1.298078528040323 -0.36825957148895166
v -0.43422444266294763 1.2923879532511287 -0.3563587905528766
v -0.42086011224750985 1.2831469612302544 -0.34539096802730046
v -0.40914617866755437 1.2707106781186548 -0.3357775911810554
v -0.39953280182130924 1.2555570233019602 -0.32788809669509866
v -0.3923894183897319 1.238268343236509 -0.3220256734180463
v -0.38799054459204224 1.2195090322016129 -0.31841561098875043
v -0.38650522668136855 1.2 -0.31719664208182263
v -0.38799054459204224 1.180490967798387 -0.31841561098875043
v -0.3923894183897319 1.161731656763491 -0.3220256734180463
v -0.39953280182130924 1.1444429766980397 -0.32788809669509866
v -0.40914617866755437 1.1292893218813451 -0.3357775911810554
v -0.42086011224750985 1.1168530387697455 -0.34539096802730046
v -0.4342244426629475 1.1076120467488713 -0.35635879055287656
v -0.44872558619080527 1.1019214719596768 -0.36825957148895166
v -0.46380627201764224 1.0999999999999999 -0.38063597049818715
v -0.4788869578444792 1.1019214719596768 -0.39301236950742263
v -0.49338810137233685 1.1076120467488713 -0.4049131504434977
v -0.5067524317877746 1.1168530387697455 -0.41588097296907384
v -0.51846636536773 1.1292893218813451 -0.4254943498153189
v -0.5280797422139752 1.1444429766980397 -0.43338384430127563
v -0.5352231256455526 1.161731656763491 -0.439246267578328
v -0.5396219994432423 1.180490967798387 -0.4428563300076238
v -0.49497474683058335 1.2 -0.4949747468305832
v -0.49361606097803595 1.2195090322016129 -0.4936160609780358
v -0.48959221695574745 1.238268343236509 -0.4895922169557473
v -0.48305784883289654 1.2555570233019602 -0.48305784883289643
v -0.4742640687119286 1.2707106781186548 -0.47426406871192844
v -0.4635488166312837 1.2831469612302544 -0.46354881663128356
v -0.45132387371923843 1.2923879532511287 -0.4513238737192383
v -0.43805903767607574 1.298078528040323 -0.4380590376760756
v -0.4242640687119286 1.3 -0.42426406871192845
v -0.41046909974778145 1.298078528040323 -0.41046909974778134
v -0.39720426370461875 1.2923879532511287 -0.39720426370461864
v -0.38497932079257347 1.2831469612302544 -0.38497932079257335
v -0.3742640687119286 1.2707106781186548 -0.37426406871192847
v -0.36547028859096065 1.2555570233019602 -0.36547028859096053
v -0.35893592046810974 1.238268343236509 -0.3589359204681096
v -0.35491207644582123 1.2195090322016129 -0.3549120764458211
v -0.35355339059327384 1.2 -0.35355339059327373
v -0.35491207644582123 1.180490967798387 -0.3549120764458211
v -0.35893592046810974 1.161731656763491 -0.3589359204681096
v -0.36547028859096065 1.1444429766980397 -0.36547028859096053
v -0.3742640687119286 1.1292893218813451 -0.37426406871192847
v -0.38497932079257347 1.1168530387697455 -0.38497932079257335
v -0.3972042637046187 1.1076120467488713 -0.39720426370461853
v -0.41046909974778145 1.1019214719596768 -0.41046909974778134
v -0.4242640687119286 1.0999999999999999 -0.42426406871192845
v -0.43805903767607574 1.1019214719596768 -0.4380590376760756
v -0.45132387371923843 1.1076120467488713 -0.4513238737192383
v -0.4635488166312837 1.1168530387697455 -0.46354881663128356
v -0.4742640687119286 1.1292893218813451 -0.47426406871192844
v -0.48305784883289654 1.1444429766980397 -0.48305784883289643
v -0.48959221695574745 1.161731656763491 -0.4895922169557473
v -0.49361606097803595 1.180490967798387 -0.4936160609780358
v -0.4440752989145521 1.2 -0.5411073173539156
v -0.4428563300076243 1.2195090322016129 -0.539621999443242
v -0.43924626757832846 1.238268343236509 -0.5352231256455523
v -0.4333838443012761 1.2555570233019602 -0.5280797422139749
v -0.42549434981531936 1.2707106781186548 -0.5184663653677298
v -0.4158809729690743 1.2831469612302544 -0.5067524317877744
v -0.4049131504434981 1.2923879532511287 -0.4933881013723366
v -0.393012369507423 1.298078528040323 -0.47888695784447893
v -0.38063597049818754 1.3 -0.46380627201764196
v -0.36825957148895205 1.298078528040323 -0.44872558619080505
v -0.356358790552877 1.2923879532511287 -0.43422444266294735
v -0.3453909680273008 1.2831469612302544 -0.4208601122475096
v -0.3357775911810557 1.2707106781186548 -0.40914617866755415
v -0.327888096695099 1.2555570233019602 -0.399532801821309
v -0.3220256734180466 1.238268343236509 -0.3923894183897317
v -0.31841561098875076 1.2195090322016129 -0.387990544592042
v -0.31719664208182297 1.2 -0.38650522668136833
v -0.31841561098875076 1.180490967798387 -0.387990544592042
v -0.3220256734180466 1.161731656763491 -0.3923894183897317
v -0.327888096695099 1.1444429766980397 -0.399532801821309
v -0.3357775911810557 1.1292893218813451 -0.40914617866755415
v -0.3453909680273008 1.1168530387697455 -0.4208601122475096
v -0.3563587905528769 1.1076120467488713 -0.4342244426629473
v -0.36825957148895205 1.1019214719596768 -0.44872558619080505
v -0.38063597049818754 1.0999999999999999 -0.46380627201764196
v -0.393012369507423 1.1019214719596768 -0.47888695784447893
v -0.4049131504434981 1.1076120467488713 -0.4933881013723366
v -0.4158809729690743 1.1168530387697455 -0.5067524317877744
v -0.42549434981531936 1.1292893218813451 -0.5184663653677298
v -0.4333838443012761 1.1444429766980397 -0.5280797422139749
v -0.43924626757832846 1.161731656763491 -0.5352231256455523
v -0.4428563300076243 1.180490967798387 -0.539621999443242
v -0.3888991631137215 1.2 -0.5820287286117817
v -0.38783165048934315 1.2195090322016129 -0.5804310830664188
v -0.384670136527695 1.238268343236509 -0.5756995430526688
v -0.37953611643732565 1.2555570233019602 -0.5680159389997816
v -0.3726268877311164 1.2707106781186548 -0.557675547502495
v -0.3642079681935068 1.2831469612302544 -0.5450757440070915
v -0.3546028921809427 1.2923879532511287 -0.530700731895848
v -0.34418077737799824 1.298078528040323 -0.5151029348226001
v -0.3333421398117613 1.3 -0.4988817673815271
v -0.3225035022455243 1.298078528040323 -0.48266059994045424
v -0.3120813874425799 1.2923879532511287 -0.4670628028672063
v -0.3024763114300158 1.2831469612302544 -0.45268779075596277
v -0.2940573918924062 1.2707106781186548 -0.4400879872605592
v -0.28714816318619696 1.2555570233019602 -0.4297475957632726
v -0.2820141430958276 1.238268343236509 -0.4220639917103855
v -0.27885262913417946 1.2195090322016129 -0.4173324516966354
v -0.2777851165098011 1.2 -0.4157348061512726
v -0.27885262913417946 1.180490967798387 -0.4173324516966354
v -0.2820141430958276 1.161731656763491 -0.4220639917103855
v -0.28714816318619696 1.1444429766980397 -0.4297475957632726
v -0.2940573918924062 1.1292893218813451 -0.4400879872605592
v -0.3024763114300158 1.1168530387697455 -0.45268779075596277
v -0.31208138744257985 1.1076120467488713 -0.4670628028672062
v -0.3225035022455243 1.1019214719596768 -0.48266059994045424
v -0.3333421398117613 1.0999999999999999 -0.4988817673815271
v -0.34418077737799824 1.1019214719596768 -0.5151029348226001
v -0.3546028921809427 1.1076120467488713 -0.530700731895848
v -0.3642079681935068 1.1168530387697455 -0.5450757440070915
v -0.3726268877311164 1.1292893218813451 -0.557675547502495
v -0.37953611643732565 1.1444429766980397 -0.5680159389997816
v -0.384670136527695 1.161731656763491 -0.5756995430526688
v -0.38783165048934315 1.180490967798387 -0.5804310830664188
v -0.3299777157781985 1.2 -0.6173448850438484
v -0.3290719401665041 1.2195090322016129 -0.6156502980637603
v -0.32638942178021363 1.238268343236509 -0.6106316591508051
v -0.32203324829653845 1.2555570233019602 -0.6024818317839227
v -0.316170825019486 1.2707106781186548 -0.5915140092583465
v -0.3090274415879087 1.2831469612302544 -0.5781496788429087
v -0.30087761422102627 1.2923879532511287 -0.5629024242606717
v -0.2920345362140723 1.298078528040323 -0.5463581889544721
v -0.2828380420955987 1.3 -0.5291527586090129
v -0.2736415479771251 1.298078528040323 -0.5119473282635538
v -0.26479846997017115 1.2923879532511287 -0.49540309295735413
v -0.25664864260328873 1.2831469612302544 -0.48015583837511716
v -0.24950525917171137 1.2707106781186548 -0.4667915079596794
v -0.24364283589465896 1.2555570233019602 -0.4558236854341032
v -0.2392866624109838 1.238268343236509 -0.4476738580672208
v -0.2366041440246933 1.2195090322016129 -0.4426552191542657
v -0.23569836841299893 1.2 -0.44096063217417747
v -0.2366041440246933 1.180490967798387 -0.4426552191542657
v -0.2392866624109838 1.161731656763491 -0.4476738580672208
v -0.24364283589465896 1.1444429766980397 -0.4558236854341032
v -0.24950525917171137 1.1292893218813451 -0.4667915079596794
v -0.25664864260328873 1.1168530387697455 -0.48015583837511716
v -0.2647984699701711 1.1076120467488713 -0.495403092957354
v -0.2736415479771251 1.1019214719596768 -0.5119473282635538
v -0.2828380420955987 1.0999999999999999 -0.5291527586090129
v -0.2920345362140723 1.1019214719596768 -0.5463581889544721
v -0.30087761422102627 1.1076120467488713 -0.5629024242606717
v -0.3090274415879087 1.1168530387697455 -0.5781496788429087
v -0.316170825019486 1.1292893218813451 -0.5915140092583465
v -0.32203324829653845 1.1444429766980397 -0.6024818317839227
v -0.32638942178021363 1.161731656763491 -0.6106316591508051
v -0.3290719401665041 1.180490967798387 -0.6156502980637603
v -0.26787840265556323 1.2 -0.6467156727579005
v -0.2671430871708408 1.2195090322016129 -0.6449404641420606
v -0.26496539847838163 1.238268343236509 -0.6396830585660993
v -0.2614290239333751 1.2555570233019602 -0.6311454951779135
v -0.2566698644263641 1.2707106781186548 -0.6196558677505907
v -0.2508708117882356 1.2831469612302544 -0.6056557162227055
v -0.24425472035972684 1.2923879532511287 -0.5896830585660993
v -0.23707584282408847 1.298078528040323 -0.5723517150569456
v -0.22961005941905419 1.3 -0.5543277195067718
v -0.22214427601401993 1.298078528040323 -0.5363037239565982
v -0.21496539847838156 1.2923879532511287 -0.5189723804474445
v -0.20834930704987276 1.2831469612302544 -0.5029997227908383
v -0.20255025441174432 1.2707106781186548 -0.4889995712629531
v -0.1977910949047333 1.2555570233019602 -0.4775099438356302
v -0.19425472035972677 1.238268343236509 -0.4689723804474445
v -0.1920770316672676 1.2195090322016129 -0.46371497487148317
v -0.19134171618254517 1.2 -0.46193976625564326
v -0.1920770316672676 1.180490967798387 -0.46371497487148317
v -0.19425472035972677 1.161731656763491 -0.4689723804474445
v -0.1977910949047333 1.1444429766980397 -0.4775099438356302
v -0.20255025441174432 1.1292893218813451 -0.4889995712629531
v -0.20834930704987276 1.1168530387697455 -0.5029997227908383
v -0.2149653984783815 1.1076120467488713 -0.5189723804474444
v -0.22214427601401993 1.1019214719596768 -0.5363037239565982
v -0.22961005941905419 1.0999999999999999 -0.5543277195067718
v -0.23707584282408847 1.1019214719596768 -0.5723517150569456
v -0.24425472035972684 1.1076120467488713 -0.5896830585660993
v -0.2508708117882356 1.1168530387697455 -0.6056557162227055
v -0.2566698644263641 1.1292893218813451 -0.6196558677505907
v -0.2614290239333751 1.1444429766980397 -0.6311454951779135
v -0.26496539847838163 1.161731656763491 -0.6396830585660993
v -0.2671430871708408 1.180490967798387 -0.6449404641420606
v -0.2031992740781237 1.2 -0.6698582350125462
v -0.20264150021045538 1.2195090322016129 -0.6680195009903528
v -0.20098961354438172 1.238268343236509 -0.662573960441072
v -0.1983070951580912 1.2555570233019602 -0.653730882434118
v -0.19469703272879532 1.2707106781186548 -0.6418301014980429
v -0.19029815893110563 1.2831469612302544 -0.6273289579701853
v -0.18527952001815046 1.2923879532511287 -0.6107847226639855
v -0.17983397946886956 1.298078528040323 -0.5928331812641471
v -0.17417080635267745 1.3 -0.5741642014393252
v -0.16850763323648538 1.298078528040323 -0.5554952216145034
v -0.16306209268720445 1.2923879532511287 -0.537543680214665
v -0.15804345377424928 1.2831469612302544 -0.5209994449084653
v -0.1536445799765596 1.2707106781186548 -0.5064983013806077
v -0.1500345175472637 1.2555570233019602 -0.49459752044453253
v -0.1473519991609732 1.238268343236509 -0.48575444243757854
v -0.14570011249489956 1.2195090322016129 -0.4803089018882977
v -0.14514233862723122 1.2 -0.4784701678661044
v -0.14570011249489956 1.180490967798387 -0.4803089018882977
v -0.1473519991609732 1.161731656763491 -0.48575444243757854
v -0.1500345175472637 1.1444429766980397 -0.49459752044453253
v -0.1536445799765596 1.1292893218813451 -0.5064983013806077
v -0.15804345377424928 1.1168530387697455 -0.5209994449084653
v -0.16306209268720442 1.1076120467488713 -0.5375436802146649
v -0.16850763323648538 1.1019214719596768 -0.5554952216145034
v -0.17417080635267745 1.0999999999999999 -0.5741642014393252
v -0.17983397946886956 1.1019214719596768 -0.5928331812641471
v -0.18527952001815046 1.1076120467488713 -0.6107847226639855
v -0.19029815893110563 1.1168530387697455 -0.6273289579701853
v -0.19469703272879532 1.1292893218813451 -0.6418301014980429
v -0.1983070951580912 1.1444429766980397 -0.653730882434118
v -0.20098961354438172 1.161731656763491 -0.662573960441072
v -0.20264150021045538 1.180490967798387 -0.6680195009903528
v -0.13656322541129007 1.2 -0.6865496962822611
v -0.13618836482793173 1.2195090322016129 -0.6846651448675025
v -0.13507818875985092 1.238268343236509 -0.6790839128772269
v -0.13327536065075013 1.2555570233019602 -0.6700204839268299
v -0.13084916217382436 1.2707106781186548 -0.6578231605080455
v -0.12789283077591418 1.2831469612302544 -0.64296067891952
v -0.12451997661471147 1.2923879532511287 -0.6260041959937247
v -0.12086021658411286 1.298078528040323 -0.6076053398601926
v -0.1170541932096772 1.3 -0.5884711682419381
v -0.11324816983524152 1.298078528040323 -0.5693369966236836
v -0.10958840980464292 1.2923879532511287 -0.5509381404901517
v -0.10621555564344021 1.2831469612302544 -0.5339816575643563
v -0.10325922424553002 1.2707106781186548 -0.5191191759758308
v -0.10083302576860427 1.2555570233019602 -0.5069218525570465
v -0.09903019765950345 1.238268343236509 -0.4978584236066494
v -0.09792002159142267 1.2195090322016129 -0.49227719161637384
v -0.09754516100806433 1.2 -0.49039264020161516
v -0.09792002159142267 1.180490967798387 -0.49227719161637384
v -0.09903019765950345 1.161731656763491 -0.4978584236066494
v -0.10083302576860427 1.1444429766980397 -0.5069218525570465
v -0.10325922424553002 1.1292893218813451 -0.5191191759758308
v -0.10621555564344021 1.1168530387697455 -0.5339816575643563
v -0.1095884098046429 1.1076120467488713 -0.5509381404901516
v -0.11324816983524152 1.1019214719596768 -0.5693369966236836
v -0.1170541932096772 1.0999999999999999 -0.5884711682419381
v -0.12086021658411286 1.1019214719596768 -0.6076053398601926
v -0.12451997661471147 1.1076120467488713 -0.6260041959937247
v -0.12789283077591418 1.1168530387697455 -0.64296067891952
v -0.13084916217382436 1.1292893218813451 -0.6578231605080455
v -0.13327536065075013 1.1444429766980397 -0.6700204839268299
v -0.13507818875985092 1.161731656763491 -0.6790839128772269
v -0.13618836482793173 1.180490967798387 -0.6846651448675025
v -0.0686119982306923 1.2 -0.6966293086705379
v -0.06842366104398134 1.2195090322016129 -0.6947170891235384
v -0.06786588717631302 1.238268343236509 -0.6890539160073463
v -0.06696011156461865 1.2555570233019602 -0.6798574218888728
v -0.06574114265769083 1.2707106781186548 -0.6674810228796373
v -0.06425582474701716 1.2831469612302544 -0.6524003370528003
v -0.06256123776692896 1.2923879532511287 -0.6351949067073411
v -0.060722503744735666 1.298078528040323 -0.6165259268825193
v -0.05881028419773627 1.3 -0.5971108360033182
v -0.05689806465073687 1.298078528040323 -0.577695745124117
v -0.05505933062854358 1.2923879532511287 -0.5590267652992952
v -0.05336474364845537 1.2831469612302544 -0.541821334953836
v -0.05187942573778171 1.2707106781186548 -0.526740649126999
v -0.050660456830853885 1.2555570233019602 -0.5143642501177635
v -0.04975468121915952 1.238268343236509 -0.5051677559992899
v -0.049196907351491195 1.2195090322016129 -0.49950458288309785
v -0.049008570164780225 1.2 -0.49759236333609846
v -0.049196907351491195 1.180490967798387 -0.49950458288309785
v -0.04975468121915952 1.161731656763491 -0.5051677559992899
v -0.050660456830853885 1.1444429766980397 -0.5143642501177635
v -0.05187942573778171 1.1292893218813451 -0.526740649126999
v -0.05336474364845537 1.1168530387697455 -0.541821334953836
v -0.055059330628543575 1.1076120467488713 -0.5590267652992951
v -0.05689806465073687 1.1019214719596768 -0.577695745124117
v -0.05881028419773627 1.0999999999999999 -0.5971108360033182
v -0.060722503744735666 1.1019214719596768 -0.6165259268825193
v -0.06256123776692896 1.1076120467488713 -0.6351949067073411
v -0.06425582474701716 1.1168530387697455 -0.6524003370528003
v -0.06574114265769083 1.1292893218813451 -0.6674810228796373
v -0.06696011156461865 1.1444429766980397 -0.6798574218888728
v -0.06786588717631302 1.161731656763491 -0.6890539160073463
v -0.06842366104398134 1.180490967798387 -0.6947170891235384
v -1.2858791391047207e-16 1.2 -0.7
v -1.282349452377116e-16 1.2195090322016129 -0.698078528040323
v -1.2718960360757728e-16 1.238268343236509 -0.6923879532511287
v -1.2549206091268083e-16 1.2555570233019602 -0.6831469612302545
v -1.2320755276679417e-16 1.2707106781186548 -0.6707106781186547
v -1.2042387153679685e-16 1.2831469612302544 -0.6555570233019602
v -1.1724799253125122e-16 1.2923879532511287 -0.6382683432365089
v -1.1380196299928694e-16 1.298078528040323 -0.6195090322016128
v -1.1021821192326178e-16 1.3 -0.6
v -1.066344608472366e-16 1.298078528040323 -0.5804909677983872
v -1.0318843131527233e-16 1.2923879532511287 -0.561731656763491
v -1.0001255230972671e-16 1.2831469612302544 -0.5444429766980398
v -9.722887107972939e-17 1.2707106781186548 -0.5292893218813453
v -9.494436293384273e-17 1.2555570233019602 -0.5168530387697454
v -9.324682023894627e-17 1.238268343236509 -0.5076120467488713
v -9.220147860881195e-17 1.2195090322016129 -0.501921471959677
v -9.184850993605148e-17 1.2 -0.5
v -9.220147860881195e-17 1.180490967798387 -0.501921471959677
v -9.324682023894627e-17 1.161731656763491 -0.5076120467488713
v -9.494436293384273e-17 1.1444429766980397 -0.5168530387697454
v -9.722887107972939e-17 1.1292893218813451 -0.5292893218813453
v -1.0001255230972671e-16 1.1168530387697455 -0.5444429766980398
v -1.0318843131527232e-16 1.1076120467488713 -0.5617316567634909
v -1.066344608472366e-16 1.1019214719596768 -0.5804909677983872
v -1.1021821192326178e-16 1.0999999999999999 -0.6
v -1.1380196299928694e-16 1.1019214719596768 -0.6195090322016128
v -1.1724799253125122e-16 1.1076120467488713 -0.6382683432365089
v -1.2042387153679685e-16 1.1168530387697455 -0.6555570233019602
v -1.2320755276679417e-16 1.1292893218813451 -0.6707106781186547
v -1.2549206091268083e-16 1.1444429766980397 -0.6831469612302545
v -1.2718960360757728e-16 1.161731656763491 -0.6923879532511287
v -1.282349452377116e-16 1.180490967798387 -0.698078528040323
v 0.06861199823069206 1.2 -0.6966293086705379
v 0.0684236610439811 1.2195090322016129 -0.6947170891235384
v 0.06786588717631277 1.238268343236509 -0.6890539160073463
v 0.06696011156461841 1.2555570233019602 -0.6798574218888728
v 0.06574114265769058 1.2707106781186548 -0.6674810228796373
v 0.06425582474701692 1.2831469612302544 -0.6524003370528003
v 0.06256123776692872 1.2923879532511287 -0.6351949067073411
v 0.060722503744735444 1.298078528040323 -0.6165259268825193
v 0.058810284197736054 1.3 -0.5971108360033182
v 0.056898064650736664 1.298078528040323 -0.577695745124117
v 0.05505933062854338 1.2923879532511287 -0.5590267652992952
v 0.05336474364845518 1.2831469612302544 -0.541821334953836
v 0.051879425737781516 1.2707106781186548 -0.526740649126999
v 0.0506604568308537 1.2555570233019602 -0.5143642501177635
v 0.04975468121915933 1.238268343236509 -0.5051677559992899
v 0.049196907351491015 1.2195090322016129 -0.49950458288309785
v 0.049008570164780045 1.2 -0.49759236333609846
v 0.049196907351491015 1.180490967798387 -0.49950458288309785
v 0.04975468121915933 1.161731656763491 -0.5051677559992899
v 0.0506604568308537 1.1444429766980397 -0.5143642501177635
v 0.051879425737781516 1.1292893218813451 -0.526740649126999
v 0.05336474364845518 1.1168530387697455 -0.541821334953836
v 0.055059330628543374 1.1076120467488713 -0.5590267652992951
v 0.056898064650736664 1.1019214719596768 -0.577695745124117
v 0.058810284197736054 1.0999999999999999 -0.5971108360033182
v 0.060722503744735444 1.1019214719596768 -0.6165259268825193
v 0.06256123776692872 1.1076120467488713 -0.6351949067073411
v 0.06425582474701692 1.1168530387697455 -0.6524003370528003
v 0.06574114265769058 1.1292893218813451 -0.6674810228796373
v 0.06696011156461841 1.1444429766980397 -0.6798574218888728
v 0.06786588717631277 1.161731656763491 -0.6890539160073463
v 0.0684236610439811 1.180490967798387 -0.6947170891235384
v 0.1365632254112898 1.2 -0.6865496962822613
v 0.13618836482793145 1.2195090322016129 -0.6846651448675025
v 0.13507818875985067 1.238268343236509 -0.679083912877227
v 0.13327536065074988 1.2555570233019602 -0.67002048392683
v 0.1308491621738241 1.2707106781186548 -0.6578231605080456
v 0.12789283077591393 1.2831469612302544 -0.6429606789195201
v 0.12451997661471123 1.2923879532511287 -0.6260041959937247
v 0.12086021658411264 1.298078528040323 -0.6076053398601927
v 0.11705419320967697 1.3 -0.5884711682419382
v 0.11324816983524132 1.298078528040323 -0.5693369966236838
v 0.10958840980464273 1.2923879532511287 -0.5509381404901518
v 0.10621555564344001 1.2831469612302544 -0.5339816575643563
v 0.10325922424552983 1.2707106781186548 -0.5191191759758309
v 0.10083302576860408 1.2555570233019602 -0.5069218525570465
v 0.09903019765950327 1.238268343236509 -0.49785842360664945
v 0.09792002159142249 1.2195090322016129 -0.4922771916163739
v 0.09754516100806415 1.2 -0.4903926402016152
v 0.09792002159142249 1.180490967798387 -0.4922771916163739
v 0.09903019765950327 1.161731656763491 -0.49785842360664945
v 0.10083302576860408 1.1444429766980397 -0.5069218525570465
v 0.10325922424552983 1.1292893218813451 -0.5191191759758309
v 0.10621555564344001 1.1168530387697455 -0.5339816575643563
v 0.1095884098046427 1.1076120467488713 -0.5509381404901517
v 0.11324816983524132 1.1019214719596768 -0.5693369966236838
v 0.11705419320967697 1.0999999999999999 -0.5884711682419382
v 0.12086021658411264 1.1019214719596768 -0.6076053398601927
v 0.12451997661471123 1.1076120467488713 -0.6260041959937247
v 0.12789283077591393 1.1168530387697455 -0.6429606789195201
v 0.1308491621738241 1.1292893218813451 -0.6578231605080456
v 0.13327536065074988 1.1444429766980397 -0.67002048392683
v 0.13507818875985067 1.161731656763491 -0.679083912877227
v 0.13618836482793145 1.180490967798387 -0.6846651448675025
v 0.20319927407812344 1.2 -0.6698582350125463
v 0.2026415002104551 1.2195090322016129 -0.6680195009903529
v 0.20098961354438144 1.238268343236509 -0.6625739604410721
v 0.19830709515809095 1.2555570233019602 -0.6537308824341181
v 0.19469703272879507 1.2707106781186548 -0.641830101498043
v 0.19029815893110538 1.2831469612302544 -0.6273289579701853
v 0.1852795200181502 1.2923879532511287 -0.6107847226639856
v 0.1798339794688693 1.298078528040323 -0.5928331812641472
v 0.17417080635267723 1.3 -0.5741642014393253
v 0.16850763323648515 1.298078528040323 -0.5554952216145035
v 0.16306209268720426 1.2923879532511287 -0.537543680214665
v 0.15804345377424908 1.2831469612302544 -0.5209994449084654
v 0.1536445799765594 1.2707106781186548 -0.5064983013806077
v 0.15003451754726352 1.2555570233019602 -0.4945975204445326
v 0.147351999160973 1.238268343236509 -0.48575444243757865
v 0.14570011249489936 1.2195090322016129 -0.4803089018882978
v 0.14514233862723103 1.2 -0.47847016786610447
v 0.14570011249489936 1.180490967798387 -0.4803089018882978
v 0.147351999160973 1.161731656763491 -0.48575444243757865
v 0.15003451754726352 1.1444429766980397 -0.4945975204445326
v 0.1536445799765594 1.1292893218813451 -0.5064983013806077
v 0.15804345377424908 1.1168530387697455 -0.5209994449084654
v 0.1630620926872042 1.1076120467488713 -0.5375436802146649
v 0.16850763323648515 1.1019214719596768 -0.5554952216145035
v 0.17417080635267723 1.0999999999999999 -0.5741642014393253
v 0.1798339794688693 1.1019214719596768 -0.5928331812641472
v 0.1852795200181502 1.1076120467488713 -0.6107847226639856
v 0.19029815893110538 1.1168530387697455 -0.6273289579701853
v 0.19469703272879507 1.1292893218813451 -0.641830101498043
v 0.19830709515809095 1.1444429766980397 -0.6537308824341181
v 0.20098961354438144 1.161731656763491 -0.6625739604410721
v 0.2026415002104551 1.180490967798387 -0.6680195009903529
v 0.267878402655563 1.2 -0.6467156727579007
v 0.2671430871708405 1.2195090322016129 -0.6449404641420607
v 0.2649653984783814 1.238268343236509 -0.6396830585660993
v 0.26142902393337486 1.2555570233019602 -0.6311454951779136
v 0.25666986442636386 1.2707106781186548 -0.6196558677505908
v 0.2508708117882354 1.2831469612302544 -0.6056557162227056
v 0.24425472035972662 1.2923879532511287 -0.5896830585660993
v 0.23707584282408825 1.298078528040323 -0.5723517150569456
v 0.229610059419054 1.3 -0.554327719506772
v 0.22214427601401973 1.298078528040323 -0.5363037239565983
v 0.21496539847838136 1.2923879532511287 -0.5189723804474446
v 0.20834930704987256 1.2831469612302544 -0.5029997227908383
v 0.20255025441174415 1.2707106781186548 -0.4889995712629532
v 0.19779109490473312 1.2555570233019602 -0.4775099438356303
v 0.1942547203597266 1.238268343236509 -0.46897238044744455
v 0.19207703166726744 1.2195090322016129 -0.4637149748714832
v 0.191341716182545 1.2 -0.4619397662556433
v 0.19207703166726744 1.180490967798387 -0.4637149748714832
v 0.1942547203597266 1.161731656763491 -0.46897238044744455
v 0.19779109490473312 1.1444429766980397 -0.4775099438356303
v 0.20255025441174415 1.1292893218813451 -0.4889995712629532
v 0.20834930704987256 1.1168530387697455 -0.5029997227908383
v 0.21496539847838134 1.1076120467488713 -0.5189723804474445
v 0.22214427601401973 1.1019214719596768 -0.5363037239565983
v 0.229610059419054 1.0999999999999999 -0.554327719506772
v 0.23707584282408825 1.1019214719596768 -0.5723517150569456
v 0.24425472035972662 1.1076120467488713 -0.5896830585660993
v 0.2508708117882354 1.1168530387697455 -0.6056557162227056
v 0.25666986442636386 1.1292893218813451 -0.6196558677505908
v 0.26142902393337486 1.1444429766980397 -0.6311454951779136
v 0.2649653984783814 1.161731656763491 -0.6396830585660993
v 0.2671430871708405 1.180490967798387 -0.6449404641420607
v 0.3299777157781983 1.2 -0.6173448850438485
v 0.32907194016650393 1.2195090322016129 -0.6156502980637603
v 0.3263894217802134 1.238268343236509 -0.6106316591508052
v 0.3220332482965383 1.2555570233019602 -0.6024818317839228
v 0.31617082501948585 1.2707106781186548 -0.5915140092583465
v 0.3090274415879085 1.2831469612302544 -0.5781496788429088
v 0.3008776142210261 1.2923879532511287 -0.5629024242606718
v 0.2920345362140721 1.298078528040323 -0.5463581889544722
v 0.28283804209559854 1.3 -0.529152758609013
v 0.273641547977125 1.298078528040323 -0.5119473282635538
v 0.264798469970171 1.2923879532511287 -0.4954030929573542
v 0.25664864260328857 1.2831469612302544 -0.4801558383751172
v 0.24950525917171124 1.2707106781186548 -0.4667915079596795
v 0.24364283589465882 1.2555570233019602 -0.45582368543410323
v 0.23928666241098365 1.238268343236509 -0.4476738580672209
v 0.23660414402469315 1.2195090322016129 -0.44265521915426576
v 0.2356983684129988 1.2 -0.4409606321741775
v 0.23660414402469315 1.180490967798387 -0.44265521915426576
v 0.23928666241098365 1.161731656763491 -0.4476738580672209
v 0.24364283589465882 1.1444429766980397 -0.45582368543410323
v 0.24950525917171124 1.1292893218813451 -0.4667915079596795
v 0.25664864260328857 1.1168530387697455 -0.4801558383751172
v 0.2647984699701709 1.1076120467488713 -0.49540309295735413
v 0.273641547977125 1.1019214719596768 -0.5119473282635538
v 0.28283804209559854 1.0999999999999999 -0.529152758609013
v 0.2920345362140721 1.1019214719596768 -0.5463581889544722
v 0.3008776142210261 1.1076120467488713 -0.5629024242606718
v 0.3090274415879085 1.1168530387697455 -0.5781496788429088
v 0.31617082501948585 1.1292893218813451 -0.5915140092583465
v 0.3220332482965383 1.1444429766980397 -0.6024818317839228
v 0.3263894217802134 1.161731656763491 -0.6106316591508052
v 0.32907194016650393 1.180490967798387 -0.6156502980637603
v 0.38889916311372125 1.2 -0.5820287286117818
v 0.3878316504893429 1.2195090322016129 -0.580431083066419
v 0.3846701365276948 1.238268343236509 -0.5756995430526689
v 0.37953611643732543 1.2555570233019602 -0.5680159389997818
v 0.3726268877311162 1.2707106781186548 -0.5576755475024952
v 0.3642079681935066 1.2831469612302544 -0.5450757440070916
v 0.3546028921809425 1.2923879532511287 -0.5307007318958481
v 0.34418077737799807 1.298078528040323 -0.5151029348226002
v 0.3333421398117611 1.3 -0.49888176738152723
v 0.32250350224552415 1.298078528040323 -0.48266059994045435
v 0.3120813874425797 1.2923879532511287 -0.4670628028672064
v 0.30247631143001563 1.2831469612302544 -0.45268779075596294
v 0.29405739189240604 1.2707106781186548 -0.4400879872605593
v 0.2871481631861968 1.2555570233019602 -0.4297475957632727
v 0.28201414309582745 1.238268343236509 -0.4220639917103856
v 0.2788526291341793 1.2195090322016129 -0.4173324516966355
v 0.2777851165098009 1.2 -0.41573480615127273
v 0.2788526291341793 1.180490967798387 -0.4173324516966355
v 0.28201414309582745 1.161731656763491 -0.4220639917103856
v 0.2871481631861968 1.1444429766980397 -0.4297475957632727
v 0.29405739189240604 1.1292893218813451 -0.4400879872605593
v 0.30247631143001563 1.1168530387697455 -0.45268779075596294
v 0.3120813874425796 1.1076120467488713 -0.4670628028672063
v 0.32250350224552415 1.1019214719596768 -0.48266059994045435
v 0.3333421398117611 1.0999999999999999 -0.49888176738152723
v 0.34418077737799807 1.1019214719596768 -0.5151029348226002
v 0.3546028921809425 1.1076120467488713 -0.5307007318958481
v 0.3642079681935066 1.1168530387697455 -0.5450757440070916
v 0.3726268877311162 1.1292893218813451 -0.5576755475024952
v 0.37953611643732543 1.1444429766980397 -0.5680159389997818
v 0.3846701365276948 1.161731656763491 -0.5756995430526689
v 0.3878316504893429 1.180490967798387 -0.580431083066419
v 0.4440752989145519 1.2 -0.5411073173539158
v 0.4428563300076241 1.2195090322016129 -0.5396219994432421
v 0.43924626757832824 1.238268343236509 -0.5352231256455524
v 0.43338384430127586 1.2555570233019602 -0.5280797422139751
v 0.42549434981531914 1.2707106781186548 -0.5184663653677299
v 0.41588097296907406 1.2831469612302544 -0.5067524317877745
v 0.4049131504434979 1.2923879532511287 -0.49338810137233674
v 0.3930123695074228 1.298078528040323 -0.47888695784447904
v 0.38063597049818737 1.3 -0.46380627201764213
v 0.3682595714889519 1.298078528040323 -0.44872558619080516
v 0.3563587905528768 1.2923879532511287 -0.4342244426629475
v 0.3453909680273006 1.2831469612302544 -0.4208601122475097
v 0.33577759118105555 1.2707106781186548 -0.40914617866755426
v 0.32788809669509883 1.2555570233019602 -0.3995328018213091
v 0.32202567341804644 1.238268343236509 -0.3923894183897318
v 0.3184156109887506 1.2195090322016129 -0.38799054459204213
v 0.3171966420818228 1.2 -0.38650522668136844
v 0.3184156109887506 1.180490967798387 -0.38799054459204213
v 0.32202567341804644 1.161731656763491 -0.3923894183897318
v 0.32788809669509883 1.1444429766980397 -0.3995328018213091
v 0.33577759118105555 1.1292893218813451 -0.40914617866755426
v 0.3453909680273006 1.1168530387697455 -0.4208601122475097
v 0.3563587905528767 1.1076120467488713 -0.4342244426629474
v 0.3682595714889519 1.1019214719596768 -0.44872558619080516
v 0.38063597049818737 1.0999999999999999 -0.46380627201764213
v 0.3930123695074228 1.1019214719596768 -0.47888695784447904
v 0.4049131504434979 1.1076120467488713 -0.49338810137233674
v 0.41588097296907406 1.1168530387697455 -0.5067524317877745
v 0.42549434981531914 1.1292893218813451 -0.5184663653677299
v 0.43338384430127586 1.1444429766980397 -0.5280797422139751
v 0.43924626757832824 1.161731656763491 -0.5352231256455524
v 0.4428563300076241 1.180490967798387 -0.5396219994432421
v 0.4949747468305831 1.2 -0.49497474683058335
v 0.49361606097803573 1.2195090322016129 -0.49361606097803595
v 0.48959221695574723 1.238268343236509 -0.48959221695574745
v 0.4830578488328963 1.2555570233019602 -0.48305784883289654
v 0.4742640687119284 1.2707106781186548 -0.4742640687119286
v 0.4635488166312835 1.2831469612302544 -0.4635488166312837
v 0.4513238737192382 1.2923879532511287 -0.45132387371923843
v 0.4380590376760755 1.298078528040323 -0.43805903767607574
v 0.4242640687119284 1.3 -0.4242640687119286
v 0.41046909974778123 1.298078528040323 -0.41046909974778145
v 0.3972042637046186 1.2923879532511287 -0.39720426370461875
v 0.3849793207925733 1.2831469612302544 -0.38497932079257347
v 0.3742640687119284 1.2707106781186548 -0.3742640687119286
v 0.3654702885909604 1.2555570233019602 -0.36547028859096065
v 0.35893592046810957 1.238268343236509 -0.35893592046810974
v 0.35491207644582107 1.2195090322016129 -0.35491207644582123
v 0.3535533905932737 1.2 -0.35355339059327384
v 0.35491207644582107 1.180490967798387 -0.35491207644582123
v 0.35893592046810957 1.161731656763491 -0.35893592046810974
v 0.3654702885909604 1.1444429766980397 -0.36547028859096065
v 0.3742640687119284 1.1292893218813451 -0.3742640687119286
v 0.3849793207925733 1.1168530387697455 -0.38497932079257347
v 0.3972042637046185 1.1076120467488713 -0.3972042637046187
v 0.41046909974778123 1.1019214719596768 -0.41046909974778145
v 0.4242640687119284 1.0999999999999999 -0.4242640687119286
v 0.4380590376760755 1.1019214719596768 -0.43805903767607574
v 0.4513238737192382 1.1076120467488713 -0.45132387371923843
v 0.4635488166312835 1.1168530387697455 -0.4635488166312837
v 0.4742640687119284 1.1292893218813451 -0.4742640687119286
v 0.4830578488328963 1.1444429766980397 -0.48305784883289654
v 0.48959221695574723 1.161731656763491 -0.48959221695574745
v 0.49361606097803573 1.180490967798387 -0.49361606097803595
v 0.5411073173539156 1.2 -0.4440752989145521
v 0.5396219994432419 1.2195090322016129 -0.4428563300076243
v 0.5352231256455522 1.238268343236509 -0.43924626757832846
v 0.5280797422139749 1.2555570233019602 -0.4333838443012761
v 0.5184663653677297 1.2707106781186548 -0.42549434981531936
v 0.5067524317877743 1.2831469612302544 -0.4158809729690743
v 0.4933881013723365 1.2923879532511287 -0.4049131504434981
v 0.4788869578444789 1.298078528040323 -0.393012369507423
v 0.4638062720176419 1.3 -0.38063597049818754
v 0.44872558619080494 1.298078528040323 -0.36825957148895205
v 0.4342244426629473 1.2923879532511287 -0.356358790552877
v 0.4208601122475095 1.2831469612302544 -0.3453909680273008
v 0.4091461786675541 1.2707106781186548 -0.3357775911810557
v 0.39953280182130896 1.2555570233019602 -0.327888096695099
v 0.3923894183897316 1.238268343236509 -0.3220256734180466
v 0.38799054459204196 1.2195090322016129 -0.31841561098875076
v 0.3865052266813683 1.2 -0.31719664208182297
v 0.38799054459204196 1.180490967798387 -0.31841561098875076
v 0.3923894183897316 1.161731656763491 -0.3220256734180466
v 0.39953280182130896 1.1444429766980397 -0.327888096695099
v 0.4091461786675541 1.1292893218813451 -0.3357775911810557
v 0.4208601122475095 1.1168530387697455 -0.3453909680273008
v 0.43422444266294724 1.1076120467488713 -0.3563587905528769
v 0.44872558619080494 1.1019214719596768 -0.36825957148895205
v 0.4638062720176419 1.0999999999999999 -0.38063597049818754
v 0.4788869578444789 1.1019214719596768 -0.393012369507423
v 0.4933881013723365 1.1076120467488713 -0.4049131504434981
v 0.5067524317877743 1.1168530387697455 -0.4158809729690743
v 0.5184663653677297 1.1292893218813451 -0.42549434981531936
v 0.5280797422139749 1.1444429766980397 -0.4333838443012761
v 0.5352231256455522 1.161731656763491 -0.43924626757832846
v 0.5396219994432419 1.180490967798387 -0.4428563300076243
v 0.5820287286117817 1.2 -0.3888991631137215
v 0.5804310830664188 1.2195090322016129 -0.38783165048934315
v 0.5756995430526688 1.238268343236509 -0.384670136527695
v 0.5680159389997816 1.2555570233019602 -0.37953611643732565
v 0.557675547502495 1.2707106781186548 -0.3726268877311164
v 0.5450757440070915 1.2831469612302544 -0.3642079681935068
v 0.530700731895848 1.2923879532511287 -0.3546028921809427
v 0.5151029348226001 1.298078528040323 -0.34418077737799824
v 0.4988817673815271 1.3 -0.3333421398117613
v 0.48266059994045424 1.298078528040323 -0.3225035022455243
v 0.4670628028672063 1.2923879532511287 -0.3120813874425799
v 0.45268779075596277 1.2831469612302544 -0.3024763114300158
v 0.4400879872605592 1.2707106781186548 -0.2940573918924062
v 0.4297475957632726 1.2555570233019602 -0.28714816318619696
v 0.4220639917103855 1.238268343236509 -0.2820141430958276
v 0.4173324516966354 1.2195090322016129 -0.27885262913417946
v 0.4157348061512726 1.2 -0.2777851165098011
v 0.4173324516966354 1.180490967798387 -0.27885262913417946
v 0.4220639917103855 1.161731656763491 -0.2820141430958276
v 0.4297475957632726 1.1444429766980397 -0.28714816318619696
v 0.4400879872605592 1.1292893218813451 -0.2940573918924062
v 0.45268779075596277 1.1168530387697455 -0.3024763114300158
v 0.4670628028672062 1.1076120467488713 -0.31208138744257985
v 0.48266059994045424 1.1019214719596768 -0.3225035022455243
v 0.4988817673815271 1.0999999999999999 -0.3333421398117613
v 0.5151029348226001 1.1019214719596768 -0.34418077737799824
v 0.530700731895848 1.1076120467488713 -0.3546028921809427
v 0.5450757440070915 1.1168530387697455 -0.3642079681935068
v 0.557675547502495 1.1292893218813451 -0.3726268877311164
v 0.5680159389997816 1.1444429766980397 -0.37953611643732565
v 0.5756995430526688 1.161731656763491 -0.384670136527695
v 0.5804310830664188 1.180490967798387 -0.38783165048934315
v 0.6173448850438483 1.2 -0.3299777157781985
v 0.6156502980637601 1.2195090322016129 -0.32907194016650415
v 0.610631659150805 1.238268343236509 -0.32638942178021363
v 0.6024818317839226 1.2555570233019602 -0.3220332482965385
v 0.5915140092583464 1.2707106781186548 -0.31617082501948607
v 0.5781496788429087 1.2831469612302544 -0.30902744158790874
v 0.5629024242606717 1.2923879532511287 -0.3008776142210263
v 0.546358188954472 1.298078528040323 -0.2920345362140723
v 0.5291527586090129 1.3 -0.28283804209559876
v 0.5119473282635537 1.298078528040323 -0.27364154797712514
v 0.4954030929573541 1.2923879532511287 -0.26479846997017115
v 0.4801558383751171 1.2831469612302544 -0.2566486426032888
v 0.46679150795967933 1.2707106781186548 -0.2495052591717114
v 0.4558236854341031 1.2555570233019602 -0.243642835894659
v 0.44767385806722076 1.238268343236509 -0.23928666241098384
v 0.44265521915426564 1.2195090322016129 -0.23660414402469332
v 0.4409606321741774 1.2 -0.23569836841299896
v 0.44265521915426564 1.180490967798387 -0.23660414402469332
v 0.44767385806722076 1.161731656763491 -0.23928666241098384
v 0.4558236854341031 1.1444429766980397 -0.243642835894659
v 0.46679150795967933 1.1292893218813451 -0.2495052591717114
v 0.4801558383751171 1.1168530387697455 -0.2566486426032888
v 0.49540309295735396 1.1076120467488713 -0.2647984699701711
v 0.5119473282635537 1.1019214719596768 -0.27364154797712514
v 0.5291527586090129 1.0999999999999999 -0.28283804209559876
v 0.546358188954472 1.1019214719596768 -0.2920345362140723
v 0.5629024242606717 1.1076120467488713 -0.3008776142210263
v 0.5781496788429087 1.1168530387697455 -0.30902744158790874
v 0.5915140092583464 1.1292893218813451 -0.31617082501948607
v 0.6024818317839226 1.1444429766980397 -0.3220332482965385
v 0.610631659150805 1.161731656763491 -0.32638942178021363
v 0.6156502980637601 1.180490967798387 -0.32907194016650415
v 0.6467156727579005 1.2 -0.26787840265556323
v 0.6449404641420606 1.2195090322016129 -0.2671430871708408
v 0.6396830585660993 1.238268343236509 -0.2649653984783817
v 0.6311454951779135 1.2555570233019602 -0.26142902393337514
v 0.6196558677505907 1.2707106781186548 -0.25666986442636414
v 0.6056557162227055 1.2831469612302544 -0.25087081178823567
v 0.5896830585660993 1.2923879532511287 -0.24425472035972687
v 0.5723517150569456 1.298078528040323 -0.2370758428240885
v 0.5543277195067718 1.3 -0.2296100594190542
v 0.5363037239565982 1.298078528040323 -0.22214427601401995
v 0.5189723804474445 1.2923879532511287 -0.2149653984783816
v 0.5029997227908383 1.2831469612302544 -0.20834930704987278
v 0.4889995712629531 1.2707106781186548 -0.20255025441174435
v 0.4775099438356302 1.2555570233019602 -0.19779109490473332
v 0.4689723804474445 1.238268343236509 -0.1942547203597268
v 0.46371497487148317 1.2195090322016129 -0.19207703166726764
v 0.46193976625564326 1.2 -0.1913417161825452
v 0.46371497487148317 1.180490967798387 -0.19207703166726764
v 0.4689723804474445 1.161731656763491 -0.1942547203597268
v 0.4775099438356302 1.1444429766980397 -0.19779109490473332
v 0.4889995712629531 1.1292893218813451 -0.20255025441174435
v 0.5029997227908383 1.1168530387697455 -0.20834930704987278
v 0.5189723804474444 1.1076120467488713 -0.21496539847838153
v 0.5363037239565982 1.1019214719596768 -0.22214427601401995
v 0.5543277195067718 1.0999999999999999 -0.2296100594190542
v 0.5723517150569456 1.1019214719596768 -0.2370758428240885
v 0.5896830585660993 1.1076120467488713 -0.24425472035972687
v 0.6056557162227055 1.1168530387697455 -0.25087081178823567
v 0.6196558677505907 1.1292893218813451 -0.25666986442636414
v 0.6311454951779135 1.1444429766980397 -0.26142902393337514
v 0.6396830585660993 1.161731656763491 -0.2649653984783817
v 0.6449404641420606 1.180490967798387 -0.2671430871708408
v 0.6698582350125462 1.2 -0.20319927407812374
v 0.6680195009903528 1.2195090322016129 -0.2026415002104554
v 0.662573960441072 1.238268343236509 -0.20098961354438175
v 0.653730882434118 1.2555570233019602 -0.19830709515809125
v 0.6418301014980429 1.2707106781186548 -0.19469703272879535
v 0.6273289579701853 1.2831469612302544 -0.19029815893110566
v 0.6107847226639855 1.2923879532511287 -0.18527952001815048
v 0.5928331812641471 1.298078528040323 -0.1798339794688696
v 0.5741642014393252 1.3 -0.17417080635267748
v 0.5554952216145034 1.298078528040323 -0.1685076332364854
v 0.537543680214665 1.2923879532511287 -0.1630620926872045
v 0.5209994449084653 1.2831469612302544 -0.15804345377424933
v 0.5064983013806077 1.2707106781186548 -0.15364457997655961
v 0.49459752044453253 1.2555570233019602 -0.15003451754726374
v 0.48575444243757854 1.238268343236509 -0.14735199916097322
v 0.4803089018882977 1.2195090322016129 -0.1457001124948996
v 0.4784701678661044 1.2 -0.14514233862723125
v 0.4803089018882977 1.180490967798387 -0.1457001124948996
v 0.48575444243757854 1.161731656763491 -0.14735199916097322
v 0.49459752044453253 1.1444429766980397 -0.15003451754726374
v 0.5064983013806077 1.1292893218813451 -0.15364457997655961
v 0.5209994449084653 1.1168530387697455 -0.15804345377424933
v 0.5375436802146649 1.1076120467488713 -0.16306209268720445
v 0.5554952216145034 1.1019214719596768 -0.1685076332364854
v 0.5741642014393252 1.0999999999999999 -0.17417080635267748
v 0.5928331812641471 1.1019214719596768 -0.1798339794688696
v 0.6107847226639855 1.1076120467488713 -0.18527952001815048
v 0.6273289579701853 1.1168530387697455 -0.19029815893110566
v 0.6418301014980429 1.1292893218813451 -0.19469703272879535
v 0.653730882434118 1.1444429766980397 -0.19830709515809125
v 0.662573960441072 1.161731656763491 -0.20098961354438175
v 0.6680195009903528 1.180490967798387 -0.2026415002104554
v 0.6865496962822611 1.2 -0.1365632254112901
v 0.6846651448675025 1.2195090322016129 -0.13618836482793176
v 0.6790839128772269 1.238268343236509 -0.13507818875985098
v 0.6700204839268299 1.2555570233019602 -0.13327536065075016
v 0.6578231605080455 1.2707106781186548 -0.13084916217382442
v 0.64296067891952 1.2831469612302544 -0.1278928307759142
v 0.6260041959937247 1.2923879532511287 -0.12451997661471151
v 0.6076053398601926 1.298078528040323 -0.1208602165841129
v 0.5884711682419381 1.3 -0.11705419320967722
v 0.5693369966236836 1.298078528040323 -0.11324816983524155
v 0.5509381404901517 1.2923879532511287 -0.10958840980464295
v 0.5339816575643563 1.2831469612302544 -0.10621555564344025
v 0.5191191759758308 1.2707106781186548 -0.10325922424553005
v 0.5069218525570465 1.2555570233019602 -0.1008330257686043
v 0.4978584236066494 1.238268343236509 -0.09903019765950348
v 0.49227719161637384 1.2195090322016129 -0.0979200215914227
v 0.49039264020161516 1.2 -0.09754516100806436
v 0.49227719161637384 1.180490967798387 -0.0979200215914227
v 0.4978584236066494 1.161731656763491 -0.09903019765950348
v 0.5069218525570465 1.1444429766980397 -0.1008330257686043
v 0.5191191759758308 1.1292893218813451 -0.10325922424553005
v 0.5339816575643563 1.1168530387697455 -0.10621555564344025
v 0.5509381404901516 1.1076120467488713 -0.10958840980464293
v 0.5693369966236836 1.1019214719596768 -0.11324816983524155
v 0.5884711682419381 1.0999999999999999 -0.11705419320967722
v 0.6076053398601926 1.1019214719596768 -0.1208602165841129
v 0.6260041959937247 1.1076120467488713 -0.12451997661471151
v 0.64296067891952 1.1168530387697455 -0.1278928307759142
v 0.6578231605080455 1.1292893218813451 -0.13084916217382442
v 0.6700204839268299 1.1444429766980397 -0.13327536065075016
v 0.6790839128772269 1.161731656763491 -0.13507818875985098
v 0.6846651448675025 1.180490967798387 -0.13618836482793176
v 0.6966293086705379 1.2 -0.06861199823069235
v 0.6947170891235384 1.2195090322016129 -0.06842366104398138
v 0.6890539160073463 1.238268343236509 -0.06786588717631306
v 0.6798574218888728 1.2555570233019602 -0.06696011156461869
v 0.6674810228796373 1.2707106781186548 -0.06574114265769086
v 0.6524003370528003 1.2831469612302544 -0.0642558247470172
v 0.6351949067073411 1.2923879532511287 -0.06256123776692898
v 0.6165259268825193 1.298078528040323 -0.0607225037447357
v 0.5971108360033182 1.3 -0.058810284197736304
v 0.577695745124117 1.298078528040323 -0.0568980646507369
v 0.5590267652992952 1.2923879532511287 -0.05505933062854362
v 0.541821334953836 1.2831469612302544 -0.05336474364845541
v 0.526740649126999 1.2707106781186548 -0.05187942573778174
v 0.5143642501177635 1.2555570233019602 -0.05066045683085391
v 0.5051677559992899 1.238268343236509 -0.04975468121915955
v 0.49950458288309785 1.2195090322016129 -0.04919690735149122
v 0.49759236333609846 1.2 -0.04900857016478025
v 0.49950458288309785 1.180490967798387 -0.04919690735149122
v 0.5051677559992899 1.161731656763491 -0.04975468121915955
v 0.5143642501177635 1.1444429766980397 -0.05066045683085391
v 0.526740649126999 1.1292893218813451 -0.05187942573778174
v 0.541821334953836 1.1168530387697455 -0.05336474364845541
v 0.5590267652992951 1.1076120467488713 -0.0550593306285436
v 0.577695745124117 1.1019214719596768 -0.0568980646507369
v 0.5971108360033182 1.0999999999999999 -0.058810284197736304
v 0.6165259268825193 1.1019214719596768 -0.0607225037447357
v 0.6351949067073411 1.1076120467488713 -0.06256123776692898
v 0.6524003370528003 1.1168530387697455 -0.0642558247470172
v 0.6674810228796373 1.1292893218813451 -0.06574114265769086
v 0.6798574218888728 1.1444429766980397 -0.06696011156461869
v 0.6890539160073463 1.161731656763491 -0.06786588717631306
v 0.6947170891235384 1.180490967798387 -0.06842366104398138
v 0.6 1.3 0.0
v 0.59 1.4 0.0
v 0.58 1.5 0.0
v 0.57 1.6 0.0
v 0.56 1.7 0.0
v 0.55 1.8 0.0
v 0.54 1.9 0.0
v 0.53 2.0 0.0
v 0.52 2.1 0.0
v 0.51 2.2 0.0
v 0.5 2.3 0.0
v 0.51 2.4 0.0
v 0.52 2.5 0.0
v 0.53 2.6 0.0
v 0.54 2.7 0.0
v 0.5971108360033182 1.3 0.05881028419773636
v 0.5871589887365961 1.4 0.05783011279444075
v 0.5772071414698742 1.5 0.056849941391145145
v 0.5672552942031522 1.6 0.05586976998784954
v 0.5573034469364303 1.7 0.054889598584553945
v 0.5473515996697084 1.8 0.05390942718125834
v 0.5373997524029864 1.9 0.05292925577796273
v 0.5274479051362644 2.0 0.05194908437466712
v 0.5174960578695424 2.1 0.050968912971371516
v 0.5075442106028204 2.2 0.04998874156807591
v 0.49759236333609846 2.3 0.0490085701647803
v 0.5075442106028204 2.4 0.04998874156807591
v 0.5174960578695424 2.5 0.050968912971371516
v 0.5274479051362644 2.6 0.05194908437466712
v 0.5373997524029864 2.7 0.05292925577796273
v 0.5884711682419382 1.3 0.11705419320967694
v 0.578663315437906 1.4 0.11510328998951566
v 0.5688554626338737 1.5 0.11315238676935438
v 0.5590476098298413 1.6 0.1112014835491931
v 0.5492397570258091 1.7 0.10925058032903183
v 0.5394319042217768 1.8 0.10729967710887055
v 0.5296240514177445 1.9 0.10534877388870927
v 0.5198161986137122 2.0 0.10339787066854797
v 0.5100083458096798 2.1 0.10144696744838669
v 0.5002004930056475 2.2 0.0994960642282254
v 0.4903926402016152 2.3 0.09754516100806412
v 0.5002004930056475 2.4 0.0994960642282254
v 0.5100083458096798 2.5 0.10144696744838669
v 0.5198161986137122 2.6 0.10339787066854797
v 0.5296240514177445 2.7 0.10534877388870927
v 0.5741642014393252 1.3 0.1741708063526774
v 0.5645947980820032 1.4 0.17126795958013277
v 0.555025394724681 1.5 0.16836511280758815
v 0.545455991367359 1.6 0.16546226603504352
v 0.535886588010037 1.7 0.16255941926249892
v 0.5263171846527149 1.8 0.1596565724899543
v 0.5167477812953928 1.9 0.15675372571740967
v 0.5071783779380707 2.0 0.15385087894486504
v 0.4976089745807486 2.1 0.15094803217232042
v 0.4880395712234265 2.2 0.1480451853997758
v 0.4784701678661044 2.3 0.14514233862723117
v 0.4880395712234265 2.4 0.1480451853997758
v 0.4976089745807486 2.5 0.15094803217232042
v 0.5071783779380707 2.6 0.15385087894486504
v 0.5167477812953928 2.7 0.15675372571740967
v 0.5543277195067721 1.3 0.22961005941905385
v 0.5450889241816591 1.4 0.22578322509540297
v 0.5358501288565463 1.5 0.22195639077175205
v 0.5266113335314334 1.6 0.21812955644810117
v 0.5173725382063207 1.7 0.21430272212445028
v 0.5081337428812077 1.8 0.2104758878007994
v 0.49889494755609487 1.9 0.2066490534771485
v 0.489656152230982 2.0 0.2028222191534976
v 0.4804173569058691 2.1 0.1989953848298467
v 0.47117856158075627 2.2 0.1951685505061958
v 0.46193976625564337 2.3 0.1913417161825449
v 0.47117856158075627 2.4 0.1951685505061958
v 0.4804173569058691 2.5 0.1989953848298467
v 0.489656152230982 2.6 0.2028222191534976
v 0.49889494755609487 2.7 0.2066490534771485
v 0.529152758609013 1.3 0.2828380420955986
v 0.5203335459655295 1.4 0.2781240747273386
v 0.5115143333220459 1.5 0.2734101073590786
v 0.5026951206785624 1.6 0.26869613999081865
v 0.49387590803507886 1.7 0.2639821726225587
v 0.4850566953915953 1.8 0.2592682052542987
v 0.4762374827481118 1.9 0.25455423788603876
v 0.4674182701046282 2.0 0.24984027051777877
v 0.45859905746114465 2.1 0.24512630314951878
v 0.4497798448176611 2.2 0.2404123357812588
v 0.4409606321741775 2.3 0.23569836841299882
v 0.4497798448176611 2.4 0.2404123357812588
v 0.45859905746114465 2.5 0.24512630314951878
v 0.4674182701046282 2.6 0.24984027051777877
v 0.4762374827481118 2.7 0.25455423788603876
v 0.4988817673815271 1.3 0.3333421398117613
v 0.4905670712585017 1.4 0.3277864374815653
v 0.4822523751354762 1.5 0.32223073515136924
v 0.47393767901245076 1.6 0.3166750328211732
v 0.4656229828894254 1.7 0.31111933049097723
v 0.4573082867663999 1.8 0.3055636281607812
v 0.44899359064337446 1.9 0.3000079258305852
v 0.440678894520349 2.0 0.2944522235003892
v 0.43236419839732354 2.1 0.28889652117019315
v 0.42404950227429805 2.2 0.2833408188399971
v 0.4157348061512726 2.3 0.2777851165098011
v 0.42404950227429805 2.4 0.2833408188399971
v 0.43236419839732354 2.5 0.28889652117019315
v 0.440678894520349 2.6 0.2944522235003892
v 0.44899359064337446 2.7 0.3000079258305852
v 0.4638062720176422 1.3 0.38063597049818726
v 0.4560761674840148 1.4 0.37429203765655084
v 0.4483460629503874 1.5 0.36794810481491436
v 0.44061595841676005 1.6 0.3616041719732779
v 0.4328858538831328 1.7 0.3552602391316415
v 0.4251557493495054 1.8 0.34891630629000503
v 0.417425644815878 1.9 0.3425723734483686
v 0.40969554028225064 2.0 0.3362284406067321
v 0.40196543574862326 2.1 0.32988450776509565
v 0.3942353312149959 2.2 0.3235405749234592
v 0.3865052266813685 2.3 0.31719664208182274
v 0.3942353312149959 2.4 0.3235405749234592
v 0.40196543574862326 2.5 0.32988450776509565
v 0.40969554028225064 2.6 0.3362284406067321
v 0.417425644815878 2.7 0.3425723734483686
v 0.4242640687119285 1.3 0.4242640687119285
v 0.41719300090006306 1.4 0.41719300090006306
v 0.41012193308819755 1.5 0.41012193308819755
v 0.4030508652763321 1.6 0.4030508652763321
v 0.39597979746446665 1.7 0.39597979746446665
v 0.3889087296526012 1.8 0.3889087296526012
v 0.3818376618407357 1.9 0.3818376618407357
v 0.37476659402887025 2.0 0.37476659402887025
v 0.36769552621700474 2.1 0.36769552621700474
v 0.3606244584051393 2.2 0.3606244584051393
v 0.3535533905932738 2.3 0.3535533905932738
v 0.3606244584051393 2.4 0.3606244584051393
v 0.36769552621700474 2.5 0.36769552621700474
v 0.37476659402887025 2.6 0.37476659402887025
v 0.3818376618407357 2.7 0.3818376618407357
v 0.38063597049818726 1.3 0.46380627201764213
v 0.37429203765655084 1.4 0.45607616748401475
v 0.36794810481491436 1.5 0.44834606295038737
v 0.3616041719732779 1.6 0.44061595841676
v 0.3552602391316415 1.7 0.4328858538831327
v 0.34891630629000503 1.8 0.42515574934950534
v 0.3425723734483686 1.9 0.41742564481587796
v 0.3362284406067321 2.0 0.4096955402822506
v 0.32988450776509565 2.1 0.4019654357486232
v 0.3235405749234592 2.2 0.3942353312149958
v 0.31719664208182274 2.3 0.38650522668136844
v 0.3235405749234592 2.4 0.3942353312149958
v 0.32988450776509565 2.5 0.4019654357486232
v 0.3362284406067321 2.6 0.4096955402822506
v 0.3425723734483686 2.7 0.41742564481587796
v 0.33334213981176136 1.3 0.4988817673815271
v 0.32778643748156533 1.4 0.4905670712585017
v 0.3222307351513693 1.5 0.4822523751354762
v 0.31667503282117326 1.6 0.47393767901245076
v 0.3111193304909773 1.7 0.4656229828894254
v 0.3055636281607813 1.8 0.4573082867663999
v 0.3000079258305853 1.9 0.44899359064337446
v 0.29445222350038924 2.0 0.440678894520349
v 0.2888965211701932 2.1 0.43236419839732354
v 0.2833408188399972 2.2 0.42404950227429805
v 0.27778511650980114 2.3 0.4157348061512726
v 0.2833408188399972 2.4 0.42404950227429805
v 0.2888965211701932 2.5 0.43236419839732354
v 0.29445222350038924 2.6 0.440678894520349
v 0.3000079258305853 2.7 0.44899359064337446
v 0.28283804209559865 1.3 0.5291527586090129
v 0.2781240747273387 1.4 0.5203335459655294
v 0.2734101073590787 1.5 0.5115143333220459
v 0.2686961399908187 1.6 0.5026951206785623
v 0.2639821726225588 1.7 0.4938759080350788
v 0.25926820525429883 1.8 0.48505669539159524
v 0.2545542378860388 1.9 0.4762374827481117
v 0.24984027051777885 2.0 0.46741827010462816
v 0.24512630314951886 2.1 0.4585990574611446
v 0.2404123357812589 2.2 0.44977984481766103
v 0.2356983684129989 2.3 0.44096063217417747
v 0.2404123357812589 2.4 0.44977984481766103
v 0.24512630314951886 2.5 0.4585990574611446
v 0.24984027051777885 2.6 0.46741827010462816
v 0.2545542378860388 2.7 0.4762374827481117
v 0.22961005941905388 1.3 0.5543277195067721
v 0.225783225095403 1.4 0.5450889241816591
v 0.22195639077175208 1.5 0.5358501288565463
v 0.2181295564481012 1.6 0.5266113335314334
v 0.21430272212445034 1.7 0.5173725382063207
v 0.21047588780079943 1.8 0.5081337428812077
v 0.20664905347714851 1.9 0.49889494755609487
v 0.20282221915349763 2.0 0.489656152230982
v 0.19899538482984672 2.1 0.4804173569058691
v 0.19516855050619583 2.2 0.47117856158075627
v 0.19134171618254492 2.3 0.46193976625564337
v 0.19516855050619583 2.4 0.47117856158075627
v 0.19899538482984672 2.5 0.4804173569058691
v 0.20282221915349763 2.6 0.489656152230982
v 0.20664905347714851 2.7 0.49889494755609487
v 0.1741708063526774 1.3 0.5741642014393253
v 0.17126795958013277 1.4 0.5645947980820032
v 0.16836511280758815 1.5 0.5550253947246812
v 0.16546226603504352 1.6 0.545455991367359
v 0.16255941926249892 1.7 0.5358865880100371
v 0.1596565724899543 1.8 0.5263171846527149
v 0.15675372571740967 1.9 0.5167477812953929
v 0.15385087894486504 2.0 0.5071783779380707
v 0.15094803217232042 2.1 0.49760897458074865
v 0.1480451853997758 2.2 0.48803957122342656
v 0.14514233862723117 2.3 0.47847016786610447
v 0.1480451853997758 2.4 0.48803957122342656
v 0.15094803217232042 2.5 0.49760897458074865
v 0.15385087894486504 2.6 0.5071783779380707
v 0.15675372571740967 2.7 0.5167477812953929
v 0.117054193209677 1.3 0.5884711682419382
v 0.1151032899895157 1.4 0.578663315437906
v 0.11315238676935442 1.5 0.5688554626338737
v 0.11120148354919314 1.6 0.5590476098298413
v 0.10925058032903187 1.7 0.5492397570258091
v 0.10729967710887059 1.8 0.5394319042217768
v 0.10534877388870931 1.9 0.5296240514177445
v 0.10339787066854803 2.0 0.5198161986137122
v 0.10144696744838673 2.1 0.5100083458096798
v 0.09949606422822545 2.2 0.5002004930056475
v 0.09754516100806417 2.3 0.4903926402016152
v 0.09949606422822545 2.4 0.5002004930056475
v 0.10144696744838673 2.5 0.5100083458096798
v 0.10339787066854803 2.6 0.5198161986137122
v 0.10534877388870931 2.7 0.5296240514177445
v 0.05881028419773646 1.3 0.597110836003318
v 0.05783011279444085 1.4 0.5871589887365961
v 0.05684994139114524 1.5 0.5772071414698741
v 0.055869769987849635 1.6 0.5672552942031521
v 0.054889598584554035 1.7 0.5573034469364303
v 0.05390942718125843 1.8 0.5473515996697083
v 0.05292925577796282 1.9 0.5373997524029863
v 0.05194908437466721 2.0 0.5274479051362644
v 0.0509689129713716 2.1 0.5174960578695423
v 0.04998874156807599 2.2 0.5075442106028204
v 0.049008570164780385 2.3 0.4975923633360984
v 0.04998874156807599 2.4 0.5075442106028204
v 0.0509689129713716 2.5 0.5174960578695423
v 0.05194908437466721 2.6 0.5274479051362644
v 0.05292925577796282 2.7 0.5373997524029863
v 3.6739403974420595e-17 1.3 0.6
v 3.612708057484692e-17 1.4 0.59
v 3.551475717527324e-17 1.5 0.58
v 3.490243377569956e-17 1.6 0.57
v 3.4290110376125894e-17 1.7 0.56
v 3.367778697655222e-17 1.8 0.55
v 3.306546357697854e-17 1.9 0.54
v 3.245314017740486e-17 2.0 0.53
v 3.1840816777831187e-17 2.1 0.52
v 3.1228493378257505e-17 2.2 0.51
v 3.061616997868383e-17 2.3 0.5
v 3.1228493378257505e-17 2.4 0.51
v 3.1840816777831187e-17 2.5 0.52
v 3.245314017740486e-17 2.6 0.53
v 3.306546357697854e-17 2.7 0.54
v -0.05881028419773639 1.3 0.5971108360033182
v -0.05783011279444078 1.4 0.5871589887365961
v -0.05684994139114517 1.5 0.5772071414698742
v -0.055869769987849566 1.6 0.5672552942031522
v -0.054889598584553966 1.7 0.5573034469364303
v -0.05390942718125836 1.8 0.5473515996697084
v -0.05292925577796275 1.9 0.5373997524029864
v -0.051949084374667144 2.0 0.5274479051362644
v -0.05096891297137154 2.1 0.5174960578695424
v -0.04998874156807593 2.2 0.5075442106028204
v -0.04900857016478032 2.3 0.49759236333609846
v -0.04998874156807593 2.4 0.5075442106028204
v -0.05096891297137154 2.5 0.5174960578695424
v -0.051949084374667144 2.6 0.5274479051362644
v -0.05292925577796275 2.7 0.5373997524029864
v -0.11705419320967692 1.3 0.5884711682419382
v -0.11510328998951563 1.4 0.578663315437906
v -0.11315238676935434 1.5 0.5688554626338737
v -0.11120148354919306 1.6 0.5590476098298413
v -0.1092505803290318 1.7 0.5492397570258091
v -0.10729967710887052 1.8 0.5394319042217768
v -0.10534877388870922 1.9 0.5296240514177445
v -0.10339787066854794 2.0 0.5198161986137122
v -0.10144696744838666 2.1 0.5100083458096798
v -0.09949606422822538 2.2 0.5002004930056475
v -0.0975451610080641 2.3 0.4903926402016152
v -0.09949606422822538 2.4 0.5002004930056475
v -0.10144696744838666 2.5 0.5100083458096798
v -0.10339787066854794 2.6 0.5198161986137122
v -0.10534877388870922 2.7 0.5296240514177445
v -0.1741708063526773 1.3 0.5741642014393253
v -0.17126795958013266 1.4 0.5645947980820032
v -0.16836511280758804 1.5 0.5550253947246812
v -0.1654622660350434 1.6 0.545455991367359
v -0.16255941926249884 1.7 0.5358865880100371
v -0.1596565724899542 1.8 0.5263171846527149
v -0.1567537257174096 1.9 0.5167477812953929
v -0.15385087894486496 2.0 0.5071783779380707
v -0.15094803217232033 2.1 0.49760897458074865
v -0.1480451853997757 2.2 0.48803957122342656
v -0.14514233862723108 2.3 0.47847016786610447
v -0.1480451853997757 2.4 0.48803957122342656
v -0.15094803217232033 2.5 0.49760897458074865
v -0.15385087894486496 2.6 0.5071783779380707
v -0.1567537257174096 2.7 0.5167477812953929
v -0.22961005941905382 1.3 0.5543277195067721
v -0.22578322509540294 1.4 0.5450889241816591
v -0.22195639077175203 1.5 0.5358501288565463
v -0.21812955644810111 1.6 0.5266113335314334
v -0.21430272212445026 1.7 0.5173725382063207
v -0.21047588780079937 1.8 0.5081337428812077
v -0.20664905347714846 1.9 0.49889494755609487
v -0.20282221915349757 2.0 0.489656152230982
v -0.19899538482984666 2.1 0.4804173569058691
v -0.19516855050619578 2.2 0.47117856158075627
v -0.19134171618254486 2.3 0.46193976625564337
v -0.19516855050619578 2.4 0.47117856158075627
v -0.19899538482984666 2.5 0.4804173569058691
v -0.20282221915349757 2.6 0.489656152230982
v -0.20664905347714846 2.7 0.49889494755609487
v -0.2828380420955986 1.3 0.529152758609013
v -0.27812407472733863 1.4 0.5203335459655295
v -0.27341010735907867 1.5 0.5115143333220459
v -0.26869613999081865 1.6 0.5026951206785624
v -0.26398217262255874 1.7 0.49387590803507886
v -0.2592682052542988 1.8 0.4850566953915953
v -0.25455423788603876 1.9 0.4762374827481118
v -0.2498402705177788 2.0 0.4674182701046282
v -0.2451263031495188 2.1 0.45859905746114465
v -0.24041233578125884 2.2 0.4497798448176611
v -0.23569836841299885 2.3 0.4409606321741775
v -0.24041233578125884 2.4 0.4497798448176611
v -0.2451263031495188 2.5 0.45859905746114465
v -0.2498402705177788 2.6 0.4674182701046282
v -0.25455423788603876 2.7 0.4762374827481118
v -0.33334213981176114 1.3 0.4988817673815272
v -0.32778643748156516 1.4 0.49056707125850174
v -0.32223073515136913 1.5 0.48225237513547625
v -0.3166750328211731 1.6 0.4739376790124508
v -0.3111193304909771 1.7 0.46562298288942544
v -0.3055636281607811 1.8 0.45730828676639995
v -0.30000792583058505 1.9 0.4489935906433745
v -0.2944522235003891 2.0 0.44067889452034903
v -0.28889652117019304 2.1 0.4323641983973236
v -0.283340818839997 2.2 0.4240495022742981
v -0.277785116509801 2.3 0.4157348061512727
v -0.283340818839997 2.4 0.4240495022742981
v -0.28889652117019304 2.5 0.4323641983973236
v -0.2944522235003891 2.6 0.44067889452034903
v -0.30000792583058505 2.7 0.4489935906433745
v -0.3806359704981872 1.3 0.46380627201764224
v -0.3742920376565508 1.4 0.45607616748401486
v -0.3679481048149143 1.5 0.4483460629503875
v -0.3616041719732778 1.6 0.4406159584167601
v -0.35526023913164145 1.7 0.43288585388313283
v -0.348916306290005 1.8 0.42515574934950545
v -0.34257237344836855 1.9 0.41742564481587807
v -0.33622844060673207 2.0 0.4096955402822507
v -0.3298845077650956 2.1 0.4019654357486233
v -0.32354057492345917 2.2 0.39423533121499593
v -0.3171966420818227 2.3 0.38650522668136855
v -0.32354057492345917 2.4 0.39423533121499593
v -0.3298845077650956 2.5 0.4019654357486233
v -0.33622844060673207 2.6 0.4096955402822507
v -0.34257237344836855 2.7 0.41742564481587807
v -0.42426406871192845 1.3 0.4242640687119285
v -0.417193000900063 1.4 0.41719300090006306
v -0.4101219330881975 1.5 0.41012193308819755
v -0.403050865276332 1.6 0.4030508652763321
v -0.3959797974644666 1.7 0.39597979746446665
v -0.38890872965260115 1.8 0.3889087296526012
v -0.38183766184073564 1.9 0.3818376618407357
v -0.3747665940288702 2.0 0.37476659402887025
v -0.3676955262170047 2.1 0.36769552621700474
v -0.36062445840513924 2.2 0.3606244584051393
v -0.35355339059327373 2.3 0.3535533905932738
v -0.36062445840513924 2.4 0.3606244584051393
v -0.3676955262170047 2.5 0.36769552621700474
v -0.3747665940288702 2.6 0.37476659402887025
v -0.38183766184073564 2.7 0.3818376618407357
v -0.4638062720176422 1.3 0.38063597049818726
v -0.4560761674840148 1.4 0.37429203765655084
v -0.4483460629503874 1.5 0.36794810481491436
v -0.44061595841676005 1.6 0.3616041719732779
v -0.4328858538831328 1.7 0.3552602391316415
v -0.4251557493495054 1.8 0.34891630629000503
v -0.417425644815878 1.9 0.3425723734483686
v -0.40969554028225064 2.0 0.3362284406067321
v -0.40196543574862326 2.1 0.32988450776509565
v -0.3942353312149959 2.2 0.3235405749234592
v -0.3865052266813685 2.3 0.31719664208182274
v -0.3942353312149959 2.4 0.3235405749234592
v -0.40196543574862326 2.5 0.32988450776509565
v -0.40969554028225064 2.6 0.3362284406067321
v -0.417425644815878 2.7 0.3425723734483686
v -0.4988817673815272 1.3 0.3333421398117613
v -0.49056707125850174 1.4 0.3277864374815653
v -0.48225237513547625 1.5 0.32223073515136924
v -0.4739376790124508 1.6 0.3166750328211732
v -0.46562298288942544 1.7 0.31111933049097723
v -0.45730828676639995 1.8 0.3055636281607812
v -0.4489935906433745 1.9 0.3000079258305852
v -0.44067889452034903 2.0 0.2944522235003892
v -0.4323641983973236 2.1 0.28889652117019315
v -0.4240495022742981 2.2 0.2833408188399971
v -0.4157348061512727 2.3 0.2777851165098011
v -0.4240495022742981 2.4 0.2833408188399971
v -0.4323641983973236 2.5 0.28889652117019315
v -0.44067889452034903 2.6 0.2944522235003892
v -0.4489935906433745 2.7 0.3000079258305852
v -0.5291527586090129 1.3 0.28283804209559865
v -0.5203335459655294 1.4 0.2781240747273387
v -0.5115143333220459 1.5 0.2734101073590787
v -0.5026951206785623 1.6 0.2686961399908187
v -0.4938759080350788 1.7 0.2639821726225588
v -0.48505669539159524 1.8 0.25926820525429883
v -0.4762374827481117 1.9 0.2545542378860388
v -0.46741827010462816 2.0 0.24984027051777885
v -0.4585990574611446 2.1 0.24512630314951886
v -0.44977984481766103 2.2 0.2404123357812589
v -0.44096063217417747 2.3 0.2356983684129989
v -0.44977984481766103 2.4 0.2404123357812589
v -0.4585990574611446 2.5 0.24512630314951886
v -0.46741827010462816 2.6 0.24984027051777885
v -0.4762374827481117 2.7 0.2545542378860388
v -0.5543277195067721 1.3 0.22961005941905394
v -0.5450889241816591 1.4 0.22578322509540302
v -0.5358501288565463 1.5 0.2219563907717521
v -0.5266113335314334 1.6 0.21812955644810123
v -0.5173725382063207 1.7 0.21430272212445037
v -0.5081337428812077 1.8 0.21047588780079945
v -0.49889494755609487 1.9 0.20664905347714854
v -0.489656152230982 2.0 0.20282221915349766
v -0.4804173569058691 2.1 0.19899538482984674
v -0.47117856158075627 2.2 0.19516855050619586
v -0.46193976625564337 2.3 0.19134171618254495
v -0.47117856158075627 2.4 0.19516855050619586
v -0.4804173569058691 2.5 0.19899538482984674
v -0.489656152230982 2.6 0.20282221915349766
v -0.49889494755609487 2.7 0.20664905347714854
v -0.5741642014393252 1.3 0.17417080635267743
v -0.5645947980820032 1.4 0.1712679595801328
v -0.555025394724681 1.5 0.16836511280758817
v -0.545455991367359 1.6 0.16546226603504355
v -0.535886588010037 1.7 0.16255941926249895
v -0.5263171846527149 1.8 0.15965657248995432
v -0.5167477812953928 1.9 0.1567537257174097
v -0.5071783779380707 2.0 0.15385087894486507
v -0.4976089745807486 2.1 0.15094803217232045
v -0.4880395712234265 2.2 0.14804518539977582
v -0.4784701678661044 2.3 0.1451423386272312
v -0.4880395712234265 2.4 0.14804518539977582
v -0.4976089745807486 2.5 0.15094803217232045
v -0.5071783779380707 2.6 0.15385087894486507
v -0.5167477812953928 2.7 0.1567537257174097
v -0.5884711682419382 1.3 0.11705419320967717
v -0.578663315437906 1.4 0.11510328998951587
v -0.5688554626338737 1.5 0.11315238676935459
v -0.5590476098298413 1.6 0.11120148354919329
v -0.5492397570258091 1.7 0.10925058032903204
v -0.5394319042217768 1.8 0.10729967710887074
v -0.5296240514177445 1.9 0.10534877388870946
v -0.5198161986137122 2.0 0.10339787066854816
v -0.5100083458096798 2.1 0.10144696744838688
v -0.5002004930056475 2.2 0.09949606422822559
v -0.4903926402016152 2.3 0.0975451610080643
v -0.5002004930056475 2.4 0.09949606422822559
v -0.5100083458096798 2.5 0.10144696744838688
v -0.5198161986137122 2.6 0.10339787066854816
v -0.5296240514177445 2.7 0.10534877388870946
v -0.597110836003318 1.3 0.05881028419773649
v -0.5871589887365961 1.4 0.057830112794440884
v -0.5772071414698741 1.5 0.05684994139114528
v -0.5672552942031521 1.6 0.05586976998784966
v -0.5573034469364303 1.7 0.05488959858455407
v -0.5473515996697083 1.8 0.053909427181258456
v -0.5373997524029863 1.9 0.05292925577796285
v -0.5274479051362644 2.0 0.05194908437466724
v -0.5174960578695423 2.1 0.050968912971371634
v -0.5075442106028204 2.2 0.04998874156807602
v -0.4975923633360984 2.3 0.04900857016478041
v -0.5075442106028204 2.4 0.04998874156807602
v -0.5174960578695423 2.5 0.050968912971371634
v -0.5274479051362644 2.6 0.05194908437466724
v -0.5373997524029863 2.7 0.05292925577796285
v -0.6 1.3 7.347880794884119e-17
v -0.59 1.4 7.225416114969384e-17
v -0.58 1.5 7.102951435054648e-17
v -0.57 1.6 6.980486755139913e-17
v -0.56 1.7 6.858022075225179e-17
v -0.55 1.8 6.735557395310444e-17
v -0.54 1.9 6.613092715395707e-17
v -0.53 2.0 6.490628035480972e-17
v -0.52 2.1 6.368163355566237e-17
v -0.51 2.2 6.245698675651501e-17
v -0.5 2.3 6.123233995736766e-17
v -0.51 2.4 6.245698675651501e-17
v -0.52 2.5 6.368163355566237e-17
v -0.53 2.6 6.490628035480972e-17
v -0.54 2.7 6.613092715395707e-17
v -0.5971108360033182 1.3 -0.05881028419773635
v -0.5871589887365961 1.4 -0.057830112794440745
v -0.5772071414698742 1.5 -0.05684994139114514
v -0.5672552942031522 1.6 -0.05586976998784953
v -0.5573034469364303 1.7 -0.05488959858455394
v -0.5473515996697084 1.8 -0.05390942718125833
v -0.5373997524029864 1.9 -0.05292925577796272
v -0.5274479051362644 2.0 -0.051949084374667116
v -0.5174960578695424 2.1 -0.05096891297137151
v -0.5075442106028204 2.2 -0.0499887415680759
v -0.49759236333609846 2.3 -0.049008570164780295
v -0.5075442106028204 2.4 -0.0499887415680759
v -0.5174960578695424 2.5 -0.05096891297137151
v -0.5274479051362644 2.6 -0.051949084374667116
v -0.5373997524029864 2.7 -0.05292925577796272
v -0.5884711682419382 1.3 -0.11705419320967701
v -0.578663315437906 1.4 -0.11510328998951573
v -0.5688554626338737 1.5 -0.11315238676935443
v -0.5590476098298413 1.6 -0.11120148354919315
v -0.5492397570258091 1.7 -0.10925058032903188
v -0.5394319042217768 1.8 -0.1072996771088706
v -0.5296240514177445 1.9 -0.10534877388870932
v -0.5198161986137122 2.0 -0.10339787066854804
v -0.5100083458096798 2.1 -0.10144696744838674
v -0.5002004930056475 2.2 -0.09949606422822546
v -0.4903926402016152 2.3 -0.09754516100806418
v -0.5002004930056475 2.4 -0.09949606422822546
v -0.5100083458096798 2.5 -0.10144696744838674
v -0.5198161986137122 2.6 -0.10339787066854804
v -0.5296240514177445 2.7 -0.10534877388870932
v -0.5741642014393253 1.3 -0.17417080635267726
v -0.5645947980820032 1.4 -0.17126795958013263
v -0.5550253947246812 1.5 -0.168365112807588
v -0.545455991367359 1.6 -0.16546226603504338
v -0.5358865880100371 1.7 -0.16255941926249878
v -0.5263171846527149 1.8 -0.15965657248995418
v -0.5167477812953929 1.9 -0.15675372571740956
v -0.5071783779380707 2.0 -0.15385087894486493
v -0.49760897458074865 2.1 -0.1509480321723203
v -0.48803957122342656 2.2 -0.14804518539977568
v -0.47847016786610447 2.3 -0.14514233862723105
v -0.48803957122342656 2.4 -0.14804518539977568
v -0.49760897458074865 2.5 -0.1509480321723203
v -0.5071783779380707 2.6 -0.15385087894486493
v -0.5167477812953929 2.7 -0.15675372571740956
v -0.5543277195067721 1.3 -0.2296100594190538
v -0.5450889241816592 1.4 -0.22578322509540288
v -0.5358501288565464 1.5 -0.221956390771752
v -0.5266113335314334 1.6 -0.2181295564481011
v -0.5173725382063207 1.7 -0.21430272212445023
v -0.5081337428812078 1.8 -0.21047588780079934
v -0.4988949475560949 1.9 -0.20664905347714843
v -0.4896561522309821 2.0 -0.20282221915349755
v -0.4804173569058692 2.1 -0.19899538482984663
v -0.4711785615807563 2.2 -0.19516855050619575
v -0.4619397662556434 2.3 -0.19134171618254484
v -0.4711785615807563 2.4 -0.19516855050619575
v -0.4804173569058692 2.5 -0.19899538482984663
v -0.4896561522309821 2.6 -0.20282221915349755
v -0.4988949475560949 2.7 -0.20664905347714843
v -0.529152758609013 1.3 -0.2828380420955986
v -0.5203335459655295 1.4 -0.2781240747273386
v -0.5115143333220459 1.5 -0.2734101073590786
v -0.5026951206785624 1.6 -0.26869613999081865
v -0.49387590803507886 1.7 -0.2639821726225587
v -0.4850566953915953 1.8 -0.2592682052542987
v -0.4762374827481118 1.9 -0.25455423788603876
v -0.4674182701046282 2.0 -0.24984027051777877
v -0.45859905746114465 2.1 -0.24512630314951878
v -0.4497798448176611 2.2 -0.2404123357812588
v -0.4409606321741775 2.3 -0.23569836841299882
v -0.4497798448176611 2.4 -0.2404123357812588
v -0.45859905746114465 2.5 -0.24512630314951878
v -0.4674182701046282 2.6 -0.24984027051777877
v -0.4762374827481118 2.7 -0.25455423788603876
v -0.49888176738152723 1.3 -0.33334213981176114
v -0.4905670712585018 1.4 -0.32778643748156516
v -0.4822523751354763 1.5 -0.32223073515136913
v -0.4739376790124509 1.6 -0.3166750328211731
v -0.4656229828894255 1.7 -0.3111193304909771
v -0.45730828676640006 1.8 -0.3055636281607811
v -0.4489935906433746 1.9 -0.30000792583058505
v -0.44067889452034914 2.0 -0.2944522235003891
v -0.43236419839732365 2.1 -0.28889652117019304
v -0.4240495022742982 2.2 -0.283340818839997
v -0.41573480615127273 2.3 -0.277785116509801
v -0.4240495022742982 2.4 -0.283340818839997
v -0.43236419839732365 2.5 -0.28889652117019304
v -0.44067889452034914 2.6 -0.2944522235003891
v -0.4489935906433746 2.7 -0.30000792583058505
v -0.46380627201764224 1.3 -0.38063597049818715
v -0.45607616748401486 1.4 -0.37429203765655067
v -0.4483460629503875 1.5 -0.36794810481491425
v -0.4406159584167601 1.6 -0.36160417197327777
v -0.43288585388313283 1.7 -0.3552602391316414
v -0.42515574934950545 1.8 -0.3489163062900049
v -0.41742564481587807 1.9 -0.34257237344836844
v -0.4096955402822507 2.0 -0.336228440606732
v -0.4019654357486233 2.1 -0.32988450776509554
v -0.39423533121499593 2.2 -0.3235405749234591
v -0.38650522668136855 2.3 -0.31719664208182263
v -0.39423533121499593 2.4 -0.3235405749234591
v -0.4019654357486233 2.5 -0.32988450776509554
v -0.4096955402822507 2.6 -0.336228440606732
v -0.41742564481587807 2.7 -0.34257237344836844
v -0.4242640687119286 1.3 -0.42426406871192845
v -0.4171930009000631 1.4 -0.417193000900063
v -0.4101219330881976 1.5 -0.4101219330881975
v -0.40305086527633216 1.6 -0.403050865276332
v -0.39597979746446677 1.7 -0.3959797974644666
v -0.38890872965260126 1.8 -0.38890872965260115
v -0.38183766184073575 1.9 -0.38183766184073564
v -0.3747665940288703 2.0 -0.3747665940288702
v -0.3676955262170048 2.1 -0.3676955262170047
v -0.36062445840513935 2.2 -0.36062445840513924
v -0.35355339059327384 2.3 -0.35355339059327373
v -0.36062445840513935 2.4 -0.36062445840513924
v -0.3676955262170048 2.5 -0.3676955262170047
v -0.3747665940288703 2.6 -0.3747665940288702
v -0.38183766184073575 2.7 -0.38183766184073564
v -0.38063597049818754 1.3 -0.46380627201764196
v -0.37429203765655106 1.4 -0.4560761674840146
v -0.36794810481491463 1.5 -0.44834606295038726
v -0.36160417197327815 1.6 -0.4406159584167599
v -0.35526023913164173 1.7 -0.43288585388313255
v -0.3489163062900053 1.8 -0.4251557493495052
v -0.3425723734483688 1.9 -0.41742564481587785
v -0.33622844060673235 2.0 -0.40969554028225047
v -0.32988450776509587 2.1 -0.4019654357486231
v -0.32354057492345945 2.2 -0.3942353312149957
v -0.31719664208182297 2.3 -0.38650522668136833
v -0.32354057492345945 2.4 -0.3942353312149957
v -0.32988450776509587 2.5 -0.4019654357486231
v -0.33622844060673235 2.6 -0.40969554028225047
v -0.3425723734483688 2.7 -0.41742564481587785
v -0.3333421398117613 1.3 -0.4988817673815271
v -0.3277864374815653 1.4 -0.4905670712585017
v -0.32223073515136924 1.5 -0.4822523751354762
v -0.3166750328211732 1.6 -0.47393767901245076
v -0.31111933049097723 1.7 -0.4656229828894254
v -0.3055636281607812 1.8 -0.4573082867663999
v -0.3000079258305852 1.9 -0.44899359064337446
v -0.2944522235003892 2.0 -0.440678894520349
v -0.28889652117019315 2.1 -0.43236419839732354
v -0.2833408188399971 2.2 -0.42404950227429805
v -0.2777851165098011 2.3 -0.4157348061512726
v -0.2833408188399971 2.4 -0.42404950227429805
v -0.28889652117019315 2.5 -0.43236419839732354
v -0.2944522235003892 2.6 -0.440678894520349
v -0.3000079258305852 2.7 -0.44899359064337446
v -0.2828380420955987 1.3 -0.5291527586090129
v -0.27812407472733874 1.4 -0.5203335459655294
v -0.2734101073590787 1.5 -0.5115143333220459
v -0.26869613999081876 1.6 -0.5026951206785623
v -0.26398217262255885 1.7 -0.4938759080350788
v -0.25926820525429883 1.8 -0.48505669539159524
v -0.25455423788603887 1.9 -0.4762374827481117
v -0.24984027051777888 2.0 -0.46741827010462816
v -0.2451263031495189 2.1 -0.4585990574611446
v -0.24041233578125892 2.2 -0.44977984481766103
v -0.23569836841299893 2.3 -0.44096063217417747
v -0.24041233578125892 2.4 -0.44977984481766103
v -0.2451263031495189 2.5 -0.4585990574611446
v -0.24984027051777888 2.6 -0.46741827010462816
v -0.25455423788603887 2.7 -0.4762374827481117
v -0.22961005941905419 1.3 -0.5543277195067718
v -0.2257832250954033 1.4 -0.545088924181659
v -0.2219563907717524 1.5 -0.5358501288565461
v -0.21812955644810147 1.6 -0.5266113335314333
v -0.21430272212445062 1.7 -0.5173725382063205
v -0.2104758878007997 1.8 -0.5081337428812076
v -0.2066490534771488 1.9 -0.49889494755609476
v -0.20282221915349788 2.0 -0.48965615223098186
v -0.198995384829847 2.1 -0.480417356905869
v -0.19516855050619608 2.2 -0.4711785615807561
v -0.19134171618254517 2.3 -0.46193976625564326
v -0.19516855050619608 2.4 -0.4711785615807561
v -0.198995384829847 2.5 -0.480417356905869
v -0.20282221915349788 2.6 -0.48965615223098186
v -0.2066490534771488 2.7 -0.49889494755609476
v -0.17417080635267745 1.3 -0.5741642014393252
v -0.17126795958013283 1.4 -0.5645947980820032
v -0.1683651128075882 1.5 -0.555025394724681
v -0.16546226603504358 1.6 -0.545455991367359
v -0.16255941926249898 1.7 -0.535886588010037
v -0.15965657248995435 1.8 -0.5263171846527149
v -0.15675372571740973 1.9 -0.5167477812953928
v -0.1538508789448651 2.0 -0.5071783779380707
v -0.15094803217232047 2.1 -0.4976089745807486
v -0.14804518539977585 2.2 -0.4880395712234265
v -0.14514233862723122 2.3 -0.4784701678661044
v -0.14804518539977585 2.4 -0.4880395712234265
v -0.15094803217232047 2.5 -0.4976089745807486
v -0.1538508789448651 2.6 -0.5071783779380707
v -0.15675372571740973 2.7 -0.5167477812953928
v -0.1170541932096772 1.3 -0.5884711682419381
v -0.11510328998951591 1.4 -0.5786633154379058
v -0.11315238676935462 1.5 -0.5688554626338735
v -0.11120148354919333 1.6 -0.5590476098298413
v -0.10925058032903207 1.7 -0.5492397570258091
v -0.10729967710887077 1.8 -0.5394319042217767
v -0.10534877388870949 1.9 -0.5296240514177444
v -0.10339787066854819 2.0 -0.5198161986137121
v -0.10144696744838691 2.1 -0.5100083458096798
v -0.09949606422822561 2.2 -0.5002004930056475
v -0.09754516100806433 2.3 -0.49039264020161516
v -0.09949606422822561 2.4 -0.5002004930056475
v -0.10144696744838691 2.5 -0.5100083458096798
v -0.10339787066854819 2.6 -0.5198161986137121
v -0.10534877388870949 2.7 -0.5296240514177444
v -0.05881028419773627 1.3 -0.5971108360033182
v -0.05783011279444066 1.4 -0.5871589887365961
v -0.056849941391145055 1.5 -0.5772071414698742
v -0.055869769987849455 1.6 -0.5672552942031522
v -0.054889598584553854 1.7 -0.5573034469364303
v -0.053909427181258254 1.8 -0.5473515996697084
v -0.05292925577796265 1.9 -0.5373997524029864
v -0.05194908437466704 2.0 -0.5274479051362644
v -0.05096891297137143 2.1 -0.5174960578695424
v -0.04998874156807583 2.2 -0.5075442106028204
v -0.049008570164780225 2.3 -0.49759236333609846
v -0.04998874156807583 2.4 -0.5075442106028204
v -0.05096891297137143 2.5 -0.5174960578695424
v -0.05194908437466704 2.6 -0.5274479051362644
v -0.05292925577796265 2.7 -0.5373997524029864
v -1.1021821192326178e-16 1.3 -0.6
v -1.0838124172454074e-16 1.4 -0.59
v -1.0654427152581971e-16 1.5 -0.58
v -1.0470730132709869e-16 1.6 -0.57
v -1.0287033112837768e-16 1.7 -0.56
v -1.0103336092965664e-16 1.8 -0.55
v -9.919639073093561e-17 1.9 -0.54
v -9.735942053221457e-17 2.0 -0.53
v -9.552245033349355e-17 2.1 -0.52
v -9.368548013477251e-17 2.2 -0.51
v -9.184850993605148e-17 2.3 -0.5
v -9.368548013477251e-17 2.4 -0.51
v -9.552245033349355e-17 2.5 -0.52
v -9.735942053221457e-17 2.6 -0.53
v -9.919639073093561e-17 2.7 -0.54
v 0.058810284197736054 1.3 -0.5971108360033182
v 0.05783011279444045 1.4 -0.5871589887365961
v 0.05684994139114485 1.5 -0.5772071414698742
v 0.055869769987849247 1.6 -0.5672552942031522
v 0.05488959858455365 1.7 -0.5573034469364303
v 0.05390942718125805 1.8 -0.5473515996697084
v 0.05292925577796245 1.9 -0.5373997524029864
v 0.05194908437466685 2.0 -0.5274479051362644
v 0.050968912971371245 2.1 -0.5174960578695424
v 0.049988741568075645 2.2 -0.5075442106028204
v 0.049008570164780045 2.3 -0.49759236333609846
v 0.049988741568075645 2.4 -0.5075442106028204
v 0.050968912971371245 2.5 -0.5174960578695424
v 0.05194908437466685 2.6 -0.5274479051362644
v 0.05292925577796245 2.7 -0.5373997524029864
v 0.11705419320967697 1.3 -0.5884711682419382
v 0.11510328998951569 1.4 -0.578663315437906
v 0.11315238676935441 1.5 -0.5688554626338737
v 0.11120148354919313 1.6 -0.5590476098298413
v 0.10925058032903186 1.7 -0.5492397570258091
v 0.10729967710887058 1.8 -0.5394319042217768
v 0.1053487738887093 1.9 -0.5296240514177445
v 0.10339787066854801 2.0 -0.5198161986137122
v 0.10144696744838672 2.1 -0.5100083458096798
v 0.09949606422822543 2.2 -0.5002004930056475
v 0.09754516100806415 2.3 -0.4903926402016152
v 0.09949606422822543 2.4 -0.5002004930056475
v 0.10144696744838672 2.5 -0.5100083458096798
v 0.10339787066854801 2.6 -0.5198161986137122
v 0.1053487738887093 2.7 -0.5296240514177445
v 0.17417080635267723 1.3 -0.5741642014393253
v 0.1712679595801326 1.4 -0.5645947980820032
v 0.16836511280758798 1.5 -0.5550253947246812
v 0.16546226603504335 1.6 -0.545455991367359
v 0.16255941926249876 1.7 -0.5358865880100371
v 0.15965657248995413 1.8 -0.5263171846527149
v 0.15675372571740953 1.9 -0.5167477812953929
v 0.1538508789448649 2.0 -0.5071783779380707
v 0.15094803217232028 2.1 -0.49760897458074865
v 0.14804518539977565 2.2 -0.48803957122342656
v 0.14514233862723103 2.3 -0.47847016786610447
v 0.14804518539977565 2.4 -0.48803957122342656
v 0.15094803217232028 2.5 -0.49760897458074865
v 0.1538508789448649 2.6 -0.5071783779380707
v 0.15675372571740953 2.7 -0.5167477812953929
v 0.229610059419054 1.3 -0.554327719506772
v 0.22578322509540308 1.4 -0.5450889241816591
v 0.2219563907717522 1.5 -0.5358501288565463
v 0.21812955644810128 1.6 -0.5266113335314333
v 0.21430272212445042 1.7 -0.5173725382063206
v 0.2104758878007995 1.8 -0.5081337428812077
v 0.20664905347714863 1.9 -0.4988949475560948
v 0.2028222191534977 2.0 -0.4896561522309819
v 0.1989953848298468 2.1 -0.48041735690586906
v 0.19516855050619591 2.2 -0.47117856158075616
v 0.191341716182545 2.3 -0.4619397662556433
v 0.19516855050619591 2.4 -0.47117856158075616
v 0.1989953848298468 2.5 -0.48041735690586906
v 0.2028222191534977 2.6 -0.4896561522309819
v 0.20664905347714863 2.7 -0.4988949475560948
v 0.28283804209559854 1.3 -0.529152758609013
v 0.2781240747273386 1.4 -0.5203335459655295
v 0.27341010735907856 1.5 -0.5115143333220459
v 0.2686961399908186 1.6 -0.5026951206785624
v 0.2639821726225587 1.7 -0.49387590803507886
v 0.25926820525429867 1.8 -0.4850566953915953
v 0.2545542378860387 1.9 -0.4762374827481118
v 0.24984027051777874 2.0 -0.4674182701046282
v 0.24512630314951875 2.1 -0.45859905746114465
v 0.24041233578125878 2.2 -0.4497798448176611
v 0.2356983684129988 2.3 -0.4409606321741775
v 0.24041233578125878 2.4 -0.4497798448176611
v 0.24512630314951875 2.5 -0.45859905746114465
v 0.24984027051777874 2.6 -0.4674182701046282
v 0.2545542378860387 2.7 -0.4762374827481118
v 0.3333421398117611 1.3 -0.49888176738152723
v 0.32778643748156505 1.4 -0.4905670712585018
v 0.3222307351513691 1.5 -0.4822523751354763
v 0.31667503282117304 1.6 -0.4739376790124509
v 0.31111933049097706 1.7 -0.4656229828894255
v 0.30556362816078103 1.8 -0.45730828676640006
v 0.300007925830585 1.9 -0.4489935906433746
v 0.29445222350038897 2.0 -0.44067889452034914
v 0.288896521170193 2.1 -0.43236419839732365
v 0.28334081883999696 2.2 -0.4240495022742982
v 0.2777851165098009 2.3 -0.41573480615127273
v 0.28334081883999696 2.4 -0.4240495022742982
v 0.288896521170193 2.5 -0.43236419839732365
v 0.29445222350038897 2.6 -0.44067889452034914
v 0.300007925830585 2.7 -0.4489935906433746
v 0.38063597049818737 1.3 -0.46380627201764213
v 0.3742920376565509 1.4 -0.45607616748401475
v 0.3679481048149144 1.5 -0.44834606295038737
v 0.361604171973278 1.6 -0.44061595841676
v 0.35526023913164156 1.7 -0.4328858538831327
v 0.3489163062900051 1.8 -0.42515574934950534
v 0.34257237344836866 1.9 -0.41742564481587796
v 0.3362284406067322 2.0 -0.4096955402822506
v 0.3298845077650957 2.1 -0.4019654357486232
v 0.3235405749234593 2.2 -0.3942353312149958
v 0.3171966420818228 2.3 -0.38650522668136844
v 0.3235405749234593 2.4 -0.3942353312149958
v 0.3298845077650957 2.5 -0.4019654357486232
v 0.3362284406067322 2.6 -0.4096955402822506
v 0.34257237344836866 2.7 -0.41742564481587796
v 0.4242640687119284 1.3 -0.4242640687119286
v 0.4171930009000629 1.4 -0.4171930009000631
v 0.41012193308819744 1.5 -0.4101219330881976
v 0.40305086527633194 1.6 -0.40305086527633216
v 0.39597979746446654 1.7 -0.39597979746446677
v 0.3889087296526011 1.8 -0.38890872965260126
v 0.3818376618407356 1.9 -0.38183766184073575
v 0.37476659402887014 2.0 -0.3747665940288703
v 0.36769552621700463 2.1 -0.3676955262170048
v 0.3606244584051392 2.2 -0.36062445840513935
v 0.3535533905932737 2.3 -0.35355339059327384
v 0.3606244584051392 2.4 -0.36062445840513935
v 0.36769552621700463 2.5 -0.3676955262170048
v 0.37476659402887014 2.6 -0.3747665940288703
v 0.3818376618407356 2.7 -0.38183766184073575
v 0.4638062720176419 1.3 -0.38063597049818754
v 0.4560761674840145 1.4 -0.37429203765655106
v 0.44834606295038715 1.5 -0.36794810481491463
v 0.44061595841675977 1.6 -0.36160417197327815
v 0.4328858538831325 1.7 -0.35526023913164173
v 0.4251557493495051 1.8 -0.3489163062900053
v 0.41742564481587774 1.9 -0.3425723734483688
v 0.4096955402822504 2.0 -0.33622844060673235
v 0.40196543574862303 2.1 -0.32988450776509587
v 0.39423533121499565 2.2 -0.32354057492345945
v 0.3865052266813683 2.3 -0.31719664208182297
v 0.39423533121499565 2.4 -0.32354057492345945
v 0.40196543574862303 2.5 -0.32988450776509587
v 0.4096955402822504 2.6 -0.33622844060673235
v 0.41742564481587774 2.7 -0.3425723734483688
v 0.4988817673815271 1.3 -0.3333421398117613
v 0.4905670712585017 1.4 -0.3277864374815653
v 0.4822523751354762 1.5 -0.32223073515136924
v 0.47393767901245076 1.6 -0.3166750328211732
v 0.4656229828894254 1.7 -0.31111933049097723
v 0.4573082867663999 1.8 -0.3055636281607812
v 0.44899359064337446 1.9 -0.3000079258305852
v 0.440678894520349 2.0 -0.2944522235003892
v 0.43236419839732354 2.1 -0.28889652117019315
v 0.42404950227429805 2.2 -0.2833408188399971
v 0.4157348061512726 2.3 -0.2777851165098011
v 0.42404950227429805 2.4 -0.2833408188399971
v 0.43236419839732354 2.5 -0.28889652117019315
v 0.440678894520349 2.6 -0.2944522235003892
v 0.44899359064337446 2.7 -0.3000079258305852
v 0.5291527586090129 1.3 -0.28283804209559876
v 0.5203335459655293 1.4 -0.27812407472733874
v 0.5115143333220458 1.5 -0.2734101073590788
v 0.5026951206785623 1.6 -0.2686961399908188
v 0.49387590803507875 1.7 -0.26398217262255885
v 0.4850566953915952 1.8 -0.2592682052542989
v 0.4762374827481116 1.9 -0.25455423788603887
v 0.4674182701046281 2.0 -0.2498402705177789
v 0.45859905746114454 2.1 -0.24512630314951891
v 0.449779844817661 2.2 -0.24041233578125895
v 0.4409606321741774 2.3 -0.23569836841299896
v 0.449779844817661 2.4 -0.24041233578125895
v 0.45859905746114454 2.5 -0.24512630314951891
v 0.4674182701046281 2.6 -0.2498402705177789
v 0.4762374827481116 2.7 -0.25455423788603887
v 0.5543277195067718 1.3 -0.2296100594190542
v 0.545088924181659 1.4 -0.22578322509540333
v 0.5358501288565461 1.5 -0.22195639077175242
v 0.5266113335314333 1.6 -0.2181295564481015
v 0.5173725382063205 1.7 -0.21430272212445065
v 0.5081337428812076 1.8 -0.21047588780079973
v 0.49889494755609476 1.9 -0.20664905347714882
v 0.48965615223098186 2.0 -0.2028222191534979
v 0.480417356905869 2.1 -0.19899538482984702
v 0.4711785615807561 2.2 -0.1951685505061961
v 0.46193976625564326 2.3 -0.1913417161825452
v 0.4711785615807561 2.4 -0.1951685505061961
v 0.480417356905869 2.5 -0.19899538482984702
v 0.48965615223098186 2.6 -0.2028222191534979
v 0.49889494755609476 2.7 -0.20664905347714882
v 0.5741642014393252 1.3 -0.17417080635267748
v 0.5645947980820032 1.4 -0.17126795958013286
v 0.555025394724681 1.5 -0.16836511280758823
v 0.545455991367359 1.6 -0.1654622660350436
v 0.535886588010037 1.7 -0.162559419262499
v 0.5263171846527149 1.8 -0.15965657248995438
v 0.5167477812953928 1.9 -0.15675372571740975
v 0.5071783779380707 2.0 -0.15385087894486513
v 0.4976089745807486 2.1 -0.1509480321723205
v 0.4880395712234265 2.2 -0.14804518539977587
v 0.4784701678661044 2.3 -0.14514233862723125
v 0.4880395712234265 2.4 -0.14804518539977587
v 0.4976089745807486 2.5 -0.1509480321723205
v 0.5071783779380707 2.6 -0.15385087894486513
v 0.5167477812953928 2.7 -0.15675372571740975
v 0.5884711682419381 1.3 -0.11705419320967722
v 0.5786633154379058 1.4 -0.11510328998951594
v 0.5688554626338735 1.5 -0.11315238676935464
v 0.5590476098298413 1.6 -0.11120148354919336
v 0.5492397570258091 1.7 -0.1092505803290321
v 0.5394319042217767 1.8 -0.10729967710887081
v 0.5296240514177444 1.9 -0.10534877388870952
v 0.5198161986137121 2.0 -0.10339787066854823
v 0.5100083458096798 2.1 -0.10144696744838694
v 0.5002004930056475 2.2 -0.09949606422822566
v 0.49039264020161516 2.3 -0.09754516100806436
v 0.5002004930056475 2.4 -0.09949606422822566
v 0.5100083458096798 2.5 -0.10144696744838694
v 0.5198161986137121 2.6 -0.10339787066854823
v 0.5296240514177444 2.7 -0.10534877388870952
v 0.5971108360033182 1.3 -0.058810284197736304
v 0.5871589887365961 1.4 -0.0578301127944407
v 0.5772071414698742 1.5 -0.05684994139114509
v 0.5672552942031522 1.6 -0.05586976998784948
v 0.5573034469364303 1.7 -0.05488959858455389
v 0.5473515996697084 1.8 -0.05390942718125828
v 0.5373997524029864 1.9 -0.052929255777962675
v 0.5274479051362644 2.0 -0.05194908437466707
v 0.5174960578695424 2.1 -0.05096891297137147
v 0.5075442106028204 2.2 -0.04998874156807586
v 0.49759236333609846 2.3 -0.04900857016478025
v 0.5075442106028204 2.4 -0.04998874156807586
v 0.5174960578695424 2.5 -0.05096891297137147
v 0.5274479051362644 2.6 -0.05194908437466707
v 0.5373997524029864 2.7 -0.052929255777962675
v 0.0 2.7800000000000002 0.0
v 0.0 2.7 0.0
v 0.6 2.7800000000000002 0.0
v 0.6 2.7 0.0
v 0.5971108360033182 2.7800000000000002 0.05881028419773636
v 0.5971108360033182 2.7 0.05881028419773636
v 0.5884711682419382 2.7800000000000002 0.11705419320967694
v 0.5884711682419382 2.7 0.11705419320967694
v 0.5741642014393252 2.7800000000000002 0.1741708063526774
v 0.5741642014393252 2.7 0.1741708063526774
v 0.5543277195067721 2.7800000000000002 0.22961005941905385
v 0.5543277195067721 2.7 0.22961005941905385
v 0.529152758609013 2.7800000000000002 0.2828380420955986
v 0.529152758609013 2.7 0.2828380420955986
v 0.4988817673815271 2.7800000000000002 0.3333421398117613
v 0.4988817673815271 2.7 0.3333421398117613
v 0.4638062720176422 2.7800000000000002 0.38063597049818726
v 0.4638062720176422 2.7 0.38063597049818726
v 0.4242640687119285 2.7800000000000002 0.4242640687119285
v 0.4242640687119285 2.7 0.4242640687119285
v 0.38063597049818726 2.7800000000000002 0.46380627201764213
v 0.38063597049818726 2.7 0.46380627201764213
v 0.33334213981176136 2.7800000000000002 0.4988817673815271
v 0.33334213981176136 2.7 0.4988817673815271
v 0.28283804209559865 2.7800000000000002 0.5291527586090129
v 0.28283804209559865 2.7 0.5291527586090129
v 0.22961005941905388 2.7800000000000002 0.5543277195067721
v 0.22961005941905388 2.7 0.5543277195067721
v 0.1741708063526774 2.7800000000000002 0.5741642014393253
v 0.1741708063526774 2.7 0.5741642014393253
v 0.117054193209677 2.7800000000000002 0.5884711682419382
v 0.117054193209677 2.7 0.5884711682419382
v 0.05881028419773646 2.7800000000000002 0.597110836003318
v 0.05881028419773646 2.7 0.597110836003318
v 3.6739403974420595e-17 2.7800000000000002 0.6
v 3.6739403974420595e-17 2.7 0.6
v -0.05881028419773639 2.7800000000000002 0.5971108360033182
v -0.05881028419773639 2.7 0.5971108360033182
v -0.11705419320967692 2.7800000000000002 0.5884711682419382
v -0.11705419320967692 2.7 0.5884711682419382
v -0.1741708063526773 2.7800000000000002 0.5741642014393253
v -0.1741708063526773 2.7 0.5741642014393253
v -0.22961005941905382 2.7800000000000002 0.5543277195067721
v -0.22961005941905382 2.7 0.5543277195067721
v -0.2828380420955986 2.7800000000000002 0.529152758609013
v -0.2828380420955986 2.7 0.529152758609013
v -0.33334213981176114 2.7800000000000002 0.4988817673815272
v -0.33334213981176114 2.7 0.4988817673815272
v -0.3806359704981872 2.7800000000000002 0.46380627201764224
v -0.3806359704981872 2.7 0.46380627201764224
v -0.42426406871192845 2.7800000000000002 0.4242640687119285
v -0.42426406871192845 2.7 0.4242640687119285
v -0.4638062720176422 2.7800000000000002 0.38063597049818726
v -0.4638062720176422 2.7 0.38063597049818726
v -0.4988817673815272 2.7800000000000002 0.3333421398117613
v -0.4988817673815272 2.7 0.3333421398117613
v -0.5291527586090129 2.7800000000000002 0.28283804209559865
v -0.5291527586090129 2.7 0.28283804209559865
v -0.5543277195067721 2.7800000000000002 0.22961005941905394
v -0.5543277195067721 2.7 0.22961005941905394
v -0.5741642014393252 2.7800000000000002 0.17417080635267743
v -0.5741642014393252 2.7 0.17417080635267743
v -0.5884711682419382 2.7800000000000002 0.11705419320967717
v -0.5884711682419382 2.7 0.11705419320967717
v -0.597110836003318 2.7800000000000002 0.05881028419773649
v -0.597110836003318 2.7 0.05881028419773649
v -0.6 2.7800000000000002 7.347880794884119e-17
v -0.6 2.7 7.347880794884119e-17
v -0.5971108360033182 2.7800000000000002 -0.05881028419773635
v -0.5971108360033182 2.7 -0.05881028419773635
v -0.5884711682419382 2.7800000000000002 -0.11705419320967701
v -0.5884711682419382 2.7 -0.11705419320967701
v -0.5741642014393253 2.7800000000000002 -0.17417080635267726
v -0.5741642014393253 2.7 -0.17417080635267726
v -0.5543277195067721 2.7800000000000002 -0.2296100594190538
v -0.5543277195067721 2.7 -0.2296100594190538
v -0.529152758609013 2.7800000000000002 -0.2828380420955986
v -0.529152758609013 2.7 -0.2828380420955986
v -0.49888176738152723 2.7800000000000002 -0.33334213981176114
v -0.49888176738152723 2.7 -0.33334213981176114
v -0.46380627201764224 2.7800000000000002 -0.38063597049818715
v -0.46380627201764224 2.7 -0.38063597049818715
v -0.4242640687119286 2.7800000000000002 -0.42426406871192845
v -0.4242640687119286 2.7 -0.42426406871192845
v -0.38063597049818754 2.7800000000000002 -0.46380627201764196
v -0.38063597049818754 2.7 -0.46380627201764196
v -0.3333421398117613 2.7800000000000002 -0.4988817673815271
v -0.3333421398117613 2.7 -0.4988817673815271
v -0.2828380420955987 2.7800000000000002 -0.5291527586090129
v -0.2828380420955987 2.7 -0.5291527586090129
v -0.22961005941905419 2.7800000000000002 -0.5543277195067718
v -0.22961005941905419 2.7 -0.5543277195067718
v -0.17417080635267745 2.7800000000000002 -0.5741642014393252
v -0.17417080635267745 2.7 -0.5741642014393252
v -0.1170541932096772 2.7800000000000002 -0.5884711682419381
v -0.1170541932096772 2.7 -0.5884711682419381
v -0.05881028419773627 2.7800000000000002 -0.5971108360033182
v -0.05881028419773627 2.7 -0.5971108360033182
v -1.1021821192326178e-16 2.7800000000000002 -0.6
v -1.1021821192326178e-16 2.7 -0.6
v 0.058810284197736054 2.7800000000000002 -0.5971108360033182
v 0.058810284197736054 2.7 -0.5971108360033182
v 0.11705419320967697 2.7800000000000002 -0.5884711682419382
v 0.11705419320967697 2.7 -0.5884711682419382
v 0.17417080635267723 2.7800000000000002 -0.5741642014393253
v 0.17417080635267723 2.7 -0.5741642014393253
v 0.229610059419054 2.7800000000000002 -0.554327719506772
v 0.229610059419054 2.7 -0.554327719506772
v 0.28283804209559854 2.7800000000000002 -0.529152758609013
v 0.28283804209559854 2.7 -0.529152758609013
v 0.3333421398117611 2.7800000000000002 -0.49888176738152723
v 0.3333421398117611 2.7 -0.49888176738152723
v 0.38063597049818737 2.7800000000000002 -0.46380627201764213
v 0.38063597049818737 2.7 -0.46380627201764213
v 0.4242640687119284 2.7800000000000002 -0.4242640687119286
v 0.4242640687119284 2.7 -0.4242640687119286
v 0.4638062720176419 2.7800000000000002 -0.38063597049818754
v 0.4638062720176419 2.7 -0.38063597049818754
v 0.4988817673815271 2.7800000000000002 -0.3333421398117613
v 0.4988817673815271 2.7 -0.3333421398117613
v 0.5291527586090129 2.7800000000000002 -0.28283804209559876
v 0.5291527586090129 2.7 -0.28283804209559876
v 0.5543277195067718 2.7800000000000002 -0.2296100594190542
v 0.5543277195067718 2.7 -0.2296100594190542
v 0.5741642014393252 2.7800000000000002 -0.17417080635267748
v 0.5741642014393252 2.7 -0.17417080635267748
v 0.5884711682419381 2.7800000000000002 -0.11705419320967722
v 0.5884711682419381 2.7 -0.11705419320967722
v 0.5971108360033182 2.7800000000000002 -0.058810284197736304
v 0.5971108360033182 2.7 -0.058810284197736304
v 0.6 2.84 0.0
v 0.4 2.74 0.0
v 0.5971108360033182 2.84 0.05881028419773636
v 0.39807389066887877 2.74 0.039206856131824244
v 0.5884711682419382 2.84 0.11705419320967694
v 0.3923141121612922 2.74 0.0780361288064513
v 0.5741642014393252 2.84 0.1741708063526774
v 0.38277613429288354 2.74 0.11611387090178493
v 0.5543277195067721 2.84 0.22961005941905385
v 0.36955181300451473 2.74 0.15307337294603593
v 0.529152758609013 2.84 0.2828380420955986
v 0.35276850573934204 2.74 0.18855869473039907
v 0.4988817673815271 2.84 0.3333421398117613
v 0.3325878449210181 2.74 0.22222809320784087
v 0.4638062720176422 2.84 0.38063597049818726
v 0.3092041813450948 2.74 0.25375731366545823
v 0.4242640687119285 2.84 0.4242640687119285
v 0.28284271247461906 2.74 0.28284271247461906
v 0.38063597049818726 2.84 0.46380627201764213
v 0.25375731366545823 2.74 0.30920418134509475
v 0.33334213981176136 2.84 0.4988817673815271
v 0.22222809320784093 2.74 0.3325878449210181
v 0.28283804209559865 2.84 0.5291527586090129
v 0.18855869473039913 2.74 0.352768505739342
v 0.22961005941905388 2.84 0.5543277195067721
v 0.15307337294603596 2.74 0.36955181300451473
v 0.1741708063526774 2.84 0.5741642014393253
v 0.11611387090178493 2.74 0.3827761342928836
v 0.117054193209677 2.84 0.5884711682419382
v 0.07803612880645133 2.74 0.3923141121612922
v 0.05881028419773646 2.84 0.597110836003318
v 0.039206856131824314 2.74 0.39807389066887877
v 3.6739403974420595e-17 2.84 0.6
v 2.4492935982947065e-17 2.74 0.4
v -0.05881028419773639 2.84 0.5971108360033182
v -0.03920685613182426 2.74 0.39807389066887877
v -0.11705419320967692 2.84 0.5884711682419382
v -0.07803612880645128 2.74 0.3923141121612922
v -0.1741708063526773 2.84 0.5741642014393253
v -0.11611387090178488 2.74 0.3827761342928836
v -0.22961005941905382 2.84 0.5543277195067721
v -0.1530733729460359 2.74 0.36955181300451473
v -0.2828380420955986 2.84 0.529152758609013
v -0.1885586947303991 2.74 0.35276850573934204
v -0.33334213981176114 2.84 0.4988817673815272
v -0.2222280932078408 2.74 0.33258784492101817
v -0.3806359704981872 2.84 0.46380627201764224
v -0.2537573136654582 2.74 0.30920418134509486
v -0.42426406871192845 2.84 0.4242640687119285
v -0.282842712474619 2.74 0.28284271247461906
v -0.4638062720176422 2.84 0.38063597049818726
v -0.3092041813450948 2.74 0.25375731366545823
v -0.4988817673815272 2.84 0.3333421398117613
v -0.33258784492101817 2.74 0.22222809320784087
v -0.5291527586090129 2.84 0.28283804209559865
v -0.352768505739342 2.74 0.18855869473039913
v -0.5543277195067721 2.84 0.22961005941905394
v -0.36955181300451473 2.74 0.15307337294603596
v -0.5741642014393252 2.84 0.17417080635267743
v -0.38277613429288354 2.74 0.11611387090178496
v -0.5884711682419382 2.84 0.11705419320967717
v -0.3923141121612922 2.74 0.07803612880645144
v -0.597110836003318 2.84 0.05881028419773649
v -0.39807389066887877 2.74 0.039206856131824334
v -0.6 2.84 7.347880794884119e-17
v -0.4 2.74 4.898587196589413e-17
v -0.5971108360033182 2.84 -0.05881028419773635
v -0.39807389066887877 2.74 -0.03920685613182424
v -0.5884711682419382 2.84 -0.11705419320967701
v -0.3923141121612922 2.74 -0.07803612880645135
v -0.5741642014393253 2.84 -0.17417080635267726
v -0.3827761342928836 2.74 -0.11611387090178485
v -0.5543277195067721 2.84 -0.2296100594190538
v -0.3695518130045148 2.74 -0.15307337294603587
v -0.529152758609013 2.84 -0.2828380420955986
v -0.35276850573934204 2.74 -0.18855869473039907
v -0.49888176738152723 2.84 -0.33334213981176114
v -0.3325878449210182 2.74 -0.2222280932078408
v -0.46380627201764224 2.84 -0.38063597049818715
v -0.30920418134509486 2.74 -0.2537573136654581
v -0.4242640687119286 2.84 -0.42426406871192845
v -0.28284271247461906 2.74 -0.282842712474619
v -0.38063597049818754 2.84 -0.46380627201764196
v -0.2537573136654584 2.74 -0.3092041813450947
v -0.3333421398117613 2.84 -0.4988817673815271
v -0.22222809320784087 2.74 -0.3325878449210181
v -0.2828380420955987 2.84 -0.5291527586090129
v -0.18855869473039916 2.74 -0.352768505739342
v -0.22961005941905419 2.84 -0.5543277195067718
v -0.15307337294603615 2.74 -0.3695518130045146
v -0.17417080635267745 2.84 -0.5741642014393252
v -0.11611387090178499 2.74 -0.38277613429288354
v -0.1170541932096772 2.84 -0.5884711682419381
v -0.07803612880645147 2.74 -0.39231411216129214
v -0.05881028419773627 2.84 -0.5971108360033182
v -0.03920685613182418 2.74 -0.39807389066887877
v -1.1021821192326178e-16 2.84 -0.6
v -7.347880794884119e-17 2.74 -0.4
v 0.058810284197736054 2.84 -0.5971108360033182
v 0.039206856131824036 2.74 -0.39807389066887877
v 0.11705419320967697 2.84 -0.5884711682419382
v 0.07803612880645133 2.74 -0.3923141121612922
v 0.17417080635267723 2.84 -0.5741642014393253
v 0.11611387090178482 2.74 -0.3827761342928836
v 0.229610059419054 2.84 -0.554327719506772
v 0.153073372946036 2.74 -0.3695518130045147
v 0.28283804209559854 2.84 -0.529152758609013
v 0.18855869473039905 2.74 -0.35276850573934204
v 0.3333421398117611 2.84 -0.49888176738152723
v 0.22222809320784076 2.74 -0.3325878449210182
v 0.38063597049818737 2.84 -0.46380627201764213
v 0.25375731366545823 2.74 -0.30920418134509475
v 0.4242640687119284 2.84 -0.4242640687119286
v 0.28284271247461895 2.74 -0.28284271247461906
v 0.4638062720176419 2.84 -0.38063597049818754
v 0.30920418134509464 2.74 -0.2537573136654584
v 0.4988817673815271 2.84 -0.3333421398117613
v 0.3325878449210181 2.74 -0.22222809320784087
v 0.5291527586090129 2.84 -0.28283804209559876
v 0.35276850573934193 2.74 -0.18855869473039918
v 0.5543277195067718 2.84 -0.2296100594190542
v 0.3695518130045146 2.74 -0.15307337294603618
v 0.5741642014393252 2.84 -0.17417080635267748
v 0.38277613429288354 2.74 -0.116113870901785
v 0.5884711682419381 2.84 -0.11705419320967722
v 0.39231411216129214 2.74 -0.0780361288064515
v 0.5971108360033182 2.84 -0.058810284197736304
v 0.39807389066887877 2.74 -0.0392068561318242
v 0.0 3.04 0.0
v 0.0 2.84 0.0
v 0.6 3.04 0.0
v 0.6 2.84 0.0
v 0.5971108360033182 3.04 0.05881028419773636
v 0.5971108360033182 2.84 0.05881028419773636
v 0.5884711682419382 3.04 0.11705419320967694
v 0.5884711682419382 2.84 0.11705419320967694
v 0.5741642014393252 3.04 0.1741708063526774
v 0.5741642014393252 2.84 0.1741708063526774
v 0.5543277195067721 3.04 0.22961005941905385
v 0.5543277195067721 2.84 0.22961005941905385
v 0.529152758609013 3.04 0.2828380420955986
v 0.529152758609013 2.84 0.2828380420955986
v 0.4988817673815271 3.04 0.3333421398117613
v 0.4988817673815271 2.84 0.3333421398117613
v 0.4638062720176422 3.04 0.38063597049818726
v 0.4638062720176422 2.84 0.38063597049818726
v 0.4242640687119285 3.04 0.4242640687119285
v 0.4242640687119285 2.84 0.4242640687119285
v 0.38063597049818726 3.04 0.46380627201764213
v 0.38063597049818726 2.84 0.46380627201764213
v 0.33334213981176136 3.04 0.4988817673815271
v 0.33334213981176136 2.84 0.4988817673815271
v 0.28283804209559865 3.04 0.5291527586090129
v 0.28283804209559865 2.84 0.5291527586090129
v 0.22961005941905388 3.04 0.5543277195067721
v 0.22961005941905388 2.84 0.5543277195067721
v 0.1741708063526774 3.04 0.5741642014393253
v 0.1741708063526774 2.84 0.5741642014393253
v 0.117054193209677 3.04 0.5884711682419382
v 0.117054193209677 2.84 0.5884711682419382
v 0.05881028419773646 3.04 0.597110836003318
v 0.05881028419773646 2.84 0.597110836003318
v 3.6739403974420595e-17 3.04 0.6
v 3.6739403974420595e-17 2.84 0.6
v -0.05881028419773639 3.04 0.5971108360033182
v -0.05881028419773639 2.84 0.5971108360033182
v -0.11705419320967692 3.04 0.5884711682419382
v -0.11705419320967692 2.84 0.5884711682419382
v -0.1741708063526773 3.04 0.5741642014393253
v -0.1741708063526773 2.84 0.5741642014393253
v -0.22961005941905382 3.04 0.5543277195067721
v -0.22961005941905382 2.84 0.5543277195067721
v -0.2828380420955986 3.04 0.529152758609013
v -0.2828380420955986 2.84 0.529152758609013
v -0.33334213981176114 3.04 0.4988817673815272
v -0.33334213981176114 2.84 0.4988817673815272
v -0.3806359704981872 3.04 0.46380627201764224
v -0.3806359704981872 2.84 0.46380627201764224
v -0.42426406871192845 3.04 0.4242640687119285
v -0.42426406871192845 2.84 0.4242640687119285
v -0.4638062720176422 3.04 0.38063597049818726
v -0.4638062720176422 2.84 0.38063597049818726
v -0.4988817673815272 3.04 0.3333421398117613
v -0.4988817673815272 2.84 0.3333421398117613
v -0.5291527586090129 3.04 0.28283804209559865
v -0.5291527586090129 2.84 0.28283804209559865
v -0.5543277195067721 3.04 0.22961005941905394
v -0.5543277195067721 2.84 0.22961005941905394
v -0.5741642014393252 3.04 0.17417080635267743
v -0.5741642014393252 2.84 0.17417080635267743
v -0.5884711682419382 3.04 0.11705419320967717
v -0.5884711682419382 2.84 0.11705419320967717
v -0.597110836003318 3.04 0.05881028419773649
v -0.597110836003318 2.84 0.05881028419773649
v -0.6 3.04 7.347880794884119e-17
v -0.6 2.84 7.347880794884119e-17
v -0.5971108360033182 3.04 -0.05881028419773635
v -0.5971108360033182 2.84 -0.05881028419773635
v -0.5884711682419382 3.04 -0.11705419320967701
v -0.5884711682419382 2.84 -0.11705419320967701
v -0.5741642014393253 3.04 -0.17417080635267726
v -0.5741642014393253 2.84 -0.17417080635267726
v -0.5543277195067721 3.04 -0.2296100594190538
v -0.5543277195067721 2.84 -0.2296100594190538
v -0.529152758609013 3.04 -0.2828380420955986
v -0.529152758609013 2.84 -0.2828380420955986
v -0.49888176738152723 3.04 -0.33334213981176114
v -0.49888176738152723 2.84 -0.33334213981176114
v -0.46380627201764224 3.04 -0.38063597049818715
v -0.46380627201764224 2.84 -0.38063597049818715
v -0.4242640687119286 3.04 -0.42426406871192845
v -0.4242640687119286 2.84 -0.42426406871192845
v -0.38063597049818754 3.04 -0.46380627201764196
v -0.38063597049818754 2.84 -0.46380627201764196
v -0.3333421398117613 3.04 -0.4988817673815271
v -0.3333421398117613 2.84 -0.4988817673815271
v -0.2828380420955987 3.04 -0.5291527586090129
v -0.2828380420955987 2.84 -0.5291527586090129
v -0.22961005941905419 3.04 -0.5543277195067718
v -0.22961005941905419 2.84 -0.5543277195067718
v -0.17417080635267745 3.04 -0.5741642014393252
v -0.17417080635267745 2.84 -0.5741642014393252
v -0.1170541932096772 3.04 -0.5884711682419381
v -0.1170541932096772 2.84 -0.5884711682419381
v -0.05881028419773627 3.04 -0.5971108360033182
v -0.05881028419773627 2.84 -0.5971108360033182
v -1.1021821192326178e-16 3.04 -0.6
v -1.1021821192326178e-16 2.84 -0.6
v 0.058810284197736054 3.04 -0.5971108360033182
v 0.058810284197736054 2.84 -0.5971108360033182
v 0.11705419320967697 3.04 -0.5884711682419382
v 0.11705419320967697 2.84 -0.5884711682419382
v 0.17417080635267723 3.04 -0.5741642014393253
v 0.17417080635267723 2.84 -0.5741642014393253
v 0.229610059419054 3.04 -0.554327719506772
v 0.229610059419054 2.84 -0.554327719506772
v 0.28283804209559854 3.04 -0.529152758609013
v 0.28283804209559854 2.84 -0.529152758609013
v 0.3333421398117611 3.04 -0.49888176738152723
v 0.3333421398117611 2.84 -0.49888176738152723
v 0.38063597049818737 3.04 -0.46380627201764213
v 0.38063597049818737 2.84 -0.46380627201764213
v 0.4242640687119284 3.04 -0.4242640687119286
v 0.4242640687119284 2.84 -0.4242640687119286
v 0.4638062720176419 3.04 -0.38063597049818754
v 0.4638062720176419 2.84 -0.38063597049818754
v 0.4988817673815271 3.04 -0.3333421398117613
v 0.4988817673815271 2.84 -0.3333421398117613
v 0.5291527586090129 3.04 -0.28283804209559876
v 0.5291527586090129 2.84 -0.28283804209559876
v 0.5543277195067718 3.04 -0.2296100594190542
v 0.5543277195067718 2.84 -0.2296100594190542
v 0.5741642014393252 3.04 -0.17417080635267748
v 0.5741642014393252 2.84 -0.17417080635267748
v 0.5884711682419381 3.04 -0.11705419320967722
v 0.5884711682419381 2.84 -0.11705419320967722
v 0.5971108360033182 3.04 -0.058810284197736304
v 0.5971108360033182 2.84 -0.058810284197736304
v -0.3 2.8899999999999997 0.67
v 0.3 2.8899999999999997 0.67
v 0.3 3.29 0.67
v -0.3 3.29 0.67
v -0.3 2.8899999999999997 0.57
v 0.3 2.8899999999999997 0.57
v 0.3 3.29 0.57
v -0.3 3.29 0.57
v 0.3 2.8899999999999997 -0.6699999999999999
v -0.3 2.8899999999999997 -0.67
v -0.3 3.29 -0.67
v 0.3 3.29 -0.6699999999999999
v 0.3 2.8899999999999997 -0.57
v -0.3 2.8899999999999997 -0.5700000000000001
v -0.3 3.29 -0.5700000000000001
v 0.3 3.29 -0.57
v 0.6699999999999999 2.8899999999999997 0.3
v 0.67 2.8899999999999997 -0.3
v 0.67 3.29 -0.3
v 0.6699999999999999 3.29 0.3
v 0.57 2.8899999999999997 0.3
v 0.5700000000000001 2.8899999999999997 -0.3
v 0.5700000000000001 3.29 -0.3
v 0.57 3.29 0.3
v -0.6699999999999999 2.8899999999999997 -0.3
v -0.67 2.8899999999999997 0.3
v -0.67 3.29 0.3
v -0.6699999999999999 3.29 -0.3
v -0.57 2.8899999999999997 -0.3
v -0.5700000000000001 2.8899999999999997 0.3
v -0.5700000000000001 3.29 0.3
v -0.57 3.29 -0.3
f 1 2 3
f 1 3 4
f 1 4 5
f 1 5 6
f 1 6 7
f 1 7 8
f 1 8 9
f 1 9 10
f 1 10 11
f 1 11 12
f 1 12 13
f 1 13 14
f 1 14 15
f 1 15 16
f 1 16 17
f 1 17 18
f 1 18 19
f 1 19 20
f 1 20 21
f 1 21 22
f 1 22 23
f 1 23 24
f 1 24 25
f 1 25 26
f 1 26 27
f 1 27 28
f 1 28 29
f 1 29 30
f 1 30 31
f 1 31 32
f 1 32 33
f 1 33 34
f 1 34 35
f 1 35 36
f 1 36 37
f 1 37 38
f 1 38 39
f 1 39 40
f 1 40 41
f 1 41 42
f 1 42 43
f 1 43 44
f 1 44 45
f 1 45 46
f 1 46 47
f 1 47 48
f 1 48 49
f 1 49 50
f 1 50 51
f 1 51 52
f 1 52 53
f 1 53 54
f 1 54 55
f 1 55 56
f 1 56 57
f 1 57 58
f 1 58 59
f 1 59 60
f 1 60 61
f 1 61 62
f 1 62 63
f 1 63 64
f 1 64 65
f 1 65 2
f 66 98 67
f 67 98 99
f 67 99 68
f 68 99 100
f 68 100 69
f 69 100 101
f 69 101 70
f 70 101 102
f 70 102 71
f 71 102 103
f 71 103 72
f 72 103 104
f 72 104 73
f 73 104 105
f 73 105 74
f 74 105 106
f 74 106 75
f 75 106 107
f 75 107 76
f 76 107 108
f 76 108 77
f 77 108 109
f 77 109 78
f 78 109 110
f 78 110 79
f 79 110 111
f 79 111 80
f 80 111 112
f 80 112 81
f 81 112 113
f 81 113 82
f 82 113 114
f 82 114 83
f 83 114 115
f 83 115 84
f 84 115 116
f 84 116 85
f 85 116 117
f 85 117 86
f 86 117 118
f 86 118 87
f 87 118 119
f 87 119 88
f 88 119 120
f 88 120 89
f 89 120 121
f 89 121 90
f 90 121 122
f 90 122 91
f 91 122 123
f 91 123 92
f 92 123 124
f 92 124 93
f 93 124 125
f 93 125 94
f 94 125 126
f 94 126 95
f 95 126 127
f 95 127 96
f 96 127 128
f 96 128 97
f 97 128 129
f 97 129 66
f 66 129 98
f 98 130 99
f 99 130 131
f 99 131 100
f 100 131 132
f 100 132 101
f 101 132 133
f 101 133 102
f 102 133 134
f 102 134 103
f 103 134 135
f 103 135 104
f 104 135 136
f 104 136 105
f 105 136 137
f 105 137 106
f 106 137 138
f 106 138 107
f 107 138 139
f 107 139 108
f 108 139 140
f 108 140 109
f 109 140 141
f 109 141 110
f 110 141 142
f 110 142 111
f 111 142 143
f 111 143 112
f 112 143 144
f 112 144 113
f 113 144 145
f 113 145 114
f 114 145 146
f 114 146 115
f 115 146 147
f 115 147 116
f 116 147 148
f 116 148 117
f 117 148 149
f 117 149 118
f 118 149 150
f 118 150 119
f 119 150 151
f 119 151 120
f 120 151 152
f 120 152 121
f 121 152 153
f 121 153 122
f 122 153 154
f 122 154 123
f 123 154 155
f 123 155 124
f 124 155 156
f 124 156 125
f 125 156 157
f 125 157 126
f 126 157 158
f 126 158 127
f 127 158 159
f 127 159 128
f 128 159 160
f 128 160 129
f 129 160 161
f 129 161 98
f 98 161 130
f 130 162 131
f 131 162 163
f 131 163 132
f 132 163 164
f 132 164 133
f 133 164 165
f 133 165 134
f 134 165 166
f 134 166 135
f 135 166 167
f 135 167 136
f 136 167 168
f 136 168 137
f 137 168 169
f 137 169 138
f 138 169 170
f 138 170 139
f 139 170 171
f 139 171 140
f 140 171 172
f 140 172 141
f 141 172 173
f 141 173 142
f 142 173 174
f 142 174 143
f 143 174 175
f 143 175 144
f 144 175 176
f 144 176 145
f 145 176 177
f 145 177 146
f 146 177 178
f 146 178 147
f 147 178 179
f 147 179 148
f 148 179 180
f 148 180 149
f 149 180 181
f 149 181 150
f 150 181 182
f 150 182 151
f 151 182 183
f 151 183 152
f 152 183 184
f 152 184 153
f 153 184 185
f 153 185 154
f 154 185 186
f 154 186 155
f 155 186 187
f 155 187 156
f 156 187 188
f 156 188 157
f 157 188 189
f 157 189 158
f 158 189 190
f 158 190 159
f 159 190 191
f 159 191 160
f 160 191 192
f 160 192 161
f 161 192 193
f 161 193 130
f 130 193 162
f 162 194 163
f 163 194 195
f 163 195 164
f 164 195 196
f 164 196 165
f 165 196 197
f 165 197 166
f 166 197 198
f 166 198 167
f 167 198 199
f 167 199 168
f 168 199 200
f 168 200 169
f 169 200 201
f 169 201 170
f 170 201 202
f 170 202 171
f 171 202 203
f 171 203 172
f 172 203 204
f 172 204 173
f 173 204 205
f 173 205 174
f 174 205 206
f 174 206 175
f 175 206 207
f 175 207 176
f 176 207 208
f 176 208 177
f 177 208 209
f 177 209 178
f 178 209 210
f 178 210 179
f 179 210 211
f 179 211 180
f 180 211 212
f 180 212 181
f 181 212 213
f 181 213 182
f 182 213 214
f 182 214 183
f 183 214 215
f 183 215 184
f 184 215 216
f 184 216 185
f 185 216 217
f 185 217 186
f 186 217 218
f 186 218 187
f 187 218 219
f 187 219 188
f 188 219 220
f 188 220 189
f 189 220 221
f 189 221 190
f 190 221 222
f 190 222 191
f 191 222 223
f 191 223 192
f 192 223 224
f 192 224 193
f 193 224 225
f 193 225 162
f 162 225 194
f 194 226 195
f 195 226 227
f 195 227 196
f 196 227 228
f 196 228 197
f 197 228 229
f 197 229 198
f 198 229 230
f 198 230 199
f 199 230 231
f 199 231 200
f 200 231 232
f 200 232 201
f 201 232 233
f 201 233 202
f 202 233 234
f 202 234 203
f 203 234 235
f 203 235 204
f 204 235 236
f 204 236 205
f 205 236 237
f 205 237 206
f 206 237 238
f 206 238 207
f 207 238 239
f 207 239 208
f 208 239 240
f 208 240 209
f 209 240 241
f 209 241 210
f 210 241 242
f 210 242 211
f 211 242 243
f 211 243 212
f 212 243 244
f 212 244 213
f 213 244 245
f 213 245 214
f 214 245 246
f 214 246 215
f 215 246 247
f 215 247 216
f 216 247 248
f 216 248 217
f 217 248 249
f 217 249 218
f 218 249 250
f 218 250 219
f 219 250 251
f 219 251 220
f 220 251 252
f 220 252 221
f 221 252 253
f 221 253 222
f 222 253 254
f 222 254 223
f 223 254 255
f 223 255 224
f 224 255 256
f 224 256 225
f 225 256 257
f 225 257 194
f 194 257 226
f 226 258 227
f 227 258 259
f 227 259 228
f 228 259 260
f 228 260 229
f 229 260 261
f 229 261 230
f 230 261 262
f 230 262 231
f 231 262 263
f 231 263 232
f 232 263 264
f 232 264 233
f 233 264 265
f 233 265 234
f 234 265 266
f 234 266 235
f 235 266 267
f 235 267 236
f 236 267 268
f 236 268 237
f 237 268 269
f 237 269 238
f 238 269 270
f 238 270 239
f 239 270 271
f 239 271 240
f 240 271 272
f 240 272 241
f 241 272 273
f 241 273 242
f 242 273 274
f 242 274 243
f 243 274 275
f 243 275 244
f 244 275 276
f 244 276 245
f 245 276 277
f 245 277 246
f 246 277 278
f 246 278 247
f 247 278 279
f 247 279 248
f 248 279 280
f 248 280 249
f 249 280 281
f 249 281 250
f 250 281 282
f 250 282 251
f 251 282 283
f 251 283 252
f 252 283 284
f 252 284 253
f 253 284 285
f 253 285 254
f 254 285 286
f 254 286 255
f 255 286 287
f 255 287 256
f 256 287 288
f 256 288 257
f 257 288 289
f 257 289 226
f 226 289 258
f 258 290 259
f 259 290 291
f 259 291 260
f 260 291 292
f 260 292 261
f 261 292 293
f 261 293 262
f 262 293 294
f 262 294 263
f 263 294 295
f 263 295 264
f 264 295 296
f 264 296 265
f 265 296 297
f 265 297 266
f 266 297 298
f 266 298 267
f 267 298 299
f 267 299 268
f 268 299 300
f 268 300 269
f 269 300 301
f 269 301 270
f 270 301 302
f 270 302 271
f 271 302 303
f 271 303 272
f 272 303 304
f 272 304 273
f 273 304 305
f 273 305 274
f 274 305 306
f 274 306 275
f 275 306 307
f 275 307 276
f 276 307 308
f 276 308 277
f 277 308 309
f 277 309 278
f 278 309 310
f 278 310 279
f 279 310 311
f 279 311 280
f 280 311 312
f 280 312 281
f 281 312 313
f 281 313 282
f 282 313 314
f 282 314 283
f 283 314 315
f 283 315 284
f 284 315 316
f 284 316 285
f 285 316 317
f 285 317 286
f 286 317 318
f 286 318 287
f 287 318 319
f 287 319 288
f 288 319 320
f 288 320 289
f 289 320 321
f 289 321 258
f 258 321 290
f 290 322 291
f 291 322 323
f 291 323 292
f 292 323 324
f 292 324 293
f 293 324 325
f 293 325 294
f 294 325 326
f 294 326 295
f 295 326 327
f 295 327 296
f 296 327 328
f 296 328 297
f 297 328 329
f 297 329 298
f 298 329 330
f 298 330 299
f 299 330 331
f 299 331 300
f 300 331 332
f 300 332 301
f 301 332 333
f 301 333 302
f 302 333 334
f 302 334 303
f 303 334 335
f 303 335 304
f 304 335 336
f 304 336 305
f 305 336 337
f 305 337 306
f 306 337 338
f 306 338 307
f 307 338 339
f 307 339 308
f 308 339 340
f 308 340 309
f 309 340 341
f 309 341 310
f 310 341 342
f 310 342 311
f 311 342 343
f 311 343 312
f 312 343 344
f 312 344 313
f 313 344 345
f 313 345 314
f 314 345 346
f 314 346 315
f 315 346 347
f 315 347 316
f 316 347 348
f 316 348 317
f 317 348 349
f 317 349 318
f 318 349 350
f 318 350 319
f 319 350 351
f 319 351 320
f 320 351 352
f 320 352 321
f 321 352 353
f 321 353 290
f 290 353 322
f 322 354 323
f 323 354 355
f 323 355 324
f 324 355 356
f 324 356 325
f 325 356 357
f 325 357 326
f 326 357 358
f 326 358 327
f 327 358 359
f 327 359 328
f 328 359 360
f 328 360 329
f 329 360 361
f 329 361 330
f 330 361 362
f 330 362 331
f 331 362 363
f 331 363 332
f 332 363 364
f 332 364 333
f 333 364 365
f 333 365 334
f 334 365 366
f 334 366 335
f 335 366 367
f 335 367 336
f 336 367 368
f 336 368 337
f 337 368 369
f 337 369 338
f 338 369 370
f 338 370 339
f 339 370 371
f 339 371 340
f 340 371 372
f 340 372 341
f 341 372 373
f 341 373 342
f 342 373 374
f 342 374 343
f 343 374 375
f 343 375 344
f 344 375 376
f 344 376 345
f 345 376 377
f 345 377 346
f 346 377 378
f 346 378 347
f 347 378 379
f 347 379 348
f 348 379 380
f 348 380 349
f 349 380 381
f 349 381 350
f 350 381 382
f 350 382 351
f 351 382 383
f 351 383 352
f 352 383 384
f 352 384 353
f 353 384 385
f 353 385 322
f 322 385 354
f 354 386 355
f 355 386 387
f 355 387 356
f 356 387 388
f 356 388 357
f 357 388 389
f 357 389 358
f 358 389 390
f 358 390 359
f 359 390 391
f 359 391 360
f 360 391 392
f 360 392 361
f 361 392 393
f 361 393 362
f 362 393 394
f 362 394 363
f 363 394 395
f 363 395 364
f 364 395 396
f 364 396 365
f 365 396 397
f 365 397 366
f 366 397 398
f 366 398 367
f 367 398 399
f 367 399 368
f 368 399 400
f 368 400 369
f 369 400 401
f 369 401 370
f 370 401 402
f 370 402 371
f 371 402 403
f 371 403 372
f 372 403 404
f 372 404 373
f 373 404 405
f 373 405 374
f 374 405 406
f 374 406 375
f 375 406 407
f 375 407 376
f 376 407 408
f 376 408 377
f 377 408 409
f 377 409 378
f 378 409 410
f 378 410 379
f 379 410 411
f 379 411 380
f 380 411 412
f 380 412 381
f 381 412 413
f 381 413 382
f 382 413 414
f 382 414 383
f 383 414 415
f 383 415 384
f 384 415 416
f 384 416 385
f 385 416 417
f 385 417 354
f 354 417 386
f 386 418 387
f 387 418 419
f 387 419 388
f 388 419 420
f 388 420 389
f 389 420 421
f 389 421 390
f 390 421 422
f 390 422 391
f 391 422 423
f 391 423 392
f 392 423 424
f 392 424 393
f 393 424 425
f 393 425 394
f 394 425 426
f 394 426 395
f 395 426 427
f 395 427 396
f 396 427 428
f 396 428 397
f 397 428 429
f 397 429 398
f 398 429 430
f 398 430 399
f 399 430 431
f 399 431 400
f 400 431 432
f 400 432 401
f 401 432 433
f 401 433 402
f 402 433 434
f 402 434 403
f 403 434 435
f 403 435 404
f 404 435 436
f 404 436 405
f 405 436 437
f 405 437 406
f 406 437 438
f 406 438 407
f 407 438 439
f 407 439 408
f 408 439 440
f 408 440 409
f 409 440 441
f 409 441 410
f 410 441 442
f 410 442 411
f 411 442 443
f 411 443 412
f 412 443 444
f 412 444 413
f 413 444 445
f 413 445 414
f 414 445 446
f 414 446 415
f 415 446 447
f 415 447 416
f 416 447 448
f 416 448 417
f 417 448 449
f 417 449 386
f 386 449 418
f 418 450 419
f 419 450 451
f 419 451 420
f 420 451 452
f 420 452 421
f 421 452 453
f 421 453 422
f 422 453 454
f 422 454 423
f 423 454 455
f 423 455 424
f 424 455 456
f 424 456 425
f 425 456 457
f 425 457 426
f 426 457 458
f 426 458 427
f 427 458 459
f 427 459 428
f 428 459 460
f 428 460 429
f 429 460 461
f 429 461 430
f 430 461 462
f 430 462 431
f 431 462 463
f 431 463 432
f 432 463 464
f 432 464 433
f 433 464 465
f 433 465 434
f 434 465 466
f 434 466 435
f 435 466 467
f 435 467 436
f 436 467 468
f 436 468 437
f 437 468 469
f 437 469 438
f 438 469 470
f 438 470 439
f 439 470 471
f 439 471 440
f 440 471 472
f 440 472 441
f 441 472 473
f 441 473 442
f 442 473 474
f 442 474 443
f 443 474 475
f 443 475 444
f 444 475 476
f 444 476 445
f 445 476 477
f 445 477 446
f 446 477 478
f 446 478 447
f 447 478 479
f 447 479 448
f 448 479 480
f 448 480 449
f 449 480 481
f 449 481 418
f 418 481 450
f 450 482 451
f 451 482 483
f 451 483 452
f 452 483 484
f 452 484 453
f 453 484 485
f 453 485 454
f 454 485 486
f 454 486 455
f 455 486 487
f 455 487 456
f 456 487 488
f 456 488 457
f 457 488 489
f 457 489 458
f 458 489 490
f 458 490 459
f 459 490 491
f 459 491 460
f 460 491 492
f 460 492 461
f 461 492 493
f 461 493 462
f 462 493 494
f 462 494 463
f 463 494 495
f 463 495 464
f 464 495 496
f 464 496 465
f 465 496 497
f 465 497 466
f 466 497 498
f 466 498 467
f 467 498 499
f 467 499 468
f 468 499 500
f 468 500 469
f 469 500 501
f 469 501 470
f 470 501 502
f 470 502 471
f 471 502 503
f 471 503 472
f 472 503 504
f 472 504 473
f 473 504 505
f 473 505 474
f 474 505 506
f 474 506 475
f 475 506 507
f 475 507 476
f 476 507 508
f 476 508 477
f 477 508 509
f 477 509 478
f 478 509 510
f 478 510 479
f 479 510 511
f 479 511 480
f 480 511 512
f 480 512 481
f 481 512 513
f 481 513 450
f 450 513 482
f 482 514 483
f 483 514 515
f 483 515 484
f 484 515 516
f 484 516 485
f 485 516 517
f 485 517 486
f 486 517 518
f 486 518 487
f 487 518 519
f 487 519 488
f 488 519 520
f 488 520 489
f 489 520 521
f 489 521 490
f 490 521 522
f 490 522 491
f 491 522 523
f 491 523 492
f 492 523 524
f 492 524 493
f 493 524 525
f 493 525 494
f 494 525 526
f 494 526 495
f 495 526 527
f 495 527 496
f 496 527 528
f 496 528 497
f 497 528 529
f 497 529 498
f 498 529 530
f 498 530 499
f 499 530 531
f 499 531 500
f 500 531 532
f 500 532 501
f 501 532 533
f 501 533 502
f 502 533 534
f 502 534 503
f 503 534 535
f 503 535 504
f 504 535 536
f 504 536 505
f 505 536 537
f 505 537 506
f 506 537 538
f 506 538 507
f 507 538 539
f 507 539 508
f 508 539 540
f 508 540 509
f 509 540 541
f 509 541 510
f 510 541 542
f 510 542 511
f 511 542 543
f 511 543 512
f 512 543 544
f 512 544 513
f 513 544 545
f 513 545 482
f 482 545 514
f 514 546 515
f 515 546 547
f 515 547 516
f 516 547 548
f 516 548 517
f 517 548 549
f 517 549 518
f 518 549 550
f 518 550 519
f 519 550 551
f 519 551 520
f 520 551 552
f 520 552 521
f 521 552 553
f 521 553 522
f 522 553 554
f 522 554 523
f 523 554 555
f 523 555 524
f 524 555 556
f 524 556 525
f 525 556 557
f 525 557 526
f 526 557 558
f 526 558 527
f 527 558 559
f 527 559 528
f 528 559 560
f 528 560 529
f 529 560 561
f 529 561 530
f 530 561 562
f 530 562 531
f 531 562 563
f 531 563 532
f 532 563 564
f 532 564 533
f 533 564 565
f 533 565 534
f 534 565 566
f 534 566 535
f 535 566 567
f 535 567 536
f 536 567 568
f 536 568 537
f 537 568 569
f 537 569 538
f 538 569 570
f 538 570 539
f 539 570 571
f 539 571 540
f 540 571 572
f 540 572 541
f 541 572 573
f 541 573 542
f 542 573 574
f 542 574 543
f 543 574 575
f 543 575 544
f 544 575 576
f 544 576 545
f 545 576 577
f 545 577 514
f 514 577 546
f 546 578 547
f 547 578 579
f 547 579 548
f 548 579 580
f 548 580 549
f 549 580 581
f 549 581 550
f 550 581 582
f 550 582 551
f 551 582 583
f 551 583 552
f 552 583 584
f 552 584 553
f 553 584 585
f 553 585 554
f 554 585 586
f 554 586 555
f 555 586 587
f 555 587 556
f 556 587 588
f 556 588 557
f 557 588 589
f 557 589 558
f 558 589 590
f 558 590 559
f 559 590 591
f 559 591 560
f 560 591 592
f 560 592 561
f 561 592 593
f 561 593 562
f 562 593 594
f 562 594 563
f 563 594 595
f 563 595 564
f 564 595 596
f 564 596 565
f 565 596 597
f 565 597 566
f 566 597 598
f 566 598 567
f 567 598 599
f 567 599 568
f 568 599 600
f 568 600 569
f 569 600 601
f 569 601 570
f 570 601 602
f 570 602 571
f 571 602 603
f 571 603 572
f 572 603 604
f 572 604 573
f 573 604 605
f 573 605 574
f 574 605 606
f 574 606 575
f 575 606 607
f 575 607 576
f 576 607 608
f 576 608 577
f 577 608 609
f 577 609 546
f 546 609 578
f 578 610 579
f 579 610 611
f 579 611 580
f 580 611 612
f 580 612 581
f 581 612 613
f 581 613 582
f 582 613 614
f 582 614 583
f 583 614 615
f 583 615 584
f 584 615 616
f 584 616 585
f 585 616 617
f 585 617 586
f 586 617 618
f 586 618 587
f 587 618 619
f 587 619 588
f 588 619 620
f 588 620 589
f 589 620 621
f 589 621 590
f 590 621 622
f 590 622 591
f 591 622 623
f 591 623 592
f 592 623 624
f 592 624 593
f 593 624 625
f 593 625 594
f 594 625 626
f 594 626 595
f 595 626 627
f 595 627 596
f 596 627 628
f 596 628 597
f 597 628 629
f 597 629 598
f 598 629 630
f 598 630 599
f 599 630 631
f 599 631 600
f 600 631 632
f 600 632 601
f 601 632 633
f 601 633 602
f 602 633 634
f 602 634 603
f 603 634 635
f 603 635 604
f 604 635 636
f 604 636 605
f 605 636 637
f 605 637 606
f 606 637 638
f 606 638 607
f 607 638 639
f 607 639 608
f 608 639 640
f 608 640 609
f 609 640 641
f 609 641 578
f 578 641 610
f 610 642 611
f 611 642 643
f 611 643 612
f 612 643 644
f 612 644 613
f 613 644 645
f 613 645 614
f 614 645 646
f 614 646 615
f 615 646 647
f 615 647 616
f 616 647 648
f 616 648 617
f 617 648 649
f 617 649 618
f 618 649 650
f 618 650 619
f 619 650 651
f 619 651 620
f 620 651 652
f 620 652 621
f 621 652 653
f 621 653 622
f 622 653 654
f 622 654 623
f 623 654 655
f 623 655 624
f 624 655 656
f 624 656 625
f 625 656 657
f 625 657 626
f 626 657 658
f 626 658 627
f 627 658 659
f 627 659 628
f 628 659 660
f 628 660 629
f 629 660 661
f 629 661 630
f 630 661 662
f 630 662 631
f 631 662 663
f 631 663 632
f 632 663 664
f 632 664 633
f 633 664 665
f 633 665 634
f 634 665 666
f 634 666 635
f 635 666 667
f 635 667 636
f 636 667 668
f 636 668 637
f 637 668 669
f 637 669 638
f 638 669 670
f 638 670 639
f 639 670 671
f 639 671 640
f 640 671 672
f 640 672 641
f 641 672 673
f 641 673 610
f 610 673 642
f 642 674 643
f 643 674 675
f 643 675 644
f 644 675 676
f 644 676 645
f 645 676 677
f 645 677 646
f 646 677 678
f 646 678 647
f 647 678 679
f 647 679 648
f 648 679 680
f 648 680 649
f 649 680 681
f 649 681 650
f 650 681 682
f 650 682 651
f 651 682 683
f 651 683 652
f 652 683 684
f 652 684 653
f 653 684 685
f 653 685 654
f 654 685 686
f 654 686 655
f 655 686 687
f 655 687 656
f 656 687 688
f 656 688 657
f 657 688 689
f 657 689 658
f 658 689 690
f 658 690 659
f 659 690 691
f 659 691 660
f 660 691 692
f 660 692 661
f 661 692 693
f 661 693 662
f 662 693 694
f 662 694 663
f 663 694 695
f 663 695 664
f 664 695 696
f 664 696 665
f 665 696 697
f 665 697 666
f 666 697 698
f 666 698 667
f 667 698 699
f 667 699 668
f 668 699 700
f 668 700 669
f 669 700 701
f 669 701 670
f 670 701 702
f 670 702 671
f 671 702 703
f 671 703 672
f 672 703 704
f 672 704 673
f 673 704 705
f 673 705 642
f 642 705 674
f 674 706 675
f 675 706 707
f 675 707 676
f 676 707 708
f 676 708 677
f 677 708 709
f 677 709 678
f 678 709 710
f 678 710 679
f 679 710 711
f 679 711 680
f 680 711 712
f 680 712 681
f 681 712 713
f 681 713 682
f 682 713 714
f 682 714 683
f 683 714 715
f 683 715 684
f 684 715 716
f 684 716 685
f 685 716 717
f 685 717 686
f 686 717 718
f 686 718 687
f 687 718 719
f 687 719 688
f 688 719 720
f 688 720 689
f 689 720 721
f 689 721 690
f 690 721 722
f 690 722 691
f 691 722 723
f 691 723 692
f 692 723 724
f 692 724 693
f 693 724 725
f 693 725 694
f 694 725 726
f 694 726 695
f 695 726 727
f 695 727 696
f 696 727 728
f 696 728 697
f 697 728 729
f 697 729 698
f 698 729 730
f 698 730 699
f 699 730 731
f 699 731 700
f 700 731 732
f 700 732 701
f 701 732 733
f 701 733 702
f 702 733 734
f 702 734 703
f 703 734 735
f 703 735 704
f 704 735 736
f 704 736 705
f 705 736 737
f 705 737 674
f 674 737 706
f 706 738 707
f 707 738 739
f 707 739 708
f 708 739 740
f 708 740 709
f 709 740 741
f 709 741 710
f 710 741 742
f 710 742 711
f 711 742 743
f 711 743 712
f 712 743 744
f 712 744 713
f 713 744 745
f 713 745 714
f 714 745 746
f 714 746 715
f 715 746 747
f 715 747 716
f 716 747 748
f 716 748 717
f 717 748 749
f 717 749 718
f 718 749 750
f 718 750 719
f 719 750 751
f 719 751 720
f 720 751 752
f 720 752 721
f 721 752 753
f 721 753 722
f 722 753 754
f 722 754 723
f 723 754 755
f 723 755 724
f 724 755 756
f 724 756 725
f 725 756 757
f 725 757 726
f 726 757 758
f 726 758 727
f 727 758 759
f 727 759 728
f 728 759 760
f 728 760 729
f 729 760 761
f 729 761 730
f 730 761 762
f 730 762 731
f 731 762 763
f 731 763 732
f 732 763 764
f 732 764 733
f 733 764 765
f 733 765 734
f 734 765 766
f 734 766 735
f 735 766 767
f 735 767 736
f 736 767 768
f 736 768 737
f 737 768 769
f 737 769 706
f 706 769 738
f 738 770 739
f 739 770 771
f 739 771 740
f 740 771 772
f 740 772 741
f 741 772 773
f 741 773 742
f 742 773 774
f 742 774 743
f 743 774 775
f 743 775 744
f 744 775 776
f 744 776 745
f 745 776 777
f 745 777 746
f 746 777 778
f 746 778 747
f 747 778 779
f 747 779 748
f 748 779 780
f 748 780 749
f 749 780 781
f 749 781 750
f 750 781 782
f 750 782 751
f 751 782 783
f 751 783 752
f 752 783 784
f 752 784 753
f 753 784 785
f 753 785 754
f 754 785 786
f 754 786 755
f 755 786 787
f 755 787 756
f 756 787 788
f 756 788 757
f 757 788 789
f 757 789 758
f 758 789 790
f 758 790 759
f 759 790 791
f 759 791 760
f 760 791 792
f 760 792 761
f 761 792 793
f 761 793 762
f 762 793 794
f 762 794 763
f 763 794 795
f 763 795 764
f 764 795 796
f 764 796 765
f 765 796 797
f 765 797 766
f 766 797 798
f 766 798 767
f 767 798 799
f 767 799 768
f 768 799 800
f 768 800 769
f 769 800 801
f 769 801 738
f 738 801 770
f 770 802 771
f 771 802 803
f 771 803 772
f 772 803 804
f 772 804 773
f 773 804 805
f 773 805 774
f 774 805 806
f 774 806 775
f 775 806 807
f 775 807 776
f 776 807 808
f 776 808 777
f 777 808 809
f 777 809 778
f 778 809 810
f 778 810 779
f 779 810 811
f 779 811 780
f 780 811 812
f 780 812 781
f 781 812 813
f 781 813 782
f 782 813 814
f 782 814 783
f 783 814 815
f 783 815 784
f 784 815 816
f 784 816 785
f 785 816 817
f 785 817 786
f 786 817 818
f 786 818 787
f 787 818 819
f 787 819 788
f 788 819 820
f 788 820 789
f 789 820 821
f 789 821 790
f 790 821 822
f 790 822 791
f 791 822 823
f 791 823 792
f 792 823 824
f 792 824 793
f 793 824 825
f 793 825 794
f 794 825 826
f 794 826 795
f 795 826 827
f 795 827 796
f 796 827 828
f 796 828 797
f 797 828 829
f 797 829 798
f 798 829 830
f 798 830 799
f 799 830 831
f 799 831 800
f 800 831 832
f 800 832 801
f 801 832 833
f 801 833 770
f 770 833 802
f 802 834 803
f 803 834 835
f 803 835 804
f 804 835 836
f 804 836 805
f 805 836 837
f 805 837 806
f 806 837 838
f 806 838 807
f 807 838 839
f 807 839 808
f 808 839 840
f 808 840 809
f 809 840 841
f 809 841 810
f 810 841 842
f 810 842 811
f 811 842 843
f 811 843 812
f 812 843 844
f 812 844 813
f 813 844 845
f 813 845 814
f 814 845 846
f 814 846 815
f 815 846 847
f 815 847 816
f 816 847 848
f 816 848 817
f 817 848 849
f 817 849 818
f 818 849 850
f 818 850 819
f 819 850 851
f 819 851 820
f 820 851 852
f 820 852 821
f 821 852 853
f 821 853 822
f 822 853 854
f 822 854 823
f 823 854 855
f 823 855 824
f 824 855 856
f 824 856 825
f 825 856 857
f 825 857 826
f 826 857 858
f 826 858 827
f 827 858 859
f 827 859 828
f 828 859 860
f 828 860 829
f 829 860 861
f 829 861 830
f 830 861 862
f 830 862 831
f 831 862 863
f 831 863 832
f 832 863 864
f 832 864 833
f 833 864 865
f 833 865 802
f 802 865 834
f 834 866 835
f 835 866 867
f 835 867 836
f 836 867 868
f 836 868 837
f 837 868 869
f 837 869 838
f 838 869 870
f 838 870 839
f 839 870 871
f 839 871 840
f 840 871 872
f 840 872 841
f 841 872 873
f 841 873 842
f 842 873 874
f 842 874 843
f 843 874 875
f 843 875 844
f 844 875 876
f 844 876 845
f 845 876 877
f 845 877 846
f 846 877 878
f 846 878 847
f 847 878 879
f 847 879 848
f 848 879 880
f 848 880 849
f 849 880 881
f 849 881 850
f 850 881 882
f 850 882 851
f 851 882 883
f 851 883 852
f 852 883 884
f 852 884 853
f 853 884 885
f 853 885 854
f 854 885 886
f 854 886 855
f 855 886 887
f 855 887 856
f 856 887 888
f 856 888 857
f 857 888 889
f 857 889 858
f 858 889 890
f 858 890 859
f 859 890 891
f 859 891 860
f 860 891 892
f 860 892 861
f 861 892 893
f 861 893 862
f 862 893 894
f 862 894 863
f 863 894 895
f 863 895 864
f 864 895 896
f 864 896 865
f 865 896 897
f 865 897 834
f 834 897 866
f 866 898 867
f 867 898 899
f 867 899 868
f 868 899 900
f 868 900 869
f 869 900 901
f 869 901 870
f 870 901 902
f 870 902 871
f 871 902 903
f 871 903 872
f 872 903 904
f 872 904 873
f 873 904 905
f 873 905 874
f 874 905 906
f 874 906 875
f 875 906 907
f 875 907 876
f 876 907 908
f 876 908 877
f 877 908 909
f 877 909 878
f 878 909 910
f 878 910 879
f 879 910 911
f 879 911 880
f 880 911 912
f 880 912 881
f 881 912 913
f 881 913 882
f 882 913 914
f 882 914 883
f 883 914 915
f 883 915 884
f 884 915 916
f 884 916 885
f 885 916 917
f 885 917 886
f 886 917 918
f 886 918 887
f 887 918 919
f 887 919 888
f 888 919 920
f 888 920 889
f 889 920 921
f 889 921 890
f 890 921 922
f 890 922 891
f 891 922 923
f 891 923 892
f 892 923 924
f 892 924 893
f 893 924 925
f 893 925 894
f 894 925 926
f 894 926 895
f 895 926 927
f 895 927 896
f 896 927 928
f 896 928 897
f 897 928 929
f 897 929 866
f 866 929 898
f 898 930 899
f 899 930 931
f 899 931 900
f 900 931 932
f 900 932 901
f 901 932 933
f 901 933 902
f 902 933 934
f 902 934 903
f 903 934 935
f 903 935 904
f 904 935 936
f 904 936 905
f 905 936 937
f 905 937 906
f 906 937 938
f 906 938 907
f 907 938 939
f 907 939 908
f 908 939 940
f 908 940 909
f 909 940 941
f 909 941 910
f 910 941 942
f 910 942 911
f 911 942 943
f 911 943 912
f 912 943 944
f 912 944 913
f 913 944 945
f 913 945 914
f 914 945 946
f 914 946 915
f 915 946 947
f 915 947 916
f 916 947 948
f 916 948 917
f 917 948 949
f 917 949 918
f 918 949 950
f 918 950 919
f 919 950 951
f 919 951 920
f 920 951 952
f 920 952 921
f 921 952 953
f 921 953 922
f 922 953 954
f 922 954 923
f 923 954 955
f 923 955 924
f 924 955 956
f 924 956 925
f 925 956 957
f 925 957 926
f 926 957 958
f 926 958 927
f 927 958 959
f 927 959 928
f 928 959 960
f 928 960 929
f 929 960 961
f 929 961 898
f 898 961 930
f 930 962 931
f 931 962 963
f 931 963 932
f 932 963 964
f 932 964 933
f 933 964 965
f 933 965 934
f 934 965 966
f 934 966 935
f 935 966 967
f 935 967 936
f 936 967 968
f 936 968 937
f 937 968 969
f 937 969 938
f 938 969 970
f 938 970 939
f 939 970 971
f 939 971 940
f 940 971 972
f 940 972 941
f 941 972 973
f 941 973 942
f 942 973 974
f 942 974 943
f 943 974 975
f 943 975 944
f 944 975 976
f 944 976 945
f 945 976 977
f 945 977 946
f 946 977 978
f 946 978 947
f 947 978 979
f 947 979 948
f 948 979 980
f 948 980 949
f 949 980 981
f 949 981 950
f 950 981 982
f 950 982 951
f 951 982 983
f 951 983 952
f 952 983 984
f 952 984 953
f 953 984 985
f 953 985 954
f 954 985 986
f 954 986 955
f 955 986 987
f 955 987 956
f 956 987 988
f 956 988 957
f 957 988 989
f 957 989 958
f 958 989 990
f 958 990 959
f 959 990 991
f 959 991 960
f 960 991 992
f 960 992 961
f 961 992 993
f 961 993 930
f 930 993 962
f 962 994 963
f 963 994 995
f 963 995 964
f 964 995 996
f 964 996 965
f 965 996 997
f 965 997 966
f 966 997 998
f 966 998 967
f 967 998 999
f 967 999 968
f 968 999 1000
f 968 1000 969
f 969 1000 1001
f 969 1001 970
f 970 1001 1002
f 970 1002 971
f 971 1002 1003
f 971 1003 972
f 972 1003 1004
f 972 1004 973
f 973 1004 1005
f 973 1005 974
f 974 1005 1006
f 974 1006 975
f 975 1006 1007
f 975 1007 976
f 976 1007 1008
f 976 1008 977
f 977 1008 1009
f 977 1009 978
f 978 1009 1010
f 978 1010 979
f 979 1010 1011
f 979 1011 980
f 980 1011 1012
f 980 1012 981
f 981 1012 1013
f 981 1013 982
f 982 1013 1014
f 982 1014 983
f 983 1014 1015
f 983 1015 984
f 984 1015 1016
f 984 1016 985
f 985 1016 1017
f 985 1017 986
f 986 1017 1018
f 986 1018 987
f 987 1018 1019
f 987 1019 988
f 988 1019 1020
f 988 1020 989
f 989 1020 1021
f 989 1021 990
f 990 1021 1022
f 990 1022 991
f 991 1022 1023
f 991 1023 992
f 992 1023 1024
f 992 1024 993
f 993 1024 1025
f 993 1025 962
f 962 1025 994
f 994 1026 995
f 995 1026 1027
f 995 1027 996
f 996 1027 1028
f 996 1028 997
f 997 1028 1029
f 997 1029 998
f 998 1029 1030
f 998 1030 999
f 999 1030 1031
f 999 1031 1000
f 1000 1031 1032
f 1000 1032 1001
f 1001 1032 1033
f 1001 1033 1002
f 1002 1033 1034
f 1002 1034 1003
f 1003 1034 1035
f 1003 1035 1004
f 1004 1035 1036
f 1004 1036 1005
f 1005 1036 1037
f 1005 1037 1006
f 1006 1037 1038
f 1006 1038 1007
f 1007 1038 1039
f 1007 1039 1008
f 1008 1039 1040
f 1008 1040 1009
f 1009 1040 1041
f 1009 1041 1010
f 1010 1041 1042
f 1010 1042 1011
f 1011 1042 1043
f 1011 1043 1012
f 1012 1043 1044
f 1012 1044 1013
f 1013 1044 1045
f 1013 1045 1014
f 1014 1045 1046
f 1014 1046 1015
f 1015 1046 1047
f 1015 1047 1016
f 1016 1047 1048
f 1016 1048 1017
f 1017 1048 1049
f 1017 1049 1018
f 1018 1049 1050
f 1018 1050 1019
f 1019 1050 1051
f 1019 1051 1020
f 1020 1051 1052
f 1020 1052 1021
f 1021 1052 1053
f 1021 1053 1022
f 1022 1053 1054
f 1022 1054 1023
f 1023 1054 1055
f 1023 1055 1024
f 1024 1055 1056
f 1024 1056 1025
f 1025 1056 1057
f 1025 1057 994
f 994 1057 1026
f 1026 1058 1027
f 1027 1058 1059
f 1027 1059 1028
f 1028 1059 1060
f 1028 1060 1029
f 1029 1060 1061
f 1029 1061 1030
f 1030 1061 1062
f 1030 1062 1031
f 1031 1062 1063
f 1031 1063 1032
f 1032 1063 1064
f 1032 1064 1033
f 1033 1064 1065
f 1033 1065 1034
f 1034 1065 1066
f 1034 1066 1035
f 1035 1066 1067
f 1035 1067 1036
f 1036 1067 1068
f 1036 1068 1037
f 1037 1068 1069
f 1037 1069 1038
f 1038 1069 1070
f 1038 1070 1039
f 1039 1070 1071
f 1039 1071 1040
f 1040 1071 1072
f 1040 1072 1041
f 1041 1072 1073
f 1041 1073 1042
f 1042 1073 1074
f 1042 1074 1043
f 1043 1074 1075
f 1043 1075 1044
f 1044 1075 1076
f 1044 1076 1045
f 1045 1076 1077
f 1045 1077 1046
f 1046 1077 1078
f 1046 1078 1047
f 1047 1078 1079
f 1047 1079 1048
f 1048 1079 1080
f 1048 1080 1049
f 1049 1080 1081
f 1049 1081 1050
f 1050 1081 1082
f 1050 1082 1051
f 1051 1082 1083
f 1051 1083 1052
f 1052 1083 1084
f 1052 1084 1053
f 1053 1084 1085
f 1053 1085 1054
f 1054 1085 1086
f 1054 1086 1055
f 1055 1086 1087
f 1055 1087 1056
f 1056 1087 1088
f 1056 1088 1057
f 1057 1088 1089
f 1057 1089 1026
f 1026 1089 1058
f 1058 1090 1059
f 1059 1090 1091
f 1059 1091 1060
f 1060 1091 1092
f 1060 1092 1061
f 1061 1092 1093
f 1061 1093 1062
f 1062 1093 1094
f 1062 1094 1063
f 1063 1094 1095
f 1063 1095 1064
f 1064 1095 1096
f 1064 1096 1065
f 1065 1096 1097
f 1065 1097 1066
f 1066 1097 1098
f 1066 1098 1067
f 1067 1098 1099
f 1067 1099 1068
f 1068 1099 1100
f 1068 1100 1069
f 1069 1100 1101
f 1069 1101 1070
f 1070 1101 1102
f 1070 1102 1071
f 1071 1102 1103
f 1071 1103 1072
f 1072 1103 1104
f 1072 1104 1073
f 1073 1104 1105
f 1073 1105 1074
f 1074 1105 1106
f 1074 1106 1075
f 1075 1106 1107
f 1075 1107 1076
f 1076 1107 1108
f 1076 1108 1077
f 1077 1108 1109
f 1077 1109 1078
f 1078 1109 1110
f 1078 1110 1079
f 1079 1110 1111
f 1079 1111 1080
f 1080 1111 1112
f 1080 1112 1081
f 1081 1112 1113
f 1081 1113 1082
f 1082 1113 1114
f 1082 1114 1083
f 1083 1114 1115
f 1083 1115 1084
f 1084 1115 1116
f 1084 1116 1085
f 1085 1116 1117
f 1085 1117 1086
f 1086 1117 1118
f 1086 1118 1087
f 1087 1118 1119
f 1087 1119 1088
f 1088 1119 1120
f 1088 1120 1089
f 1089 1120 1121
f 1089 1121 1058
f 1058 1121 1090
f 1090 1122 1091
f 1091 1122 1123
f 1091 1123 1092
f 1092 1123 1124
f 1092 1124 1093
f 1093 1124 1125
f 1093 1125 1094
f 1094 1125 1126
f 1094 1126 1095
f 1095 1126 1127
f 1095 1127 1096
f 1096 1127 1128
f 1096 1128 1097
f 1097 1128 1129
f 1097 1129 1098
f 1098 1129 1130
f 1098 1130 1099
f 1099 1130 1131
f 1099 1131 1100
f 1100 1131 1132
f 1100 1132 1101
f 1101 1132 1133
f 1101 1133 1102
f 1102 1133 1134
f 1102 1134 1103
f 1103 1134 1135
f 1103 1135 1104
f 1104 1135 1136
f 1104 1136 1105
f 1105 1136 1137
f 1105 1137 1106
f 1106 1137 1138
f 1106 1138 1107
f 1107 1138 1139
f 1107 1139 1108
f 1108 1139 1140
f 1108 1140 1109
f 1109 1140 1141
f 1109 1141 1110
f 1110 1141 1142
f 1110 1142 1111
f 1111 1142 1143
f 1111 1143 1112
f 1112 1143 1144
f 1112 1144 1113
f 1113 1144 1145
f 1113 1145 1114
f 1114 1145 1146
f 1114 1146 1115
f 1115 1146 1147
f 1115 1147 1116
f 1116 1147 1148
f 1116 1148 1117
f 1117 1148 1149
f 1117 1149 1118
f 1118 1149 1150
f 1118 1150 1119
f 1119 1150 1151
f 1119 1151 1120
f 1120 1151 1152
f 1120 1152 1121
f 1121 1152 1153
f 1121 1153 1090
f 1090 1153 1122
f 1122 1154 1123
f 1123 1154 1155
f 1123 1155 1124
f 1124 1155 1156
f 1124 1156 1125
f 1125 1156 1157
f 1125 1157 1126
f 1126 1157 1158
f 1126 1158 1127
f 1127 1158 1159
f 1127 1159 1128
f 1128 1159 1160
f 1128 1160 1129
f 1129 1160 1161
f 1129 1161 1130
f 1130 1161 1162
f 1130 1162 1131
f 1131 1162 1163
f 1131 1163 1132
f 1132 1163 1164
f 1132 1164 1133
f 1133 1164 1165
f 1133 1165 1134
f 1134 1165 1166
f 1134 1166 1135
f 1135 1166 1167
f 1135 1167 1136
f 1136 1167 1168
f 1136 1168 1137
f 1137 1168 1169
f 1137 1169 1138
f 1138 1169 1170
f 1138 1170 1139
f 1139 1170 1171
f 1139 1171 1140
f 1140 1171 1172
f 1140 1172 1141
f 1141 1172 1173
f 1141 1173 1142
f 1142 1173 1174
f 1142 1174 1143
f 1143 1174 1175
f 1143 1175 1144
f 1144 1175 1176
f 1144 1176 1145
f 1145 1176 1177
f 1145 1177 1146
f 1146 1177 1178
f 1146 1178 1147
f 1147 1178 1179
f 1147 1179 1148
f 1148 1179 1180
f 1148 1180 1149
f 1149 1180 1181
f 1149 1181 1150
f 1150 1181 1182
f 1150 1182 1151
f 1151 1182 1183
f 1151 1183 1152
f 1152 1183 1184
f 1152 1184 1153
f 1153 1184 1185
f 1153 1185 1122
f 1122 1185 1154
f 1154 1186 1155
f 1155 1186 1187
f 1155 1187 1156
f 1156 1187 1188
f 1156 1188 1157
f 1157 1188 1189
f 1157 1189 1158
f 1158 1189 1190
f 1158 1190 1159
f 1159 1190 1191
f 1159 1191 1160
f 1160 1191 1192
f 1160 1192 1161
f 1161 1192 1193
f 1161 1193 1162
f 1162 1193 1194
f 1162 1194 1163
f 1163 1194 1195
f 1163 1195 1164
f 1164 1195 1196
f 1164 1196 1165
f 1165 1196 1197
f 1165 1197 1166
f 1166 1197 1198
f 1166 1198 1167
f 1167 1198 1199
f 1167 1199 1168
f 1168 1199 1200
f 1168 1200 1169
f 1169 1200 1201
f 1169 1201 1170
f 1170 1201 1202
f 1170 1202 1171
f 1171 1202 1203
f 1171 1203 1172
f 1172 1203 1204
f 1172 1204 1173
f 1173 1204 1205
f 1173 1205 1174
f 1174 1205 1206
f 1174 1206 1175
f 1175 1206 1207
f 1175 1207 1176
f 1176 1207 1208
f 1176 1208 1177
f 1177 1208 1209
f 1177 1209 1178
f 1178 1209 1210
f 1178 1210 1179
f 1179 1210 1211
f 1179 1211 1180
f 1180 1211 1212
f 1180 1212 1181
f 1181 1212 1213
f 1181 1213 1182
f 1182 1213 1214
f 1182 1214 1183
f 1183 1214 1215
f 1183 1215 1184
f 1184 1215 1216
f 1184 1216 1185
f 1185 1216 1217
f 1185 1217 1154
f 1154 1217 1186
f 1186 1218 1187
f 1187 1218 1219
f 1187 1219 1188
f 1188 1219 1220
f 1188 1220 1189
f 1189 1220 1221
f 1189 1221 1190
f 1190 1221 1222
f 1190 1222 1191
f 1191 1222 1223
f 1191 1223 1192
f 1192 1223 1224
f 1192 1224 1193
f 1193 1224 1225
f 1193 1225 1194
f 1194 1225 1226
f 1194 1226 1195
f 1195 1226 1227
f 1195 1227 1196
f 1196 1227 1228
f 1196 1228 1197
f 1197 1228 1229
f 1197 1229 1198
f 1198 1229 1230
f 1198 1230 1199
f 1199 1230 1231
f 1199 1231 1200
f 1200 1231 1232
f 1200 1232 1201
f 1201 1232 1233
f 1201 1233 1202
f 1202 1233 1234
f 1202 1234 1203
f 1203 1234 1235
f 1203 1235 1204
f 1204 1235 1236
f 1204 1236 1205
f 1205 1236 1237
f 1205 1237 1206
f 1206 1237 1238
f 1206 1238 1207
f 1207 1238 1239
f 1207 1239 1208
f 1208 1239 1240
f 1208 1240 1209
f 1209 1240 1241
f 1209 1241 1210
f 1210 1241 1242
f 1210 1242 1211
f 1211 1242 1243
f 1211 1243 1212
f 1212 1243 1244
f 1212 1244 1213
f 1213 1244 1245
f 1213 1245 1214
f 1214 1245 1246
f 1214 1246 1215
f 1215 1246 1247
f 1215 1247 1216
f 1216 1247 1248
f 1216 1248 1217
f 1217 1248 1249
f 1217 1249 1186
f 1186 1249 1218
f 1218 1250 1219
f 1219 1250 1251
f 1219 1251 1220
f 1220 1251 1252
f 1220 1252 1221
f 1221 1252 1253
f 1221 1253 1222
f 1222 1253 1254
f 1222 1254 1223
f 1223 1254 1255
f 1223 1255 1224
f 1224 1255 1256
f 1224 1256 1225
f 1225 1256 1257
f 1225 1257 1226
f 1226 1257 1258
f 1226 1258 1227
f 1227 1258 1259
f 1227 1259 1228
f 1228 1259 1260
f 1228 1260 1229
f 1229 1260 1261
f 1229 1261 1230
f 1230 1261 1262
f 1230 1262 1231
f 1231 1262 1263
f 1231 1263 1232
f 1232 1263 1264
f 1232 1264 1233
f 1233 1264 1265
f 1233 1265 1234
f 1234 1265 1266
f 1234 1266 1235
f 1235 1266 1267
f 1235 1267 1236
f 1236 1267 1268
f 1236 1268 1237
f 1237 1268 1269
f 1237 1269 1238
f 1238 1269 1270
f 1238 1270 1239
f 1239 1270 1271
f 1239 1271 1240
f 1240 1271 1272
f 1240 1272 1241
f 1241 1272 1273
f 1241 1273 1242
f 1242 1273 1274
f 1242 1274 1243
f 1243 1274 1275
f 1243 1275 1244
f 1244 1275 1276
f 1244 1276 1245
f 1245 1276 1277
f 1245 1277 1246
f 1246 1277 1278
f 1246 1278 1247
f 1247 1278 1279
f 1247 1279 1248
f 1248 1279 1280
f 1248 1280 1249
f 1249 1280 1281
f 1249 1281 1218
f 1218 1281 1250
f 1250 1282 1251
f 1251 1282 1283
f 1251 1283 1252
f 1252 1283 1284
f 1252 1284 1253
f 1253 1284 1285
f 1253 1285 1254
f 1254 1285 1286
f 1254 1286 1255
f 1255 1286 1287
f 1255 1287 1256
f 1256 1287 1288
f 1256 1288 1257
f 1257 1288 1289
f 1257 1289 1258
f 1258 1289 1290
f 1258 1290 1259
f 1259 1290 1291
f 1259 1291 1260
f 1260 1291 1292
f 1260 1292 1261
f 1261 1292 1293
f 1261 1293 1262
f 1262 1293 1294
f 1262 1294 1263
f 1263 1294 1295
f 1263 1295 1264
f 1264 1295 1296
f 1264 1296 1265
f 1265 1296 1297
f 1265 1297 1266
f 1266 1297 1298
f 1266 1298 1267
f 1267 1298 1299
f 1267 1299 1268
f 1268 1299 1300
f 1268 1300 1269
f 1269 1300 1301
f 1269 1301 1270
f 1270 1301 1302
f 1270 1302 1271
f 1271 1302 1303
f 1271 1303 1272
f 1272 1303 1304
f 1272 1304 1273
f 1273 1304 1305
f 1273 1305 1274
f 1274 1305 1306
f 1274 1306 1275
f 1275 1306 1307
f 1275 1307 1276
f 1276 1307 1308
f 1276 1308 1277
f 1277 1308 1309
f 1277 1309 1278
f 1278 1309 1310
f 1278 1310 1279
f 1279 1310 1311
f 1279 1311 1280
f 1280 1311 1312
f 1280 1312 1281
f 1281 1312 1313
f 1281 1313 1250
f 1250 1313 1282
f 1282 1314 1283
f 1283 1314 1315
f 1283 1315 1284
f 1284 1315 1316
f 1284 1316 1285
f 1285 1316 1317
f 1285 1317 1286
f 1286 1317 1318
f 1286 1318 1287
f 1287 1318 1319
f 1287 1319 1288
f 1288 1319 1320
f 1288 1320 1289
f 1289 1320 1321
f 1289 1321 1290
f 1290 1321 1322
f 1290 1322 1291
f 1291 1322 1323
f 1291 1323 1292
f 1292 1323 1324
f 1292 1324 1293
f 1293 1324 1325
f 1293 1325 1294
f 1294 1325 1326
f 1294 1326 1295
f 1295 1326 1327
f 1295 1327 1296
f 1296 1327 1328
f 1296 1328 1297
f 1297 1328 1329
f 1297 1329 1298
f 1298 1329 1330
f 1298 1330 1299
f 1299 1330 1331
f 1299 1331 1300
f 1300 1331 1332
f 1300 1332 1301
f 1301 1332 1333
f 1301 1333 1302
f 1302 1333 1334
f 1302 1334 1303
f 1303 1334 1335
f 1303 1335 1304
f 1304 1335 1336
f 1304 1336 1305
f 1305 1336 1337
f 1305 1337 1306
f 1306 1337 1338
f 1306 1338 1307
f 1307 1338 1339
f 1307 1339 1308
f 1308 1339 1340
f 1308 1340 1309
f 1309 1340 1341
f 1309 1341 1310
f 1310 1341 1342
f 1310 1342 1311
f 1311 1342 1343
f 1311 1343 1312
f 1312 1343 1344
f 1312 1344 1313
f 1313 1344 1345
f 1313 1345 1282
f 1282 1345 1314
f 1314 1346 1315
f 1315 1346 1347
f 1315 1347 1316
f 1316 1347 1348
f 1316 1348 1317
f 1317 1348 1349
f 1317 1349 1318
f 1318 1349 1350
f 1318 1350 1319
f 1319 1350 1351
f 1319 1351 1320
f 1320 1351 1352
f 1320 1352 1321
f 1321 1352 1353
f 1321 1353 1322
f 1322 1353 1354
f 1322 1354 1323
f 1323 1354 1355
f 1323 1355 1324
f 1324 1355 1356
f 1324 1356 1325
f 1325 1356 1357
f 1325 1357 1326
f 1326 1357 1358
f 1326 1358 1327
f 1327 1358 1359
f 1327 1359 1328
f 1328 1359 1360
f 1328 1360 1329
f 1329 1360 1361
f 1329 1361 1330
f 1330 1361 1362
f 1330 1362 1331
f 1331 1362 1363
f 1331 1363 1332
f 1332 1363 1364
f 1332 1364 1333
f 1333 1364 1365
f 1333 1365 1334
f 1334 1365 1366
f 1334 1366 1335
f 1335 1366 1367
f 1335 1367 1336
f 1336 1367 1368
f 1336 1368 1337
f 1337 1368 1369
f 1337 1369 1338
f 1338 1369 1370
f 1338 1370 1339
f 1339 1370 1371
f 1339 1371 1340
f 1340 1371 1372
f 1340 1372 1341
f 1341 1372 1373
f 1341 1373 1342
f 1342 1373 1374
f 1342 1374 1343
f 1343 1374 1375
f 1343 1375 1344
f 1344 1375 1376
f 1344 1376 1345
f 1345 1376 1377
f 1345 1377 1314
f 1314 1377 1346
f 1346 1378 1347
f 1347 1378 1379
f 1347 1379 1348
f 1348 1379 1380
f 1348 1380 1349
f 1349 1380 1381
f 1349 1381 1350
f 1350 1381 1382
f 1350 1382 1351
f 1351 1382 1383
f 1351 1383 1352
f 1352 1383 1384
f 1352 1384 1353
f 1353 1384 1385
f 1353 1385 1354
f 1354 1385 1386
f 1354 1386 1355
f 1355 1386 1387
f 1355 1387 1356
f 1356 1387 1388
f 1356 1388 1357
f 1357 1388 1389
f 1357 1389 1358
f 1358 1389 1390
f 1358 1390 1359
f 1359 1390 1391
f 1359 1391 1360
f 1360 1391 1392
f 1360 1392 1361
f 1361 1392 1393
f 1361 1393 1362
f 1362 1393 1394
f 1362 1394 1363
f 1363 1394 1395
f 1363 1395 1364
f 1364 1395 1396
f 1364 1396 1365
f 1365 1396 1397
f 1365 1397 1366
f 1366 1397 1398
f 1366 1398 1367
f 1367 1398 1399
f 1367 1399 1368
f 1368 1399 1400
f 1368 1400 1369
f 1369 1400 1401
f 1369 1401 1370
f 1370 1401 1402
f 1370 1402 1371
f 1371 1402 1403
f 1371 1403 1372
f 1372 1403 1404
f 1372 1404 1373
f 1373 1404 1405
f 1373 1405 1374
f 1374 1405 1406
f 1374 1406 1375
f 1375 1406 1407
f 1375 1407 1376
f 1376 1407 1408
f 1376 1408 1377
f 1377 1408 1409
f 1377 1409 1346
f 1346 1409 1378
f 1378 1410 1379
f 1379 1410 1411
f 1379 1411 1380
f 1380 1411 1412
f 1380 1412 1381
f 1381 1412 1413
f 1381 1413 1382
f 1382 1413 1414
f 1382 1414 1383
f 1383 1414 1415
f 1383 1415 1384
f 1384 1415 1416
f 1384 1416 1385
f 1385 1416 1417
f 1385 1417 1386
f 1386 1417 1418
f 1386 1418 1387
f 1387 1418 1419
f 1387 1419 1388
f 1388 1419 1420
f 1388 1420 1389
f 1389 1420 1421
f 1389 1421 1390
f 1390 1421 1422
f 1390 1422 1391
f 1391 1422 1423
f 1391 1423 1392
f 1392 1423 1424
f 1392 1424 1393
f 1393 1424 1425
f 1393 1425 1394
f 1394 1425 1426
f 1394 1426 1395
f 1395 1426 1427
f 1395 1427 1396
f 1396 1427 1428
f 1396 1428 1397
f 1397 1428 1429
f 1397 1429 1398
f 1398 1429 1430
f 1398 1430 1399
f 1399 1430 1431
f 1399 1431 1400
f 1400 1431 1432
f 1400 1432 1401
f 1401 1432 1433
f 1401 1433 1402
f 1402 1433 1434
f 1402 1434 1403
f 1403 1434 1435
f 1403 1435 1404
f 1404 1435 1436
f 1404 1436 1405
f 1405 1436 1437
f 1405 1437 1406
f 1406 1437 1438
f 1406 1438 1407
f 1407 1438 1439
f 1407 1439 1408
f 1408 1439 1440
f 1408 1440 1409
f 1409 1440 1441
f 1409 1441 1378
f 1378 1441 1410
f 1410 1442 1411
f 1411 1442 1443
f 1411 1443 1412
f 1412 1443 1444
f 1412 1444 1413
f 1413 1444 1445
f 1413 1445 1414
f 1414 1445 1446
f 1414 1446 1415
f 1415 1446 1447
f 1415 1447 1416
f 1416 1447 1448
f 1416 1448 1417
f 1417 1448 1449
f 1417 1449 1418
f 1418 1449 1450
f 1418 1450 1419
f 1419 1450 1451
f 1419 1451 1420
f 1420 1451 1452
f 1420 1452 1421
f 1421 1452 1453
f 1421 1453 1422
f 1422 1453 1454
f 1422 1454 1423
f 1423 1454 1455
f 1423 1455 1424
f 1424 1455 1456
f 1424 1456 1425
f 1425 1456 1457
f 1425 1457 1426
f 1426 1457 1458
f 1426 1458 1427
f 1427 1458 1459
f 1427 1459 1428
f 1428 1459 1460
f 1428 1460 1429
f 1429 1460 1461
f 1429 1461 1430
f 1430 1461 1462
f 1430 1462 1431
f 1431 1462 1463
f 1431 1463 1432
f 1432 1463 1464
f 1432 1464 1433
f 1433 1464 1465
f 1433 1465 1434
f 1434 1465 1466
f 1434 1466 1435
f 1435 1466 1467
f 1435 1467 1436
f 1436 1467 1468
f 1436 1468 1437
f 1437 1468 1469
f 1437 1469 1438
f 1438 1469 1470
f 1438 1470 1439
f 1439 1470 1471
f 1439 1471 1440
f 1440 1471 1472
f 1440 1472 1441
f 1441 1472 1473
f 1441 1473 1410
f 1410 1473 1442
f 1442 1474 1443
f 1443 1474 1475
f 1443 1475 1444
f 1444 1475 1476
f 1444 1476 1445
f 1445 1476 1477
f 1445 1477 1446
f 1446 1477 1478
f 1446 1478 1447
f 1447 1478 1479
f 1447 1479 1448
f 1448 1479 1480
f 1448 1480 1449
f 1449 1480 1481
f 1449 1481 1450
f 1450 1481 1482
f 1450 1482 1451
f 1451 1482 1483
f 1451 1483 1452
f 1452 1483 1484
f 1452 1484 1453
f 1453 1484 1485
f 1453 1485 1454
f 1454 1485 1486
f 1454 1486 1455
f 1455 1486 1487
f 1455 1487 1456
f 1456 1487 1488
f 1456 1488 1457
f 1457 1488 1489
f 1457 1489 1458
f 1458 1489 1490
f 1458 1490 1459
f 1459 1490 1491
f 1459 1491 1460
f 1460 1491 1492
f 1460 1492 1461
f 1461 1492 1493
f 1461 1493 1462
f 1462 1493 1494
f 1462 1494 1463
f 1463 1494 1495
f 1463 1495 1464
f 1464 1495 1496
f 1464 1496 1465
f 1465 1496 1497
f 1465 1497 1466
f 1466 1497 1498
f 1466 1498 1467
f 1467 1498 1499
f 1467 1499 1468
f 1468 1499 1500
f 1468 1500 1469
f 1469 1500 1501
f 1469 1501 1470
f 1470 1501 1502
f 1470 1502 1471
f 1471 1502 1503
f 1471 1503 1472
f 1472 1503 1504
f 1472 1504 1473
f 1473 1504 1505
f 1473 1505 1442
f 1442 1505 1474
f 1474 1506 1475
f 1475 1506 1507
f 1475 1507 1476
f 1476 1507 1508
f 1476 1508 1477
f 1477 1508 1509
f 1477 1509 1478
f 1478 1509 1510
f 1478 1510 1479
f 1479 1510 1511
f 1479 1511 1480
f 1480 1511 1512
f 1480 1512 1481
f 1481 1512 1513
f 1481 1513 1482
f 1482 1513 1514
f 1482 1514 1483
f 1483 1514 1515
f 1483 1515 1484
f 1484 1515 1516
f 1484 1516 1485
f 1485 1516 1517
f 1485 1517 1486
f 1486 1517 1518
f 1486 1518 1487
f 1487 1518 1519
f 1487 1519 1488
f 1488 1519 1520
f 1488 1520 1489
f 1489 1520 1521
f 1489 1521 1490
f 1490 1521 1522
f 1490 1522 1491
f 1491 1522 1523
f 1491 1523 1492
f 1492 1523 1524
f 1492 1524 1493
f 1493 1524 1525
f 1493 1525 1494
f 1494 1525 1526
f 1494 1526 1495
f 1495 1526 1527
f 1495 1527 1496
f 1496 1527 1528
f 1496 1528 1497
f 1497 1528 1529
f 1497 1529 1498
f 1498 1529 1530
f 1498 1530 1499
f 1499 1530 1531
f 1499 1531 1500
f 1500 1531 1532
f 1500 1532 1501
f 1501 1532 1533
f 1501 1533 1502
f 1502 1533 1534
f 1502 1534 1503
f 1503 1534 1535
f 1503 1535 1504
f 1504 1535 1536
f 1504 1536 1505
f 1505 1536 1537
f 1505 1537 1474
f 1474 1537 1506
f 1506 1538 1507
f 1507 1538 1539
f 1507 1539 1508
f 1508 1539 1540
f 1508 1540 1509
f 1509 1540 1541
f 1509 1541 1510
f 1510 1541 1542
f 1510 1542 1511
f 1511 1542 1543
f 1511 1543 1512
f 1512 1543 1544
f 1512 1544 1513
f 1513 1544 1545
f 1513 1545 1514
f 1514 1545 1546
f 1514 1546 1515
f 1515 1546 1547
f 1515 1547 1516
f 1516 1547 1548
f 1516 1548 1517
f 1517 1548 1549
f 1517 1549 1518
f 1518 1549 1550
f 1518 1550 1519
f 1519 1550 1551
f 1519 1551 1520
f 1520 1551 1552
f 1520 1552 1521
f 1521 1552 1553
f 1521 1553 1522
f 1522 1553 1554
f 1522 1554 1523
f 1523 1554 1555
f 1523 1555 1524
f 1524 1555 1556
f 1524 1556 1525
f 1525 1556 1557
f 1525 1557 1526
f 1526 1557 1558
f 1526 1558 1527
f 1527 1558 1559
f 1527 1559 1528
f 1528 1559 1560
f 1528 1560 1529
f 1529 1560 1561
f 1529 1561 1530
f 1530 1561 1562
f 1530 1562 1531
f 1531 1562 1563
f 1531 1563 1532
f 1532 1563 1564
f 1532 1564 1533
f 1533 1564 1565
f 1533 1565 1534
f 1534 1565 1566
f 1534 1566 1535
f 1535 1566 1567
f 1535 1567 1536
f 1536 1567 1568
f 1536 1568 1537
f 1537 1568 1569
f 1537 1569 1506
f 1506 1569 1538
f 1538 1570 1539
f 1539 1570 1571
f 1539 1571 1540
f 1540 1571 1572
f 1540 1572 1541
f 1541 1572 1573
f 1541 1573 1542
f 1542 1573 1574
f 1542 1574 1543
f 1543 1574 1575
f 1543 1575 1544
f 1544 1575 1576
f 1544 1576 1545
f 1545 1576 1577
f 1545 1577 1546
f 1546 1577 1578
f 1546 1578 1547
f 1547 1578 1579
f 1547 1579 1548
f 1548 1579 1580
f 1548 1580 1549
f 1549 1580 1581
f 1549 1581 1550
f 1550 1581 1582
f 1550 1582 1551
f 1551 1582 1583
f 1551 1583 1552
f 1552 1583 1584
f 1552 1584 1553
f 1553 1584 1585
f 1553 1585 1554
f 1554 1585 1586
f 1554 1586 1555
f 1555 1586 1587
f 1555 1587 1556
f 1556 1587 1588
f 1556 1588 1557
f 1557 1588 1589
f 1557 1589 1558
f 1558 1589 1590
f 1558 1590 1559
f 1559 1590 1591
f 1559 1591 1560
f 1560 1591 1592
f 1560 1592 1561
f 1561 1592 1593
f 1561 1593 1562
f 1562 1593 1594
f 1562 1594 1563
f 1563 1594 1595
f 1563 1595 1564
f 1564 1595 1596
f 1564 1596 1565
f 1565 1596 1597
f 1565 1597 1566
f 1566 1597 1598
f 1566 1598 1567
f 1567 1598 1599
f 1567 1599 1568
f 1568 1599 1600
f 1568 1600 1569
f 1569 1600 1601
f 1569 1601 1538
f 1538 1601 1570
f 1570 1602 1571
f 1571 1602 1603
f 1571 1603 1572
f 1572 1603 1604
f 1572 1604 1573
f 1573 1604 1605
f 1573 1605 1574
f 1574 1605 1606
f 1574 1606 1575
f 1575 1606 1607
f 1575 1607 1576
f 1576 1607 1608
f 1576 1608 1577
f 1577 1608 1609
f 1577 1609 1578
f 1578 1609 1610
f 1578 1610 1579
f 1579 1610 1611
f 1579 1611 1580
f 1580 1611 1612
f 1580 1612 1581
f 1581 1612 1613
f 1581 1613 1582
f 1582 1613 1614
f 1582 1614 1583
f 1583 1614 1615
f 1583 1615 1584
f 1584 1615 1616
f 1584 1616 1585
f 1585 1616 1617
f 1585 1617 1586
f 1586 1617 1618
f 1586 1618 1587
f 1587 1618 1619
f 1587 1619 1588
f 1588 1619 1620
f 1588 1620 1589
f 1589 1620 1621
f 1589 1621 1590
f 1590 1621 1622
f 1590 1622 1591
f 1591 1622 1623
f 1591 1623 1592
f 1592 1623 1624
f 1592 1624 1593
f 1593 1624 1625
f 1593 1625 1594
f 1594 1625 1626
f 1594 1626 1595
f 1595 1626 1627
f 1595 1627 1596
f 1596 1627 1628
f 1596 1628 1597
f 1597 1628 1629
f 1597 1629 1598
f 1598 1629 1630
f 1598 1630 1599
f 1599 1630 1631
f 1599 1631 1600
f 1600 1631 1632
f 1600 1632 1601
f 1601 1632 1633
f 1601 1633 1570
f 1570 1633 1602
f 1602 1634 1603
f 1603 1634 1635
f 1603 1635 1604
f 1604 1635 1636
f 1604 1636 1605
f 1605 1636 1637
f 1605 1637 1606
f 1606 1637 1638
f 1606 1638 1607
f 1607 1638 1639
f 1607 1639 1608
f 1608 1639 1640
f 1608 1640 1609
f 1609 1640 1641
f 1609 1641 1610
f 1610 1641 1642
f 1610 1642 1611
f 1611 1642 1643
f 1611 1643 1612
f 1612 1643 1644
f 1612 1644 1613
f 1613 1644 1645
f 1613 1645 1614
f 1614 1645 1646
f 1614 1646 1615
f 1615 1646 1647
f 1615 1647 1616
f 1616 1647 1648
f 1616 1648 1617
f 1617 1648 1649
f 1617 1649 1618
f 1618 1649 1650
f 1618 1650 1619
f 1619 1650 1651
f 1619 1651 1620
f 1620 1651 1652
f 1620 1652 1621
f 1621 1652 1653
f 1621 1653 1622
f 1622 1653 1654
f 1622 1654 1623
f 1623 1654 1655
f 1623 1655 1624
f 1624 1655 1656
f 1624 1656 1625
f 1625 1656 1657
f 1625 1657 1626
f 1626 1657 1658
f 1626 1658 1627
f 1627 1658 1659
f 1627 1659 1628
f 1628 1659 1660
f 1628 1660 1629
f 1629 1660 1661
f 1629 1661 1630
f 1630 1661 1662
f 1630 1662 1631
f 1631 1662 1663
f 1631 1663 1632
f 1632 1663 1664
f 1632 1664 1633
f 1633 1664 1665
f 1633 1665 1602
f 1602 1665 1634
f 1634 1666 1635
f 1635 1666 1667
f 1635 1667 1636
f 1636 1667 1668
f 1636 1668 1637
f 1637 1668 1669
f 1637 1669 1638
f 1638 1669 1670
f 1638 1670 1639
f 1639 1670 1671
f 1639 1671 1640
f 1640 1671 1672
f 1640 1672 1641
f 1641 1672 1673
f 1641 1673 1642
f 1642 1673 1674
f 1642 1674 1643
f 1643 1674 1675
f 1643 1675 1644
f 1644 1675 1676
f 1644 1676 1645
f 1645 1676 1677
f 1645 1677 1646
f 1646 1677 1678
f 1646 1678 1647
f 1647 1678 1679
f 1647 1679 1648
f 1648 1679 1680
f 1648 1680 1649
f 1649 1680 1681
f 1649 1681 1650
f 1650 1681 1682
f 1650 1682 1651
f 1651 1682 1683
f 1651 1683 1652
f 1652 1683 1684
f 1652 1684 1653
f 1653 1684 1685
f 1653 1685 1654
f 1654 1685 1686
f 1654 1686 1655
f 1655 1686 1687
f 1655 1687 1656
f 1656 1687 1688
f 1656 1688 1657
f 1657 1688 1689
f 1657 1689 1658
f 1658 1689 1690
f 1658 1690 1659
f 1659 1690 1691
f 1659 1691 1660
f 1660 1691 1692
f 1660 1692 1661
f 1661 1692 1693
f 1661 1693 1662
f 1662 1693 1694
f 1662 1694 1663
f 1663 1694 1695
f 1663 1695 1664
f 1664 1695 1696
f 1664 1696 1665
f 1665 1696 1697
f 1665 1697 1634
f 1634 1697 1666
f 1666 1698 1667
f 1667 1698 1699
f 1667 1699 1668
f 1668 1699 1700
f 1668 1700 1669
f 1669 1700 1701
f 1669 1701 1670
f 1670 1701 1702
f 1670 1702 1671
f 1671 1702 1703
f 1671 1703 1672
f 1672 1703 1704
f 1672 1704 1673
f 1673 1704 1705
f 1673 1705 1674
f 1674 1705 1706
f 1674 1706 1675
f 1675 1706 1707
f 1675 1707 1676
f 1676 1707 1708
f 1676 1708 1677
f 1677 1708 1709
f 1677 1709 1678
f 1678 1709 1710
f 1678 1710 1679
f 1679 1710 1711
f 1679 1711 1680
f 1680 1711 1712
f 1680 1712 1681
f 1681 1712 1713
f 1681 1713 1682
f 1682 1713 1714
f 1682 1714 1683
f 1683 1714 1715
f 1683 1715 1684
f 1684 1715 1716
f 1684 1716 1685
f 1685 1716 1717
f 1685 1717 1686
f 1686 1717 1718
f 1686 1718 1687
f 1687 1718 1719
f 1687 1719 1688
f 1688 1719 1720
f 1688 1720 1689
f 1689 1720 1721
f 1689 1721 1690
f 1690 1721 1722
f 1690 1722 1691
f 1691 1722 1723
f 1691 1723 1692
f 1692 1723 1724
f 1692 1724 1693
f 1693 1724 1725
f 1693 1725 1694
f 1694 1725 1726
f 1694 1726 1695
f 1695 1726 1727
f 1695 1727 1696
f 1696 1727 1728
f 1696 1728 1697
f 1697 1728 1729
f 1697 1729 1666
f 1666 1729 1698
f 1698 1730 1699
f 1699 1730 1731
f 1699 1731 1700
f 1700 1731 1732
f 1700 1732 1701
f 1701 1732 1733
f 1701 1733 1702
f 1702 1733 1734
f 1702 1734 1703
f 1703 1734 1735
f 1703 1735 1704
f 1704 1735 1736
f 1704 1736 1705
f 1705 1736 1737
f 1705 1737 1706
f 1706 1737 1738
f 1706 1738 1707
f 1707 1738 1739
f 1707 1739 1708
f 1708 1739 1740
f 1708 1740 1709
f 1709 1740 1741
f 1709 1741 1710
f 1710 1741 1742
f 1710 1742 1711
f 1711 1742 1743
f 1711 1743 1712
f 1712 1743 1744
f 1712 1744 1713
f 1713 1744 1745
f 1713 1745 1714
f 1714 1745 1746
f 1714 1746 1715
f 1715 1746 1747
f 1715 1747 1716
f 1716 1747 1748
f 1716 1748 1717
f 1717 1748 1749
f 1717 1749 1718
f 1718 1749 1750
f 1718 1750 1719
f 1719 1750 1751
f 1719 1751 1720
f 1720 1751 1752
f 1720 1752 1721
f 1721 1752 1753
f 1721 1753 1722
f 1722 1753 1754
f 1722 1754 1723
f 1723 1754 1755
f 1723 1755 1724
f 1724 1755 1756
f 1724 1756 1725
f 1725 1756 1757
f 1725 1757 1726
f 1726 1757 1758
f 1726 1758 1727
f 1727 1758 1759
f 1727 1759 1728
f 1728 1759 1760
f 1728 1760 1729
f 1729 1760 1761
f 1729 1761 1698
f 1698 1761 1730
f 1730 1762 1731
f 1731 1762 1763
f 1731 1763 1732
f 1732 1763 1764
f 1732 1764 1733
f 1733 1764 1765
f 1733 1765 1734
f 1734 1765 1766
f 1734 1766 1735
f 1735 1766 1767
f 1735 1767 1736
f 1736 1767 1768
f 1736 1768 1737
f 1737 1768 1769
f 1737 1769 1738
f 1738 1769 1770
f 1738 1770 1739
f 1739 1770 1771
f 1739 1771 1740
f 1740 1771 1772
f 1740 1772 1741
f 1741 1772 1773
f 1741 1773 1742
f 1742 1773 1774
f 1742 1774 1743
f 1743 1774 1775
f 1743 1775 1744
f 1744 1775 1776
f 1744 1776 1745
f 1745 1776 1777
f 1745 1777 1746
f 1746 1777 1778
f 1746 1778 1747
f 1747 1778 1779
f 1747 1779 1748
f 1748 1779 1780
f 1748 1780 1749
f 1749 1780 1781
f 1749 1781 1750
f 1750 1781 1782
f 1750 1782 1751
f 1751 1782 1783
f 1751 1783 1752
f 1752 1783 1784
f 1752 1784 1753
f 1753 1784 1785
f 1753 1785 1754
f 1754 1785 1786
f 1754 1786 1755
f 1755 1786 1787
f 1755 1787 1756
f 1756 1787 1788
f 1756 1788 1757
f 1757 1788 1789
f 1757 1789 1758
f 1758 1789 1790
f 1758 1790 1759
f 1759 1790 1791
f 1759 1791 1760
f 1760 1791 1792
f 1760 1792 1761
f 1761 1792 1793
f 1761 1793 1730
f 1730 1793 1762
f 1762 1794 1763
f 1763 1794 1795
f 1763 1795 1764
f 1764 1795 1796
f 1764 1796 1765
f 1765 1796 1797
f 1765 1797 1766
f 1766 1797 1798
f 1766 1798 1767
f 1767 1798 1799
f 1767 1799 1768
f 1768 1799 1800
f 1768 1800 1769
f 1769 1800 1801
f 1769 1801 1770
f 1770 1801 1802
f 1770 1802 1771
f 1771 1802 1803
f 1771 1803 1772
f 1772 1803 1804
f 1772 1804 1773
f 1773 1804 1805
f 1773 1805 1774
f 1774 1805 1806
f 1774 1806 1775
f 1775 1806 1807
f 1775 1807 1776
f 1776 1807 1808
f 1776 1808 1777
f 1777 1808 1809
f 1777 1809 1778
f 1778 1809 1810
f 1778 1810 1779
f 1779 1810 1811
f 1779 1811 1780
f 1780 1811 1812
f 1780 1812 1781
f 1781 1812 1813
f 1781 1813 1782
f 1782 1813 1814
f 1782 1814 1783
f 1783 1814 1815
f 1783 1815 1784
f 1784 1815 1816
f 1784 1816 1785
f 1785 1816 1817
f 1785 1817 1786
f 1786 1817 1818
f 1786 1818 1787
f 1787 1818 1819
f 1787 1819 1788
f 1788 1819 1820
f 1788 1820 1789
f 1789 1820 1821
f 1789 1821 1790
f 1790 1821 1822
f 1790 1822 1791
f 1791 1822 1823
f 1791 1823 1792
f 1792 1823 1824
f 1792 1824 1793
f 1793 1824 1825
f 1793 1825 1762
f 1762 1825 1794
f 1794 1826 1795
f 1795 1826 1827
f 1795 1827 1796
f 1796 1827 1828
f 1796 1828 1797
f 1797 1828 1829
f 1797 1829 1798
f 1798 1829 1830
f 1798 1830 1799
f 1799 1830 1831
f 1799 1831 1800
f 1800 1831 1832
f 1800 1832 1801
f 1801 1832 1833
f 1801 1833 1802
f 1802 1833 1834
f 1802 1834 1803
f 1803 1834 1835
f 1803 1835 1804
f 1804 1835 1836
f 1804 1836 1805
f 1805 1836 1837
f 1805 1837 1806
f 1806 1837 1838
f 1806 1838 1807
f 1807 1838 1839
f 1807 1839 1808
f 1808 1839 1840
f 1808 1840 1809
f 1809 1840 1841
f 1809 1841 1810
f 1810 1841 1842
f 1810 1842 1811
f 1811 1842 1843
f 1811 1843 1812
f 1812 1843 1844
f 1812 1844 1813
f 1813 1844 1845
f 1813 1845 1814
f 1814 1845 1846
f 1814 1846 1815
f 1815 1846 1847
f 1815 1847 1816
f 1816 1847 1848
f 1816 1848 1817
f 1817 1848 1849
f 1817 1849 1818
f 1818 1849 1850
f 1818 1850 1819
f 1819 1850 1851
f 1819 1851 1820
f 1820 1851 1852
f 1820 1852 1821
f 1821 1852 1853
f 1821 1853 1822
f 1822 1853 1854
f 1822 1854 1823
f 1823 1854 1855
f 1823 1855 1824
f 1824 1855 1856
f 1824 1856 1825
f 1825 1856 1857
f 1825 1857 1794
f 1794 1857 1826
f 1826 1858 1827
f 1827 1858 1859
f 1827 1859 1828
f 1828 1859 1860
f 1828 1860 1829
f 1829 1860 1861
f 1829 1861 1830
f 1830 1861 1862
f 1830 1862 1831
f 1831 1862 1863
f 1831 1863 1832
f 1832 1863 1864
f 1832 1864 1833
f 1833 1864 1865
f 1833 1865 1834
f 1834 1865 1866
f 1834 1866 1835
f 1835 1866 1867
f 1835 1867 1836
f 1836 1867 1868
f 1836 1868 1837
f 1837 1868 1869
f 1837 1869 1838
f 1838 1869 1870
f 1838 1870 1839
f 1839 1870 1871
f 1839 1871 1840
f 1840 1871 1872
f 1840 1872 1841
f 1841 1872 1873
f 1841 1873 1842
f 1842 1873 1874
f 1842 1874 1843
f 1843 1874 1875
f 1843 1875 1844
f 1844 1875 1876
f 1844 1876 1845
f 1845 1876 1877
f 1845 1877 1846
f 1846 1877 1878
f 1846 1878 1847
f 1847 1878 1879
f 1847 1879 1848
f 1848 1879 1880
f 1848 1880 1849
f 1849 1880 1881
f 1849 1881 1850
f 1850 1881 1882
f 1850 1882 1851
f 1851 1882 1883
f 1851 1883 1852
f 1852 1883 1884
f 1852 1884 1853
f 1853 1884 1885
f 1853 1885 1854
f 1854 1885 1886
f 1854 1886 1855
f 1855 1886 1887
f 1855 1887 1856
f 1856 1887 1888
f 1856 1888 1857
f 1857 1888 1889
f 1857 1889 1826
f 1826 1889 1858
f 1858 1890 1859
f 1859 1890 1891
f 1859 1891 1860
f 1860 1891 1892
f 1860 1892 1861
f 1861 1892 1893
f 1861 1893 1862
f 1862 1893 1894
f 1862 1894 1863
f 1863 1894 1895
f 1863 1895 1864
f 1864 1895 1896
f 1864 1896 1865
f 1865 1896 1897
f 1865 1897 1866
f 1866 1897 1898
f 1866 1898 1867
f 1867 1898 1899
f 1867 1899 1868
f 1868 1899 1900
f 1868 1900 1869
f 1869 1900 1901
f 1869 1901 1870
f 1870 1901 1902
f 1870 1902 1871
f 1871 1902 1903
f 1871 1903 1872
f 1872 1903 1904
f 1872 1904 1873
f 1873 1904 1905
f 1873 1905 1874
f 1874 1905 1906
f 1874 1906 1875
f 1875 1906 1907
f 1875 1907 1876
f 1876 1907 1908
f 1876 1908 1877
f 1877 1908 1909
f 1877 1909 1878
f 1878 1909 1910
f 1878 1910 1879
f 1879 1910 1911
f 1879 1911 1880
f 1880 1911 1912
f 1880 1912 1881
f 1881 1912 1913
f 1881 1913 1882
f 1882 1913 1914
f 1882 1914 1883
f 1883 1914 1915
f 1883 1915 1884
f 1884 1915 1916
f 1884 1916 1885
f 1885 1916 1917
f 1885 1917 1886
f 1886 1917 1918
f 1886 1918 1887
f 1887 1918 1919
f 1887 1919 1888
f 1888 1919 1920
f 1888 1920 1889
f 1889 1920 1921
f 1889 1921 1858
f 1858 1921 1890
f 1890 1922 1891
f 1891 1922 1923
f 1891 1923 1892
f 1892 1923 1924
f 1892 1924 1893
f 1893 1924 1925
f 1893 1925 1894
f 1894 1925 1926
f 1894 1926 1895
f 1895 1926 1927
f 1895 1927 1896
f 1896 1927 1928
f 1896 1928 1897
f 1897 1928 1929
f 1897 1929 1898
f 1898 1929 1930
f 1898 1930 1899
f 1899 1930 1931
f 1899 1931 1900
f 1900 1931 1932
f 1900 1932 1901
f 1901 1932 1933
f 1901 1933 1902
f 1902 1933 1934
f 1902 1934 1903
f 1903 1934 1935
f 1903 1935 1904
f 1904 1935 1936
f 1904 1936 1905
f 1905 1936 1937
f 1905 1937 1906
f 1906 1937 1938
f 1906 1938 1907
f 1907 1938 1939
f 1907 1939 1908
f 1908 1939 1940
f 1908 1940 1909
f 1909 1940 1941
f 1909 1941 1910
f 1910 1941 1942
f 1910 1942 1911
f 1911 1942 1943
f 1911 1943 1912
f 1912 1943 1944
f 1912 1944 1913
f 1913 1944 1945
f 1913 1945 1914
f 1914 1945 1946
f 1914 1946 1915
f 1915 1946 1947
f 1915 1947 1916
f 1916 1947 1948
f 1916 1948 1917
f 1917 1948 1949
f 1917 1949 1918
f 1918 1949 1950
f 1918 1950 1919
f 1919 1950 1951
f 1919 1951 1920
f 1920 1951 1952
f 1920 1952 1921
f 1921 1952 1953
f 1921 1953 1890
f 1890 1953 1922
f 1922 1954 1923
f 1923 1954 1955
f 1923 1955 1924
f 1924 1955 1956
f 1924 1956 1925
f 1925 1956 1957
f 1925 1957 1926
f 1926 1957 1958
f 1926 1958 1927
f 1927 1958 1959
f 1927 1959 1928
f 1928 1959 1960
f 1928 1960 1929
f 1929 1960 1961
f 1929 1961 1930
f 1930 1961 1962
f 1930 1962 1931
f 1931 1962 1963
f 1931 1963 1932
f 1932 1963 1964
f 1932 1964 1933
f 1933 1964 1965
f 1933 1965 1934
f 1934 1965 1966
f 1934 1966 1935
f 1935 1966 1967
f 1935 1967 1936
f 1936 1967 1968
f 1936 1968 1937
f 1937 1968 1969
f 1937 1969 1938
f 1938 1969 1970
f 1938 1970 1939
f 1939 1970 1971
f 1939 1971 1940
f 1940 1971 1972
f 1940 1972 1941
f 1941 1972 1973
f 1941 1973 1942
f 1942 1973 1974
f 1942 1974 1943
f 1943 1974 1975
f 1943 1975 1944
f 1944 1975 1976
f 1944 1976 1945
f 1945 1976 1977
f 1945 1977 1946
f 1946 1977 1978
f 1946 1978 1947
f 1947 1978 1979
f 1947 1979 1948
f 1948 1979 1980
f 1948 1980 1949
f 1949 1980 1981
f 1949 1981 1950
f 1950 1981 1982
f 1950 1982 1951
f 1951 1982 1983
f 1951 1983 1952
f 1952 1983 1984
f 1952 1984 1953
f 1953 1984 1985
f 1953 1985 1922
f 1922 1985 1954
f 1954 1986 1955
f 1955 1986 1987
f 1955 1987 1956
f 1956 1987 1988
f 1956 1988 1957
f 1957 1988 1989
f 1957 1989 1958
f 1958 1989 1990
f 1958 1990 1959
f 1959 1990 1991
f 1959 1991 1960
f 1960 1991 1992
f 1960 1992 1961
f 1961 1992 1993
f 1961 1993 1962
f 1962 1993 1994
f 1962 1994 1963
f 1963 1994 1995
f 1963 1995 1964
f 1964 1995 1996
f 1964 1996 1965
f 1965 1996 1997
f 1965 1997 1966
f 1966 1997 1998
f 1966 1998 1967
f 1967 1998 1999
f 1967 1999 1968
f 1968 1999 2000
f 1968 2000 1969
f 1969 2000 2001
f 1969 2001 1970
f 1970 2001 2002
f 1970 2002 1971
f 1971 2002 2003
f 1971 2003 1972
f 1972 2003 2004
f 1972 2004 1973
f 1973 2004 2005
f 1973 2005 1974
f 1974 2005 2006
f 1974 2006 1975
f 1975 2006 2007
f 1975 2007 1976
f 1976 2007 2008
f 1976 2008 1977
f 1977 2008 2009
f 1977 2009 1978
f 1978 2009 2010
f 1978 2010 1979
f 1979 2010 2011
f 1979 2011 1980
f 1980 2011 2012
f 1980 2012 1981
f 1981 2012 2013
f 1981 2013 1982
f 1982 2013 2014
f 1982 2014 1983
f 1983 2014 2015
f 1983 2015 1984
f 1984 2015 2016
f 1984 2016 1985
f 1985 2016 2017
f 1985 2017 1954
f 1954 2017 1986
f 1986 2018 1987
f 1987 2018 2019
f 1987 2019 1988
f 1988 2019 2020
f 1988 2020 1989
f 1989 2020 2021
f 1989 2021 1990
f 1990 2021 2022
f 1990 2022 1991
f 1991 2022 2023
f 1991 2023 1992
f 1992 2023 2024
f 1992 2024 1993
f 1993 2024 2025
f 1993 2025 1994
f 1994 2025 2026
f 1994 2026 1995
f 1995 2026 2027
f 1995 2027 1996
f 1996 2027 2028
f 1996 2028 1997
f 1997 2028 2029
f 1997 2029 1998
f 1998 2029 2030
f 1998 2030 1999
f 1999 2030 2031
f 1999 2031 2000
f 2000 2031 2032
f 2000 2032 2001
f 2001 2032 2033
f 2001 2033 2002
f 2002 2033 2034
f 2002 2034 2003
f 2003 2034 2035
f 2003 2035 2004
f 2004 2035 2036
f 2004 2036 2005
f 2005 2036 2037
f 2005 2037 2006
f 2006 2037 2038
f 2006 2038 2007
f 2007 2038 2039
f 2007 2039 2008
f 2008 2039 2040
f 2008 2040 2009
f 2009 2040 2041
f 2009 2041 2010
f 2010 2041 2042
f 2010 2042 2011
f 2011 2042 2043
f 2011 2043 2012
f 2012 2043 2044
f 2012 2044 2013
f 2013 2044 2045
f 2013 2045 2014
f 2014 2045 2046
f 2014 2046 2015
f 2015 2046 2047
f 2015 2047 2016
f 2016 2047 2048
f 2016 2048 2017
f 2017 2048 2049
f 2017 2049 1986
f 1986 2049 2018
f 2018 2050 2019
f 2019 2050 2051
f 2019 2051 2020
f 2020 2051 2052
f 2020 2052 2021
f 2021 2052 2053
f 2021 2053 2022
f 2022 2053 2054
f 2022 2054 2023
f 2023 2054 2055
f 2023 2055 2024
f 2024 2055 2056
f 2024 2056 2025
f 2025 2056 2057
f 2025 2057 2026
f 2026 2057 2058
f 2026 2058 2027
f 2027 2058 2059
f 2027 2059 2028
f 2028 2059 2060
f 2028 2060 2029
f 2029 2060 2061
f 2029 2061 2030
f 2030 2061 2062
f 2030 2062 2031
f 2031 2062 2063
f 2031 2063 2032
f 2032 2063 2064
f 2032 2064 2033
f 2033 2064 2065
f 2033 2065 2034
f 2034 2065 2066
f 2034 2066 2035
f 2035 2066 2067
f 2035 2067 2036
f 2036 2067 2068
f 2036 2068 2037
f 2037 2068 2069
f 2037 2069 2038
f 2038 2069 2070
f 2038 2070 2039
f 2039 2070 2071
f 2039 2071 2040
f 2040 2071 2072
f 2040 2072 2041
f 2041 2072 2073
f 2041 2073 2042
f 2042 2073 2074
f 2042 2074 2043
f 2043 2074 2075
f 2043 2075 2044
f 2044 2075 2076
f 2044 2076 2045
f 2045 2076 2077
f 2045 2077 2046
f 2046 2077 2078
f 2046 2078 2047
f 2047 2078 2079
f 2047 2079 2048
f 2048 2079 2080
f 2048 2080 2049
f 2049 2080 2081
f 2049 2081 2018
f 2018 2081 2050
f 2050 2082 2051
f 2051 2082 2083
f 2051 2083 2052
f 2052 2083 2084
f 2052 2084 2053
f 2053 2084 2085
f 2053 2085 2054
f 2054 2085 2086
f 2054 2086 2055
f 2055 2086 2087
f 2055 2087 2056
f 2056 2087 2088
f 2056 2088 2057
f 2057 2088 2089
f 2057 2089 2058
f 2058 2089 2090
f 2058 2090 2059
f 2059 2090 2091
f 2059 2091 2060
f 2060 2091 2092
f 2060 2092 2061
f 2061 2092 2093
f 2061 2093 2062
f 2062 2093 2094
f 2062 2094 2063
f 2063 2094 2095
f 2063 2095 2064
f 2064 2095 2096
f 2064 2096 2065
f 2065 2096 2097
f 2065 2097 2066
f 2066 2097 2098
f 2066 2098 2067
f 2067 2098 2099
f 2067 2099 2068
f 2068 2099 2100
f 2068 2100 2069
f 2069 2100 2101
f 2069 2101 2070
f 2070 2101 2102
f 2070 2102 2071
f 2071 2102 2103
f 2071 2103 2072
f 2072 2103 2104
f 2072 2104 2073
f 2073 2104 2105
f 2073 2105 2074
f 2074 2105 2106
f 2074 2106 2075
f 2075 2106 2107
f 2075 2107 2076
f 2076 2107 2108
f 2076 2108 2077
f 2077 2108 2109
f 2077 2109 2078
f 2078 2109 2110
f 2078 2110 2079
f 2079 2110 2111
f 2079 2111 2080
f 2080 2111 2112
f 2080 2112 2081
f 2081 2112 2113
f 2081 2113 2050
f 2050 2113 2082
f 2082 66 2083
f 2083 66 67
f 2083 67 2084
f 2084 67 68
f 2084 68 2085
f 2085 68 69
f 2085 69 2086
f 2086 69 70
f 2086 70 2087
f 2087 70 71
f 2087 71 2088
f 2088 71 72
f 2088 72 2089
f 2089 72 73
f 2089 73 2090
f 2090 73 74
f 2090 74 2091
f 2091 74 75
f 2091 75 2092
f 2092 75 76
f 2092 76 2093
f 2093 76 77
f 2093 77 2094
f 2094 77 78
f 2094 78 2095
f 2095 78 79
f 2095 79 2096
f 2096 79 80
f 2096 80 2097
f 2097 80 81
f 2097 81 2098
f 2098 81 82
f 2098 82 2099
f 2099 82 83
f 2099 83 2100
f 2100 83 84
f 2100 84 2101
f 2101 84 85
f 2101 85 2102
f 2102 85 86
f 2102 86 2103
f 2103 86 87
f 2103 87 2104
f 2104 87 88
f 2104 88 2105
f 2105 88 89
f 2105 89 2106
f 2106 89 90
f 2106 90 2107
f 2107 90 91
f 2107 91 2108
f 2108 91 92
f 2108 92 2109
f 2109 92 93
f 2109 93 2110
f 2110 93 94
f 2110 94 2111
f 2111 94 95
f 2111 95 2112
f 2112 95 96
f 2112 96 2113
f 2113 96 97
f 2113 97 2082
f 2082 97 66
f 2114 2146 2115
f 2115 2146 2147
f 2115 2147 2116
f 2116 2147 2148
f 2116 2148 2117
f 2117 2148 2149
f 2117 2149 2118
f 2118 2149 2150
f 2118 2150 2119
f 2119 2150 2151
f 2119 2151 2120
f 2120 2151 2152
f 2120 2152 2121
f 2121 2152 2153
f 2121 2153 2122
f 2122 2153 2154
f 2122 2154 2123
f 2123 2154 2155
f 2123 2155 2124
f 2124 2155 2156
f 2124 2156 2125
f 2125 2156 2157
f 2125 2157 2126
f 2126 2157 2158
f 2126 2158 2127
f 2127 2158 2159
f 2127 2159 2128
f 2128 2159 2160
f 2128 2160 2129
f 2129 2160 2161
f 2129 2161 2130
f 2130 2161 2162
f 2130 2162 2131
f 2131 2162 2163
f 2131 2163 2132
f 2132 2163 2164
f 2132 2164 2133
f 2133 2164 2165
f 2133 2165 2134
f 2134 2165 2166
f 2134 2166 2135
f 2135 2166 2167
f 2135 2167 2136
f 2136 2167 2168
f 2136 2168 2137
f 2137 2168 2169
f 2137 2169 2138
f 2138 2169 2170
f 2138 2170 2139
f 2139 2170 2171
f 2139 2171 2140
f 2140 2171 2172
f 2140 2172 2141
f 2141 2172 2173
f 2141 2173 2142
f 2142 2173 2174
f 2142 2174 2143
f 2143 2174 2175
f 2143 2175 2144
f 2144 2175 2176
f 2144 2176 2145
f 2145 2176 2177
f 2145 2177 2114
f 2114 2177 2146
f 2146 2178 2147
f 2147 2178 2179
f 2147 2179 2148
f 2148 2179 2180
f 2148 2180 2149
f 2149 2180 2181
f 2149 2181 2150
f 2150 2181 2182
f 2150 2182 2151
f 2151 2182 2183
f 2151 2183 2152
f 2152 2183 2184
f 2152 2184 2153
f 2153 2184 2185
f 2153 2185 2154
f 2154 2185 2186
f 2154 2186 2155
f 2155 2186 2187
f 2155 2187 2156
f 2156 2187 2188
f 2156 2188 2157
f 2157 2188 2189
f 2157 2189 2158
f 2158 2189 2190
f 2158 2190 2159
f 2159 2190 2191
f 2159 2191 2160
f 2160 2191 2192
f 2160 2192 2161
f 2161 2192 2193
f 2161 2193 2162
f 2162 2193 2194
f 2162 2194 2163
f 2163 2194 2195
f 2163 2195 2164
f 2164 2195 2196
f 2164 2196 2165
f 2165 2196 2197
f 2165 2197 2166
f 2166 2197 2198
f 2166 2198 2167
f 2167 2198 2199
f 2167 2199 2168
f 2168 2199 2200
f 2168 2200 2169
f 2169 2200 2201
f 2169 2201 2170
f 2170 2201 2202
f 2170 2202 2171
f 2171 2202 2203
f 2171 2203 2172
f 2172 2203 2204
f 2172 2204 2173
f 2173 2204 2205
f 2173 2205 2174
f 2174 2205 2206
f 2174 2206 2175
f 2175 2206 2207
f 2175 2207 2176
f 2176 2207 2208
f 2176 2208 2177
f 2177 2208 2209
f 2177 2209 2146
f 2146 2209 2178
f 2178 2210 2179
f 2179 2210 2211
f 2179 2211 2180
f 2180 2211 2212
f 2180 2212 2181
f 2181 2212 2213
f 2181 2213 2182
f 2182 2213 2214
f 2182 2214 2183
f 2183 2214 2215
f 2183 2215 2184
f 2184 2215 2216
f 2184 2216 2185
f 2185 2216 2217
f 2185 2217 2186
f 2186 2217 2218
f 2186 2218 2187
f 2187 2218 2219
f 2187 2219 2188
f 2188 2219 2220
f 2188 2220 2189
f 2189 2220 2221
f 2189 2221 2190
f 2190 2221 2222
f 2190 2222 2191
f 2191 2222 2223
f 2191 2223 2192
f 2192 2223 2224
f 2192 2224 2193
f 2193 2224 2225
f 2193 2225 2194
f 2194 2225 2226
f 2194 2226 2195
f 2195 2226 2227
f 2195 2227 2196
f 2196 2227 2228
f 2196 2228 2197
f 2197 2228 2229
f 2197 2229 2198
f 2198 2229 2230
f 2198 2230 2199
f 2199 2230 2231
f 2199 2231 2200
f 2200 2231 2232
f 2200 2232 2201
f 2201 2232 2233
f 2201 2233 2202
f 2202 2233 2234
f 2202 2234 2203
f 2203 2234 2235
f 2203 2235 2204
f 2204 2235 2236
f 2204 2236 2205
f 2205 2236 2237
f 2205 2237 2206
f 2206 2237 2238
f 2206 2238 2207
f 2207 2238 2239
f 2207 2239 2208
f 2208 2239 2240
f 2208 2240 2209
f 2209 2240 2241
f 2209 2241 2178
f 2178 2241 2210
f 2210 2242 2211
f 2211 2242 2243
f 2211 2243 2212
f 2212 2243 2244
f 2212 2244 2213
f 2213 2244 2245
f 2213 2245 2214
f 2214 2245 2246
f 2214 2246 2215
f 2215 2246 2247
f 2215 2247 2216
f 2216 2247 2248
f 2216 2248 2217
f 2217 2248 2249
f 2217 2249 2218
f 2218 2249 2250
f 2218 2250 2219
f 2219 2250 2251
f 2219 2251 2220
f 2220 2251 2252
f 2220 2252 2221
f 2221 2252 2253
f 2221 2253 2222
f 2222 2253 2254
f 2222 2254 2223
f 2223 2254 2255
f 2223 2255 2224
f 2224 2255 2256
f 2224 2256 2225
f 2225 2256 2257
f 2225 2257 2226
f 2226 2257 2258
f 2226 2258 2227
f 2227 2258 2259
f 2227 2259 2228
f 2228 2259 2260
f 2228 2260 2229
f 2229 2260 2261
f 2229 2261 2230
f 2230 2261 2262
f 2230 2262 2231
f 2231 2262 2263
f 2231 2263 2232
f 2232 2263 2264
f 2232 2264 2233
f 2233 2264 2265
f 2233 2265 2234
f 2234 2265 2266
f 2234 2266 2235
f 2235 2266 2267
f 2235 2267 2236
f 2236 2267 2268
f 2236 2268 2237
f 2237 2268 2269
f 2237 2269 2238
f 2238 2269 2270
f 2238 2270 2239
f 2239 2270 2271
f 2239 2271 2240
f 2240 2271 2272
f 2240 2272 2241
f 2241 2272 2273
f 2241 2273 2210
f 2210 2273 2242
f 2242 2274 2243
f 2243 2274 2275
f 2243 2275 2244
f 2244 2275 2276
f 2244 2276 2245
f 2245 2276 2277
f 2245 2277 2246
f 2246 2277 2278
f 2246 2278 2247
f 2247 2278 2279
f 2247 2279 2248
f 2248 2279 2280
f 2248 2280 2249
f 2249 2280 2281
f 2249 2281 2250
f 2250 2281 2282
f 2250 2282 2251
f 2251 2282 2283
f 2251 2283 2252
f 2252 2283 2284
f 2252 2284 2253
f 2253 2284 2285
f 2253 2285 2254
f 2254 2285 2286
f 2254 2286 2255
f 2255 2286 2287
f 2255 2287 2256
f 2256 2287 2288
f 2256 2288 2257
f 2257 2288 2289
f 2257 2289 2258
f 2258 2289 2290
f 2258 2290 2259
f 2259 2290 2291
f 2259 2291 2260
f 2260 2291 2292
f 2260 2292 2261
f 2261 2292 2293
f 2261 2293 2262
f 2262 2293 2294
f 2262 2294 2263
f 2263 2294 2295
f 2263 2295 2264
f 2264 2295 2296
f 2264 2296 2265
f 2265 2296 2297
f 2265 2297 2266
f 2266 2297 2298
f 2266 2298 2267
f 2267 2298 2299
f 2267 2299 2268
f 2268 2299 2300
f 2268 2300 2269
f 2269 2300 2301
f 2269 2301 2270
f 2270 2301 2302
f 2270 2302 2271
f 2271 2302 2303
f 2271 2303 2272
f 2272 2303 2304
f 2272 2304 2273
f 2273 2304 2305
f 2273 2305 2242
f 2242 2305 2274
f 2274 2306 2275
f 2275 2306 2307
f 2275 2307 2276
f 2276 2307 2308
f 2276 2308 2277
f 2277 2308 2309
f 2277 2309 2278
f 2278 2309 2310
f 2278 2310 2279
f 2279 2310 2311
f 2279 2311 2280
f 2280 2311 2312
f 2280 2312 2281
f 2281 2312 2313
f 2281 2313 2282
f 2282 2313 2314
f 2282 2314 2283
f 2283 2314 2315
f 2283 2315 2284
f 2284 2315 2316
f 2284 2316 2285
f 2285 2316 2317
f 2285 2317 2286
f 2286 2317 2318
f 2286 2318 2287
f 2287 2318 2319
f 2287 2319 2288
f 2288 2319 2320
f 2288 2320 2289
f 2289 2320 2321
f 2289 2321 2290
f 2290 2321 2322
f 2290 2322 2291
f 2291 2322 2323
f 2291 2323 2292
f 2292 2323 2324
f 2292 2324 2293
f 2293 2324 2325
f 2293 2325 2294
f 2294 2325 2326
f 2294 2326 2295
f 2295 2326 2327
f 2295 2327 2296
f 2296 2327 2328
f 2296 2328 2297
f 2297 2328 2329
f 2297 2329 2298
f 2298 2329 2330
f 2298 2330 2299
f 2299 2330 2331
f 2299 2331 2300
f 2300 2331 2332
f 2300 2332 2301
f 2301 2332 2333
f 2301 2333 2302
f 2302 2333 2334
f 2302 2334 2303
f 2303 2334 2335
f 2303 2335 2304
f 2304 2335 2336
f 2304 2336 2305
f 2305 2336 2337
f 2305 2337 2274
f 2274 2337 2306
f 2306 2338 2307
f 2307 2338 2339
f 2307 2339 2308
f 2308 2339 2340
f 2308 2340 2309
f 2309 2340 2341
f 2309 2341 2310
f 2310 2341 2342
f 2310 2342 2311
f 2311 2342 2343
f 2311 2343 2312
f 2312 2343 2344
f 2312 2344 2313
f 2313 2344 2345
f 2313 2345 2314
f 2314 2345 2346
f 2314 2346 2315
f 2315 2346 2347
f 2315 2347 2316
f 2316 2347 2348
f 2316 2348 2317
f 2317 2348 2349
f 2317 2349 2318
f 2318 2349 2350
f 2318 2350 2319
f 2319 2350 2351
f 2319 2351 2320
f 2320 2351 2352
f 2320 2352 2321
f 2321 2352 2353
f 2321 2353 2322
f 2322 2353 2354
f 2322 2354 2323
f 2323 2354 2355
f 2323 2355 2324
f 2324 2355 2356
f 2324 2356 2325
f 2325 2356 2357
f 2325 2357 2326
f 2326 2357 2358
f 2326 2358 2327
f 2327 2358 2359
f 2327 2359 2328
f 2328 2359 2360
f 2328 2360 2329
f 2329 2360 2361
f 2329 2361 2330
f 2330 2361 2362
f 2330 2362 2331
f 2331 2362 2363
f 2331 2363 2332
f 2332 2363 2364
f 2332 2364 2333
f 2333 2364 2365
f 2333 2365 2334
f 2334 2365 2366
f 2334 2366 2335
f 2335 2366 2367
f 2335 2367 2336
f 2336 2367 2368
f 2336 2368 2337
f 2337 2368 2369
f 2337 2369 2306
f 2306 2369 2338
f 2338 2370 2339
f 2339 2370 2371
f 2339 2371 2340
f 2340 2371 2372
f 2340 2372 2341
f 2341 2372 2373
f 2341 2373 2342
f 2342 2373 2374
f 2342 2374 2343
f 2343 2374 2375
f 2343 2375 2344
f 2344 2375 2376
f 2344 2376 2345
f 2345 2376 2377
f 2345 2377 2346
f 2346 2377 2378
f 2346 2378 2347
f 2347 2378 2379
f 2347 2379 2348
f 2348 2379 2380
f 2348 2380 2349
f 2349 2380 2381
f 2349 2381 2350
f 2350 2381 2382
f 2350 2382 2351
f 2351 2382 2383
f 2351 2383 2352
f 2352 2383 2384
f 2352 2384 2353
f 2353 2384 2385
f 2353 2385 2354
f 2354 2385 2386
f 2354 2386 2355
f 2355 2386 2387
f 2355 2387 2356
f 2356 2387 2388
f 2356 2388 2357
f 2357 2388 2389
f 2357 2389 2358
f 2358 2389 2390
f 2358 2390 2359
f 2359 2390 2391
f 2359 2391 2360
f 2360 2391 2392
f 2360 2392 2361
f 2361 2392 2393
f 2361 2393 2362
f 2362 2393 2394
f 2362 2394 2363
f 2363 2394 2395
f 2363 2395 2364
f 2364 2395 2396
f 2364 2396 2365
f 2365 2396 2397
f 2365 2397 2366
f 2366 2397 2398
f 2366 2398 2367
f 2367 2398 2399
f 2367 2399 2368
f 2368 2399 2400
f 2368 2400 2369
f 2369 2400 2401
f 2369 2401 2338
f 2338 2401 2370
f 2370 2402 2371
f 2371 2402 2403
f 2371 2403 2372
f 2372 2403 2404
f 2372 2404 2373
f 2373 2404 2405
f 2373 2405 2374
f 2374 2405 2406
f 2374 2406 2375
f 2375 2406 2407
f 2375 2407 2376
f 2376 2407 2408
f 2376 2408 2377
f 2377 2408 2409
f 2377 2409 2378
f 2378 2409 2410
f 2378 2410 2379
f 2379 2410 2411
f 2379 2411 2380
f 2380 2411 2412
f 2380 2412 2381
f 2381 2412 2413
f 2381 2413 2382
f 2382 2413 2414
f 2382 2414 2383
f 2383 2414 2415
f 2383 2415 2384
f 2384 2415 2416
f 2384 2416 2385
f 2385 2416 2417
f 2385 2417 2386
f 2386 2417 2418
f 2386 2418 2387
f 2387 2418 2419
f 2387 2419 2388
f 2388 2419 2420
f 2388 2420 2389
f 2389 2420 2421
f 2389 2421 2390
f 2390 2421 2422
f 2390 2422 2391
f 2391 2422 2423
f 2391 2423 2392
f 2392 2423 2424
f 2392 2424 2393
f 2393 2424 2425
f 2393 2425 2394
f 2394 2425 2426
f 2394 2426 2395
f 2395 2426 2427
f 2395 2427 2396
f 2396 2427 2428
f 2396 2428 2397
f 2397 2428 2429
f 2397 2429 2398
f 2398 2429 2430
f 2398 2430 2399
f 2399 2430 2431
f 2399 2431 2400
f 2400 2431 2432
f 2400 2432 2401
f 2401 2432 2433
f 2401 2433 2370
f 2370 2433 2402
f 2402 2434 2403
f 2403 2434 2435
f 2403 2435 2404
f 2404 2435 2436
f 2404 2436 2405
f 2405 2436 2437
f 2405 2437 2406
f 2406 2437 2438
f 2406 2438 2407
f 2407 2438 2439
f 2407 2439 2408
f 2408 2439 2440
f 2408 2440 2409
f 2409 2440 2441
f 2409 2441 2410
f 2410 2441 2442
f 2410 2442 2411
f 2411 2442 2443
f 2411 2443 2412
f 2412 2443 2444
f 2412 2444 2413
f 2413 2444 2445
f 2413 2445 2414
f 2414 2445 2446
f 2414 2446 2415
f 2415 2446 2447
f 2415 2447 2416
f 2416 2447 2448
f 2416 2448 2417
f 2417 2448 2449
f 2417 2449 2418
f 2418 2449 2450
f 2418 2450 2419
f 2419 2450 2451
f 2419 2451 2420
f 2420 2451 2452
f 2420 2452 2421
f 2421 2452 2453
f 2421 2453 2422
f 2422 2453 2454
f 2422 2454 2423
f 2423 2454 2455
f 2423 2455 2424
f 2424 2455 2456
f 2424 2456 2425
f 2425 2456 2457
f 2425 2457 2426
f 2426 2457 2458
f 2426 2458 2427
f 2427 2458 2459
f 2427 2459 2428
f 2428 2459 2460
f 2428 2460 2429
f 2429 2460 2461
f 2429 2461 2430
f 2430 2461 2462
f 2430 2462 2431
f 2431 2462 2463
f 2431 2463 2432
f 2432 2463 2464
f 2432 2464 2433
f 2433 2464 2465
f 2433 2465 2402
f 2402 2465 2434
f 2434 2466 2435
f 2435 2466 2467
f 2435 2467 2436
f 2436 2467 2468
f 2436 2468 2437
f 2437 2468 2469
f 2437 2469 2438
f 2438 2469 2470
f 2438 2470 2439
f 2439 2470 2471
f 2439 2471 2440
f 2440 2471 2472
f 2440 2472 2441
f 2441 2472 2473
f 2441 2473 2442
f 2442 2473 2474
f 2442 2474 2443
f 2443 2474 2475
f 2443 2475 2444
f 2444 2475 2476
f 2444 2476 2445
f 2445 2476 2477
f 2445 2477 2446
f 2446 2477 2478
f 2446 2478 2447
f 2447 2478 2479
f 2447 2479 2448
f 2448 2479 2480
f 2448 2480 2449
f 2449 2480 2481
f 2449 2481 2450
f 2450 2481 2482
f 2450 2482 2451
f 2451 2482 2483
f 2451 2483 2452
f 2452 2483 2484
f 2452 2484 2453
f 2453 2484 2485
f 2453 2485 2454
f 2454 2485 2486
f 2454 2486 2455
f 2455 2486 2487
f 2455 2487 2456
f 2456 2487 2488
f 2456 2488 2457
f 2457 2488 2489
f 2457 2489 2458
f 2458 2489 2490
f 2458 2490 2459
f 2459 2490 2491
f 2459 2491 2460
f 2460 2491 2492
f 2460 2492 2461
f 2461 2492 2493
f 2461 2493 2462
f 2462 2493 2494
f 2462 2494 2463
f 2463 2494 2495
f 2463 2495 2464
f 2464 2495 2496
f 2464 2496 2465
f 2465 2496 2497
f 2465 2497 2434
f 2434 2497 2466
f 2466 2498 2467
f 2467 2498 2499
f 2467 2499 2468
f 2468 2499 2500
f 2468 2500 2469
f 2469 2500 2501
f 2469 2501 2470
f 2470 2501 2502
f 2470 2502 2471
f 2471 2502 2503
f 2471 2503 2472
f 2472 2503 2504
f 2472 2504 2473
f 2473 2504 2505
f 2473 2505 2474
f 2474 2505 2506
f 2474 2506 2475
f 2475 2506 2507
f 2475 2507 2476
f 2476 2507 2508
f 2476 2508 2477
f 2477 2508 2509
f 2477 2509 2478
f 2478 2509 2510
f 2478 2510 2479
f 2479 2510 2511
f 2479 2511 2480
f 2480 2511 2512
f 2480 2512 2481
f 2481 2512 2513
f 2481 2513 2482
f 2482 2513 2514
f 2482 2514 2483
f 2483 2514 2515
f 2483 2515 2484
f 2484 2515 2516
f 2484 2516 2485
f 2485 2516 2517
f 2485 2517 2486
f 2486 2517 2518
f 2486 2518 2487
f 2487 2518 2519
f 2487 2519 2488
f 2488 2519 2520
f 2488 2520 2489
f 2489 2520 2521
f 2489 2521 2490
f 2490 2521 2522
f 2490 2522 2491
f 2491 2522 2523
f 2491 2523 2492
f 2492 2523 2524
f 2492 2524 2493
f 2493 2524 2525
f 2493 2525 2494
f 2494 2525 2526
f 2494 2526 2495
f 2495 2526 2527
f 2495 2527 2496
f 2496 2527 2528
f 2496 2528 2497
f 2497 2528 2529
f 2497 2529 2466
f 2466 2529 2498
f 2498 2530 2499
f 2499 2530 2531
f 2499 2531 2500
f 2500 2531 2532
f 2500 2532 2501
f 2501 2532 2533
f 2501 2533 2502
f 2502 2533 2534
f 2502 2534 2503
f 2503 2534 2535
f 2503 2535 2504
f 2504 2535 2536
f 2504 2536 2505
f 2505 2536 2537
f 2505 2537 2506
f 2506 2537 2538
f 2506 2538 2507
f 2507 2538 2539
f 2507 2539 2508
f 2508 2539 2540
f 2508 2540 2509
f 2509 2540 2541
f 2509 2541 2510
f 2510 2541 2542
f 2510 2542 2511
f 2511 2542 2543
f 2511 2543 2512
f 2512 2543 2544
f 2512 2544 2513
f 2513 2544 2545
f 2513 2545 2514
f 2514 2545 2546
f 2514 2546 2515
f 2515 2546 2547
f 2515 2547 2516
f 2516 2547 2548
f 2516 2548 2517
f 2517 2548 2549
f 2517 2549 2518
f 2518 2549 2550
f 2518 2550 2519
f 2519 2550 2551
f 2519 2551 2520
f 2520 2551 2552
f 2520 2552 2521
f 2521 2552 2553
f 2521 2553 2522
f 2522 2553 2554
f 2522 2554 2523
f 2523 2554 2555
f 2523 2555 2524
f 2524 2555 2556
f 2524 2556 2525
f 2525 2556 2557
f 2525 2557 2526
f 2526 2557 2558
f 2526 2558 2527
f 2527 2558 2559
f 2527 2559 2528
f 2528 2559 2560
f 2528 2560 2529
f 2529 2560 2561
f 2529 2561 2498
f 2498 2561 2530
f 2530 2562 2531
f 2531 2562 2563
f 2531 2563 2532
f 2532 2563 2564
f 2532 2564 2533
f 2533 2564 2565
f 2533 2565 2534
f 2534 2565 2566
f 2534 2566 2535
f 2535 2566 2567
f 2535 2567 2536
f 2536 2567 2568
f 2536 2568 2537
f 2537 2568 2569
f 2537 2569 2538
f 2538 2569 2570
f 2538 2570 2539
f 2539 2570 2571
f 2539 2571 2540
f 2540 2571 2572
f 2540 2572 2541
f 2541 2572 2573
f 2541 2573 2542
f 2542 2573 2574
f 2542 2574 2543
f 2543 2574 2575
f 2543 2575 2544
f 2544 2575 2576
f 2544 2576 2545
f 2545 2576 2577
f 2545 2577 2546
f 2546 2577 2578
f 2546 2578 2547
f 2547 2578 2579
f 2547 2579 2548
f 2548 2579 2580
f 2548 2580 2549
f 2549 2580 2581
f 2549 2581 2550
f 2550 2581 2582
f 2550 2582 2551
f 2551 2582 2583
f 2551 2583 2552
f 2552 2583 2584
f 2552 2584 2553
f 2553 2584 2585
f 2553 2585 2554
f 2554 2585 2586
f 2554 2586 2555
f 2555 2586 2587
f 2555 2587 2556
f 2556 2587 2588
f 2556 2588 2557
f 2557 2588 2589
f 2557 2589 2558
f 2558 2589 2590
f 2558 2590 2559
f 2559 2590 2591
f 2559 2591 2560
f 2560 2591 2592
f 2560 2592 2561
f 2561 2592 2593
f 2561 2593 2530
f 2530 2593 2562
f 2562 2594 2563
f 2563 2594 2595
f 2563 2595 2564
f 2564 2595 2596
f 2564 2596 2565
f 2565 2596 2597
f 2565 2597 2566
f 2566 2597 2598
f 2566 2598 2567
f 2567 2598 2599
f 2567 2599 2568
f 2568 2599 2600
f 2568 2600 2569
f 2569 2600 2601
f 2569 2601 2570
f 2570 2601 2602
f 2570 2602 2571
f 2571 2602 2603
f 2571 2603 2572
f 2572 2603 2604
f 2572 2604 2573
f 2573 2604 2605
f 2573 2605 2574
f 2574 2605 2606
f 2574 2606 2575
f 2575 2606 2607
f 2575 2607 2576
f 2576 2607 2608
f 2576 2608 2577
f 2577 2608 2609
f 2577 2609 2578
f 2578 2609 2610
f 2578 2610 2579
f 2579 2610 2611
f 2579 2611 2580
f 2580 2611 2612
f 2580 2612 2581
f 2581 2612 2613
f 2581 2613 2582
f 2582 2613 2614
f 2582 2614 2583
f 2583 2614 2615
f 2583 2615 2584
f 2584 2615 2616
f 2584 2616 2585
f 2585 2616 2617
f 2585 2617 2586
f 2586 2617 2618
f 2586 2618 2587
f 2587 2618 2619
f 2587 2619 2588
f 2588 2619 2620
f 2588 2620 2589
f 2589 2620 2621
f 2589 2621 2590
f 2590 2621 2622
f 2590 2622 2591
f 2591 2622 2623
f 2591 2623 2592
f 2592 2623 2624
f 2592 2624 2593
f 2593 2624 2625
f 2593 2625 2562
f 2562 2625 2594
f 2594 2626 2595
f 2595 2626 2627
f 2595 2627 2596
f 2596 2627 2628
f 2596 2628 2597
f 2597 2628 2629
f 2597 2629 2598
f 2598 2629 2630
f 2598 2630 2599
f 2599 2630 2631
f 2599 2631 2600
f 2600 2631 2632
f 2600 2632 2601
f 2601 2632 2633
f 2601 2633 2602
f 2602 2633 2634
f 2602 2634 2603
f 2603 2634 2635
f 2603 2635 2604
f 2604 2635 2636
f 2604 2636 2605
f 2605 2636 2637
f 2605 2637 2606
f 2606 2637 2638
f 2606 2638 2607
f 2607 2638 2639
f 2607 2639 2608
f 2608 2639 2640
f 2608 2640 2609
f 2609 2640 2641
f 2609 2641 2610
f 2610 2641 2642
f 2610 2642 2611
f 2611 2642 2643
f 2611 2643 2612
f 2612 2643 2644
f 2612 2644 2613
f 2613 2644 2645
f 2613 2645 2614
f 2614 2645 2646
f 2614 2646 2615
f 2615 2646 2647
f 2615 2647 2616
f 2616 2647 2648
f 2616 2648 2617
f 2617 2648 2649
f 2617 2649 2618
f 2618 2649 2650
f 2618 2650 2619
f 2619 2650 2651
f 2619 2651 2620
f 2620 2651 2652
f 2620 2652 2621
f 2621 2652 2653
f 2621 2653 2622
f 2622 2653 2654
f 2622 2654 2623
f 2623 2654 2655
f 2623 2655 2624
f 2624 2655 2656
f 2624 2656 2625
f 2625 2656 2657
f 2625 2657 2594
f 2594 2657 2626
f 2626 2658 2627
f 2627 2658 2659
f 2627 2659 2628
f 2628 2659 2660
f 2628 2660 2629
f 2629 2660 2661
f 2629 2661 2630
f 2630 2661 2662
f 2630 2662 2631
f 2631 2662 2663
f 2631 2663 2632
f 2632 2663 2664
f 2632 2664 2633
f 2633 2664 2665
f 2633 2665 2634
f 2634 2665 2666
f 2634 2666 2635
f 2635 2666 2667
f 2635 2667 2636
f 2636 2667 2668
f 2636 2668 2637
f 2637 2668 2669
f 2637 2669 2638
f 2638 2669 2670
f 2638 2670 2639
f 2639 2670 2671
f 2639 2671 2640
f 2640 2671 2672
f 2640 2672 2641
f 2641 2672 2673
f 2641 2673 2642
f 2642 2673 2674
f 2642 2674 2643
f 2643 2674 2675
f 2643 2675 2644
f 2644 2675 2676
f 2644 2676 2645
f 2645 2676 2677
f 2645 2677 2646
f 2646 2677 2678
f 2646 2678 2647
f 2647 2678 2679
f 2647 2679 2648
f 2648 2679 2680
f 2648 2680 2649
f 2649 2680 2681
f 2649 2681 2650
f 2650 2681 2682
f 2650 2682 2651
f 2651 2682 2683
f 2651 2683 2652
f 2652 2683 2684
f 2652 2684 2653
f 2653 2684 2685
f 2653 2685 2654
f 2654 2685 2686
f 2654 2686 2655
f 2655 2686 2687
f 2655 2687 2656
f 2656 2687 2688
f 2656 2688 2657
f 2657 2688 2689
f 2657 2689 2626
f 2626 2689 2658
f 2658 2690 2659
f 2659 2690 2691
f 2659 2691 2660
f 2660 2691 2692
f 2660 2692 2661
f 2661 2692 2693
f 2661 2693 2662
f 2662 2693 2694
f 2662 2694 2663
f 2663 2694 2695
f 2663 2695 2664
f 2664 2695 2696
f 2664 2696 2665
f 2665 2696 2697
f 2665 2697 2666
f 2666 2697 2698
f 2666 2698 2667
f 2667 2698 2699
f 2667 2699 2668
f 2668 2699 2700
f 2668 2700 2669
f 2669 2700 2701
f 2669 2701 2670
f 2670 2701 2702
f 2670 2702 2671
f 2671 2702 2703
f 2671 2703 2672
f 2672 2703 2704
f 2672 2704 2673
f 2673 2704 2705
f 2673 2705 2674
f 2674 2705 2706
f 2674 2706 2675
f 2675 2706 2707
f 2675 2707 2676
f 2676 2707 2708
f 2676 2708 2677
f 2677 2708 2709
f 2677 2709 2678
f 2678 2709 2710
f 2678 2710 2679
f 2679 2710 2711
f 2679 2711 2680
f 2680 2711 2712
f 2680 2712 2681
f 2681 2712 2713
f 2681 2713 2682
f 2682 2713 2714
f 2682 2714 2683
f 2683 2714 2715
f 2683 2715 2684
f 2684 2715 2716
f 2684 2716 2685
f 2685 2716 2717
f 2685 2717 2686
f 2686 2717 2718
f 2686 2718 2687
f 2687 2718 2719
f 2687 2719 2688
f 2688 2719 2720
f 2688 2720 2689
f 2689 2720 2721
f 2689 2721 2658
f 2658 2721 2690
f 2690 2722 2691
f 2691 2722 2723
f 2691 2723 2692
f 2692 2723 2724
f 2692 2724 2693
f 2693 2724 2725
f 2693 2725 2694
f 2694 2725 2726
f 2694 2726 2695
f 2695 2726 2727
f 2695 2727 2696
f 2696 2727 2728
f 2696 2728 2697
f 2697 2728 2729
f 2697 2729 2698
f 2698 2729 2730
f 2698 2730 2699
f 2699 2730 2731
f 2699 2731 2700
f 2700 2731 2732
f 2700 2732 2701
f 2701 2732 2733
f 2701 2733 2702
f 2702 2733 2734
f 2702 2734 2703
f 2703 2734 2735
f 2703 2735 2704
f 2704 2735 2736
f 2704 2736 2705
f 2705 2736 2737
f 2705 2737 2706
f 2706 2737 2738
f 2706 2738 2707
f 2707 2738 2739
f 2707 2739 2708
f 2708 2739 2740
f 2708 2740 2709
f 2709 2740 2741
f 2709 2741 2710
f 2710 2741 2742
f 2710 2742 2711
f 2711 2742 2743
f 2711 2743 2712
f 2712 2743 2744
f 2712 2744 2713
f 2713 2744 2745
f 2713 2745 2714
f 2714 2745 2746
f 2714 2746 2715
f 2715 2746 2747
f 2715 2747 2716
f 2716 2747 2748
f 2716 2748 2717
f 2717 2748 2749
f 2717 2749 2718
f 2718 2749 2750
f 2718 2750 2719
f 2719 2750 2751
f 2719 2751 2720
f 2720 2751 2752
f 2720 2752 2721
f 2721 2752 2753
f 2721 2753 2690
f 2690 2753 2722
f 2722 2754 2723
f 2723 2754 2755
f 2723 2755 2724
f 2724 2755 2756
f 2724 2756 2725
f 2725 2756 2757
f 2725 2757 2726
f 2726 2757 2758
f 2726 2758 2727
f 2727 2758 2759
f 2727 2759 2728
f 2728 2759 2760
f 2728 2760 2729
f 2729 2760 2761
f 2729 2761 2730
f 2730 2761 2762
f 2730 2762 2731
f 2731 2762 2763
f 2731 2763 2732
f 2732 2763 2764
f 2732 2764 2733
f 2733 2764 2765
f 2733 2765 2734
f 2734 2765 2766
f 2734 2766 2735
f 2735 2766 2767
f 2735 2767 2736
f 2736 2767 2768
f 2736 2768 2737
f 2737 2768 2769
f 2737 2769 2738
f 2738 2769 2770
f 2738 2770 2739
f 2739 2770 2771
f 2739 2771 2740
f 2740 2771 2772
f 2740 2772 2741
f 2741 2772 2773
f 2741 2773 2742
f 2742 2773 2774
f 2742 2774 2743
f 2743 2774 2775
f 2743 2775 2744
f 2744 2775 2776
f 2744 2776 2745
f 2745 2776 2777
f 2745 2777 2746
f 2746 2777 2778
f 2746 2778 2747
f 2747 2778 2779
f 2747 2779 2748
f 2748 2779 2780
f 2748 2780 2749
f 2749 2780 2781
f 2749 2781 2750
f 2750 2781 2782
f 2750 2782 2751
f 2751 2782 2783
f 2751 2783 2752
f 2752 2783 2784
f 2752 2784 2753
f 2753 2784 2785
f 2753 2785 2722
f 2722 2785 2754
f 2754 2786 2755
f 2755 2786 2787
f 2755 2787 2756
f 2756 2787 2788
f 2756 2788 2757
f 2757 2788 2789
f 2757 2789 2758
f 2758 2789 2790
f 2758 2790 2759
f 2759 2790 2791
f 2759 2791 2760
f 2760 2791 2792
f 2760 2792 2761
f 2761 2792 2793
f 2761 2793 2762
f 2762 2793 2794
f 2762 2794 2763
f 2763 2794 2795
f 2763 2795 2764
f 2764 2795 2796
f 2764 2796 2765
f 2765 2796 2797
f 2765 2797 2766
f 2766 2797 2798
f 2766 2798 2767
f 2767 2798 2799
f 2767 2799 2768
f 2768 2799 2800
f 2768 2800 2769
f 2769 2800 2801
f 2769 2801 2770
f 2770 2801 2802
f 2770 2802 2771
f 2771 2802 2803
f 2771 2803 2772
f 2772 2803 2804
f 2772 2804 2773
f 2773 2804 2805
f 2773 2805 2774
f 2774 2805 2806
f 2774 2806 2775
f 2775 2806 2807
f 2775 2807 2776
f 2776 2807 2808
f 2776 2808 2777
f 2777 2808 2809
f 2777 2809 2778
f 2778 2809 2810
f 2778 2810 2779
f 2779 2810 2811
f 2779 2811 2780
f 2780 2811 2812
f 2780 2812 2781
f 2781 2812 2813
f 2781 2813 2782
f 2782 2813 2814
f 2782 2814 2783
f 2783 2814 2815
f 2783 2815 2784
f 2784 2815 2816
f 2784 2816 2785
f 2785 2816 2817
f 2785 2817 2754
f 2754 2817 2786
f 2786 2818 2787
f 2787 2818 2819
f 2787 2819 2788
f 2788 2819 2820
f 2788 2820 2789
f 2789 2820 2821
f 2789 2821 2790
f 2790 2821 2822
f 2790 2822 2791
f 2791 2822 2823
f 2791 2823 2792
f 2792 2823 2824
f 2792 2824 2793
f 2793 2824 2825
f 2793 2825 2794
f 2794 2825 2826
f 2794 2826 2795
f 2795 2826 2827
f 2795 2827 2796
f 2796 2827 2828
f 2796 2828 2797
f 2797 2828 2829
f 2797 2829 2798
f 2798 2829 2830
f 2798 2830 2799
f 2799 2830 2831
f 2799 2831 2800
f 2800 2831 2832
f 2800 2832 2801
f 2801 2832 2833
f 2801 2833 2802
f 2802 2833 2834
f 2802 2834 2803
f 2803 2834 2835
f 2803 2835 2804
f 2804 2835 2836
f 2804 2836 2805
f 2805 2836 2837
f 2805 2837 2806
f 2806 2837 2838
f 2806 2838 2807
f 2807 2838 2839
f 2807 2839 2808
f 2808 2839 2840
f 2808 2840 2809
f 2809 2840 2841
f 2809 2841 2810
f 2810 2841 2842
f 2810 2842 2811
f 2811 2842 2843
f 2811 2843 2812
f 2812 2843 2844
f 2812 2844 2813
f 2813 2844 2845
f 2813 2845 2814
f 2814 2845 2846
f 2814 2846 2815
f 2815 2846 2847
f 2815 2847 2816
f 2816 2847 2848
f 2816 2848 2817
f 2817 2848 2849
f 2817 2849 2786
f 2786 2849 2818
f 2818 2850 2819
f 2819 2850 2851
f 2819 2851 2820
f 2820 2851 2852
f 2820 2852 2821
f 2821 2852 2853
f 2821 2853 2822
f 2822 2853 2854
f 2822 2854 2823
f 2823 2854 2855
f 2823 2855 2824
f 2824 2855 2856
f 2824 2856 2825
f 2825 2856 2857
f 2825 2857 2826
f 2826 2857 2858
f 2826 2858 2827
f 2827 2858 2859
f 2827 2859 2828
f 2828 2859 2860
f 2828 2860 2829
f 2829 2860 2861
f 2829 2861 2830
f 2830 2861 2862
f 2830 2862 2831
f 2831 2862 2863
f 2831 2863 2832
f 2832 2863 2864
f 2832 2864 2833
f 2833 2864 2865
f 2833 2865 2834
f 2834 2865 2866
f 2834 2866 2835
f 2835 2866 2867
f 2835 2867 2836
f 2836 2867 2868
f 2836 2868 2837
f 2837 2868 2869
f 2837 2869 2838
f 2838 2869 2870
f 2838 2870 2839
f 2839 2870 2871
f 2839 2871 2840
f 2840 2871 2872
f 2840 2872 2841
f 2841 2872 2873
f 2841 2873 2842
f 2842 2873 2874
f 2842 2874 2843
f 2843 2874 2875
f 2843 2875 2844
f 2844 2875 2876
f 2844 2876 2845
f 2845 2876 2877
f 2845 2877 2846
f 2846 2877 2878
f 2846 2878 2847
f 2847 2878 2879
f 2847 2879 2848
f 2848 2879 2880
f 2848 2880 2849
f 2849 2880 2881
f 2849 2881 2818
f 2818 2881 2850
f 2850 2882 2851
f 2851 2882 2883
f 2851 2883 2852
f 2852 2883 2884
f 2852 2884 2853
f 2853 2884 2885
f 2853 2885 2854
f 2854 2885 2886
f 2854 2886 2855
f 2855 2886 2887
f 2855 2887 2856
f 2856 2887 2888
f 2856 2888 2857
f 2857 2888 2889
f 2857 2889 2858
f 2858 2889 2890
f 2858 2890 2859
f 2859 2890 2891
f 2859 2891 2860
f 2860 2891 2892
f 2860 2892 2861
f 2861 2892 2893
f 2861 2893 2862
f 2862 2893 2894
f 2862 2894 2863
f 2863 2894 2895
f 2863 2895 2864
f 2864 2895 2896
f 2864 2896 2865
f 2865 2896 2897
f 2865 2897 2866
f 2866 2897 2898
f 2866 2898 2867
f 2867 2898 2899
f 2867 2899 2868
f 2868 2899 2900
f 2868 2900 2869
f 2869 2900 2901
f 2869 2901 2870
f 2870 2901 2902
f 2870 2902 2871
f 2871 2902 2903
f 2871 2903 2872
f 2872 2903 2904
f 2872 2904 2873
f 2873 2904 2905
f 2873 2905 2874
f 2874 2905 2906
f 2874 2906 2875
f 2875 2906 2907
f 2875 2907 2876
f 2876 2907 2908
f 2876 2908 2877
f 2877 2908 2909
f 2877 2909 2878
f 2878 2909 2910
f 2878 2910 2879
f 2879 2910 2911
f 2879 2911 2880
f 2880 2911 2912
f 2880 2912 2881
f 2881 2912 2913
f 2881 2913 2850
f 2850 2913 2882
f 2882 2914 2883
f 2883 2914 2915
f 2883 2915 2884
f 2884 2915 2916
f 2884 2916 2885
f 2885 2916 2917
f 2885 2917 2886
f 2886 2917 2918
f 2886 2918 2887
f 2887 2918 2919
f 2887 2919 2888
f 2888 2919 2920
f 2888 2920 2889
f 2889 2920 2921
f 2889 2921 2890
f 2890 2921 2922
f 2890 2922 2891
f 2891 2922 2923
f 2891 2923 2892
f 2892 2923 2924
f 2892 2924 2893
f 2893 2924 2925
f 2893 2925 2894
f 2894 2925 2926
f 2894 2926 2895
f 2895 2926 2927
f 2895 2927 2896
f 2896 2927 2928
f 2896 2928 2897
f 2897 2928 2929
f 2897 2929 2898
f 2898 2929 2930
f 2898 2930 2899
f 2899 2930 2931
f 2899 2931 2900
f 2900 2931 2932
f 2900 2932 2901
f 2901 2932 2933
f 2901 2933 2902
f 2902 2933 2934
f 2902 2934 2903
f 2903 2934 2935
f 2903 2935 2904
f 2904 2935 2936
f 2904 2936 2905
f 2905 2936 2937
f 2905 2937 2906
f 2906 2937 2938
f 2906 2938 2907
f 2907 2938 2939
f 2907 2939 2908
f 2908 2939 2940
f 2908 2940 2909
f 2909 2940 2941
f 2909 2941 2910
f 2910 2941 2942
f 2910 2942 2911
f 2911 2942 2943
f 2911 2943 2912
f 2912 2943 2944
f 2912 2944 2913
f 2913 2944 2945
f 2913 2945 2882
f 2882 2945 2914
f 2914 2946 2915
f 2915 2946 2947
f 2915 2947 2916
f 2916 2947 2948
f 2916 2948 2917
f 2917 2948 2949
f 2917 2949 2918
f 2918 2949 2950
f 2918 2950 2919
f 2919 2950 2951
f 2919 2951 2920
f 2920 2951 2952
f 2920 2952 2921
f 2921 2952 2953
f 2921 2953 2922
f 2922 2953 2954
f 2922 2954 2923
f 2923 2954 2955
f 2923 2955 2924
f 2924 2955 2956
f 2924 2956 2925
f 2925 2956 2957
f 2925 2957 2926
f 2926 2957 2958
f 2926 2958 2927
f 2927 2958 2959
f 2927 2959 2928
f 2928 2959 2960
f 2928 2960 2929
f 2929 2960 2961
f 2929 2961 2930
f 2930 2961 2962
f 2930 2962 2931
f 2931 2962 2963
f 2931 2963 2932
f 2932 2963 2964
f 2932 2964 2933
f 2933 2964 2965
f 2933 2965 2934
f 2934 2965 2966
f 2934 2966 2935
f 2935 2966 2967
f 2935 2967 2936
f 2936 2967 2968
f 2936 2968 2937
f 2937 2968 2969
f 2937 2969 2938
f 2938 2969 2970
f 2938 2970 2939
f 2939 2970 2971
f 2939 2971 2940
f 2940 2971 2972
f 2940 2972 2941
f 2941 2972 2973
f 2941 2973 2942
f 2942 2973 2974
f 2942 2974 2943
f 2943 2974 2975
f 2943 2975 2944
f 2944 2975 2976
f 2944 2976 2945
f 2945 2976 2977
f 2945 2977 2914
f 2914 2977 2946
f 2946 2978 2947
f 2947 2978 2979
f 2947 2979 2948
f 2948 2979 2980
f 2948 2980 2949
f 2949 2980 2981
f 2949 2981 2950
f 2950 2981 2982
f 2950 2982 2951
f 2951 2982 2983
f 2951 2983 2952
f 2952 2983 2984
f 2952 2984 2953
f 2953 2984 2985
f 2953 2985 2954
f 2954 2985 2986
f 2954 2986 2955
f 2955 2986 2987
f 2955 2987 2956
f 2956 2987 2988
f 2956 2988 2957
f 2957 2988 2989
f 2957 2989 2958
f 2958 2989 2990
f 2958 2990 2959
f 2959 2990 2991
f 2959 2991 2960
f 2960 2991 2992
f 2960 2992 2961
f 2961 2992 2993
f 2961 2993 2962
f 2962 2993 2994
f 2962 2994 2963
f 2963 2994 2995
f 2963 2995 2964
f 2964 2995 2996
f 2964 2996 2965
f 2965 2996 2997
f 2965 2997 2966
f 2966 2997 2998
f 2966 2998 2967
f 2967 2998 2999
f 2967 2999 2968
f 2968 2999 3000
f 2968 3000 2969
f 2969 3000 3001
f 2969 3001 2970
f 2970 3001 3002
f 2970 3002 2971
f 2971 3002 3003
f 2971 3003 2972
f 2972 3003 3004
f 2972 3004 2973
f 2973 3004 3005
f 2973 3005 2974
f 2974 3005 3006
f 2974 3006 2975
f 2975 3006 3007
f 2975 3007 2976
f 2976 3007 3008
f 2976 3008 2977
f 2977 3008 3009
f 2977 3009 2946
f 2946 3009 2978
f 2978 3010 2979
f 2979 3010 3011
f 2979 3011 2980
f 2980 3011 3012
f 2980 3012 2981
f 2981 3012 3013
f 2981 3013 2982
f 2982 3013 3014
f 2982 3014 2983
f 2983 3014 3015
f 2983 3015 2984
f 2984 3015 3016
f 2984 3016 2985
f 2985 3016 3017
f 2985 3017 2986
f 2986 3017 3018
f 2986 3018 2987
f 2987 3018 3019
f 2987 3019 2988
f 2988 3019 3020
f 2988 3020 2989
f 2989 3020 3021
f 2989 3021 2990
f 2990 3021 3022
f 2990 3022 2991
f 2991 3022 3023
f 2991 3023 2992
f 2992 3023 3024
f 2992 3024 2993
f 2993 3024 3025
f 2993 3025 2994
f 2994 3025 3026
f 2994 3026 2995
f 2995 3026 3027
f 2995 3027 2996
f 2996 3027 3028
f 2996 3028 2997
f 2997 3028 3029
f 2997 3029 2998
f 2998 3029 3030
f 2998 3030 2999
f 2999 3030 3031
f 2999 3031 3000
f 3000 3031 3032
f 3000 3032 3001
f 3001 3032 3033
f 3001 3033 3002
f 3002 3033 3034
f 3002 3034 3003
f 3003 3034 3035
f 3003 3035 3004
f 3004 3035 3036
f 3004 3036 3005
f 3005 3036 3037
f 3005 3037 3006
f 3006 3037 3038
f 3006 3038 3007
f 3007 3038 3039
f 3007 3039 3008
f 3008 3039 3040
f 3008 3040 3009
f 3009 3040 3041
f 3009 3041 2978
f 2978 3041 3010
f 3010 3042 3011
f 3011 3042 3043
f 3011 3043 3012
f 3012 3043 3044
f 3012 3044 3013
f 3013 3044 3045
f 3013 3045 3014
f 3014 3045 3046
f 3014 3046 3015
f 3015 3046 3047
f 3015 3047 3016
f 3016 3047 3048
f 3016 3048 3017
f 3017 3048 3049
f 3017 3049 3018
f 3018 3049 3050
f 3018 3050 3019
f 3019 3050 3051
f 3019 3051 3020
f 3020 3051 3052
f 3020 3052 3021
f 3021 3052 3053
f 3021 3053 3022
f 3022 3053 3054
f 3022 3054 3023
f 3023 3054 3055
f 3023 3055 3024
f 3024 3055 3056
f 3024 3056 3025
f 3025 3056 3057
f 3025 3057 3026
f 3026 3057 3058
f 3026 3058 3027
f 3027 3058 3059
f 3027 3059 3028
f 3028 3059 3060
f 3028 3060 3029
f 3029 3060 3061
f 3029 3061 3030
f 3030 3061 3062
f 3030 3062 3031
f 3031 3062 3063
f 3031 3063 3032
f 3032 3063 3064
f 3032 3064 3033
f 3033 3064 3065
f 3033 3065 3034
f 3034 3065 3066
f 3034 3066 3035
f 3035 3066 3067
f 3035 3067 3036
f 3036 3067 3068
f 3036 3068 3037
f 3037 3068 3069
f 3037 3069 3038
f 3038 3069 3070
f 3038 3070 3039
f 3039 3070 3071
f 3039 3071 3040
f 3040 3071 3072
f 3040 3072 3041
f 3041 3072 3073
f 3041 3073 3010
f 3010 3073 3042
f 3042 3074 3043
f 3043 3074 3075
f 3043 3075 3044
f 3044 3075 3076
f 3044 3076 3045
f 3045 3076 3077
f 3045 3077 3046
f 3046 3077 3078
f 3046 3078 3047
f 3047 3078 3079
f 3047 3079 3048
f 3048 3079 3080
f 3048 3080 3049
f 3049 3080 3081
f 3049 3081 3050
f 3050 3081 3082
f 3050 3082 3051
f 3051 3082 3083
f 3051 3083 3052
f 3052 3083 3084
f 3052 3084 3053
f 3053 3084 3085
f 3053 3085 3054
f 3054 3085 3086
f 3054 3086 3055
f 3055 3086 3087
f 3055 3087 3056
f 3056 3087 3088
f 3056 3088 3057
f 3057 3088 3089
f 3057 3089 3058
f 3058 3089 3090
f 3058 3090 3059
f 3059 3090 3091
f 3059 3091 3060
f 3060 3091 3092
f 3060 3092 3061
f 3061 3092 3093
f 3061 3093 3062
f 3062 3093 3094
f 3062 3094 3063
f 3063 3094 3095
f 3063 3095 3064
f 3064 3095 3096
f 3064 3096 3065
f 3065 3096 3097
f 3065 3097 3066
f 3066 3097 3098
f 3066 3098 3067
f 3067 3098 3099
f 3067 3099 3068
f 3068 3099 3100
f 3068 3100 3069
f 3069 3100 3101
f 3069 3101 3070
f 3070 3101 3102
f 3070 3102 3071
f 3071 3102 3103
f 3071 3103 3072
f 3072 3103 3104
f 3072 3104 3073
f 3073 3104 3105
f 3073 3105 3042
f 3042 3105 3074
f 3074 3106 3075
f 3075 3106 3107
f 3075 3107 3076
f 3076 3107 3108
f 3076 3108 3077
f 3077 3108 3109
f 3077 3109 3078
f 3078 3109 3110
f 3078 3110 3079
f 3079 3110 3111
f 3079 3111 3080
f 3080 3111 3112
f 3080 3112 3081
f 3081 3112 3113
f 3081 3113 3082
f 3082 3113 3114
f 3082 3114 3083
f 3083 3114 3115
f 3083 3115 3084
f 3084 3115 3116
f 3084 3116 3085
f 3085 3116 3117
f 3085 3117 3086
f 3086 3117 3118
f 3086 3118 3087
f 3087 3118 3119
f 3087 3119 3088
f 3088 3119 3120
f 3088 3120 3089
f 3089 3120 3121
f 3089 3121 3090
f 3090 3121 3122
f 3090 3122 3091
f 3091 3122 3123
f 3091 3123 3092
f 3092 3123 3124
f 3092 3124 3093
f 3093 3124 3125
f 3093 3125 3094
f 3094 3125 3126
f 3094 3126 3095
f 3095 3126 3127
f 3095 3127 3096
f 3096 3127 3128
f 3096 3128 3097
f 3097 3128 3129
f 3097 3129 3098
f 3098 3129 3130
f 3098 3130 3099
f 3099 3130 3131
f 3099 3131 3100
f 3100 3131 3132
f 3100 3132 3101
f 3101 3132 3133
f 3101 3133 3102
f 3102 3133 3134
f 3102 3134 3103
f 3103 3134 3135
f 3103 3135 3104
f 3104 3135 3136
f 3104 3136 3105
f 3105 3136 3137
f 3105 3137 3074
f 3074 3137 3106
f 3106 3138 3107
f 3107 3138 3139
f 3107 3139 3108
f 3108 3139 3140
f 3108 3140 3109
f 3109 3140 3141
f 3109 3141 3110
f 3110 3141 3142
f 3110 3142 3111
f 3111 3142 3143
f 3111 3143 3112
f 3112 3143 3144
f 3112 3144 3113
f 3113 3144 3145
f 3113 3145 3114
f 3114 3145 3146
f 3114 3146 3115
f 3115 3146 3147
f 3115 3147 3116
f 3116 3147 3148
f 3116 3148 3117
f 3117 3148 3149
f 3117 3149 3118
f 3118 3149 3150
f 3118 3150 3119
f 3119 3150 3151
f 3119 3151 3120
f 3120 3151 3152
f 3120 3152 3121
f 3121 3152 3153
f 3121 3153 3122
f 3122 3153 3154
f 3122 3154 3123
f 3123 3154 3155
f 3123 3155 3124
f 3124 3155 3156
f 3124 3156 3125
f 3125 3156 3157
f 3125 3157 3126
f 3126 3157 3158
f 3126 3158 3127
f 3127 3158 3159
f 3127 3159 3128
f 3128 3159 3160
f 3128 3160 3129
f 3129 3160 3161
f 3129 3161 3130
f 3130 3161 3162
f 3130 3162 3131
f 3131 3162 3163
f 3131 3163 3132
f 3132 3163 3164
f 3132 3164 3133
f 3133 3164 3165
f 3133 3165 3134
f 3134 3165 3166
f 3134 3166 3135
f 3135 3166 3167
f 3135 3167 3136
f 3136 3167 3168
f 3136 3168 3137
f 3137 3168 3169
f 3137 3169 3106
f 3106 3169 3138
f 3138 3170 3139
f 3139 3170 3171
f 3139 3171 3140
f 3140 3171 3172
f 3140 3172 3141
f 3141 3172 3173
f 3141 3173 3142
f 3142 3173 3174
f 3142 3174 3143
f 3143 3174 3175
f 3143 3175 3144
f 3144 3175 3176
f 3144 3176 3145
f 3145 3176 3177
f 3145 3177 3146
f 3146 3177 3178
f 3146 3178 3147
f 3147 3178 3179
f 3147 3179 3148
f 3148 3179 3180
f 3148 3180 3149
f 3149 3180 3181
f 3149 3181 3150
f 3150 3181 3182
f 3150 3182 3151
f 3151 3182 3183
f 3151 3183 3152
f 3152 3183 3184
f 3152 3184 3153
f 3153 3184 3185
f 3153 3185 3154
f 3154 3185 3186
f 3154 3186 3155
f 3155 3186 3187
f 3155 3187 3156
f 3156 3187 3188
f 3156 3188 3157
f 3157 3188 3189
f 3157 3189 3158
f 3158 3189 3190
f 3158 3190 3159
f 3159 3190 3191
f 3159 3191 3160
f 3160 3191 3192
f 3160 3192 3161
f 3161 3192 3193
f 3161 3193 3162
f 3162 3193 3194
f 3162 3194 3163
f 3163 3194 3195
f 3163 3195 3164
f 3164 3195 3196
f 3164 3196 3165
f 3165 3196 3197
f 3165 3197 3166
f 3166 3197 3198
f 3166 3198 3167
f 3167 3198 3199
f 3167 3199 3168
f 3168 3199 3200
f 3168 3200 3169
f 3169 3200 3201
f 3169 3201 3138
f 3138 3201 3170
f 3170 3202 3171
f 3171 3202 3203
f 3171 3203 3172
f 3172 3203 3204
f 3172 3204 3173
f 3173 3204 3205
f 3173 3205 3174
f 3174 3205 3206
f 3174 3206 3175
f 3175 3206 3207
f 3175 3207 3176
f 3176 3207 3208
f 3176 3208 3177
f 3177 3208 3209
f 3177 3209 3178
f 3178 3209 3210
f 3178 3210 3179
f 3179 3210 3211
f 3179 3211 3180
f 3180 3211 3212
f 3180 3212 3181
f 3181 3212 3213
f 3181 3213 3182
f 3182 3213 3214
f 3182 3214 3183
f 3183 3214 3215
f 3183 3215 3184
f 3184 3215 3216
f 3184 3216 3185
f 3185 3216 3217
f 3185 3217 3186
f 3186 3217 3218
f 3186 3218 3187
f 3187 3218 3219
f 3187 3219 3188
f 3188 3219 3220
f 3188 3220 3189
f 3189 3220 3221
f 3189 3221 3190
f 3190 3221 3222
f 3190 3222 3191
f 3191 3222 3223
f 3191 3223 3192
f 3192 3223 3224
f 3192 3224 3193
f 3193 3224 3225
f 3193 3225 3194
f 3194 3225 3226
f 3194 3226 3195
f 3195 3226 3227
f 3195 3227 3196
f 3196 3227 3228
f 3196 3228 3197
f 3197 3228 3229
f 3197 3229 3198
f 3198 3229 3230
f 3198 3230 3199
f 3199 3230 3231
f 3199 3231 3200
f 3200 3231 3232
f 3200 3232 3201
f 3201 3232 3233
f 3201 3233 3170
f 3170 3233 3202
f 3202 3234 3203
f 3203 3234 3235
f 3203 3235 3204
f 3204 3235 3236
f 3204 3236 3205
f 3205 3236 3237
f 3205 3237 3206
f 3206 3237 3238
f 3206 3238 3207
f 3207 3238 3239
f 3207 3239 3208
f 3208 3239 3240
f 3208 3240 3209
f 3209 3240 3241
f 3209 3241 3210
f 3210 3241 3242
f 3210 3242 3211
f 3211 3242 3243
f 3211 3243 3212
f 3212 3243 3244
f 3212 3244 3213
f 3213 3244 3245
f 3213 3245 3214
f 3214 3245 3246
f 3214 3246 3215
f 3215 3246 3247
f 3215 3247 3216
f 3216 3247 3248
f 3216 3248 3217
f 3217 3248 3249
f 3217 3249 3218
f 3218 3249 3250
f 3218 3250 3219
f 3219 3250 3251
f 3219 3251 3220
f 3220 3251 3252
f 3220 3252 3221
f 3221 3252 3253
f 3221 3253 3222
f 3222 3253 3254
f 3222 3254 3223
f 3223 3254 3255
f 3223 3255 3224
f 3224 3255 3256
f 3224 3256 3225
f 3225 3256 3257
f 3225 3257 3226
f 3226 3257 3258
f 3226 3258 3227
f 3227 3258 3259
f 3227 3259 3228
f 3228 3259 3260
f 3228 3260 3229
f 3229 3260 3261
f 3229 3261 3230
f 3230 3261 3262
f 3230 3262 3231
f 3231 3262 3263
f 3231 3263 3232
f 3232 3263 3264
f 3232 3264 3233
f 3233 3264 3265
f 3233 3265 3202
f 3202 3265 3234
f 3234 3266 3235
f 3235 3266 3267
f 3235 3267 3236
f 3236 3267 3268
f 3236 3268 3237
f 3237 3268 3269
f 3237 3269 3238
f 3238 3269 3270
f 3238 3270 3239
f 3239 3270 3271
f 3239 3271 3240
f 3240 3271 3272
f 3240 3272 3241
f 3241 3272 3273
f 3241 3273 3242
f 3242 3273 3274
f 3242 3274 3243
f 3243 3274 3275
f 3243 3275 3244
f 3244 3275 3276
f 3244 3276 3245
f 3245 3276 3277
f 3245 3277 3246
f 3246 3277 3278
f 3246 3278 3247
f 3247 3278 3279
f 3247 3279 3248
f 3248 3279 3280
f 3248 3280 3249
f 3249 3280 3281
f 3249 3281 3250
f 3250 3281 3282
f 3250 3282 3251
f 3251 3282 3283
f 3251 3283 3252
f 3252 3283 3284
f 3252 3284 3253
f 3253 3284 3285
f 3253 3285 3254
f 3254 3285 3286
f 3254 3286 3255
f 3255 3286 3287
f 3255 3287 3256
f 3256 3287 3288
f 3256 3288 3257
f 3257 3288 3289
f 3257 3289 3258
f 3258 3289 3290
f 3258 3290 3259
f 3259 3290 3291
f 3259 3291 3260
f 3260 3291 3292
f 3260 3292 3261
f 3261 3292 3293
f 3261 3293 3262
f 3262 3293 3294
f 3262 3294 3263
f 3263 3294 3295
f 3263 3295 3264
f 3264 3295 3296
f 3264 3296 3265
f 3265 3296 3297
f 3265 3297 3234
f 3234 3297 3266
f 3266 3298 3267
f 3267 3298 3299
f 3267 3299 3268
f 3268 3299 3300
f 3268 3300 3269
f 3269 3300 3301
f 3269 3301 3270
f 3270 3301 3302
f 3270 3302 3271
f 3271 3302 3303
f 3271 3303 3272
f 3272 3303 3304
f 3272 3304 3273
f 3273 3304 3305
f 3273 3305 3274
f 3274 3305 3306
f 3274 3306 3275
f 3275 3306 3307
f 3275 3307 3276
f 3276 3307 3308
f 3276 3308 3277
f 3277 3308 3309
f 3277 3309 3278
f 3278 3309 3310
f 3278 3310 3279
f 3279 3310 3311
f 3279 3311 3280
f 3280 3311 3312
f 3280 3312 3281
f 3281 3312 3313
f 3281 3313 3282
f 3282 3313 3314
f 3282 3314 3283
f 3283 3314 3315
f 3283 3315 3284
f 3284 3315 3316
f 3284 3316 3285
f 3285 3316 3317
f 3285 3317 3286
f 3286 3317 3318
f 3286 3318 3287
f 3287 3318 3319
f 3287 3319 3288
f 3288 3319 3320
f 3288 3320 3289
f 3289 3320 3321
f 3289 3321 3290
f 3290 3321 3322
f 3290 3322 3291
f 3291 3322 3323
f 3291 3323 3292
f 3292 3323 3324
f 3292 3324 3293
f 3293 3324 3325
f 3293 3325 3294
f 3294 3325 3326
f 3294 3326 3295
f 3295 3326 3327
f 3295 3327 3296
f 3296 3327 3328
f 3296 3328 3297
f 3297 3328 3329
f 3297 3329 3266
f 3266 3329 3298
f 3298 3330 3299
f 3299 3330 3331
f 3299 3331 3300
f 3300 3331 3332
f 3300 3332 3301
f 3301 3332 3333
f 3301 3333 3302
f 3302 3333 3334
f 3302 3334 3303
f 3303 3334 3335
f 3303 3335 3304
f 3304 3335 3336
f 3304 3336 3305
f 3305 3336 3337
f 3305 3337 3306
f 3306 3337 3338
f 3306 3338 3307
f 3307 3338 3339
f 3307 3339 3308
f 3308 3339 3340
f 3308 3340 3309
f 3309 3340 3341
f 3309 3341 3310
f 3310 3341 3342
f 3310 3342 3311
f 3311 3342 3343
f 3311 3343 3312
f 3312 3343 3344
f 3312 3344 3313
f 3313 3344 3345
f 3313 3345 3314
f 3314 3345 3346
f 3314 3346 3315
f 3315 3346 3347
f 3315 3347 3316
f 3316 3347 3348
f 3316 3348 3317
f 3317 3348 3349
f 3317 3349 3318
f 3318 3349 3350
f 3318 3350 3319
f 3319 3350 3351
f 3319 3351 3320
f 3320 3351 3352
f 3320 3352 3321
f 3321 3352 3353
f 3321 3353 3322
f 3322 3353 3354
f 3322 3354 3323
f 3323 3354 3355
f 3323 3355 3324
f 3324 3355 3356
f 3324 3356 3325
f 3325 3356 3357
f 3325 3357 3326
f 3326 3357 3358
f 3326 3358 3327
f 3327 3358 3359
f 3327 3359 3328
f 3328 3359 3360
f 3328 3360 3329
f 3329 3360 3361
f 3329 3361 3298
f 3298 3361 3330
f 3330 3362 3331
f 3331 3362 3363
f 3331 3363 3332
f 3332 3363 3364
f 3332 3364 3333
f 3333 3364 3365
f 3333 3365 3334
f 3334 3365 3366
f 3334 3366 3335
f 3335 3366 3367
f 3335 3367 3336
f 3336 3367 3368
f 3336 3368 3337
f 3337 3368 3369
f 3337 3369 3338
f 3338 3369 3370
f 3338 3370 3339
f 3339 3370 3371
f 3339 3371 3340
f 3340 3371 3372
f 3340 3372 3341
f 3341 3372 3373
f 3341 3373 3342
f 3342 3373 3374
f 3342 3374 3343
f 3343 3374 3375
f 3343 3375 3344
f 3344 3375 3376
f 3344 3376 3345
f 3345 3376 3377
f 3345 3377 3346
f 3346 3377 3378
f 3346 3378 3347
f 3347 3378 3379
f 3347 3379 3348
f 3348 3379 3380
f 3348 3380 3349
f 3349 3380 3381
f 3349 3381 3350
f 3350 3381 3382
f 3350 3382 3351
f 3351 3382 3383
f 3351 3383 3352
f 3352 3383 3384
f 3352 3384 3353
f 3353 3384 3385
f 3353 3385 3354
f 3354 3385 3386
f 3354 3386 3355
f 3355 3386 3387
f 3355 3387 3356
f 3356 3387 3388
f 3356 3388 3357
f 3357 3388 3389
f 3357 3389 3358
f 3358 3389 3390
f 3358 3390 3359
f 3359 3390 3391
f 3359 3391 3360
f 3360 3391 3392
f 3360 3392 3361
f 3361 3392 3393
f 3361 3393 3330
f 3330 3393 3362
f 3362 3394 3363
f 3363 3394 3395
f 3363 3395 3364
f 3364 3395 3396
f 3364 3396 3365
f 3365 3396 3397
f 3365 3397 3366
f 3366 3397 3398
f 3366 3398 3367
f 3367 3398 3399
f 3367 3399 3368
f 3368 3399 3400
f 3368 3400 3369
f 3369 3400 3401
f 3369 3401 3370
f 3370 3401 3402
f 3370 3402 3371
f 3371 3402 3403
f 3371 3403 3372
f 3372 3403 3404
f 3372 3404 3373
f 3373 3404 3405
f 3373 3405 3374
f 3374 3405 3406
f 3374 3406 3375
f 3375 3406 3407
f 3375 3407 3376
f 3376 3407 3408
f 3376 3408 3377
f 3377 3408 3409
f 3377 3409 3378
f 3378 3409 3410
f 3378 3410 3379
f 3379 3410 3411
f 3379 3411 3380
f 3380 3411 3412
f 3380 3412 3381
f 3381 3412 3413
f 3381 3413 3382
f 3382 3413 3414
f 3382 3414 3383
f 3383 3414 3415
f 3383 3415 3384
f 3384 3415 3416
f 3384 3416 3385
f 3385 3416 3417
f 3385 3417 3386
f 3386 3417 3418
f 3386 3418 3387
f 3387 3418 3419
f 3387 3419 3388
f 3388 3419 3420
f 3388 3420 3389
f 3389 3420 3421
f 3389 3421 3390
f 3390 3421 3422
f 3390 3422 3391
f 3391 3422 3423
f 3391 3423 3392
f 3392 3423 3424
f 3392 3424 3393
f 3393 3424 3425
f 3393 3425 3362
f 3362 3425 3394
f 3394 3426 3395
f 3395 3426 3427
f 3395 3427 3396
f 3396 3427 3428
f 3396 3428 3397
f 3397 3428 3429
f 3397 3429 3398
f 3398 3429 3430
f 3398 3430 3399
f 3399 3430 3431
f 3399 3431 3400
f 3400 3431 3432
f 3400 3432 3401
f 3401 3432 3433
f 3401 3433 3402
f 3402 3433 3434
f 3402 3434 3403
f 3403 3434 3435
f 3403 3435 3404
f 3404 3435 3436
f 3404 3436 3405
f 3405 3436 3437
f 3405 3437 3406
f 3406 3437 3438
f 3406 3438 3407
f 3407 3438 3439
f 3407 3439 3408
f 3408 3439 3440
f 3408 3440 3409
f 3409 3440 3441
f 3409 3441 3410
f 3410 3441 3442
f 3410 3442 3411
f 3411 3442 3443
f 3411 3443 3412
f 3412 3443 3444
f 3412 3444 3413
f 3413 3444 3445
f 3413 3445 3414
f 3414 3445 3446
f 3414 3446 3415
f 3415 3446 3447
f 3415 3447 3416
f 3416 3447 3448
f 3416 3448 3417
f 3417 3448 3449
f 3417 3449 3418
f 3418 3449 3450
f 3418 3450 3419
f 3419 3450 3451
f 3419 3451 3420
f 3420 3451 3452
f 3420 3452 3421
f 3421 3452 3453
f 3421 3453 3422
f 3422 3453 3454
f 3422 3454 3423
f 3423 3454 3455
f 3423 3455 3424
f 3424 3455 3456
f 3424 3456 3425
f 3425 3456 3457
f 3425 3457 3394
f 3394 3457 3426
f 3426 3458 3427
f 3427 3458 3459
f 3427 3459 3428
f 3428 3459 3460
f 3428 3460 3429
f 3429 3460 3461
f 3429 3461 3430
f 3430 3461 3462
f 3430 3462 3431
f 3431 3462 3463
f 3431 3463 3432
f 3432 3463 3464
f 3432 3464 3433
f 3433 3464 3465
f 3433 3465 3434
f 3434 3465 3466
f 3434 3466 3435
f 3435 3466 3467
f 3435 3467 3436
f 3436 3467 3468
f 3436 3468 3437
f 3437 3468 3469
f 3437 3469 3438
f 3438 3469 3470
f 3438 3470 3439
f 3439 3470 3471
f 3439 3471 3440
f 3440 3471 3472
f 3440 3472 3441
f 3441 3472 3473
f 3441 3473 3442
f 3442 3473 3474
f 3442 3474 3443
f 3443 3474 3475
f 3443 3475 3444
f 3444 3475 3476
f 3444 3476 3445
f 3445 3476 3477
f 3445 3477 3446
f 3446 3477 3478
f 3446 3478 3447
f 3447 3478 3479
f 3447 3479 3448
f 3448 3479 3480
f 3448 3480 3449
f 3449 3480 3481
f 3449 3481 3450
f 3450 3481 3482
f 3450 3482 3451
f 3451 3482 3483
f 3451 3483 3452
f 3452 3483 3484
f 3452 3484 3453
f 3453 3484 3485
f 3453 3485 3454
f 3454 3485 3486
f 3454 3486 3455
f 3455 3486 3487
f 3455 3487 3456
f 3456 3487 3488
f 3456 3488 3457
f 3457 3488 3489
f 3457 3489 3426
f 3426 3489 3458
f 3458 3490 3459
f 3459 3490 3491
f 3459 3491 3460
f 3460 3491 3492
f 3460 3492 3461
f 3461 3492 3493
f 3461 3493 3462
f 3462 3493 3494
f 3462 3494 3463
f 3463 3494 3495
f 3463 3495 3464
f 3464 3495 3496
f 3464 3496 3465
f 3465 3496 3497
f 3465 3497 3466
f 3466 3497 3498
f 3466 3498 3467
f 3467 3498 3499
f 3467 3499 3468
f 3468 3499 3500
f 3468 3500 3469
f 3469 3500 3501
f 3469 3501 3470
f 3470 3501 3502
f 3470 3502 3471
f 3471 3502 3503
f 3471 3503 3472
f 3472 3503 3504
f 3472 3504 3473
f 3473 3504 3505
f 3473 3505 3474
f 3474 3505 3506
f 3474 3506 3475
f 3475 3506 3507
f 3475 3507 3476
f 3476 3507 3508
f 3476 3508 3477
f 3477 3508 3509
f 3477 3509 3478
f 3478 3509 3510
f 3478 3510 3479
f 3479 3510 3511
f 3479 3511 3480
f 3480 3511 3512
f 3480 3512 3481
f 3481 3512 3513
f 3481 3513 3482
f 3482 3513 3514
f 3482 3514 3483
f 3483 3514 3515
f 3483 3515 3484
f 3484 3515 3516
f 3484 3516 3485
f 3485 3516 3517
f 3485 3517 3486
f 3486 3517 3518
f 3486 3518 3487
f 3487 3518 3519
f 3487 3519 3488
f 3488 3519 3520
f 3488 3520 3489
f 3489 3520 3521
f 3489 3521 3458
f 3458 3521 3490
f 3490 3522 3491
f 3491 3522 3523
f 3491 3523 3492
f 3492 3523 3524
f 3492 3524 3493
f 3493 3524 3525
f 3493 3525 3494
f 3494 3525 3526
f 3494 3526 3495
f 3495 3526 3527
f 3495 3527 3496
f 3496 3527 3528
f 3496 3528 3497
f 3497 3528 3529
f 3497 3529 3498
f 3498 3529 3530
f 3498 3530 3499
f 3499 3530 3531
f 3499 3531 3500
f 3500 3531 3532
f 3500 3532 3501
f 3501 3532 3533
f 3501 3533 3502
f 3502 3533 3534
f 3502 3534 3503
f 3503 3534 3535
f 3503 3535 3504
f 3504 3535 3536
f 3504 3536 3505
f 3505 3536 3537
f 3505 3537 3506
f 3506 3537 3538
f 3506 3538 3507
f 3507 3538 3539
f 3507 3539 3508
f 3508 3539 3540
f 3508 3540 3509
f 3509 3540 3541
f 3509 3541 3510
f 3510 3541 3542
f 3510 3542 3511
f 3511 3542 3543
f 3511 3543 3512
f 3512 3543 3544
f 3512 3544 3513
f 3513 3544 3545
f 3513 3545 3514
f 3514 3545 3546
f 3514 3546 3515
f 3515 3546 3547
f 3515 3547 3516
f 3516 3547 3548
f 3516 3548 3517
f 3517 3548 3549
f 3517 3549 3518
f 3518 3549 3550
f 3518 3550 3519
f 3519 3550 3551
f 3519 3551 3520
f 3520 3551 3552
f 3520 3552 3521
f 3521 3552 3553
f 3521 3553 3490
f 3490 3553 3522
f 3522 3554 3523
f 3523 3554 3555
f 3523 3555 3524
f 3524 3555 3556
f 3524 3556 3525
f 3525 3556 3557
f 3525 3557 3526
f 3526 3557 3558
f 3526 3558 3527
f 3527 3558 3559
f 3527 3559 3528
f 3528 3559 3560
f 3528 3560 3529
f 3529 3560 3561
f 3529 3561 3530
f 3530 3561 3562
f 3530 3562 3531
f 3531 3562 3563
f 3531 3563 3532
f 3532 3563 3564
f 3532 3564 3533
f 3533 3564 3565
f 3533 3565 3534
f 3534 3565 3566
f 3534 3566 3535
f 3535 3566 3567
f 3535 3567 3536
f 3536 3567 3568
f 3536 3568 3537
f 3537 3568 3569
f 3537 3569 3538
f 3538 3569 3570
f 3538 3570 3539
f 3539 3570 3571
f 3539 3571 3540
f 3540 3571 3572
f 3540 3572 3541
f 3541 3572 3573
f 3541 3573 3542
f 3542 3573 3574
f 3542 3574 3543
f 3543 3574 3575
f 3543 3575 3544
f 3544 3575 3576
f 3544 3576 3545
f 3545 3576 3577
f 3545 3577 3546
f 3546 3577 3578
f 3546 3578 3547
f 3547 3578 3579
f 3547 3579 3548
f 3548 3579 3580
f 3548 3580 3549
f 3549 3580 3581
f 3549 3581 3550
f 3550 3581 3582
f 3550 3582 3551
f 3551 3582 3583
f 3551 3583 3552
f 3552 3583 3584
f 3552 3584 3553
f 3553 3584 3585
f 3553 3585 3522
f 3522 3585 3554
f 3554 3586 3555
f 3555 3586 3587
f 3555 3587 3556
f 3556 3587 3588
f 3556 3588 3557
f 3557 3588 3589
f 3557 3589 3558
f 3558 3589 3590
f 3558 3590 3559
f 3559 3590 3591
f 3559 3591 3560
f 3560 3591 3592
f 3560 3592 3561
f 3561 3592 3593
f 3561 3593 3562
f 3562 3593 3594
f 3562 3594 3563
f 3563 3594 3595
f 3563 3595 3564
f 3564 3595 3596
f 3564 3596 3565
f 3565 3596 3597
f 3565 3597 3566
f 3566 3597 3598
f 3566 3598 3567
f 3567 3598 3599
f 3567 3599 3568
f 3568 3599 3600
f 3568 3600 3569
f 3569 3600 3601
f 3569 3601 3570
f 3570 3601 3602
f 3570 3602 3571
f 3571 3602 3603
f 3571 3603 3572
f 3572 3603 3604
f 3572 3604 3573
f 3573 3604 3605
f 3573 3605 3574
f 3574 3605 3606
f 3574 3606 3575
f 3575 3606 3607
f 3575 3607 3576
f 3576 3607 3608
f 3576 3608 3577
f 3577 3608 3609
f 3577 3609 3578
f 3578 3609 3610
f 3578 3610 3579
f 3579 3610 3611
f 3579 3611 3580
f 3580 3611 3612
f 3580 3612 3581
f 3581 3612 3613
f 3581 3613 3582
f 3582 3613 3614
f 3582 3614 3583
f 3583 3614 3615
f 3583 3615 3584
f 3584 3615 3616
f 3584 3616 3585
f 3585 3616 3617
f 3585 3617 3554
f 3554 3617 3586
f 3586 3618 3587
f 3587 3618 3619
f 3587 3619 3588
f 3588 3619 3620
f 3588 3620 3589
f 3589 3620 3621
f 3589 3621 3590
f 3590 3621 3622
f 3590 3622 3591
f 3591 3622 3623
f 3591 3623 3592
f 3592 3623 3624
f 3592 3624 3593
f 3593 3624 3625
f 3593 3625 3594
f 3594 3625 3626
f 3594 3626 3595
f 3595 3626 3627
f 3595 3627 3596
f 3596 3627 3628
f 3596 3628 3597
f 3597 3628 3629
f 3597 3629 3598
f 3598 3629 3630
f 3598 3630 3599
f 3599 3630 3631
f 3599 3631 3600
f 3600 3631 3632
f 3600 3632 3601
f 3601 3632 3633
f 3601 3633 3602
f 3602 3633 3634
f 3602 3634 3603
f 3603 3634 3635
f 3603 3635 3604
f 3604 3635 3636
f 3604 3636 3605
f 3605 3636 3637
f 3605 3637 3606
f 3606 3637 3638
f 3606 3638 3607
f 3607 3638 3639
f 3607 3639 3608
f 3608 3639 3640
f 3608 3640 3609
f 3609 3640 3641
f 3609 3641 3610
f 3610 3641 3642
f 3610 3642 3611
f 3611 3642 3643
f 3611 3643 3612
f 3612 3643 3644
f 3612 3644 3613
f 3613 3644 3645
f 3613 3645 3614
f 3614 3645 3646
f 3614 3646 3615
f 3615 3646 3647
f 3615 3647 3616
f 3616 3647 3648
f 3616 3648 3617
f 3617 3648 3649
f 3617 3649 3586
f 3586 3649 3618
f 3618 3650 3619
f 3619 3650 3651
f 3619 3651 3620
f 3620 3651 3652
f 3620 3652 3621
f 3621 3652 3653
f 3621 3653 3622
f 3622 3653 3654
f 3622 3654 3623
f 3623 3654 3655
f 3623 3655 3624
f 3624 3655 3656
f 3624 3656 3625
f 3625 3656 3657
f 3625 3657 3626
f 3626 3657 3658
f 3626 3658 3627
f 3627 3658 3659
f 3627 3659 3628
f 3628 3659 3660
f 3628 3660 3629
f 3629 3660 3661
f 3629 3661 3630
f 3630 3661 3662
f 3630 3662 3631
f 3631 3662 3663
f 3631 3663 3632
f 3632 3663 3664
f 3632 3664 3633
f 3633 3664 3665
f 3633 3665 3634
f 3634 3665 3666
f 3634 3666 3635
f 3635 3666 3667
f 3635 3667 3636
f 3636 3667 3668
f 3636 3668 3637
f 3637 3668 3669
f 3637 3669 3638
f 3638 3669 3670
f 3638 3670 3639
f 3639 3670 3671
f 3639 3671 3640
f 3640 3671 3672
f 3640 3672 3641
f 3641 3672 3673
f 3641 3673 3642
f 3642 3673 3674
f 3642 3674 3643
f 3643 3674 3675
f 3643 3675 3644
f 3644 3675 3676
f 3644 3676 3645
f 3645 3676 3677
f 3645 3677 3646
f 3646 3677 3678
f 3646 3678 3647
f 3647 3678 3679
f 3647 3679 3648
f 3648 3679 3680
f 3648 3680 3649
f 3649 3680 3681
f 3649 3681 3618
f 3618 3681 3650
f 3650 3682 3651
f 3651 3682 3683
f 3651 3683 3652
f 3652 3683 3684
f 3652 3684 3653
f 3653 3684 3685
f 3653 3685 3654
f 3654 3685 3686
f 3654 3686 3655
f 3655 3686 3687
f 3655 3687 3656
f 3656 3687 3688
f 3656 3688 3657
f 3657 3688 3689
f 3657 3689 3658
f 3658 3689 3690
f 3658 3690 3659
f 3659 3690 3691
f 3659 3691 3660
f 3660 3691 3692
f 3660 3692 3661
f 3661 3692 3693
f 3661 3693 3662
f 3662 3693 3694
f 3662 3694 3663
f 3663 3694 3695
f 3663 3695 3664
f 3664 3695 3696
f 3664 3696 3665
f 3665 3696 3697
f 3665 3697 3666
f 3666 3697 3698
f 3666 3698 3667
f 3667 3698 3699
f 3667 3699 3668
f 3668 3699 3700
f 3668 3700 3669
f 3669 3700 3701
f 3669 3701 3670
f 3670 3701 3702
f 3670 3702 3671
f 3671 3702 3703
f 3671 3703 3672
f 3672 3703 3704
f 3672 3704 3673
f 3673 3704 3705
f 3673 3705 3674
f 3674 3705 3706
f 3674 3706 3675
f 3675 3706 3707
f 3675 3707 3676
f 3676 3707 3708
f 3676 3708 3677
f 3677 3708 3709
f 3677 3709 3678
f 3678 3709 3710
f 3678 3710 3679
f 3679 3710 3711
f 3679 3711 3680
f 3680 3711 3712
f 3680 3712 3681
f 3681 3712 3713
f 3681 3713 3650
f 3650 3713 3682
f 3682 3714 3683
f 3683 3714 3715
f 3683 3715 3684
f 3684 3715 3716
f 3684 3716 3685
f 3685 3716 3717
f 3685 3717 3686
f 3686 3717 3718
f 3686 3718 3687
f 3687 3718 3719
f 3687 3719 3688
f 3688 3719 3720
f 3688 3720 3689
f 3689 3720 3721
f 3689 3721 3690
f 3690 3721 3722
f 3690 3722 3691
f 3691 3722 3723
f 3691 3723 3692
f 3692 3723 3724
f 3692 3724 3693
f 3693 3724 3725
f 3693 3725 3694
f 3694 3725 3726
f 3694 3726 3695
f 3695 3726 3727
f 3695 3727 3696
f 3696 3727 3728
f 3696 3728 3697
f 3697 3728 3729
f 3697 3729 3698
f 3698 3729 3730
f 3698 3730 3699
f 3699 3730 3731
f 3699 3731 3700
f 3700 3731 3732
f 3700 3732 3701
f 3701 3732 3733
f 3701 3733 3702
f 3702 3733 3734
f 3702 3734 3703
f 3703 3734 3735
f 3703 3735 3704
f 3704 3735 3736
f 3704 3736 3705
f 3705 3736 3737
f 3705 3737 3706
f 3706 3737 3738
f 3706 3738 3707
f 3707 3738 3739
f 3707 3739 3708
f 3708 3739 3740
f 3708 3740 3709
f 3709 3740 3741
f 3709 3741 3710
f 3710 3741 3742
f 3710 3742 3711
f 3711 3742 3743
f 3711 3743 3712
f 3712 3743 3744
f 3712 3744 3713
f 3713 3744 3745
f 3713 3745 3682
f 3682 3745 3714
f 3714 3746 3715
f 3715 3746 3747
f 3715 3747 3716
f 3716 3747 3748
f 3716 3748 3717
f 3717 3748 3749
f 3717 3749 3718
f 3718 3749 3750
f 3718 3750 3719
f 3719 3750 3751
f 3719 3751 3720
f 3720 3751 3752
f 3720 3752 3721
f 3721 3752 3753
f 3721 3753 3722
f 3722 3753 3754
f 3722 3754 3723
f 3723 3754 3755
f 3723 3755 3724
f 3724 3755 3756
f 3724 3756 3725
f 3725 3756 3757
f 3725 3757 3726
f 3726 3757 3758
f 3726 3758 3727
f 3727 3758 3759
f 3727 3759 3728
f 3728 3759 3760
f 3728 3760 3729
f 3729 3760 3761
f 3729 3761 3730
f 3730 3761 3762
f 3730 3762 3731
f 3731 3762 3763
f 3731 3763 3732
f 3732 3763 3764
f 3732 3764 3733
f 3733 3764 3765
f 3733 3765 3734
f 3734 3765 3766
f 3734 3766 3735
f 3735 3766 3767
f 3735 3767 3736
f 3736 3767 3768
f 3736 3768 3737
f 3737 3768 3769
f 3737 3769 3738
f 3738 3769 3770
f 3738 3770 3739
f 3739 3770 3771
f 3739 3771 3740
f 3740 3771 3772
f 3740 3772 3741
f 3741 3772 3773
f 3741 3773 3742
f 3742 3773 3774
f 3742 3774 3743
f 3743 3774 3775
f 3743 3775 3744
f 3744 3775 3776
f 3744 3776 3745
f 3745 3776 3777
f 3745 3777 3714
f 3714 3777 3746
f 3746 3778 3747
f 3747 3778 3779
f 3747 3779 3748
f 3748 3779 3780
f 3748 3780 3749
f 3749 3780 3781
f 3749 3781 3750
f 3750 3781 3782
f 3750 3782 3751
f 3751 3782 3783
f 3751 3783 3752
f 3752 3783 3784
f 3752 3784 3753
f 3753 3784 3785
f 3753 3785 3754
f 3754 3785 3786
f 3754 3786 3755
f 3755 3786 3787
f 3755 3787 3756
f 3756 3787 3788
f 3756 3788 3757
f 3757 3788 3789
f 3757 3789 3758
f 3758 3789 3790
f 3758 3790 3759
f 3759 3790 3791
f 3759 3791 3760
f 3760 3791 3792
f 3760 3792 3761
f 3761 3792 3793
f 3761 3793 3762
f 3762 3793 3794
f 3762 3794 3763
f 3763 3794 3795
f 3763 3795 3764
f 3764 3795 3796
f 3764 3796 3765
f 3765 3796 3797
f 3765 3797 3766
f 3766 3797 3798
f 3766 3798 3767
f 3767 3798 3799
f 3767 3799 3768
f 3768 3799 3800
f 3768 3800 3769
f 3769 3800 3801
f 3769 3801 3770
f 3770 3801 3802
f 3770 3802 3771
f 3771 3802 3803
f 3771 3803 3772
f 3772 3803 3804
f 3772 3804 3773
f 3773 3804 3805
f 3773 3805 3774
f 3774 3805 3806
f 3774 3806 3775
f 3775 3806 3807
f 3775 3807 3776
f 3776 3807 3808
f 3776 3808 3777
f 3777 3808 3809
f 3777 3809 3746
f 3746 3809 3778
f 3778 3810 3779
f 3779 3810 3811
f 3779 3811 3780
f 3780 3811 3812
f 3780 3812 3781
f 3781 3812 3813
f 3781 3813 3782
f 3782 3813 3814
f 3782 3814 3783
f 3783 3814 3815
f 3783 3815 3784
f 3784 3815 3816
f 3784 3816 3785
f 3785 3816 3817
f 3785 3817 3786
f 3786 3817 3818
f 3786 3818 3787
f 3787 3818 3819
f 3787 3819 3788
f 3788 3819 3820
f 3788 3820 3789
f 3789 3820 3821
f 3789 3821 3790
f 3790 3821 3822
f 3790 3822 3791
f 3791 3822 3823
f 3791 3823 3792
f 3792 3823 3824
f 3792 3824 3793
f 3793 3824 3825
f 3793 3825 3794
f 3794 3825 3826
f 3794 3826 3795
f 3795 3826 3827
f 3795 3827 3796
f 3796 3827 3828
f 3796 3828 3797
f 3797 3828 3829
f 3797 3829 3798
f 3798 3829 3830
f 3798 3830 3799
f 3799 3830 3831
f 3799 3831 3800
f 3800 3831 3832
f 3800 3832 3801
f 3801 3832 3833
f 3801 3833 3802
f 3802 3833 3834
f 3802 3834 3803
f 3803 3834 3835
f 3803 3835 3804
f 3804 3835 3836
f 3804 3836 3805
f 3805 3836 3837
f 3805 3837 3806
f 3806 3837 3838
f 3806 3838 3807
f 3807 3838 3839
f 3807 3839 3808
f 3808 3839 3840
f 3808 3840 3809
f 3809 3840 3841
f 3809 3841 3778
f 3778 3841 3810
f 3810 3842 3811
f 3811 3842 3843
f 3811 3843 3812
f 3812 3843 3844
f 3812 3844 3813
f 3813 3844 3845
f 3813 3845 3814
f 3814 3845 3846
f 3814 3846 3815
f 3815 3846 3847
f 3815 3847 3816
f 3816 3847 3848
f 3816 3848 3817
f 3817 3848 3849
f 3817 3849 3818
f 3818 3849 3850
f 3818 3850 3819
f 3819 3850 3851
f 3819 3851 3820
f 3820 3851 3852
f 3820 3852 3821
f 3821 3852 3853
f 3821 3853 3822
f 3822 3853 3854
f 3822 3854 3823
f 3823 3854 3855
f 3823 3855 3824
f 3824 3855 3856
f 3824 3856 3825
f 3825 3856 3857
f 3825 3857 3826
f 3826 3857 3858
f 3826 3858 3827
f 3827 3858 3859
f 3827 3859 3828
f 3828 3859 3860
f 3828 3860 3829
f 3829 3860 3861
f 3829 3861 3830
f 3830 3861 3862
f 3830 3862 3831
f 3831 3862 3863
f 3831 3863 3832
f 3832 3863 3864
f 3832 3864 3833
f 3833 3864 3865
f 3833 3865 3834
f 3834 3865 3866
f 3834 3866 3835
f 3835 3866 3867
f 3835 3867 3836
f 3836 3867 3868
f 3836 3868 3837
f 3837 3868 3869
f 3837 3869 3838
f 3838 3869 3870
f 3838 3870 3839
f 3839 3870 3871
f 3839 3871 3840
f 3840 3871 3872
f 3840 3872 3841
f 3841 3872 3873
f 3841 3873 3810
f 3810 3873 3842
f 3842 3874 3843
f 3843 3874 3875
f 3843 3875 3844
f 3844 3875 3876
f 3844 3876 3845
f 3845 3876 3877
f 3845 3877 3846
f 3846 3877 3878
f 3846 3878 3847
f 3847 3878 3879
f 3847 3879 3848
f 3848 3879 3880
f 3848 3880 3849
f 3849 3880 3881
f 3849 3881 3850
f 3850 3881 3882
f 3850 3882 3851
f 3851 3882 3883
f 3851 3883 3852
f 3852 3883 3884
f 3852 3884 3853
f 3853 3884 3885
f 3853 3885 3854
f 3854 3885 3886
f 3854 3886 3855
f 3855 3886 3887
f 3855 3887 3856
f 3856 3887 3888
f 3856 3888 3857
f 3857 3888 3889
f 3857 3889 3858
f 3858 3889 3890
f 3858 3890 3859
f 3859 3890 3891
f 3859 3891 3860
f 3860 3891 3892
f 3860 3892 3861
f 3861 3892 3893
f 3861 3893 3862
f 3862 3893 3894
f 3862 3894 3863
f 3863 3894 3895
f 3863 3895 3864
f 3864 3895 3896
f 3864 3896 3865
f 3865 3896 3897
f 3865 3897 3866
f 3866 3897 3898
f 3866 3898 3867
f 3867 3898 3899
f 3867 3899 3868
f 3868 3899 3900
f 3868 3900 3869
f 3869 3900 3901
f 3869 3901 3870
f 3870 3901 3902
f 3870 3902 3871
f 3871 3902 3903
f 3871 3903 3872
f 3872 3903 3904
f 3872 3904 3873
f 3873 3904 3905
f 3873 3905 3842
f 3842 3905 3874
f 3874 3906 3875
f 3875 3906 3907
f 3875 3907 3876
f 3876 3907 3908
f 3876 3908 3877
f 3877 3908 3909
f 3877 3909 3878
f 3878 3909 3910
f 3878 3910 3879
f 3879 3910 3911
f 3879 3911 3880
f 3880 3911 3912
f 3880 3912 3881
f 3881 3912 3913
f 3881 3913 3882
f 3882 3913 3914
f 3882 3914 3883
f 3883 3914 3915
f 3883 3915 3884
f 3884 3915 3916
f 3884 3916 3885
f 3885 3916 3917
f 3885 3917 3886
f 3886 3917 3918
f 3886 3918 3887
f 3887 3918 3919
f 3887 3919 3888
f 3888 3919 3920
f 3888 3920 3889
f 3889 3920 3921
f 3889 3921 3890
f 3890 3921 3922
f 3890 3922 3891
f 3891 3922 3923
f 3891 3923 3892
f 3892 3923 3924
f 3892 3924 3893
f 3893 3924 3925
f 3893 3925 3894
f 3894 3925 3926
f 3894 3926 3895
f 3895 3926 3927
f 3895 3927 3896
f 3896 3927 3928
f 3896 3928 3897
f 3897 3928 3929
f 3897 3929 3898
f 3898 3929 3930
f 3898 3930 3899
f 3899 3930 3931
f 3899 3931 3900
f 3900 3931 3932
f 3900 3932 3901
f 3901 3932 3933
f 3901 3933 3902
f 3902 3933 3934
f 3902 3934 3903
f 3903 3934 3935
f 3903 3935 3904
f 3904 3935 3936
f 3904 3936 3905
f 3905 3936 3937
f 3905 3937 3874
f 3874 3937 3906
f 3906 3938 3907
f 3907 3938 3939
f 3907 3939 3908
f 3908 3939 3940
f 3908 3940 3909
f 3909 3940 3941
f 3909 3941 3910
f 3910 3941 3942
f 3910 3942 3911
f 3911 3942 3943
f 3911 3943 3912
f 3912 3943 3944
f 3912 3944 3913
f 3913 3944 3945
f 3913 3945 3914
f 3914 3945 3946
f 3914 3946 3915
f 3915 3946 3947
f 3915 3947 3916
f 3916 3947 3948
f 3916 3948 3917
f 3917 3948 3949
f 3917 3949 3918
f 3918 3949 3950
f 3918 3950 3919
f 3919 3950 3951
f 3919 3951 3920
f 3920 3951 3952
f 3920 3952 3921
f 3921 3952 3953
f 3921 3953 3922
f 3922 3953 3954
f 3922 3954 3923
f 3923 3954 3955
f 3923 3955 3924
f 3924 3955 3956
f 3924 3956 3925
f 3925 3956 3957
f 3925 3957 3926
f 3926 3957 3958
f 3926 3958 3927
f 3927 3958 3959
f 3927 3959 3928
f 3928 3959 3960
f 3928 3960 3929
f 3929 3960 3961
f 3929 3961 3930
f 3930 3961 3962
f 3930 3962 3931
f 3931 3962 3963
f 3931 3963 3932
f 3932 3963 3964
f 3932 3964 3933
f 3933 3964 3965
f 3933 3965 3934
f 3934 3965 3966
f 3934 3966 3935
f 3935 3966 3967
f 3935 3967 3936
f 3936 3967 3968
f 3936 3968 3937
f 3937 3968 3969
f 3937 3969 3906
f 3906 3969 3938
f 3938 3970 3939
f 3939 3970 3971
f 3939 3971 3940
f 3940 3971 3972
f 3940 3972 3941
f 3941 3972 3973
f 3941 3973 3942
f 3942 3973 3974
f 3942 3974 3943
f 3943 3974 3975
f 3943 3975 3944
f 3944 3975 3976
f 3944 3976 3945
f 3945 3976 3977
f 3945 3977 3946
f 3946 3977 3978
f 3946 3978 3947
f 3947 3978 3979
f 3947 3979 3948
f 3948 3979 3980
f 3948 3980 3949
f 3949 3980 3981
f 3949 3981 3950
f 3950 3981 3982
f 3950 3982 3951
f 3951 3982 3983
f 3951 3983 3952
f 3952 3983 3984
f 3952 3984 3953
f 3953 3984 3985
f 3953 3985 3954
f 3954 3985 3986
f 3954 3986 3955
f 3955 3986 3987
f 3955 3987 3956
f 3956 3987 3988
f 3956 3988 3957
f 3957 3988 3989
f 3957 3989 3958
f 3958 3989 3990
f 3958 3990 3959
f 3959 3990 3991
f 3959 3991 3960
f 3960 3991 3992
f 3960 3992 3961
f 3961 3992 3993
f 3961 3993 3962
f 3962 3993 3994
f 3962 3994 3963
f 3963 3994 3995
f 3963 3995 3964
f 3964 3995 3996
f 3964 3996 3965
f 3965 3996 3997
f 3965 3997 3966
f 3966 3997 3998
f 3966 3998 3967
f 3967 3998 3999
f 3967 3999 3968
f 3968 3999 4000
f 3968 4000 3969
f 3969 4000 4001
f 3969 4001 3938
f 3938 4001 3970
f 3970 4002 3971
f 3971 4002 4003
f 3971 4003 3972
f 3972 4003 4004
f 3972 4004 3973
f 3973 4004 4005
f 3973 4005 3974
f 3974 4005 4006
f 3974 4006 3975
f 3975 4006 4007
f 3975 4007 3976
f 3976 4007 4008
f 3976 4008 3977
f 3977 4008 4009
f 3977 4009 3978
f 3978 4009 4010
f 3978 4010 3979
f 3979 4010 4011
f 3979 4011 3980
f 3980 4011 4012
f 3980 4012 3981
f 3981 4012 4013
f 3981 4013 3982
f 3982 4013 4014
f 3982 4014 3983
f 3983 4014 4015
f 3983 4015 3984
f 3984 4015 4016
f 3984 4016 3985
f 3985 4016 4017
f 3985 4017 3986
f 3986 4017 4018
f 3986 4018 3987
f 3987 4018 4019
f 3987 4019 3988
f 3988 4019 4020
f 3988 4020 3989
f 3989 4020 4021
f 3989 4021 3990
f 3990 4021 4022
f 3990 4022 3991
f 3991 4022 4023
f 3991 4023 3992
f 3992 4023 4024
f 3992 4024 3993
f 3993 4024 4025
f 3993 4025 3994
f 3994 4025 4026
f 3994 4026 3995
f 3995 4026 4027
f 3995 4027 3996
f 3996 4027 4028
f 3996 4028 3997
f 3997 4028 4029
f 3997 4029 3998
f 3998 4029 4030
f 3998 4030 3999
f 3999 4030 4031
f 3999 4031 4000
f 4000 4031 4032
f 4000 4032 4001
f 4001 4032 4033
f 4001 4033 3970
f 3970 4033 4002
f 4002 4034 4003
f 4003 4034 4035
f 4003 4035 4004
f 4004 4035 4036
f 4004 4036 4005
f 4005 4036 4037
f 4005 4037 4006
f 4006 4037 4038
f 4006 4038 4007
f 4007 4038 4039
f 4007 4039 4008
f 4008 4039 4040
f 4008 4040 4009
f 4009 4040 4041
f 4009 4041 4010
f 4010 4041 4042
f 4010 4042 4011
f 4011 4042 4043
f 4011 4043 4012
f 4012 4043 4044
f 4012 4044 4013
f 4013 4044 4045
f 4013 4045 4014
f 4014 4045 4046
f 4014 4046 4015
f 4015 4046 4047
f 4015 4047 4016
f 4016 4047 4048
f 4016 4048 4017
f 4017 4048 4049
f 4017 4049 4018
f 4018 4049 4050
f 4018 4050 4019
f 4019 4050 4051
f 4019 4051 4020
f 4020 4051 4052
f 4020 4052 4021
f 4021 4052 4053
f 4021 4053 4022
f 4022 4053 4054
f 4022 4054 4023
f 4023 4054 4055
f 4023 4055 4024
f 4024 4055 4056
f 4024 4056 4025
f 4025 4056 4057
f 4025 4057 4026
f 4026 4057 4058
f 4026 4058 4027
f 4027 4058 4059
f 4027 4059 4028
f 4028 4059 4060
f 4028 4060 4029
f 4029 4060 4061
f 4029 4061 4030
f 4030 4061 4062
f 4030 4062 4031
f 4031 4062 4063
f 4031 4063 4032
f 4032 4063 4064
f 4032 4064 4033
f 4033 4064 4065
f 4033 4065 4002
f 4002 4065 4034
f 4034 4066 4035
f 4035 4066 4067
f 4035 4067 4036
f 4036 4067 4068
f 4036 4068 4037
f 4037 4068 4069
f 4037 4069 4038
f 4038 4069 4070
f 4038 4070 4039
f 4039 4070 4071
f 4039 4071 4040
f 4040 4071 4072
f 4040 4072 4041
f 4041 4072 4073
f 4041 4073 4042
f 4042 4073 4074
f 4042 4074 4043
f 4043 4074 4075
f 4043 4075 4044
f 4044 4075 4076
f 4044 4076 4045
f 4045 4076 4077
f 4045 4077 4046
f 4046 4077 4078
f 4046 4078 4047
f 4047 4078 4079
f 4047 4079 4048
f 4048 4079 4080
f 4048 4080 4049
f 4049 4080 4081
f 4049 4081 4050
f 4050 4081 4082
f 4050 4082 4051
f 4051 4082 4083
f 4051 4083 4052
f 4052 4083 4084
f 4052 4084 4053
f 4053 4084 4085
f 4053 4085 4054
f 4054 4085 4086
f 4054 4086 4055
f 4055 4086 4087
f 4055 4087 4056
f 4056 4087 4088
f 4056 4088 4057
f 4057 4088 4089
f 4057 4089 4058
f 4058 4089 4090
f 4058 4090 4059
f 4059 4090 4091
f 4059 4091 4060
f 4060 4091 4092
f 4060 4092 4061
f 4061 4092 4093
f 4061 4093 4062
f 4062 4093 4094
f 4062 4094 4063
f 4063 4094 4095
f 4063 4095 4064
f 4064 4095 4096
f 4064 4096 4065
f 4065 4096 4097
f 4065 4097 4034
f 4034 4097 4066
f 4066 4098 4067
f 4067 4098 4099
f 4067 4099 4068
f 4068 4099 4100
f 4068 4100 4069
f 4069 4100 4101
f 4069 4101 4070
f 4070 4101 4102
f 4070 4102 4071
f 4071 4102 4103
f 4071 4103 4072
f 4072 4103 4104
f 4072 4104 4073
f 4073 4104 4105
f 4073 4105 4074
f 4074 4105 4106
f 4074 4106 4075
f 4075 4106 4107
f 4075 4107 4076
f 4076 4107 4108
f 4076 4108 4077
f 4077 4108 4109
f 4077 4109 4078
f 4078 4109 4110
f 4078 4110 4079
f 4079 4110 4111
f 4079 4111 4080
f 4080 4111 4112
f 4080 4112 4081
f 4081 4112 4113
f 4081 4113 4082
f 4082 4113 4114
f 4082 4114 4083
f 4083 4114 4115
f 4083 4115 4084
f 4084 4115 4116
f 4084 4116 4085
f 4085 4116 4117
f 4085 4117 4086
f 4086 4117 4118
f 4086 4118 4087
f 4087 4118 4119
f 4087 4119 4088
f 4088 4119 4120
f 4088 4120 4089
f 4089 4120 4121
f 4089 4121 4090
f 4090 4121 4122
f 4090 4122 4091
f 4091 4122 4123
f 4091 4123 4092
f 4092 4123 4124
f 4092 4124 4093
f 4093 4124 4125
f 4093 4125 4094
f 4094 4125 4126
f 4094 4126 4095
f 4095 4126 4127
f 4095 4127 4096
f 4096 4127 4128
f 4096 4128 4097
f 4097 4128 4129
f 4097 4129 4066
f 4066 4129 4098
f 4098 4130 4099
f 4099 4130 4131
f 4099 4131 4100
f 4100 4131 4132
f 4100 4132 4101
f 4101 4132 4133
f 4101 4133 4102
f 4102 4133 4134
f 4102 4134 4103
f 4103 4134 4135
f 4103 4135 4104
f 4104 4135 4136
f 4104 4136 4105
f 4105 4136 4137
f 4105 4137 4106
f 4106 4137 4138
f 4106 4138 4107
f 4107 4138 4139
f 4107 4139 4108
f 4108 4139 4140
f 4108 4140 4109
f 4109 4140 4141
f 4109 4141 4110
f 4110 4141 4142
f 4110 4142 4111
f 4111 4142 4143
f 4111 4143 4112
f 4112 4143 4144
f 4112 4144 4113
f 4113 4144 4145
f 4113 4145 4114
f 4114 4145 4146
f 4114 4146 4115
f 4115 4146 4147
f 4115 4147 4116
f 4116 4147 4148
f 4116 4148 4117
f 4117 4148 4149
f 4117 4149 4118
f 4118 4149 4150
f 4118 4150 4119
f 4119 4150 4151
f 4119 4151 4120
f 4120 4151 4152
f 4120 4152 4121
f 4121 4152 4153
f 4121 4153 4122
f 4122 4153 4154
f 4122 4154 4123
f 4123 4154 4155
f 4123 4155 4124
f 4124 4155 4156
f 4124 4156 4125
f 4125 4156 4157
f 4125 4157 4126
f 4126 4157 4158
f 4126 4158 4127
f 4127 4158 4159
f 4127 4159 4128
f 4128 4159 4160
f 4128 4160 4129
f 4129 4160 4161
f 4129 4161 4098
f 4098 4161 4130
f 4130 2114 4131
f 4131 2114 2115
f 4131 2115 4132
f 4132 2115 2116
f 4132 2116 4133
f 4133 2116 2117
f 4133 2117 4134
f 4134 2117 2118
f 4134 2118 4135
f 4135 2118 2119
f 4135 2119 4136
f 4136 2119 2120
f 4136 2120 4137
f 4137 2120 2121
f 4137 2121 4138
f 4138 2121 2122
f 4138 2122 4139
f 4139 2122 2123
f 4139 2123 4140
f 4140 2123 2124
f 4140 2124 4141
f 4141 2124 2125
f 4141 2125 4142
f 4142 2125 2126
f 4142 2126 4143
f 4143 2126 2127
f 4143 2127 4144
f 4144 2127 2128
f 4144 2128 4145
f 4145 2128 2129
f 4145 2129 4146
f 4146 2129 2130
f 4146 2130 4147
f 4147 2130 2131
f 4147 2131 4148
f 4148 2131 2132
f 4148 2132 4149
f 4149 2132 2133
f 4149 2133 4150
f 4150 2133 2134
f 4150 2134 4151
f 4151 2134 2135
f 4151 2135 4152
f 4152 2135 2136
f 4152 2136 4153
f 4153 2136 2137
f 4153 2137 4154
f 4154 2137 2138
f 4154 2138 4155
f 4155 2138 2139
f 4155 2139 4156
f 4156 2139 2140
f 4156 2140 4157
f 4157 2140 2141
f 4157 2141 4158
f 4158 2141 2142
f 4158 2142 4159
f 4159 2142 2143
f 4159 2143 4160
f 4160 2143 2144
f 4160 2144 4161
f 4161 2144 2145
f 4161 2145 4130
f 4130 2145 2114
f 4162 4164 4166
f 4163 4167 4165
f 4164 4165 4166
f 4166 4165 4167
f 4162 4166 4168
f 4163 4169 4167
f 4166 4167 4168
f 4168 4167 4169
f 4162 4168 4170
f 4163 4171 4169
f 4168 4169 4170
f 4170 4169 4171
f 4162 4170 4172
f 4163 4173 4171
f 4170 4171 4172
f 4172 4171 4173
f 4162 4172 4174
f 4163 4175 4173
f 4172 4173 4174
f 4174 4173 4175
f 4162 4174 4176
f 4163 4177 4175
f 4174 4175 4176
f 4176 4175 4177
f 4162 4176 4178
f 4163 4179 4177
f 4176 4177 4178
f 4178 4177 4179
f 4162 4178 4180
f 4163 4181 4179
f 4178 4179 4180
f 4180 4179 4181
f 4162 4180 4182
f 4163 4183 4181
f 4180 4181 4182
f 4182 4181 4183
f 4162 4182 4184
f 4163 4185 4183
f 4182 4183 4184
f 4184 4183 4185
f 4162 4184 4186
f 4163 4187 4185
f 4184 4185 4186
f 4186 4185 4187
f 4162 4186 4188
f 4163 4189 4187
f 4186 4187 4188
f 4188 4187 4189
f 4162 4188 4190
f 4163 4191 4189
f 4188 4189 4190
f 4190 4189 4191
f 4162 4190 4192
f 4163 4193 4191
f 4190 4191 4192
f 4192 4191 4193
f 4162 4192 4194
f 4163 4195 4193
f 4192 4193 4194
f 4194 4193 4195
f 4162 4194 4196
f 4163 4197 4195
f 4194 4195 4196
f 4196 4195 4197
f 4162 4196 4198
f 4163 4199 4197
f 4196 4197 4198
f 4198 4197 4199
f 4162 4198 4200
f 4163 4201 4199
f 4198 4199 4200
f 4200 4199 4201
f 4162 4200 4202
f 4163 4203 4201
f 4200 4201 4202
f 4202 4201 4203
f 4162 4202 4204
f 4163 4205 4203
f 4202 4203 4204
f 4204 4203 4205
f 4162 4204 4206
f 4163 4207 4205
f 4204 4205 4206
f 4206 4205 4207
f 4162 4206 4208
f 4163 4209 4207
f 4206 4207 4208
f 4208 4207 4209
f 4162 4208 4210
f 4163 4211 4209
f 4208 4209 4210
f 4210 4209 4211
f 4162 4210 4212
f 4163 4213 4211
f 4210 4211 4212
f 4212 4211 4213
f 4162 4212 4214
f 4163 4215 4213
f 4212 4213 4214
f 4214 4213 4215
f 4162 4214 4216
f 4163 4217 4215
f 4214 4215 4216
f 4216 4215 4217
f 4162 4216 4218
f 4163 4219 4217
f 4216 4217 4218
f 4218 4217 4219
f 4162 4218 4220
f 4163 4221 4219
f 4218 4219 4220
f 4220 4219 4221
f 4162 4220 4222
f 4163 4223 4221
f 4220 4221 4222
f 4222 4221 4223
f 4162 4222 4224
f 4163 4225 4223
f 4222 4223 4224
f 4224 4223 4225
f 4162 4224 4226
f 4163 4227 4225
f 4224 4225 4226
f 4226 4225 4227
f 4162 4226 4228
f 4163 4229 4227
f 4226 4227 4228
f 4228 4227 4229
f 4162 4228 4230
f 4163 4231 4229
f 4228 4229 4230
f 4230 4229 4231
f 4162 4230 4232
f 4163 4233 4231
f 4230 4231 4232
f 4232 4231 4233
f 4162 4232 4234
f 4163 4235 4233
f 4232 4233 4234
f 4234 4233 4235
f 4162 4234 4236
f 4163 4237 4235
f 4234 4235 4236
f 4236 4235 4237
f 4162 4236 4238
f 4163 4239 4237
f 4236 4237 4238
f 4238 4237 4239
f 4162 4238 4240
f 4163 4241 4239
f 4238 4239 4240
f 4240 4239 4241
f 4162 4240 4242
f 4163 4243 4241
f 4240 4241 4242
f 4242 4241 4243
f 4162 4242 4244
f 4163 4245 4243
f 4242 4243 4244
f 4244 4243 4245
f 4162 4244 4246
f 4163 4247 4245
f 4244 4245 4246
f 4246 4245 4247
f 4162 4246 4248
f 4163 4249 4247
f 4246 4247 4248
f 4248 4247 4249
f 4162 4248 4250
f 4163 4251 4249
f 4248 4249 4250
f 4250 4249 4251
f 4162 4250 4252
f 4163 4253 4251
f 4250 4251 4252
f 4252 4251 4253
f 4162 4252 4254
f 4163 4255 4253
f 4252 4253 4254
f 4254 4253 4255
f 4162 4254 4256
f 4163 4257 4255
f 4254 4255 4256
f 4256 4255 4257
f 4162 4256 4258
f 4163 4259 4257
f 4256 4257 4258
f 4258 4257 4259
f 4162 4258 4260
f 4163 4261 4259
f 4258 4259 4260
f 4260 4259 4261
f 4162 4260 4262
f 4163 4263 4261
f 4260 4261 4262
f 4262 4261 4263
f 4162 4262 4264
f 4163 4265 4263
f 4262 4263 4264
f 4264 4263 4265
f 4162 4264 4266
f 4163 4267 4265
f 4264 4265 4266
f 4266 4265 4267
f 4162 4266 4268
f 4163 4269 4267
f 4266 4267 4268
f 4268 4267 4269
f 4162 4268 4270
f 4163 4271 4269
f 4268 4269 4270
f 4270 4269 4271
f 4162 4270 4272
f 4163 4273 4271
f 4270 4271 4272
f 4272 4271 4273
f 4162 4272 4274
f 4163 4275 4273
f 4272 4273 4274
f 4274 4273 4275
f 4162 4274 4276
f 4163 4277 4275
f 4274 4275 4276
f 4276 4275 4277
f 4162 4276 4278
f 4163 4279 4277
f 4276 4277 4278
f 4278 4277 4279
f 4162 4278 4280
f 4163 4281 4279
f 4278 4279 4280
f 4280 4279 4281
f 4162 4280 4282
f 4163 4283 4281
f 4280 4281 4282
f 4282 4281 4283
f 4162 4282 4284
f 4163 4285 4283
f 4282 4283 4284
f 4284 4283 4285
f 4162 4284 4286
f 4163 4287 4285
f 4284 4285 4286
f 4286 4285 4287
f 4162 4286 4288
f 4163 4289 4287
f 4286 4287 4288
f 4288 4287 4289
f 4162 4288 4290
f 4163 4291 4289
f 4288 4289 4290
f 4290 4289 4291
f 4162 4290 4164
f 4163 4165 4291
f 4290 4291 4164
f 4164 4291 4165
f 4292 4324 4293
f 4293 4324 4325
f 4293 4325 4294
f 4294 4325 4326
f 4294 4326 4295
f 4295 4326 4327
f 4295 4327 4296
f 4296 4327 4328
f 4296 4328 4297
f 4297 4328 4329
f 4297 4329 4298
f 4298 4329 4330
f 4298 4330 4299
f 4299 4330 4331
f 4299 4331 4300
f 4300 4331 4332
f 4300 4332 4301
f 4301 4332 4333
f 4301 4333 4302
f 4302 4333 4334
f 4302 4334 4303
f 4303 4334 4335
f 4303 4335 4304
f 4304 4335 4336
f 4304 4336 4305
f 4305 4336 4337
f 4305 4337 4306
f 4306 4337 4338
f 4306 4338 4307
f 4307 4338 4339
f 4307 4339 4308
f 4308 4339 4340
f 4308 4340 4309
f 4309 4340 4341
f 4309 4341 4310
f 4310 4341 4342
f 4310 4342 4311
f 4311 4342 4343
f 4311 4343 4312
f 4312 4343 4344
f 4312 4344 4313
f 4313 4344 4345
f 4313 4345 4314
f 4314 4345 4346
f 4314 4346 4315
f 4315 4346 4347
f 4315 4347 4316
f 4316 4347 4348
f 4316 4348 4317
f 4317 4348 4349
f 4317 4349 4318
f 4318 4349 4350
f 4318 4350 4319
f 4319 4350 4351
f 4319 4351 4320
f 4320 4351 4352
f 4320 4352 4321
f 4321 4352 4353
f 4321 4353 4322
f 4322 4353 4354
f 4322 4354 4323
f 4323 4354 4355
f 4323 4355 4292
f 4292 4355 4324
f 4324 4356 4325
f 4325 4356 4357
f 4325 4357 4326
f 4326 4357 4358
f 4326 4358 4327
f 4327 4358 4359
f 4327 4359 4328
f 4328 4359 4360
f 4328 4360 4329
f 4329 4360 4361
f 4329 4361 4330
f 4330 4361 4362
f 4330 4362 4331
f 4331 4362 4363
f 4331 4363 4332
f 4332 4363 4364
f 4332 4364 4333
f 4333 4364 4365
f 4333 4365 4334
f 4334 4365 4366
f 4334 4366 4335
f 4335 4366 4367
f 4335 4367 4336
f 4336 4367 4368
f 4336 4368 4337
f 4337 4368 4369
f 4337 4369 4338
f 4338 4369 4370
f 4338 4370 4339
f 4339 4370 4371
f 4339 4371 4340
f 4340 4371 4372
f 4340 4372 4341
f 4341 4372 4373
f 4341 4373 4342
f 4342 4373 4374
f 4342 4374 4343
f 4343 4374 4375
f 4343 4375 4344
f 4344 4375 4376
f 4344 4376 4345
f 4345 4376 4377
f 4345 4377 4346
f 4346 4377 4378
f 4346 4378 4347
f 4347 4378 4379
f 4347 4379 4348
f 4348 4379 4380
f 4348 4380 4349
f 4349 4380 4381
f 4349 4381 4350
f 4350 4381 4382
f 4350 4382 4351
f 4351 4382 4383
f 4351 4383 4352
f 4352 4383 4384
f 4352 4384 4353
f 4353 4384 4385
f 4353 4385 4354
f 4354 4385 4386
f 4354 4386 4355
f 4355 4386 4387
f 4355 4387 4324
f 4324 4387 4356
f 4356 4388 4357
f 4357 4388 4389
f 4357 4389 4358
f 4358 4389 4390
f 4358 4390 4359
f 4359 4390 4391
f 4359 4391 4360
f 4360 4391 4392
f 4360 4392 4361
f 4361 4392 4393
f 4361 4393 4362
f 4362 4393 4394
f 4362 4394 4363
f 4363 4394 4395
f 4363 4395 4364
f 4364 4395 4396
f 4364 4396 4365
f 4365 4396 4397
f 4365 4397 4366
f 4366 4397 4398
f 4366 4398 4367
f 4367 4398 4399
f 4367 4399 4368
f 4368 4399 4400
f 4368 4400 4369
f 4369 4400 4401
f 4369 4401 4370
f 4370 4401 4402
f 4370 4402 4371
f 4371 4402 4403
f 4371 4403 4372
f 4372 4403 4404
f 4372 4404 4373
f 4373 4404 4405
f 4373 4405 4374
f 4374 4405 4406
f 4374 4406 4375
f 4375 4406 4407
f 4375 4407 4376
f 4376 4407 4408
f 4376 4408 4377
f 4377 4408 4409
f 4377 4409 4378
f 4378 4409 4410
f 4378 4410 4379
f 4379 4410 4411
f 4379 4411 4380
f 4380 4411 4412
f 4380 4412 4381
f 4381 4412 4413
f 4381 4413 4382
f 4382 4413 4414
f 4382 4414 4383
f 4383 4414 4415
f 4383 4415 4384
f 4384 4415 4416
f 4384 4416 4385
f 4385 4416 4417
f 4385 4417 4386
f 4386 4417 4418
f 4386 4418 4387
f 4387 4418 4419
f 4387 4419 4356
f 4356 4419 4388
f 4388 4420 4389
f 4389 4420 4421
f 4389 4421 4390
f 4390 4421 4422
f 4390 4422 4391
f 4391 4422 4423
f 4391 4423 4392
f 4392 4423 4424
f 4392 4424 4393
f 4393 4424 4425
f 4393 4425 4394
f 4394 4425 4426
f 4394 4426 4395
f 4395 4426 4427
f 4395 4427 4396
f 4396 4427 4428
f 4396 4428 4397
f 4397 4428 4429
f 4397 4429 4398
f 4398 4429 4430
f 4398 4430 4399
f 4399 4430 4431
f 4399 4431 4400
f 4400 4431 4432
f 4400 4432 4401
f 4401 4432 4433
f 4401 4433 4402
f 4402 4433 4434
f 4402 4434 4403
f 4403 4434 4435
f 4403 4435 4404
f 4404 4435 4436
f 4404 4436 4405
f 4405 4436 4437
f 4405 4437 4406
f 4406 4437 4438
f 4406 4438 4407
f 4407 4438 4439
f 4407 4439 4408
f 4408 4439 4440
f 4408 4440 4409
f 4409 4440 4441
f 4409 4441 4410
f 4410 4441 4442
f 4410 4442 4411
f 4411 4442 4443
f 4411 4443 4412
f 4412 4443 4444
f 4412 4444 4413
f 4413 4444 4445
f 4413 4445 4414
f 4414 4445 4446
f 4414 4446 4415
f 4415 4446 4447
f 4415 4447 4416
f 4416 4447 4448
f 4416 4448 4417
f 4417 4448 4449
f 4417 4449 4418
f 4418 4449 4450
f 4418 4450 4419
f 4419 4450 4451
f 4419 4451 4388
f 4388 4451 4420
f 4420 4452 4421
f 4421 4452 4453
f 4421 4453 4422
f 4422 4453 4454
f 4422 4454 4423
f 4423 4454 4455
f 4423 4455 4424
f 4424 4455 4456
f 4424 4456 4425
f 4425 4456 4457
f 4425 4457 4426
f 4426 4457 4458
f 4426 4458 4427
f 4427 4458 4459
f 4427 4459 4428
f 4428 4459 4460
f 4428 4460 4429
f 4429 4460 4461
f 4429 4461 4430
f 4430 4461 4462
f 4430 4462 4431
f 4431 4462 4463
f 4431 4463 4432
f 4432 4463 4464
f 4432 4464 4433
f 4433 4464 4465
f 4433 4465 4434
f 4434 4465 4466
f 4434 4466 4435
f 4435 4466 4467
f 4435 4467 4436
f 4436 4467 4468
f 4436 4468 4437
f 4437 4468 4469
f 4437 4469 4438
f 4438 4469 4470
f 4438 4470 4439
f 4439 4470 4471
f 4439 4471 4440
f 4440 4471 4472
f 4440 4472 4441
f 4441 4472 4473
f 4441 4473 4442
f 4442 4473 4474
f 4442 4474 4443
f 4443 4474 4475
f 4443 4475 4444
f 4444 4475 4476
f 4444 4476 4445
f 4445 4476 4477
f 4445 4477 4446
f 4446 4477 4478
f 4446 4478 4447
f 4447 4478 4479
f 4447 4479 4448
f 4448 4479 4480
f 4448 4480 4449
f 4449 4480 4481
f 4449 4481 4450
f 4450 4481 4482
f 4450 4482 4451
f 4451 4482 4483
f 4451 4483 4420
f 4420 4483 4452
f 4452 4484 4453
f 4453 4484 4485
f 4453 4485 4454
f 4454 4485 4486
f 4454 4486 4455
f 4455 4486 4487
f 4455 4487 4456
f 4456 4487 4488
f 4456 4488 4457
f 4457 4488 4489
f 4457 4489 4458
f 4458 4489 4490
f 4458 4490 4459
f 4459 4490 4491
f 4459 4491 4460
f 4460 4491 4492
f 4460 4492 4461
f 4461 4492 4493
f 4461 4493 4462
f 4462 4493 4494
f 4462 4494 4463
f 4463 4494 4495
f 4463 4495 4464
f 4464 4495 4496
f 4464 4496 4465
f 4465 4496 4497
f 4465 4497 4466
f 4466 4497 4498
f 4466 4498 4467
f 4467 4498 4499
f 4467 4499 4468
f 4468 4499 4500
f 4468 4500 4469
f 4469 4500 4501
f 4469 4501 4470
f 4470 4501 4502
f 4470 4502 4471
f 4471 4502 4503
f 4471 4503 4472
f 4472 4503 4504
f 4472 4504 4473
f 4473 4504 4505
f 4473 4505 4474
f 4474 4505 4506
f 4474 4506 4475
f 4475 4506 4507
f 4475 4507 4476
f 4476 4507 4508
f 4476 4508 4477
f 4477 4508 4509
f 4477 4509 4478
f 4478 4509 4510
f 4478 4510 4479
f 4479 4510 4511
f 4479 4511 4480
f 4480 4511 4512
f 4480 4512 4481
f 4481 4512 4513
f 4481 4513 4482
f 4482 4513 4514
f 4482 4514 4483
f 4483 4514 4515
f 4483 4515 4452
f 4452 4515 4484
f 4484 4516 4485
f 4485 4516 4517
f 4485 4517 4486
f 4486 4517 4518
f 4486 4518 4487
f 4487 4518 4519
f 4487 4519 4488
f 4488 4519 4520
f 4488 4520 4489
f 4489 4520 4521
f 4489 4521 4490
f 4490 4521 4522
f 4490 4522 4491
f 4491 4522 4523
f 4491 4523 4492
f 4492 4523 4524
f 4492 4524 4493
f 4493 4524 4525
f 4493 4525 4494
f 4494 4525 4526
f 4494 4526 4495
f 4495 4526 4527
f 4495 4527 4496
f 4496 4527 4528
f 4496 4528 4497
f 4497 4528 4529
f 4497 4529 4498
f 4498 4529 4530
f 4498 4530 4499
f 4499 4530 4531
f 4499 4531 4500
f 4500 4531 4532
f 4500 4532 4501
f 4501 4532 4533
f 4501 4533 4502
f 4502 4533 4534
f 4502 4534 4503
f 4503 4534 4535
f 4503 4535 4504
f 4504 4535 4536
f 4504 4536 4505
f 4505 4536 4537
f 4505 4537 4506
f 4506 4537 4538
f 4506 4538 4507
f 4507 4538 4539
f 4507 4539 4508
f 4508 4539 4540
f 4508 4540 4509
f 4509 4540 4541
f 4509 4541 4510
f 4510 4541 4542
f 4510 4542 4511
f 4511 4542 4543
f 4511 4543 4512
f 4512 4543 4544
f 4512 4544 4513
f 4513 4544 4545
f 4513 4545 4514
f 4514 4545 4546
f 4514 4546 4515
f 4515 4546 4547
f 4515 4547 4484
f 4484 4547 4516
f 4516 4548 4517
f 4517 4548 4549
f 4517 4549 4518
f 4518 4549 4550
f 4518 4550 4519
f 4519 4550 4551
f 4519 4551 4520
f 4520 4551 4552
f 4520 4552 4521
f 4521 4552 4553
f 4521 4553 4522
f 4522 4553 4554
f 4522 4554 4523
f 4523 4554 4555
f 4523 4555 4524
f 4524 4555 4556
f 4524 4556 4525
f 4525 4556 4557
f 4525 4557 4526
f 4526 4557 4558
f 4526 4558 4527
f 4527 4558 4559
f 4527 4559 4528
f 4528 4559 4560
f 4528 4560 4529
f 4529 4560 4561
f 4529 4561 4530
f 4530 4561 4562
f 4530 4562 4531
f 4531 4562 4563
f 4531 4563 4532
f 4532 4563 4564
f 4532 4564 4533
f 4533 4564 4565
f 4533 4565 4534
f 4534 4565 4566
f 4534 4566 4535
f 4535 4566 4567
f 4535 4567 4536
f 4536 4567 4568
f 4536 4568 4537
f 4537 4568 4569
f 4537 4569 4538
f 4538 4569 4570
f 4538 4570 4539
f 4539 4570 4571
f 4539 4571 4540
f 4540 4571 4572
f 4540 4572 4541
f 4541 4572 4573
f 4541 4573 4542
f 4542 4573 4574
f 4542 4574 4543
f 4543 4574 4575
f 4543 4575 4544
f 4544 4575 4576
f 4544 4576 4545
f 4545 4576 4577
f 4545 4577 4546
f 4546 4577 4578
f 4546 4578 4547
f 4547 4578 4579
f 4547 4579 4516
f 4516 4579 4548
f 4548 4580 4549
f 4549 4580 4581
f 4549 4581 4550
f 4550 4581 4582
f 4550 4582 4551
f 4551 4582 4583
f 4551 4583 4552
f 4552 4583 4584
f 4552 4584 4553
f 4553 4584 4585
f 4553 4585 4554
f 4554 4585 4586
f 4554 4586 4555
f 4555 4586 4587
f 4555 4587 4556
f 4556 4587 4588
f 4556 4588 4557
f 4557 4588 4589
f 4557 4589 4558
f 4558 4589 4590
f 4558 4590 4559
f 4559 4590 4591
f 4559 4591 4560
f 4560 4591 4592
f 4560 4592 4561
f 4561 4592 4593
f 4561 4593 4562
f 4562 4593 4594
f 4562 4594 4563
f 4563 4594 4595
f 4563 4595 4564
f 4564 4595 4596
f 4564 4596 4565
f 4565 4596 4597
f 4565 4597 4566
f 4566 4597 4598
f 4566 4598 4567
f 4567 4598 4599
f 4567 4599 4568
f 4568 4599 4600
f 4568 4600 4569
f 4569 4600 4601
f 4569 4601 4570
f 4570 4601 4602
f 4570 4602 4571
f 4571 4602 4603
f 4571 4603 4572
f 4572 4603 4604
f 4572 4604 4573
f 4573 4604 4605
f 4573 4605 4574
f 4574 4605 4606
f 4574 4606 4575
f 4575 4606 4607
f 4575 4607 4576
f 4576 4607 4608
f 4576 4608 4577
f 4577 4608 4609
f 4577 4609 4578
f 4578 4609 4610
f 4578 4610 4579
f 4579 4610 4611
f 4579 4611 4548
f 4548 4611 4580
f 4580 4612 4581
f 4581 4612 4613
f 4581 4613 4582
f 4582 4613 4614
f 4582 4614 4583
f 4583 4614 4615
f 4583 4615 4584
f 4584 4615 4616
f 4584 4616 4585
f 4585 4616 4617
f 4585 4617 4586
f 4586 4617 4618
f 4586 4618 4587
f 4587 4618 4619
f 4587 4619 4588
f 4588 4619 4620
f 4588 4620 4589
f 4589 4620 4621
f 4589 4621 4590
f 4590 4621 4622
f 4590 4622 4591
f 4591 4622 4623
f 4591 4623 4592
f 4592 4623 4624
f 4592 4624 4593
f 4593 4624 4625
f 4593 4625 4594
f 4594 4625 4626
f 4594 4626 4595
f 4595 4626 4627
f 4595 4627 4596
f 4596 4627 4628
f 4596 4628 4597
f 4597 4628 4629
f 4597 4629 4598
f 4598 4629 4630
f 4598 4630 4599
f 4599 4630 4631
f 4599 4631 4600
f 4600 4631 4632
f 4600 4632 4601
f 4601 4632 4633
f 4601 4633 4602
f 4602 4633 4634
f 4602 4634 4603
f 4603 4634 4635
f 4603 4635 4604
f 4604 4635 4636
f 4604 4636 4605
f 4605 4636 4637
f 4605 4637 4606
f 4606 4637 4638
f 4606 4638 4607
f 4607 4638 4639
f 4607 4639 4608
f 4608 4639 4640
f 4608 4640 4609
f 4609 4640 4641
f 4609 4641 4610
f 4610 4641 4642
f 4610 4642 4611
f 4611 4642 4643
f 4611 4643 4580
f 4580 4643 4612
f 4612 4644 4613
f 4613 4644 4645
f 4613 4645 4614
f 4614 4645 4646
f 4614 4646 4615
f 4615 4646 4647
f 4615 4647 4616
f 4616 4647 4648
f 4616 4648 4617
f 4617 4648 4649
f 4617 4649 4618
f 4618 4649 4650
f 4618 4650 4619
f 4619 4650 4651
f 4619 4651 4620
f 4620 4651 4652
f 4620 4652 4621
f 4621 4652 4653
f 4621 4653 4622
f 4622 4653 4654
f 4622 4654 4623
f 4623 4654 4655
f 4623 4655 4624
f 4624 4655 4656
f 4624 4656 4625
f 4625 4656 4657
f 4625 4657 4626
f 4626 4657 4658
f 4626 4658 4627
f 4627 4658 4659
f 4627 4659 4628
f 4628 4659 4660
f 4628 4660 4629
f 4629 4660 4661
f 4629 4661 4630
f 4630 4661 4662
f 4630 4662 4631
f 4631 4662 4663
f 4631 4663 4632
f 4632 4663 4664
f 4632 4664 4633
f 4633 4664 4665
f 4633 4665 4634
f 4634 4665 4666
f 4634 4666 4635
f 4635 4666 4667
f 4635 4667 4636
f 4636 4667 4668
f 4636 4668 4637
f 4637 4668 4669
f 4637 4669 4638
f 4638 4669 4670
f 4638 4670 4639
f 4639 4670 4671
f 4639 4671 4640
f 4640 4671 4672
f 4640 4672 4641
f 4641 4672 4673
f 4641 4673 4642
f 4642 4673 4674
f 4642 4674 4643
f 4643 4674 4675
f 4643 4675 4612
f 4612 4675 4644
f 4644 4676 4645
f 4645 4676 4677
f 4645 4677 4646
f 4646 4677 4678
f 4646 4678 4647
f 4647 4678 4679
f 4647 4679 4648
f 4648 4679 4680
f 4648 4680 4649
f 4649 4680 4681
f 4649 4681 4650
f 4650 4681 4682
f 4650 4682 4651
f 4651 4682 4683
f 4651 4683 4652
f 4652 4683 4684
f 4652 4684 4653
f 4653 4684 4685
f 4653 4685 4654
f 4654 4685 4686
f 4654 4686 4655
f 4655 4686 4687
f 4655 4687 4656
f 4656 4687 4688
f 4656 4688 4657
f 4657 4688 4689
f 4657 4689 4658
f 4658 4689 4690
f 4658 4690 4659
f 4659 4690 4691
f 4659 4691 4660
f 4660 4691 4692
f 4660 4692 4661
f 4661 4692 4693
f 4661 4693 4662
f 4662 4693 4694
f 4662 4694 4663
f 4663 4694 4695
f 4663 4695 4664
f 4664 4695 4696
f 4664 4696 4665
f 4665 4696 4697
f 4665 4697 4666
f 4666 4697 4698
f 4666 4698 4667
f 4667 4698 4699
f 4667 4699 4668
f 4668 4699 4700
f 4668 4700 4669
f 4669 4700 4701
f 4669 4701 4670
f 4670 4701 4702
f 4670 4702 4671
f 4671 4702 4703
f 4671 4703 4672
f 4672 4703 4704
f 4672 4704 4673
f 4673 4704 4705
f 4673 4705 4674
f 4674 4705 4706
f 4674 4706 4675
f 4675 4706 4707
f 4675 4707 4644
f 4644 4707 4676
f 4676 4708 4677
f 4677 4708 4709
f 4677 4709 4678
f 4678 4709 4710
f 4678 4710 4679
f 4679 4710 4711
f 4679 4711 4680
f 4680 4711 4712
f 4680 4712 4681
f 4681 4712 4713
f 4681 4713 4682
f 4682 4713 4714
f 4682 4714 4683
f 4683 4714 4715
f 4683 4715 4684
f 4684 4715 4716
f 4684 4716 4685
f 4685 4716 4717
f 4685 4717 4686
f 4686 4717 4718
f 4686 4718 4687
f 4687 4718 4719
f 4687 4719 4688
f 4688 4719 4720
f 4688 4720 4689
f 4689 4720 4721
f 4689 4721 4690
f 4690 4721 4722
f 4690 4722 4691
f 4691 4722 4723
f 4691 4723 4692
f 4692 4723 4724
f 4692 4724 4693
f 4693 4724 4725
f 4693 4725 4694
f 4694 4725 4726
f 4694 4726 4695
f 4695 4726 4727
f 4695 4727 4696
f 4696 4727 4728
f 4696 4728 4697
f 4697 4728 4729
f 4697 4729 4698
f 4698 4729 4730
f 4698 4730 4699
f 4699 4730 4731
f 4699 4731 4700
f 4700 4731 4732
f 4700 4732 4701
f 4701 4732 4733
f 4701 4733 4702
f 4702 4733 4734
f 4702 4734 4703
f 4703 4734 4735
f 4703 4735 4704
f 4704 4735 4736
f 4704 4736 4705
f 4705 4736 4737
f 4705 4737 4706
f 4706 4737 4738
f 4706 4738 4707
f 4707 4738 4739
f 4707 4739 4676
f 4676 4739 4708
f 4708 4740 4709
f 4709 4740 4741
f 4709 4741 4710
f 4710 4741 4742
f 4710 4742 4711
f 4711 4742 4743
f 4711 4743 4712
f 4712 4743 4744
f 4712 4744 4713
f 4713 4744 4745
f 4713 4745 4714
f 4714 4745 4746
f 4714 4746 4715
f 4715 4746 4747
f 4715 4747 4716
f 4716 4747 4748
f 4716 4748 4717
f 4717 4748 4749
f 4717 4749 4718
f 4718 4749 4750
f 4718 4750 4719
f 4719 4750 4751
f 4719 4751 4720
f 4720 4751 4752
f 4720 4752 4721
f 4721 4752 4753
f 4721 4753 4722
f 4722 4753 4754
f 4722 4754 4723
f 4723 4754 4755
f 4723 4755 4724
f 4724 4755 4756
f 4724 4756 4725
f 4725 4756 4757
f 4725 4757 4726
f 4726 4757 4758
f 4726 4758 4727
f 4727 4758 4759
f 4727 4759 4728
f 4728 4759 4760
f 4728 4760 4729
f 4729 4760 4761
f 4729 4761 4730
f 4730 4761 4762
f 4730 4762 4731
f 4731 4762 4763
f 4731 4763 4732
f 4732 4763 4764
f 4732 4764 4733
f 4733 4764 4765
f 4733 4765 4734
f 4734 4765 4766
f 4734 4766 4735
f 4735 4766 4767
f 4735 4767 4736
f 4736 4767 4768
f 4736 4768 4737
f 4737 4768 4769
f 4737 4769 4738
f 4738 4769 4770
f 4738 4770 4739
f 4739 4770 4771
f 4739 4771 4708
f 4708 4771 4740
f 4740 4772 4741
f 4741 4772 4773
f 4741 4773 4742
f 4742 4773 4774
f 4742 4774 4743
f 4743 4774 4775
f 4743 4775 4744
f 4744 4775 4776
f 4744 4776 4745
f 4745 4776 4777
f 4745 4777 4746
f 4746 4777 4778
f 4746 4778 4747
f 4747 4778 4779
f 4747 4779 4748
f 4748 4779 4780
f 4748 4780 4749
f 4749 4780 4781
f 4749 4781 4750
f 4750 4781 4782
f 4750 4782 4751
f 4751 4782 4783
f 4751 4783 4752
f 4752 4783 4784
f 4752 4784 4753
f 4753 4784 4785
f 4753 4785 4754
f 4754 4785 4786
f 4754 4786 4755
f 4755 4786 4787
f 4755 4787 4756
f 4756 4787 4788
f 4756 4788 4757
f 4757 4788 4789
f 4757 4789 4758
f 4758 4789 4790
f 4758 4790 4759
f 4759 4790 4791
f 4759 4791 4760
f 4760 4791 4792
f 4760 4792 4761
f 4761 4792 4793
f 4761 4793 4762
f 4762 4793 4794
f 4762 4794 4763
f 4763 4794 4795
f 4763 4795 4764
f 4764 4795 4796
f 4764 4796 4765
f 4765 4796 4797
f 4765 4797 4766
f 4766 4797 4798
f 4766 4798 4767
f 4767 4798 4799
f 4767 4799 4768
f 4768 4799 4800
f 4768 4800 4769
f 4769 4800 4801
f 4769 4801 4770
f 4770 4801 4802
f 4770 4802 4771
f 4771 4802 4803
f 4771 4803 4740
f 4740 4803 4772
f 4772 4804 4773
f 4773 4804 4805
f 4773 4805 4774
f 4774 4805 4806
f 4774 4806 4775
f 4775 4806 4807
f 4775 4807 4776
f 4776 4807 4808
f 4776 4808 4777
f 4777 4808 4809
f 4777 4809 4778
f 4778 4809 4810
f 4778 4810 4779
f 4779 4810 4811
f 4779 4811 4780
f 4780 4811 4812
f 4780 4812 4781
f 4781 4812 4813
f 4781 4813 4782
f 4782 4813 4814
f 4782 4814 4783
f 4783 4814 4815
f 4783 4815 4784
f 4784 4815 4816
f 4784 4816 4785
f 4785 4816 4817
f 4785 4817 4786
f 4786 4817 4818
f 4786 4818 4787
f 4787 4818 4819
f 4787 4819 4788
f 4788 4819 4820
f 4788 4820 4789
f 4789 4820 4821
f 4789 4821 4790
f 4790 4821 4822
f 4790 4822 4791
f 4791 4822 4823
f 4791 4823 4792
f 4792 4823 4824
f 4792 4824 4793
f 4793 4824 4825
f 4793 4825 4794
f 4794 4825 4826
f 4794 4826 4795
f 4795 4826 4827
f 4795 4827 4796
f 4796 4827 4828
f 4796 4828 4797
f 4797 4828 4829
f 4797 4829 4798
f 4798 4829 4830
f 4798 4830 4799
f 4799 4830 4831
f 4799 4831 4800
f 4800 4831 4832
f 4800 4832 4801
f 4801 4832 4833
f 4801 4833 4802
f 4802 4833 4834
f 4802 4834 4803
f 4803 4834 4835
f 4803 4835 4772
f 4772 4835 4804
f 4804 4836 4805
f 4805 4836 4837
f 4805 4837 4806
f 4806 4837 4838
f 4806 4838 4807
f 4807 4838 4839
f 4807 4839 4808
f 4808 4839 4840
f 4808 4840 4809
f 4809 4840 4841
f 4809 4841 4810
f 4810 4841 4842
f 4810 4842 4811
f 4811 4842 4843
f 4811 4843 4812
f 4812 4843 4844
f 4812 4844 4813
f 4813 4844 4845
f 4813 4845 4814
f 4814 4845 4846
f 4814 4846 4815
f 4815 4846 4847
f 4815 4847 4816
f 4816 4847 4848
f 4816 4848 4817
f 4817 4848 4849
f 4817 4849 4818
f 4818 4849 4850
f 4818 4850 4819
f 4819 4850 4851
f 4819 4851 4820
f 4820 4851 4852
f 4820 4852 4821
f 4821 4852 4853
f 4821 4853 4822
f 4822 4853 4854
f 4822 4854 4823
f 4823 4854 4855
f 4823 4855 4824
f 4824 4855 4856
f 4824 4856 4825
f 4825 4856 4857
f 4825 4857 4826
f 4826 4857 4858
f 4826 4858 4827
f 4827 4858 4859
f 4827 4859 4828
f 4828 4859 4860
f 4828 4860 4829
f 4829 4860 4861
f 4829 4861 4830
f 4830 4861 4862
f 4830 4862 4831
f 4831 4862 4863
f 4831 4863 4832
f 4832 4863 4864
f 4832 4864 4833
f 4833 4864 4865
f 4833 4865 4834
f 4834 4865 4866
f 4834 4866 4835
f 4835 4866 4867
f 4835 4867 4804
f 4804 4867 4836
f 4836 4868 4837
f 4837 4868 4869
f 4837 4869 4838
f 4838 4869 4870
f 4838 4870 4839
f 4839 4870 4871
f 4839 4871 4840
f 4840 4871 4872
f 4840 4872 4841
f 4841 4872 4873
f 4841 4873 4842
f 4842 4873 4874
f 4842 4874 4843
f 4843 4874 4875
f 4843 4875 4844
f 4844 4875 4876
f 4844 4876 4845
f 4845 4876 4877
f 4845 4877 4846
f 4846 4877 4878
f 4846 4878 4847
f 4847 4878 4879
f 4847 4879 4848
f 4848 4879 4880
f 4848 4880 4849
f 4849 4880 4881
f 4849 4881 4850
f 4850 4881 4882
f 4850 4882 4851
f 4851 4882 4883
f 4851 4883 4852
f 4852 4883 4884
f 4852 4884 4853
f 4853 4884 4885
f 4853 4885 4854
f 4854 4885 4886
f 4854 4886 4855
f 4855 4886 4887
f 4855 4887 4856
f 4856 4887 4888
f 4856 4888 4857
f 4857 4888 4889
f 4857 4889 4858
f 4858 4889 4890
f 4858 4890 4859
f 4859 4890 4891
f 4859 4891 4860
f 4860 4891 4892
f 4860 4892 4861
f 4861 4892 4893
f 4861 4893 4862
f 4862 4893 4894
f 4862 4894 4863
f 4863 4894 4895
f 4863 4895 4864
f 4864 4895 4896
f 4864 4896 4865
f 4865 4896 4897
f 4865 4897 4866
f 4866 4897 4898
f 4866 4898 4867
f 4867 4898 4899
f 4867 4899 4836
f 4836 4899 4868
f 4868 4900 4869
f 4869 4900 4901
f 4869 4901 4870
f 4870 4901 4902
f 4870 4902 4871
f 4871 4902 4903
f 4871 4903 4872
f 4872 4903 4904
f 4872 4904 4873
f 4873 4904 4905
f 4873 4905 4874
f 4874 4905 4906
f 4874 4906 4875
f 4875 4906 4907
f 4875 4907 4876
f 4876 4907 4908
f 4876 4908 4877
f 4877 4908 4909
f 4877 4909 4878
f 4878 4909 4910
f 4878 4910 4879
f 4879 4910 4911
f 4879 4911 4880
f 4880 4911 4912
f 4880 4912 4881
f 4881 4912 4913
f 4881 4913 4882
f 4882 4913 4914
f 4882 4914 4883
f 4883 4914 4915
f 4883 4915 4884
f 4884 4915 4916
f 4884 4916 4885
f 4885 4916 4917
f 4885 4917 4886
f 4886 4917 4918
f 4886 4918 4887
f 4887 4918 4919
f 4887 4919 4888
f 4888 4919 4920
f 4888 4920 4889
f 4889 4920 4921
f 4889 4921 4890
f 4890 4921 4922
f 4890 4922 4891
f 4891 4922 4923
f 4891 4923 4892
f 4892 4923 4924
f 4892 4924 4893
f 4893 4924 4925
f 4893 4925 4894
f 4894 4925 4926
f 4894 4926 4895
f 4895 4926 4927
f 4895 4927 4896
f 4896 4927 4928
f 4896 4928 4897
f 4897 4928 4929
f 4897 4929 4898
f 4898 4929 4930
f 4898 4930 4899
f 4899 4930 4931
f 4899 4931 4868
f 4868 4931 4900
f 4900 4932 4901
f 4901 4932 4933
f 4901 4933 4902
f 4902 4933 4934
f 4902 4934 4903
f 4903 4934 4935
f 4903 4935 4904
f 4904 4935 4936
f 4904 4936 4905
f 4905 4936 4937
f 4905 4937 4906
f 4906 4937 4938
f 4906 4938 4907
f 4907 4938 4939
f 4907 4939 4908
f 4908 4939 4940
f 4908 4940 4909
f 4909 4940 4941
f 4909 4941 4910
f 4910 4941 4942
f 4910 4942 4911
f 4911 4942 4943
f 4911 4943 4912
f 4912 4943 4944
f 4912 4944 4913
f 4913 4944 4945
f 4913 4945 4914
f 4914 4945 4946
f 4914 4946 4915
f 4915 4946 4947
f 4915 4947 4916
f 4916 4947 4948
f 4916 4948 4917
f 4917 4948 4949
f 4917 4949 4918
f 4918 4949 4950
f 4918 4950 4919
f 4919 4950 4951
f 4919 4951 4920
f 4920 4951 4952
f 4920 4952 4921
f 4921 4952 4953
f 4921 4953 4922
f 4922 4953 4954
f 4922 4954 4923
f 4923 4954 4955
f 4923 4955 4924
f 4924 4955 4956
f 4924 4956 4925
f 4925 4956 4957
f 4925 4957 4926
f 4926 4957 4958
f 4926 4958 4927
f 4927 4958 4959
f 4927 4959 4928
f 4928 4959 4960
f 4928 4960 4929
f 4929 4960 4961
f 4929 4961 4930
f 4930 4961 4962
f 4930 4962 4931
f 4931 4962 4963
f 4931 4963 4900
f 4900 4963 4932
f 4932 4964 4933
f 4933 4964 4965
f 4933 4965 4934
f 4934 4965 4966
f 4934 4966 4935
f 4935 4966 4967
f 4935 4967 4936
f 4936 4967 4968
f 4936 4968 4937
f 4937 4968 4969
f 4937 4969 4938
f 4938 4969 4970
f 4938 4970 4939
f 4939 4970 4971
f 4939 4971 4940
f 4940 4971 4972
f 4940 4972 4941
f 4941 4972 4973
f 4941 4973 4942
f 4942 4973 4974
f 4942 4974 4943
f 4943 4974 4975
f 4943 4975 4944
f 4944 4975 4976
f 4944 4976 4945
f 4945 4976 4977
f 4945 4977 4946
f 4946 4977 4978
f 4946 4978 4947
f 4947 4978 4979
f 4947 4979 4948
f 4948 4979 4980
f 4948 4980 4949
f 4949 4980 4981
f 4949 4981 4950
f 4950 4981 4982
f 4950 4982 4951
f 4951 4982 4983
f 4951 4983 4952
f 4952 4983 4984
f 4952 4984 4953
f 4953 4984 4985
f 4953 4985 4954
f 4954 4985 4986
f 4954 4986 4955
f 4955 4986 4987
f 4955 4987 4956
f 4956 4987 4988
f 4956 4988 4957
f 4957 4988 4989
f 4957 4989 4958
f 4958 4989 4990
f 4958 4990 4959
f 4959 4990 4991
f 4959 4991 4960
f 4960 4991 4992
f 4960 4992 4961
f 4961 4992 4993
f 4961 4993 4962
f 4962 4993 4994
f 4962 4994 4963
f 4963 4994 4995
f 4963 4995 4932
f 4932 4995 4964
f 4964 4996 4965
f 4965 4996 4997
f 4965 4997 4966
f 4966 4997 4998
f 4966 4998 4967
f 4967 4998 4999
f 4967 4999 4968
f 4968 4999 5000
f 4968 5000 4969
f 4969 5000 5001
f 4969 5001 4970
f 4970 5001 5002
f 4970 5002 4971
f 4971 5002 5003
f 4971 5003 4972
f 4972 5003 5004
f 4972 5004 4973
f 4973 5004 5005
f 4973 5005 4974
f 4974 5005 5006
f 4974 5006 4975
f 4975 5006 5007
f 4975 5007 4976
f 4976 5007 5008
f 4976 5008 4977
f 4977 5008 5009
f 4977 5009 4978
f 4978 5009 5010
f 4978 5010 4979
f 4979 5010 5011
f 4979 5011 4980
f 4980 5011 5012
f 4980 5012 4981
f 4981 5012 5013
f 4981 5013 4982
f 4982 5013 5014
f 4982 5014 4983
f 4983 5014 5015
f 4983 5015 4984
f 4984 5015 5016
f 4984 5016 4985
f 4985 5016 5017
f 4985 5017 4986
f 4986 5017 5018
f 4986 5018 4987
f 4987 5018 5019
f 4987 5019 4988
f 4988 5019 5020
f 4988 5020 4989
f 4989 5020 5021
f 4989 5021 4990
f 4990 5021 5022
f 4990 5022 4991
f 4991 5022 5023
f 4991 5023 4992
f 4992 5023 5024
f 4992 5024 4993
f 4993 5024 5025
f 4993 5025 4994
f 4994 5025 5026
f 4994 5026 4995
f 4995 5026 5027
f 4995 5027 4964
f 4964 5027 4996
f 4996 5028 4997
f 4997 5028 5029
f 4997 5029 4998
f 4998 5029 5030
f 4998 5030 4999
f 4999 5030 5031
f 4999 5031 5000
f 5000 5031 5032
f 5000 5032 5001
f 5001 5032 5033
f 5001 5033 5002
f 5002 5033 5034
f 5002 5034 5003
f 5003 5034 5035
f 5003 5035 5004
f 5004 5035 5036
f 5004 5036 5005
f 5005 5036 5037
f 5005 5037 5006
f 5006 5037 5038
f 5006 5038 5007
f 5007 5038 5039
f 5007 5039 5008
f 5008 5039 5040
f 5008 5040 5009
f 5009 5040 5041
f 5009 5041 5010
f 5010 5041 5042
f 5010 5042 5011
f 5011 5042 5043
f 5011 5043 5012
f 5012 5043 5044
f 5012 5044 5013
f 5013 5044 5045
f 5013 5045 5014
f 5014 5045 5046
f 5014 5046 5015
f 5015 5046 5047
f 5015 5047 5016
f 5016 5047 5048
f 5016 5048 5017
f 5017 5048 5049
f 5017 5049 5018
f 5018 5049 5050
f 5018 5050 5019
f 5019 5050 5051
f 5019 5051 5020
f 5020 5051 5052
f 5020 5052 5021
f 5021 5052 5053
f 5021 5053 5022
f 5022 5053 5054
f 5022 5054 5023
f 5023 5054 5055
f 5023 5055 5024
f 5024 5055 5056
f 5024 5056 5025
f 5025 5056 5057
f 5025 5057 5026
f 5026 5057 5058
f 5026 5058 5027
f 5027 5058 5059
f 5027 5059 4996
f 4996 5059 5028
f 5028 5060 5029
f 5029 5060 5061
f 5029 5061 5030
f 5030 5061 5062
f 5030 5062 5031
f 5031 5062 5063
f 5031 5063 5032
f 5032 5063 5064
f 5032 5064 5033
f 5033 5064 5065
f 5033 5065 5034
f 5034 5065 5066
f 5034 5066 5035
f 5035 5066 5067
f 5035 5067 5036
f 5036 5067 5068
f 5036 5068 5037
f 5037 5068 5069
f 5037 5069 5038
f 5038 5069 5070
f 5038 5070 5039
f 5039 5070 5071
f 5039 5071 5040
f 5040 5071 5072
f 5040 5072 5041
f 5041 5072 5073
f 5041 5073 5042
f 5042 5073 5074
f 5042 5074 5043
f 5043 5074 5075
f 5043 5075 5044
f 5044 5075 5076
f 5044 5076 5045
f 5045 5076 5077
f 5045 5077 5046
f 5046 5077 5078
f 5046 5078 5047
f 5047 5078 5079
f 5047 5079 5048
f 5048 5079 5080
f 5048 5080 5049
f 5049 5080 5081
f 5049 5081 5050
f 5050 5081 5082
f 5050 5082 5051
f 5051 5082 5083
f 5051 5083 5052
f 5052 5083 5084
f 5052 5084 5053
f 5053 5084 5085
f 5053 5085 5054
f 5054 5085 5086
f 5054 5086 5055
f 5055 5086 5087
f 5055 5087 5056
f 5056 5087 5088
f 5056 5088 5057
f 5057 5088 5089
f 5057 5089 5058
f 5058 5089 5090
f 5058 5090 5059
f 5059 5090 5091
f 5059 5091 5028
f 5028 5091 5060
f 5060 5092 5061
f 5061 5092 5093
f 5061 5093 5062
f 5062 5093 5094
f 5062 5094 5063
f 5063 5094 5095
f 5063 5095 5064
f 5064 5095 5096
f 5064 5096 5065
f 5065 5096 5097
f 5065 5097 5066
f 5066 5097 5098
f 5066 5098 5067
f 5067 5098 5099
f 5067 5099 5068
f 5068 5099 5100
f 5068 5100 5069
f 5069 5100 5101
f 5069 5101 5070
f 5070 5101 5102
f 5070 5102 5071
f 5071 5102 5103
f 5071 5103 5072
f 5072 5103 5104
f 5072 5104 5073
f 5073 5104 5105
f 5073 5105 5074
f 5074 5105 5106
f 5074 5106 5075
f 5075 5106 5107
f 5075 5107 5076
f 5076 5107 5108
f 5076 5108 5077
f 5077 5108 5109
f 5077 5109 5078
f 5078 5109 5110
f 5078 5110 5079
f 5079 5110 5111
f 5079 5111 5080
f 5080 5111 5112
f 5080 5112 5081
f 5081 5112 5113
f 5081 5113 5082
f 5082 5113 5114
f 5082 5114 5083
f 5083 5114 5115
f 5083 5115 5084
f 5084 5115 5116
f 5084 5116 5085
f 5085 5116 5117
f 5085 5117 5086
f 5086 5117 5118
f 5086 5118 5087
f 5087 5118 5119
f 5087 5119 5088
f 5088 5119 5120
f 5088 5120 5089
f 5089 5120 5121
f 5089 5121 5090
f 5090 5121 5122
f 5090 5122 5091
f 5091 5122 5123
f 5091 5123 5060
f 5060 5123 5092
f 5092 5124 5093
f 5093 5124 5125
f 5093 5125 5094
f 5094 5125 5126
f 5094 5126 5095
f 5095 5126 5127
f 5095 5127 5096
f 5096 5127 5128
f 5096 5128 5097
f 5097 5128 5129
f 5097 5129 5098
f 5098 5129 5130
f 5098 5130 5099
f 5099 5130 5131
f 5099 5131 5100
f 5100 5131 5132
f 5100 5132 5101
f 5101 5132 5133
f 5101 5133 5102
f 5102 5133 5134
f 5102 5134 5103
f 5103 5134 5135
f 5103 5135 5104
f 5104 5135 5136
f 5104 5136 5105
f 5105 5136 5137
f 5105 5137 5106
f 5106 5137 5138
f 5106 5138 5107
f 5107 5138 5139
f 5107 5139 5108
f 5108 5139 5140
f 5108 5140 5109
f 5109 5140 5141
f 5109 5141 5110
f 5110 5141 5142
f 5110 5142 5111
f 5111 5142 5143
f 5111 5143 5112
f 5112 5143 5144
f 5112 5144 5113
f 5113 5144 5145
f 5113 5145 5114
f 5114 5145 5146
f 5114 5146 5115
f 5115 5146 5147
f 5115 5147 5116
f 5116 5147 5148
f 5116 5148 5117
f 5117 5148 5149
f 5117 5149 5118
f 5118 5149 5150
f 5118 5150 5119
f 5119 5150 5151
f 5119 5151 5120
f 5120 5151 5152
f 5120 5152 5121
f 5121 5152 5153
f 5121 5153 5122
f 5122 5153 5154
f 5122 5154 5123
f 5123 5154 5155
f 5123 5155 5092
f 5092 5155 5124
f 5124 5156 5125
f 5125 5156 5157
f 5125 5157 5126
f 5126 5157 5158
f 5126 5158 5127
f 5127 5158 5159
f 5127 5159 5128
f 5128 5159 5160
f 5128 5160 5129
f 5129 5160 5161
f 5129 5161 5130
f 5130 5161 5162
f 5130 5162 5131
f 5131 5162 5163
f 5131 5163 5132
f 5132 5163 5164
f 5132 5164 5133
f 5133 5164 5165
f 5133 5165 5134
f 5134 5165 5166
f 5134 5166 5135
f 5135 5166 5167
f 5135 5167 5136
f 5136 5167 5168
f 5136 5168 5137
f 5137 5168 5169
f 5137 5169 5138
f 5138 5169 5170
f 5138 5170 5139
f 5139 5170 5171
f 5139 5171 5140
f 5140 5171 5172
f 5140 5172 5141
f 5141 5172 5173
f 5141 5173 5142
f 5142 5173 5174
f 5142 5174 5143
f 5143 5174 5175
f 5143 5175 5144
f 5144 5175 5176
f 5144 5176 5145
f 5145 5176 5177
f 5145 5177 5146
f 5146 5177 5178
f 5146 5178 5147
f 5147 5178 5179
f 5147 5179 5148
f 5148 5179 5180
f 5148 5180 5149
f 5149 5180 5181
f 5149 5181 5150
f 5150 5181 5182
f 5150 5182 5151
f 5151 5182 5183
f 5151 5183 5152
f 5152 5183 5184
f 5152 5184 5153
f 5153 5184 5185
f 5153 5185 5154
f 5154 5185 5186
f 5154 5186 5155
f 5155 5186 5187
f 5155 5187 5124
f 5124 5187 5156
f 5156 5188 5157
f 5157 5188 5189
f 5157 5189 5158
f 5158 5189 5190
f 5158 5190 5159
f 5159 5190 5191
f 5159 5191 5160
f 5160 5191 5192
f 5160 5192 5161
f 5161 5192 5193
f 5161 5193 5162
f 5162 5193 5194
f 5162 5194 5163
f 5163 5194 5195
f 5163 5195 5164
f 5164 5195 5196
f 5164 5196 5165
f 5165 5196 5197
f 5165 5197 5166
f 5166 5197 5198
f 5166 5198 5167
f 5167 5198 5199
f 5167 5199 5168
f 5168 5199 5200
f 5168 5200 5169
f 5169 5200 5201
f 5169 5201 5170
f 5170 5201 5202
f 5170 5202 5171
f 5171 5202 5203
f 5171 5203 5172
f 5172 5203 5204
f 5172 5204 5173
f 5173 5204 5205
f 5173 5205 5174
f 5174 5205 5206
f 5174 5206 5175
f 5175 5206 5207
f 5175 5207 5176
f 5176 5207 5208
f 5176 5208 5177
f 5177 5208 5209
f 5177 5209 5178
f 5178 5209 5210
f 5178 5210 5179
f 5179 5210 5211
f 5179 5211 5180
f 5180 5211 5212
f 5180 5212 5181
f 5181 5212 5213
f 5181 5213 5182
f 5182 5213 5214
f 5182 5214 5183
f 5183 5214 5215
f 5183 5215 5184
f 5184 5215 5216
f 5184 5216 5185
f 5185 5216 5217
f 5185 5217 5186
f 5186 5217 5218
f 5186 5218 5187
f 5187 5218 5219
f 5187 5219 5156
f 5156 5219 5188
f 5188 5220 5189
f 5189 5220 5221
f 5189 5221 5190
f 5190 5221 5222
f 5190 5222 5191
f 5191 5222 5223
f 5191 5223 5192
f 5192 5223 5224
f 5192 5224 5193
f 5193 5224 5225
f 5193 5225 5194
f 5194 5225 5226
f 5194 5226 5195
f 5195 5226 5227
f 5195 5227 5196
f 5196 5227 5228
f 5196 5228 5197
f 5197 5228 5229
f 5197 5229 5198
f 5198 5229 5230
f 5198 5230 5199
f 5199 5230 5231
f 5199 5231 5200
f 5200 5231 5232
f 5200 5232 5201
f 5201 5232 5233
f 5201 5233 5202
f 5202 5233 5234
f 5202 5234 5203
f 5203 5234 5235
f 5203 5235 5204
f 5204 5235 5236
f 5204 5236 5205
f 5205 5236 5237
f 5205 5237 5206
f 5206 5237 5238
f 5206 5238 5207
f 5207 5238 5239
f 5207 5239 5208
f 5208 5239 5240
f 5208 5240 5209
f 5209 5240 5241
f 5209 5241 5210
f 5210 5241 5242
f 5210 5242 5211
f 5211 5242 5243
f 5211 5243 5212
f 5212 5243 5244
f 5212 5244 5213
f 5213 5244 5245
f 5213 5245 5214
f 5214 5245 5246
f 5214 5246 5215
f 5215 5246 5247
f 5215 5247 5216
f 5216 5247 5248
f 5216 5248 5217
f 5217 5248 5249
f 5217 5249 5218
f 5218 5249 5250
f 5218 5250 5219
f 5219 5250 5251
f 5219 5251 5188
f 5188 5251 5220
f 5220 5252 5221
f 5221 5252 5253
f 5221 5253 5222
f 5222 5253 5254
f 5222 5254 5223
f 5223 5254 5255
f 5223 5255 5224
f 5224 5255 5256
f 5224 5256 5225
f 5225 5256 5257
f 5225 5257 5226
f 5226 5257 5258
f 5226 5258 5227
f 5227 5258 5259
f 5227 5259 5228
f 5228 5259 5260
f 5228 5260 5229
f 5229 5260 5261
f 5229 5261 5230
f 5230 5261 5262
f 5230 5262 5231
f 5231 5262 5263
f 5231 5263 5232
f 5232 5263 5264
f 5232 5264 5233
f 5233 5264 5265
f 5233 5265 5234
f 5234 5265 5266
f 5234 5266 5235
f 5235 5266 5267
f 5235 5267 5236
f 5236 5267 5268
f 5236 5268 5237
f 5237 5268 5269
f 5237 5269 5238
f 5238 5269 5270
f 5238 5270 5239
f 5239 5270 5271
f 5239 5271 5240
f 5240 5271 5272
f 5240 5272 5241
f 5241 5272 5273
f 5241 5273 5242
f 5242 5273 5274
f 5242 5274 5243
f 5243 5274 5275
f 5243 5275 5244
f 5244 5275 5276
f 5244 5276 5245
f 5245 5276 5277
f 5245 5277 5246
f 5246 5277 5278
f 5246 5278 5247
f 5247 5278 5279
f 5247 5279 5248
f 5248 5279 5280
f 5248 5280 5249
f 5249 5280 5281
f 5249 5281 5250
f 5250 5281 5282
f 5250 5282 5251
f 5251 5282 5283
f 5251 5283 5220
f 5220 5283 5252
f 5252 5284 5253
f 5253 5284 5285
f 5253 5285 5254
f 5254 5285 5286
f 5254 5286 5255
f 5255 5286 5287
f 5255 5287 5256
f 5256 5287 5288
f 5256 5288 5257
f 5257 5288 5289
f 5257 5289 5258
f 5258 5289 5290
f 5258 5290 5259
f 5259 5290 5291
f 5259 5291 5260
f 5260 5291 5292
f 5260 5292 5261
f 5261 5292 5293
f 5261 5293 5262
f 5262 5293 5294
f 5262 5294 5263
f 5263 5294 5295
f 5263 5295 5264
f 5264 5295 5296
f 5264 5296 5265
f 5265 5296 5297
f 5265 5297 5266
f 5266 5297 5298
f 5266 5298 5267
f 5267 5298 5299
f 5267 5299 5268
f 5268 5299 5300
f 5268 5300 5269
f 5269 5300 5301
f 5269 5301 5270
f 5270 5301 5302
f 5270 5302 5271
f 5271 5302 5303
f 5271 5303 5272
f 5272 5303 5304
f 5272 5304 5273
f 5273 5304 5305
f 5273 5305 5274
f 5274 5305 5306
f 5274 5306 5275
f 5275 5306 5307
f 5275 5307 5276
f 5276 5307 5308
f 5276 5308 5277
f 5277 5308 5309
f 5277 5309 5278
f 5278 5309 5310
f 5278 5310 5279
f 5279 5310 5311
f 5279 5311 5280
f 5280 5311 5312
f 5280 5312 5281
f 5281 5312 5313
f 5281 5313 5282
f 5282 5313 5314
f 5282 5314 5283
f 5283 5314 5315
f 5283 5315 5252
f 5252 5315 5284
f 5284 5316 5285
f 5285 5316 5317
f 5285 5317 5286
f 5286 5317 5318
f 5286 5318 5287
f 5287 5318 5319
f 5287 5319 5288
f 5288 5319 5320
f 5288 5320 5289
f 5289 5320 5321
f 5289 5321 5290
f 5290 5321 5322
f 5290 5322 5291
f 5291 5322 5323
f 5291 5323 5292
f 5292 5323 5324
f 5292 5324 5293
f 5293 5324 5325
f 5293 5325 5294
f 5294 5325 5326
f 5294 5326 5295
f 5295 5326 5327
f 5295 5327 5296
f 5296 5327 5328
f 5296 5328 5297
f 5297 5328 5329
f 5297 5329 5298
f 5298 5329 5330
f 5298 5330 5299
f 5299 5330 5331
f 5299 5331 5300
f 5300 5331 5332
f 5300 5332 5301
f 5301 5332 5333
f 5301 5333 5302
f 5302 5333 5334
f 5302 5334 5303
f 5303 5334 5335
f 5303 5335 5304
f 5304 5335 5336
f 5304 5336 5305
f 5305 5336 5337
f 5305 5337 5306
f 5306 5337 5338
f 5306 5338 5307
f 5307 5338 5339
f 5307 5339 5308
f 5308 5339 5340
f 5308 5340 5309
f 5309 5340 5341
f 5309 5341 5310
f 5310 5341 5342
f 5310 5342 5311
f 5311 5342 5343
f 5311 5343 5312
f 5312 5343 5344
f 5312 5344 5313
f 5313 5344 5345
f 5313 5345 5314
f 5314 5345 5346
f 5314 5346 5315
f 5315 5346 5347
f 5315 5347 5284
f 5284 5347 5316
f 5316 5348 5317
f 5317 5348 5349
f 5317 5349 5318
f 5318 5349 5350
f 5318 5350 5319
f 5319 5350 5351
f 5319 5351 5320
f 5320 5351 5352
f 5320 5352 5321
f 5321 5352 5353
f 5321 5353 5322
f 5322 5353 5354
f 5322 5354 5323
f 5323 5354 5355
f 5323 5355 5324
f 5324 5355 5356
f 5324 5356 5325
f 5325 5356 5357
f 5325 5357 5326
f 5326 5357 5358
f 5326 5358 5327
f 5327 5358 5359
f 5327 5359 5328
f 5328 5359 5360
f 5328 5360 5329
f 5329 5360 5361
f 5329 5361 5330
f 5330 5361 5362
f 5330 5362 5331
f 5331 5362 5363
f 5331 5363 5332
f 5332 5363 5364
f 5332 5364 5333
f 5333 5364 5365
f 5333 5365 5334
f 5334 5365 5366
f 5334 5366 5335
f 5335 5366 5367
f 5335 5367 5336
f 5336 5367 5368
f 5336 5368 5337
f 5337 5368 5369
f 5337 5369 5338
f 5338 5369 5370
f 5338 5370 5339
f 5339 5370 5371
f 5339 5371 5340
f 5340 5371 5372
f 5340 5372 5341
f 5341 5372 5373
f 5341 5373 5342
f 5342 5373 5374
f 5342 5374 5343
f 5343 5374 5375
f 5343 5375 5344
f 5344 5375 5376
f 5344 5376 5345
f 5345 5376 5377
f 5345 5377 5346
f 5346 5377 5378
f 5346 5378 5347
f 5347 5378 5379
f 5347 5379 5316
f 5316 5379 5348
f 5348 5380 5349
f 5349 5380 5381
f 5349 5381 5350
f 5350 5381 5382
f 5350 5382 5351
f 5351 5382 5383
f 5351 5383 5352
f 5352 5383 5384
f 5352 5384 5353
f 5353 5384 5385
f 5353 5385 5354
f 5354 5385 5386
f 5354 5386 5355
f 5355 5386 5387
f 5355 5387 5356
f 5356 5387 5388
f 5356 5388 5357
f 5357 5388 5389
f 5357 5389 5358
f 5358 5389 5390
f 5358 5390 5359
f 5359 5390 5391
f 5359 5391 5360
f 5360 5391 5392
f 5360 5392 5361
f 5361 5392 5393
f 5361 5393 5362
f 5362 5393 5394
f 5362 5394 5363
f 5363 5394 5395
f 5363 5395 5364
f 5364 5395 5396
f 5364 5396 5365
f 5365 5396 5397
f 5365 5397 5366
f 5366 5397 5398
f 5366 5398 5367
f 5367 5398 5399
f 5367 5399 5368
f 5368 5399 5400
f 5368 5400 5369
f 5369 5400 5401
f 5369 5401 5370
f 5370 5401 5402
f 5370 5402 5371
f 5371 5402 5403
f 5371 5403 5372
f 5372 5403 5404
f 5372 5404 5373
f 5373 5404 5405
f 5373 5405 5374
f 5374 5405 5406
f 5374 5406 5375
f 5375 5406 5407
f 5375 5407 5376
f 5376 5407 5408
f 5376 5408 5377
f 5377 5408 5409
f 5377 5409 5378
f 5378 5409 5410
f 5378 5410 5379
f 5379 5410 5411
f 5379 5411 5348
f 5348 5411 5380
f 5380 5412 5381
f 5381 5412 5413
f 5381 5413 5382
f 5382 5413 5414
f 5382 5414 5383
f 5383 5414 5415
f 5383 5415 5384
f 5384 5415 5416
f 5384 5416 5385
f 5385 5416 5417
f 5385 5417 5386
f 5386 5417 5418
f 5386 5418 5387
f 5387 5418 5419
f 5387 5419 5388
f 5388 5419 5420
f 5388 5420 5389
f 5389 5420 5421
f 5389 5421 5390
f 5390 5421 5422
f 5390 5422 5391
f 5391 5422 5423
f 5391 5423 5392
f 5392 5423 5424
f 5392 5424 5393
f 5393 5424 5425
f 5393 5425 5394
f 5394 5425 5426
f 5394 5426 5395
f 5395 5426 5427
f 5395 5427 5396
f 5396 5427 5428
f 5396 5428 5397
f 5397 5428 5429
f 5397 5429 5398
f 5398 5429 5430
f 5398 5430 5399
f 5399 5430 5431
f 5399 5431 5400
f 5400 5431 5432
f 5400 5432 5401
f 5401 5432 5433
f 5401 5433 5402
f 5402 5433 5434
f 5402 5434 5403
f 5403 5434 5435
f 5403 5435 5404
f 5404 5435 5436
f 5404 5436 5405
f 5405 5436 5437
f 5405 5437 5406
f 5406 5437 5438
f 5406 5438 5407
f 5407 5438 5439
f 5407 5439 5408
f 5408 5439 5440
f 5408 5440 5409
f 5409 5440 5441
f 5409 5441 5410
f 5410 5441 5442
f 5410 5442 5411
f 5411 5442 5443
f 5411 5443 5380
f 5380 5443 5412
f 5412 5444 5413
f 5413 5444 5445
f 5413 5445 5414
f 5414 5445 5446
f 5414 5446 5415
f 5415 5446 5447
f 5415 5447 5416
f 5416 5447 5448
f 5416 5448 5417
f 5417 5448 5449
f 5417 5449 5418
f 5418 5449 5450
f 5418 5450 5419
f 5419 5450 5451
f 5419 5451 5420
f 5420 5451 5452
f 5420 5452 5421
f 5421 5452 5453
f 5421 5453 5422
f 5422 5453 5454
f 5422 5454 5423
f 5423 5454 5455
f 5423 5455 5424
f 5424 5455 5456
f 5424 5456 5425
f 5425 5456 5457
f 5425 5457 5426
f 5426 5457 5458
f 5426 5458 5427
f 5427 5458 5459
f 5427 5459 5428
f 5428 5459 5460
f 5428 5460 5429
f 5429 5460 5461
f 5429 5461 5430
f 5430 5461 5462
f 5430 5462 5431
f 5431 5462 5463
f 5431 5463 5432
f 5432 5463 5464
f 5432 5464 5433
f 5433 5464 5465
f 5433 5465 5434
f 5434 5465 5466
f 5434 5466 5435
f 5435 5466 5467
f 5435 5467 5436
f 5436 5467 5468
f 5436 5468 5437
f 5437 5468 5469
f 5437 5469 5438
f 5438 5469 5470
f 5438 5470 5439
f 5439 5470 5471
f 5439 5471 5440
f 5440 5471 5472
f 5440 5472 5441
f 5441 5472 5473
f 5441 5473 5442
f 5442 5473 5474
f 5442 5474 5443
f 5443 5474 5475
f 5443 5475 5412
f 5412 5475 5444
f 5444 5476 5445
f 5445 5476 5477
f 5445 5477 5446
f 5446 5477 5478
f 5446 5478 5447
f 5447 5478 5479
f 5447 5479 5448
f 5448 5479 5480
f 5448 5480 5449
f 5449 5480 5481
f 5449 5481 5450
f 5450 5481 5482
f 5450 5482 5451
f 5451 5482 5483
f 5451 5483 5452
f 5452 5483 5484
f 5452 5484 5453
f 5453 5484 5485
f 5453 5485 5454
f 5454 5485 5486
f 5454 5486 5455
f 5455 5486 5487
f 5455 5487 5456
f 5456 5487 5488
f 5456 5488 5457
f 5457 5488 5489
f 5457 5489 5458
f 5458 5489 5490
f 5458 5490 5459
f 5459 5490 5491
f 5459 5491 5460
f 5460 5491 5492
f 5460 5492 5461
f 5461 5492 5493
f 5461 5493 5462
f 5462 5493 5494
f 5462 5494 5463
f 5463 5494 5495
f 5463 5495 5464
f 5464 5495 5496
f 5464 5496 5465
f 5465 5496 5497
f 5465 5497 5466
f 5466 5497 5498
f 5466 5498 5467
f 5467 5498 5499
f 5467 5499 5468
f 5468 5499 5500
f 5468 5500 5469
f 5469 5500 5501
f 5469 5501 5470
f 5470 5501 5502
f 5470 5502 5471
f 5471 5502 5503
f 5471 5503 5472
f 5472 5503 5504
f 5472 5504 5473
f 5473 5504 5505
f 5473 5505 5474
f 5474 5505 5506
f 5474 5506 5475
f 5475 5506 5507
f 5475 5507 5444
f 5444 5507 5476
f 5476 5508 5477
f 5477 5508 5509
f 5477 5509 5478
f 5478 5509 5510
f 5478 5510 5479
f 5479 5510 5511
f 5479 5511 5480
f 5480 5511 5512
f 5480 5512 5481
f 5481 5512 5513
f 5481 5513 5482
f 5482 5513 5514
f 5482 5514 5483
f 5483 5514 5515
f 5483 5515 5484
f 5484 5515 5516
f 5484 5516 5485
f 5485 5516 5517
f 5485 5517 5486
f 5486 5517 5518
f 5486 5518 5487
f 5487 5518 5519
f 5487 5519 5488
f 5488 5519 5520
f 5488 5520 5489
f 5489 5520 5521
f 5489 5521 5490
f 5490 5521 5522
f 5490 5522 5491
f 5491 5522 5523
f 5491 5523 5492
f 5492 5523 5524
f 5492 5524 5493
f 5493 5524 5525
f 5493 5525 5494
f 5494 5525 5526
f 5494 5526 5495
f 5495 5526 5527
f 5495 5527 5496
f 5496 5527 5528
f 5496 5528 5497
f 5497 5528 5529
f 5497 5529 5498
f 5498 5529 5530
f 5498 5530 5499
f 5499 5530 5531
f 5499 5531 5500
f 5500 5531 5532
f 5500 5532 5501
f 5501 5532 5533
f 5501 5533 5502
f 5502 5533 5534
f 5502 5534 5503
f 5503 5534 5535
f 5503 5535 5504
f 5504 5535 5536
f 5504 5536 5505
f 5505 5536 5537
f 5505 5537 5506
f 5506 5537 5538
f 5506 5538 5507
f 5507 5538 5539
f 5507 5539 5476
f 5476 5539 5508
f 5508 5540 5509
f 5509 5540 5541
f 5509 5541 5510
f 5510 5541 5542
f 5510 5542 5511
f 5511 5542 5543
f 5511 5543 5512
f 5512 5543 5544
f 5512 5544 5513
f 5513 5544 5545
f 5513 5545 5514
f 5514 5545 5546
f 5514 5546 5515
f 5515 5546 5547
f 5515 5547 5516
f 5516 5547 5548
f 5516 5548 5517
f 5517 5548 5549
f 5517 5549 5518
f 5518 5549 5550
f 5518 5550 5519
f 5519 5550 5551
f 5519 5551 5520
f 5520 5551 5552
f 5520 5552 5521
f 5521 5552 5553
f 5521 5553 5522
f 5522 5553 5554
f 5522 5554 5523
f 5523 5554 5555
f 5523 5555 5524
f 5524 5555 5556
f 5524 5556 5525
f 5525 5556 5557
f 5525 5557 5526
f 5526 5557 5558
f 5526 5558 5527
f 5527 5558 5559
f 5527 5559 5528
f 5528 5559 5560
f 5528 5560 5529
f 5529 5560 5561
f 5529 5561 5530
f 5530 5561 5562
f 5530 5562 5531
f 5531 5562 5563
f 5531 5563 5532
f 5532 5563 5564
f 5532 5564 5533
f 5533 5564 5565
f 5533 5565 5534
f 5534 5565 5566
f 5534 5566 5535
f 5535 5566 5567
f 5535 5567 5536
f 5536 5567 5568
f 5536 5568 5537
f 5537 5568 5569
f 5537 5569 5538
f 5538 5569 5570
f 5538 5570 5539
f 5539 5570 5571
f 5539 5571 5508
f 5508 5571 5540
f 5540 5572 5541
f 5541 5572 5573
f 5541 5573 5542
f 5542 5573 5574
f 5542 5574 5543
f 5543 5574 5575
f 5543 5575 5544
f 5544 5575 5576
f 5544 5576 5545
f 5545 5576 5577
f 5545 5577 5546
f 5546 5577 5578
f 5546 5578 5547
f 5547 5578 5579
f 5547 5579 5548
f 5548 5579 5580
f 5548 5580 5549
f 5549 5580 5581
f 5549 5581 5550
f 5550 5581 5582
f 5550 5582 5551
f 5551 5582 5583
f 5551 5583 5552
f 5552 5583 5584
f 5552 5584 5553
f 5553 5584 5585
f 5553 5585 5554
f 5554 5585 5586
f 5554 5586 5555
f 5555 5586 5587
f 5555 5587 5556
f 5556 5587 5588
f 5556 5588 5557
f 5557 5588 5589
f 5557 5589 5558
f 5558 5589 5590
f 5558 5590 5559
f 5559 5590 5591
f 5559 5591 5560
f 5560 5591 5592
f 5560 5592 5561
f 5561 5592 5593
f 5561 5593 5562
f 5562 5593 5594
f 5562 5594 5563
f 5563 5594 5595
f 5563 5595 5564
f 5564 5595 5596
f 5564 5596 5565
f 5565 5596 5597
f 5565 5597 5566
f 5566 5597 5598
f 5566 5598 5567
f 5567 5598 5599
f 5567 5599 5568
f 5568 5599 5600
f 5568 5600 5569
f 5569 5600 5601
f 5569 5601 5570
f 5570 5601 5602
f 5570 5602 5571
f 5571 5602 5603
f 5571 5603 5540
f 5540 5603 5572
f 5572 5604 5573
f 5573 5604 5605
f 5573 5605 5574
f 5574 5605 5606
f 5574 5606 5575
f 5575 5606 5607
f 5575 5607 5576
f 5576 5607 5608
f 5576 5608 5577
f 5577 5608 5609
f 5577 5609 5578
f 5578 5609 5610
f 5578 5610 5579
f 5579 5610 5611
f 5579 5611 5580
f 5580 5611 5612
f 5580 5612 5581
f 5581 5612 5613
f 5581 5613 5582
f 5582 5613 5614
f 5582 5614 5583
f 5583 5614 5615
f 5583 5615 5584
f 5584 5615 5616
f 5584 5616 5585
f 5585 5616 5617
f 5585 5617 5586
f 5586 5617 5618
f 5586 5618 5587
f 5587 5618 5619
f 5587 5619 5588
f 5588 5619 5620
f 5588 5620 5589
f 5589 5620 5621
f 5589 5621 5590
f 5590 5621 5622
f 5590 5622 5591
f 5591 5622 5623
f 5591 5623 5592
f 5592 5623 5624
f 5592 5624 5593
f 5593 5624 5625
f 5593 5625 5594
f 5594 5625 5626
f 5594 5626 5595
f 5595 5626 5627
f 5595 5627 5596
f 5596 5627 5628
f 5596 5628 5597
f 5597 5628 5629
f 5597 5629 5598
f 5598 5629 5630
f 5598 5630 5599
f 5599 5630 5631
f 5599 5631 5600
f 5600 5631 5632
f 5600 5632 5601
f 5601 5632 5633
f 5601 5633 5602
f 5602 5633 5634
f 5602 5634 5603
f 5603 5634 5635
f 5603 5635 5572
f 5572 5635 5604
f 5604 5636 5605
f 5605 5636 5637
f 5605 5637 5606
f 5606 5637 5638
f 5606 5638 5607
f 5607 5638 5639
f 5607 5639 5608
f 5608 5639 5640
f 5608 5640 5609
f 5609 5640 5641
f 5609 5641 5610
f 5610 5641 5642
f 5610 5642 5611
f 5611 5642 5643
f 5611 5643 5612
f 5612 5643 5644
f 5612 5644 5613
f 5613 5644 5645
f 5613 5645 5614
f 5614 5645 5646
f 5614 5646 5615
f 5615 5646 5647
f 5615 5647 5616
f 5616 5647 5648
f 5616 5648 5617
f 5617 5648 5649
f 5617 5649 5618
f 5618 5649 5650
f 5618 5650 5619
f 5619 5650 5651
f 5619 5651 5620
f 5620 5651 5652
f 5620 5652 5621
f 5621 5652 5653
f 5621 5653 5622
f 5622 5653 5654
f 5622 5654 5623
f 5623 5654 5655
f 5623 5655 5624
f 5624 5655 5656
f 5624 5656 5625
f 5625 5656 5657
f 5625 5657 5626
f 5626 5657 5658
f 5626 5658 5627
f 5627 5658 5659
f 5627 5659 5628
f 5628 5659 5660
f 5628 5660 5629
f 5629 5660 5661
f 5629 5661 5630
f 5630 5661 5662
f 5630 5662 5631
f 5631 5662 5663
f 5631 5663 5632
f 5632 5663 5664
f 5632 5664 5633
f 5633 5664 5665
f 5633 5665 5634
f 5634 5665 5666
f 5634 5666 5635
f 5635 5666 5667
f 5635 5667 5604
f 5604 5667 5636
f 5636 5668 5637
f 5637 5668 5669
f 5637 5669 5638
f 5638 5669 5670
f 5638 5670 5639
f 5639 5670 5671
f 5639 5671 5640
f 5640 5671 5672
f 5640 5672 5641
f 5641 5672 5673
f 5641 5673 5642
f 5642 5673 5674
f 5642 5674 5643
f 5643 5674 5675
f 5643 5675 5644
f 5644 5675 5676
f 5644 5676 5645
f 5645 5676 5677
f 5645 5677 5646
f 5646 5677 5678
f 5646 5678 5647
f 5647 5678 5679
f 5647 5679 5648
f 5648 5679 5680
f 5648 5680 5649
f 5649 5680 5681
f 5649 5681 5650
f 5650 5681 5682
f 5650 5682 5651
f 5651 5682 5683
f 5651 5683 5652
f 5652 5683 5684
f 5652 5684 5653
f 5653 5684 5685
f 5653 5685 5654
f 5654 5685 5686
f 5654 5686 5655
f 5655 5686 5687
f 5655 5687 5656
f 5656 5687 5688
f 5656 5688 5657
f 5657 5688 5689
f 5657 5689 5658
f 5658 5689 5690
f 5658 5690 5659
f 5659 5690 5691
f 5659 5691 5660
f 5660 5691 5692
f 5660 5692 5661
f 5661 5692 5693
f 5661 5693 5662
f 5662 5693 5694
f 5662 5694 5663
f 5663 5694 5695
f 5663 5695 5664
f 5664 5695 5696
f 5664 5696 5665
f 5665 5696 5697
f 5665 5697 5666
f 5666 5697 5698
f 5666 5698 5667
f 5667 5698 5699
f 5667 5699 5636
f 5636 5699 5668
f 5668 5700 5669
f 5669 5700 5701
f 5669 5701 5670
f 5670 5701 5702
f 5670 5702 5671
f 5671 5702 5703
f 5671 5703 5672
f 5672 5703 5704
f 5672 5704 5673
f 5673 5704 5705
f 5673 5705 5674
f 5674 5705 5706
f 5674 5706 5675
f 5675 5706 5707
f 5675 5707 5676
f 5676 5707 5708
f 5676 5708 5677
f 5677 5708 5709
f 5677 5709 5678
f 5678 5709 5710
f 5678 5710 5679
f 5679 5710 5711
f 5679 5711 5680
f 5680 5711 5712
f 5680 5712 5681
f 5681 5712 5713
f 5681 5713 5682
f 5682 5713 5714
f 5682 5714 5683
f 5683 5714 5715
f 5683 5715 5684
f 5684 5715 5716
f 5684 5716 5685
f 5685 5716 5717
f 5685 5717 5686
f 5686 5717 5718
f 5686 5718 5687
f 5687 5718 5719
f 5687 5719 5688
f 5688 5719 5720
f 5688 5720 5689
f 5689 5720 5721
f 5689 5721 5690
f 5690 5721 5722
f 5690 5722 5691
f 5691 5722 5723
f 5691 5723 5692
f 5692 5723 5724
f 5692 5724 5693
f 5693 5724 5725
f 5693 5725 5694
f 5694 5725 5726
f 5694 5726 5695
f 5695 5726 5727
f 5695 5727 5696
f 5696 5727 5728
f 5696 5728 5697
f 5697 5728 5729
f 5697 5729 5698
f 5698 5729 5730
f 5698 5730 5699
f 5699 5730 5731
f 5699 5731 5668
f 5668 5731 5700
f 5700 5732 5701
f 5701 5732 5733
f 5701 5733 5702
f 5702 5733 5734
f 5702 5734 5703
f 5703 5734 5735
f 5703 5735 5704
f 5704 5735 5736
f 5704 5736 5705
f 5705 5736 5737
f 5705 5737 5706
f 5706 5737 5738
f 5706 5738 5707
f 5707 5738 5739
f 5707 5739 5708
f 5708 5739 5740
f 5708 5740 5709
f 5709 5740 5741
f 5709 5741 5710
f 5710 5741 5742
f 5710 5742 5711
f 5711 5742 5743
f 5711 5743 5712
f 5712 5743 5744
f 5712 5744 5713
f 5713 5744 5745
f 5713 5745 5714
f 5714 5745 5746
f 5714 5746 5715
f 5715 5746 5747
f 5715 5747 5716
f 5716 5747 5748
f 5716 5748 5717
f 5717 5748 5749
f 5717 5749 5718
f 5718 5749 5750
f 5718 5750 5719
f 5719 5750 5751
f 5719 5751 5720
f 5720 5751 5752
f 5720 5752 5721
f 5721 5752 5753
f 5721 5753 5722
f 5722 5753 5754
f 5722 5754 5723
f 5723 5754 5755
f 5723 5755 5724
f 5724 5755 5756
f 5724 5756 5725
f 5725 5756 5757
f 5725 5757 5726
f 5726 5757 5758
f 5726 5758 5727
f 5727 5758 5759
f 5727 5759 5728
f 5728 5759 5760
f 5728 5760 5729
f 5729 5760 5761
f 5729 5761 5730
f 5730 5761 5762
f 5730 5762 5731
f 5731 5762 5763
f 5731 5763 5700
f 5700 5763 5732
f 5732 5764 5733
f 5733 5764 5765
f 5733 5765 5734
f 5734 5765 5766
f 5734 5766 5735
f 5735 5766 5767
f 5735 5767 5736
f 5736 5767 5768
f 5736 5768 5737
f 5737 5768 5769
f 5737 5769 5738
f 5738 5769 5770
f 5738 5770 5739
f 5739 5770 5771
f 5739 5771 5740
f 5740 5771 5772
f 5740 5772 5741
f 5741 5772 5773
f 5741 5773 5742
f 5742 5773 5774
f 5742 5774 5743
f 5743 5774 5775
f 5743 5775 5744
f 5744 5775 5776
f 5744 5776 5745
f 5745 5776 5777
f 5745 5777 5746
f 5746 5777 5778
f 5746 5778 5747
f 5747 5778 5779
f 5747 5779 5748
f 5748 5779 5780
f 5748 5780 5749
f 5749 5780 5781
f 5749 5781 5750
f 5750 5781 5782
f 5750 5782 5751
f 5751 5782 5783
f 5751 5783 5752
f 5752 5783 5784
f 5752 5784 5753
f 5753 5784 5785
f 5753 5785 5754
f 5754 5785 5786
f 5754 5786 5755
f 5755 5786 5787
f 5755 5787 5756
f 5756 5787 5788
f 5756 5788 5757
f 5757 5788 5789
f 5757 5789 5758
f 5758 5789 5790
f 5758 5790 5759
f 5759 5790 5791
f 5759 5791 5760
f 5760 5791 5792
f 5760 5792 5761
f 5761 5792 5793
f 5761 5793 5762
f 5762 5793 5794
f 5762 5794 5763
f 5763 5794 5795
f 5763 5795 5732
f 5732 5795 5764
f 5764 5796 5765
f 5765 5796 5797
f 5765 5797 5766
f 5766 5797 5798
f 5766 5798 5767
f 5767 5798 5799
f 5767 5799 5768
f 5768 5799 5800
f 5768 5800 5769
f 5769 5800 5801
f 5769 5801 5770
f 5770 5801 5802
f 5770 5802 5771
f 5771 5802 5803
f 5771 5803 5772
f 5772 5803 5804
f 5772 5804 5773
f 5773 5804 5805
f 5773 5805 5774
f 5774 5805 5806
f 5774 5806 5775
f 5775 5806 5807
f 5775 5807 5776
f 5776 5807 5808
f 5776 5808 5777
f 5777 5808 5809
f 5777 5809 5778
f 5778 5809 5810
f 5778 5810 5779
f 5779 5810 5811
f 5779 5811 5780
f 5780 5811 5812
f 5780 5812 5781
f 5781 5812 5813
f 5781 5813 5782
f 5782 5813 5814
f 5782 5814 5783
f 5783 5814 5815
f 5783 5815 5784
f 5784 5815 5816
f 5784 5816 5785
f 5785 5816 5817
f 5785 5817 5786
f 5786 5817 5818
f 5786 5818 5787
f 5787 5818 5819
f 5787 5819 5788
f 5788 5819 5820
f 5788 5820 5789
f 5789 5820 5821
f 5789 5821 5790
f 5790 5821 5822
f 5790 5822 5791
f 5791 5822 5823
f 5791 5823 5792
f 5792 5823 5824
f 5792 5824 5793
f 5793 5824 5825
f 5793 5825 5794
f 5794 5825 5826
f 5794 5826 5795
f 5795 5826 5827
f 5795 5827 5764
f 5764 5827 5796
f 5796 5828 5797
f 5797 5828 5829
f 5797 5829 5798
f 5798 5829 5830
f 5798 5830 5799
f 5799 5830 5831
f 5799 5831 5800
f 5800 5831 5832
f 5800 5832 5801
f 5801 5832 5833
f 5801 5833 5802
f 5802 5833 5834
f 5802 5834 5803
f 5803 5834 5835
f 5803 5835 5804
f 5804 5835 5836
f 5804 5836 5805
f 5805 5836 5837
f 5805 5837 5806
f 5806 5837 5838
f 5806 5838 5807
f 5807 5838 5839
f 5807 5839 5808
f 5808 5839 5840
f 5808 5840 5809
f 5809 5840 5841
f 5809 5841 5810
f 5810 5841 5842
f 5810 5842 5811
f 5811 5842 5843
f 5811 5843 5812
f 5812 5843 5844
f 5812 5844 5813
f 5813 5844 5845
f 5813 5845 5814
f 5814 5845 5846
f 5814 5846 5815
f 5815 5846 5847
f 5815 5847 5816
f 5816 5847 5848
f 5816 5848 5817
f 5817 5848 5849
f 5817 5849 5818
f 5818 5849 5850
f 5818 5850 5819
f 5819 5850 5851
f 5819 5851 5820
f 5820 5851 5852
f 5820 5852 5821
f 5821 5852 5853
f 5821 5853 5822
f 5822 5853 5854
f 5822 5854 5823
f 5823 5854 5855
f 5823 5855 5824
f 5824 5855 5856
f 5824 5856 5825
f 5825 5856 5857
f 5825 5857 5826
f 5826 5857 5858
f 5826 5858 5827
f 5827 5858 5859
f 5827 5859 5796
f 5796 5859 5828
f 5828 5860 5829
f 5829 5860 5861
f 5829 5861 5830
f 5830 5861 5862
f 5830 5862 5831
f 5831 5862 5863
f 5831 5863 5832
f 5832 5863 5864
f 5832 5864 5833
f 5833 5864 5865
f 5833 5865 5834
f 5834 5865 5866
f 5834 5866 5835
f 5835 5866 5867
f 5835 5867 5836
f 5836 5867 5868
f 5836 5868 5837
f 5837 5868 5869
f 5837 5869 5838
f 5838 5869 5870
f 5838 5870 5839
f 5839 5870 5871
f 5839 5871 5840
f 5840 5871 5872
f 5840 5872 5841
f 5841 5872 5873
f 5841 5873 5842
f 5842 5873 5874
f 5842 5874 5843
f 5843 5874 5875
f 5843 5875 5844
f 5844 5875 5876
f 5844 5876 5845
f 5845 5876 5877
f 5845 5877 5846
f 5846 5877 5878
f 5846 5878 5847
f 5847 5878 5879
f 5847 5879 5848
f 5848 5879 5880
f 5848 5880 5849
f 5849 5880 5881
f 5849 5881 5850
f 5850 5881 5882
f 5850 5882 5851
f 5851 5882 5883
f 5851 5883 5852
f 5852 5883 5884
f 5852 5884 5853
f 5853 5884 5885
f 5853 5885 5854
f 5854 5885 5886
f 5854 5886 5855
f 5855 5886 5887
f 5855 5887 5856
f 5856 5887 5888
f 5856 5888 5857
f 5857 5888 5889
f 5857 5889 5858
f 5858 5889 5890
f 5858 5890 5859
f 5859 5890 5891
f 5859 5891 5828
f 5828 5891 5860
f 5860 5892 5861
f 5861 5892 5893
f 5861 5893 5862
f 5862 5893 5894
f 5862 5894 5863
f 5863 5894 5895
f 5863 5895 5864
f 5864 5895 5896
f 5864 5896 5865
f 5865 5896 5897
f 5865 5897 5866
f 5866 5897 5898
f 5866 5898 5867
f 5867 5898 5899
f 5867 5899 5868
f 5868 5899 5900
f 5868 5900 5869
f 5869 5900 5901
f 5869 5901 5870
f 5870 5901 5902
f 5870 5902 5871
f 5871 5902 5903
f 5871 5903 5872
f 5872 5903 5904
f 5872 5904 5873
f 5873 5904 5905
f 5873 5905 5874
f 5874 5905 5906
f 5874 5906 5875
f 5875 5906 5907
f 5875 5907 5876
f 5876 5907 5908
f 5876 5908 5877
f 5877 5908 5909
f 5877 5909 5878
f 5878 5909 5910
f 5878 5910 5879
f 5879 5910 5911
f 5879 5911 5880
f 5880 5911 5912
f 5880 5912 5881
f 5881 5912 5913
f 5881 5913 5882
f 5882 5913 5914
f 5882 5914 5883
f 5883 5914 5915
f 5883 5915 5884
f 5884 5915 5916
f 5884 5916 5885
f 5885 5916 5917
f 5885 5917 5886
f 5886 5917 5918
f 5886 5918 5887
f 5887 5918 5919
f 5887 5919 5888
f 5888 5919 5920
f 5888 5920 5889
f 5889 5920 5921
f 5889 5921 5890
f 5890 5921 5922
f 5890 5922 5891
f 5891 5922 5923
f 5891 5923 5860
f 5860 5923 5892
f 5892 5924 5893
f 5893 5924 5925
f 5893 5925 5894
f 5894 5925 5926
f 5894 5926 5895
f 5895 5926 5927
f 5895 5927 5896
f 5896 5927 5928
f 5896 5928 5897
f 5897 5928 5929
f 5897 5929 5898
f 5898 5929 5930
f 5898 5930 5899
f 5899 5930 5931
f 5899 5931 5900
f 5900 5931 5932
f 5900 5932 5901
f 5901 5932 5933
f 5901 5933 5902
f 5902 5933 5934
f 5902 5934 5903
f 5903 5934 5935
f 5903 5935 5904
f 5904 5935 5936
f 5904 5936 5905
f 5905 5936 5937
f 5905 5937 5906
f 5906 5937 5938
f 5906 5938 5907
f 5907 5938 5939
f 5907 5939 5908
f 5908 5939 5940
f 5908 5940 5909
f 5909 5940 5941
f 5909 5941 5910
f 5910 5941 5942
f 5910 5942 5911
f 5911 5942 5943
f 5911 5943 5912
f 5912 5943 5944
f 5912 5944 5913
f 5913 5944 5945
f 5913 5945 5914
f 5914 5945 5946
f 5914 5946 5915
f 5915 5946 5947
f 5915 5947 5916
f 5916 5947 5948
f 5916 5948 5917
f 5917 5948 5949
f 5917 5949 5918
f 5918 5949 5950
f 5918 5950 5919
f 5919 5950 5951
f 5919 5951 5920
f 5920 5951 5952
f 5920 5952 5921
f 5921 5952 5953
f 5921 5953 5922
f 5922 5953 5954
f 5922 5954 5923
f 5923 5954 5955
f 5923 5955 5892
f 5892 5955 5924
f 5924 5956 5925
f 5925 5956 5957
f 5925 5957 5926
f 5926 5957 5958
f 5926 5958 5927
f 5927 5958 5959
f 5927 5959 5928
f 5928 5959 5960
f 5928 5960 5929
f 5929 5960 5961
f 5929 5961 5930
f 5930 5961 5962
f 5930 5962 5931
f 5931 5962 5963
f 5931 5963 5932
f 5932 5963 5964
f 5932 5964 5933
f 5933 5964 5965
f 5933 5965 5934
f 5934 5965 5966
f 5934 5966 5935
f 5935 5966 5967
f 5935 5967 5936
f 5936 5967 5968
f 5936 5968 5937
f 5937 5968 5969
f 5937 5969 5938
f 5938 5969 5970
f 5938 5970 5939
f 5939 5970 5971
f 5939 5971 5940
f 5940 5971 5972
f 5940 5972 5941
f 5941 5972 5973
f 5941 5973 5942
f 5942 5973 5974
f 5942 5974 5943
f 5943 5974 5975
f 5943 5975 5944
f 5944 5975 5976
f 5944 5976 5945
f 5945 5976 5977
f 5945 5977 5946
f 5946 5977 5978
f 5946 5978 5947
f 5947 5978 5979
f 5947 5979 5948
f 5948 5979 5980
f 5948 5980 5949
f 5949 5980 5981
f 5949 5981 5950
f 5950 5981 5982
f 5950 5982 5951
f 5951 5982 5983
f 5951 5983 5952
f 5952 5983 5984
f 5952 5984 5953
f 5953 5984 5985
f 5953 5985 5954
f 5954 5985 5986
f 5954 5986 5955
f 5955 5986 5987
f 5955 5987 5924
f 5924 5987 5956
f 5956 5988 5957
f 5957 5988 5989
f 5957 5989 5958
f 5958 5989 5990
f 5958 5990 5959
f 5959 5990 5991
f 5959 5991 5960
f 5960 5991 5992
f 5960 5992 5961
f 5961 5992 5993
f 5961 5993 5962
f 5962 5993 5994
f 5962 5994 5963
f 5963 5994 5995
f 5963 5995 5964
f 5964 5995 5996
f 5964 5996 5965
f 5965 5996 5997
f 5965 5997 5966
f 5966 5997 5998
f 5966 5998 5967
f 5967 5998 5999
f 5967 5999 5968
f 5968 5999 6000
f 5968 6000 5969
f 5969 6000 6001
f 5969 6001 5970
f 5970 6001 6002
f 5970 6002 5971
f 5971 6002 6003
f 5971 6003 5972
f 5972 6003 6004
f 5972 6004 5973
f 5973 6004 6005
f 5973 6005 5974
f 5974 6005 6006
f 5974 6006 5975
f 5975 6006 6007
f 5975 6007 5976
f 5976 6007 6008
f 5976 6008 5977
f 5977 6008 6009
f 5977 6009 5978
f 5978 6009 6010
f 5978 6010 5979
f 5979 6010 6011
f 5979 6011 5980
f 5980 6011 6012
f 5980 6012 5981
f 5981 6012 6013
f 5981 6013 5982
f 5982 6013 6014
f 5982 6014 5983
f 5983 6014 6015
f 5983 6015 5984
f 5984 6015 6016
f 5984 6016 5985
f 5985 6016 6017
f 5985 6017 5986
f 5986 6017 6018
f 5986 6018 5987
f 5987 6018 6019
f 5987 6019 5956
f 5956 6019 5988
f 5988 6020 5989
f 5989 6020 6021
f 5989 6021 5990
f 5990 6021 6022
f 5990 6022 5991
f 5991 6022 6023
f 5991 6023 5992
f 5992 6023 6024
f 5992 6024 5993
f 5993 6024 6025
f 5993 6025 5994
f 5994 6025 6026
f 5994 6026 5995
f 5995 6026 6027
f 5995 6027 5996
f 5996 6027 6028
f 5996 6028 5997
f 5997 6028 6029
f 5997 6029 5998
f 5998 6029 6030
f 5998 6030 5999
f 5999 6030 6031
f 5999 6031 6000
f 6000 6031 6032
f 6000 6032 6001
f 6001 6032 6033
f 6001 6033 6002
f 6002 6033 6034
f 6002 6034 6003
f 6003 6034 6035
f 6003 6035 6004
f 6004 6035 6036
f 6004 6036 6005
f 6005 6036 6037
f 6005 6037 6006
f 6006 6037 6038
f 6006 6038 6007
f 6007 6038 6039
f 6007 6039 6008
f 6008 6039 6040
f 6008 6040 6009
f 6009 6040 6041
f 6009 6041 6010
f 6010 6041 6042
f 6010 6042 6011
f 6011 6042 6043
f 6011 6043 6012
f 6012 6043 6044
f 6012 6044 6013
f 6013 6044 6045
f 6013 6045 6014
f 6014 6045 6046
f 6014 6046 6015
f 6015 6046 6047
f 6015 6047 6016
f 6016 6047 6048
f 6016 6048 6017
f 6017 6048 6049
f 6017 6049 6018
f 6018 6049 6050
f 6018 6050 6019
f 6019 6050 6051
f 6019 6051 5988
f 5988 6051 6020
f 6020 6052 6021
f 6021 6052 6053
f 6021 6053 6022
f 6022 6053 6054
f 6022 6054 6023
f 6023 6054 6055
f 6023 6055 6024
f 6024 6055 6056
f 6024 6056 6025
f 6025 6056 6057
f 6025 6057 6026
f 6026 6057 6058
f 6026 6058 6027
f 6027 6058 6059
f 6027 6059 6028
f 6028 6059 6060
f 6028 6060 6029
f 6029 6060 6061
f 6029 6061 6030
f 6030 6061 6062
f 6030 6062 6031
f 6031 6062 6063
f 6031 6063 6032
f 6032 6063 6064
f 6032 6064 6033
f 6033 6064 6065
f 6033 6065 6034
f 6034 6065 6066
f 6034 6066 6035
f 6035 6066 6067
f 6035 6067 6036
f 6036 6067 6068
f 6036 6068 6037
f 6037 6068 6069
f 6037 6069 6038
f 6038 6069 6070
f 6038 6070 6039
f 6039 6070 6071
f 6039 6071 6040
f 6040 6071 6072
f 6040 6072 6041
f 6041 6072 6073
f 6041 6073 6042
f 6042 6073 6074
f 6042 6074 6043
f 6043 6074 6075
f 6043 6075 6044
f 6044 6075 6076
f 6044 6076 6045
f 6045 6076 6077
f 6045 6077 6046
f 6046 6077 6078
f 6046 6078 6047
f 6047 6078 6079
f 6047 6079 6048
f 6048 6079 6080
f 6048 6080 6049
f 6049 6080 6081
f 6049 6081 6050
f 6050 6081 6082
f 6050 6082 6051
f 6051 6082 6083
f 6051 6083 6020
f 6020 6083 6052
f 6052 6084 6053
f 6053 6084 6085
f 6053 6085 6054
f 6054 6085 6086
f 6054 6086 6055
f 6055 6086 6087
f 6055 6087 6056
f 6056 6087 6088
f 6056 6088 6057
f 6057 6088 6089
f 6057 6089 6058
f 6058 6089 6090
f 6058 6090 6059
f 6059 6090 6091
f 6059 6091 6060
f 6060 6091 6092
f 6060 6092 6061
f 6061 6092 6093
f 6061 6093 6062
f 6062 6093 6094
f 6062 6094 6063
f 6063 6094 6095
f 6063 6095 6064
f 6064 6095 6096
f 6064 6096 6065
f 6065 6096 6097
f 6065 6097 6066
f 6066 6097 6098
f 6066 6098 6067
f 6067 6098 6099
f 6067 6099 6068
f 6068 6099 6100
f 6068 6100 6069
f 6069 6100 6101
f 6069 6101 6070
f 6070 6101 6102
f 6070 6102 6071
f 6071 6102 6103
f 6071 6103 6072
f 6072 6103 6104
f 6072 6104 6073
f 6073 6104 6105
f 6073 6105 6074
f 6074 6105 6106
f 6074 6106 6075
f 6075 6106 6107
f 6075 6107 6076
f 6076 6107 6108
f 6076 6108 6077
f 6077 6108 6109
f 6077 6109 6078
f 6078 6109 6110
f 6078 6110 6079
f 6079 6110 6111
f 6079 6111 6080
f 6080 6111 6112
f 6080 6112 6081
f 6081 6112 6113
f 6081 6113 6082
f 6082 6113 6114
f 6082 6114 6083
f 6083 6114 6115
f 6083 6115 6052
f 6052 6115 6084
f 6084 6116 6085
f 6085 6116 6117
f 6085 6117 6086
f 6086 6117 6118
f 6086 6118 6087
f 6087 6118 6119
f 6087 6119 6088
f 6088 6119 6120
f 6088 6120 6089
f 6089 6120 6121
f 6089 6121 6090
f 6090 6121 6122
f 6090 6122 6091
f 6091 6122 6123
f 6091 6123 6092
f 6092 6123 6124
f 6092 6124 6093
f 6093 6124 6125
f 6093 6125 6094
f 6094 6125 6126
f 6094 6126 6095
f 6095 6126 6127
f 6095 6127 6096
f 6096 6127 6128
f 6096 6128 6097
f 6097 6128 6129
f 6097 6129 6098
f 6098 6129 6130
f 6098 6130 6099
f 6099 6130 6131
f 6099 6131 6100
f 6100 6131 6132
f 6100 6132 6101
f 6101 6132 6133
f 6101 6133 6102
f 6102 6133 6134
f 6102 6134 6103
f 6103 6134 6135
f 6103 6135 6104
f 6104 6135 6136
f 6104 6136 6105
f 6105 6136 6137
f 6105 6137 6106
f 6106 6137 6138
f 6106 6138 6107
f 6107 6138 6139
f 6107 6139 6108
f 6108 6139 6140
f 6108 6140 6109
f 6109 6140 6141
f 6109 6141 6110
f 6110 6141 6142
f 6110 6142 6111
f 6111 6142 6143
f 6111 6143 6112
f 6112 6143 6144
f 6112 6144 6113
f 6113 6144 6145
f 6113 6145 6114
f 6114 6145 6146
f 6114 6146 6115
f 6115 6146 6147
f 6115 6147 6084
f 6084 6147 6116
f 6116 6148 6117
f 6117 6148 6149
f 6117 6149 6118
f 6118 6149 6150
f 6118 6150 6119
f 6119 6150 6151
f 6119 6151 6120
f 6120 6151 6152
f 6120 6152 6121
f 6121 6152 6153
f 6121 6153 6122
f 6122 6153 6154
f 6122 6154 6123
f 6123 6154 6155
f 6123 6155 6124
f 6124 6155 6156
f 6124 6156 6125
f 6125 6156 6157
f 6125 6157 6126
f 6126 6157 6158
f 6126 6158 6127
f 6127 6158 6159
f 6127 6159 6128
f 6128 6159 6160
f 6128 6160 6129
f 6129 6160 6161
f 6129 6161 6130
f 6130 6161 6162
f 6130 6162 6131
f 6131 6162 6163
f 6131 6163 6132
f 6132 6163 6164
f 6132 6164 6133
f 6133 6164 6165
f 6133 6165 6134
f 6134 6165 6166
f 6134 6166 6135
f 6135 6166 6167
f 6135 6167 6136
f 6136 6167 6168
f 6136 6168 6137
f 6137 6168 6169
f 6137 6169 6138
f 6138 6169 6170
f 6138 6170 6139
f 6139 6170 6171
f 6139 6171 6140
f 6140 6171 6172
f 6140 6172 6141
f 6141 6172 6173
f 6141 6173 6142
f 6142 6173 6174
f 6142 6174 6143
f 6143 6174 6175
f 6143 6175 6144
f 6144 6175 6176
f 6144 6176 6145
f 6145 6176 6177
f 6145 6177 6146
f 6146 6177 6178
f 6146 6178 6147
f 6147 6178 6179
f 6147 6179 6116
f 6116 6179 6148
f 6148 6180 6149
f 6149 6180 6181
f 6149 6181 6150
f 6150 6181 6182
f 6150 6182 6151
f 6151 6182 6183
f 6151 6183 6152
f 6152 6183 6184
f 6152 6184 6153
f 6153 6184 6185
f 6153 6185 6154
f 6154 6185 6186
f 6154 6186 6155
f 6155 6186 6187
f 6155 6187 6156
f 6156 6187 6188
f 6156 6188 6157
f 6157 6188 6189
f 6157 6189 6158
f 6158 6189 6190
f 6158 6190 6159
f 6159 6190 6191
f 6159 6191 6160
f 6160 6191 6192
f 6160 6192 6161
f 6161 6192 6193
f 6161 6193 6162
f 6162 6193 6194
f 6162 6194 6163
f 6163 6194 6195
f 6163 6195 6164
f 6164 6195 6196
f 6164 6196 6165
f 6165 6196 6197
f 6165 6197 6166
f 6166 6197 6198
f 6166 6198 6167
f 6167 6198 6199
f 6167 6199 6168
f 6168 6199 6200
f 6168 6200 6169
f 6169 6200 6201
f 6169 6201 6170
f 6170 6201 6202
f 6170 6202 6171
f 6171 6202 6203
f 6171 6203 6172
f 6172 6203 6204
f 6172 6204 6173
f 6173 6204 6205
f 6173 6205 6174
f 6174 6205 6206
f 6174 6206 6175
f 6175 6206 6207
f 6175 6207 6176
f 6176 6207 6208
f 6176 6208 6177
f 6177 6208 6209
f 6177 6209 6178
f 6178 6209 6210
f 6178 6210 6179
f 6179 6210 6211
f 6179 6211 6148
f 6148 6211 6180
f 6180 6212 6181
f 6181 6212 6213
f 6181 6213 6182
f 6182 6213 6214
f 6182 6214 6183
f 6183 6214 6215
f 6183 6215 6184
f 6184 6215 6216
f 6184 6216 6185
f 6185 6216 6217
f 6185 6217 6186
f 6186 6217 6218
f 6186 6218 6187
f 6187 6218 6219
f 6187 6219 6188
f 6188 6219 6220
f 6188 6220 6189
f 6189 6220 6221
f 6189 6221 6190
f 6190 6221 6222
f 6190 6222 6191
f 6191 6222 6223
f 6191 6223 6192
f 6192 6223 6224
f 6192 6224 6193
f 6193 6224 6225
f 6193 6225 6194
f 6194 6225 6226
f 6194 6226 6195
f 6195 6226 6227
f 6195 6227 6196
f 6196 6227 6228
f 6196 6228 6197
f 6197 6228 6229
f 6197 6229 6198
f 6198 6229 6230
f 6198 6230 6199
f 6199 6230 6231
f 6199 6231 6200
f 6200 6231 6232
f 6200 6232 6201
f 6201 6232 6233
f 6201 6233 6202
f 6202 6233 6234
f 6202 6234 6203
f 6203 6234 6235
f 6203 6235 6204
f 6204 6235 6236
f 6204 6236 6205
f 6205 6236 6237
f 6205 6237 6206
f 6206 6237 6238
f 6206 6238 6207
f 6207 6238 6239
f 6207 6239 6208
f 6208 6239 6240
f 6208 6240 6209
f 6209 6240 6241
f 6209 6241 6210
f 6210 6241 6242
f 6210 6242 6211
f 6211 6242 6243
f 6211 6243 6180
f 6180 6243 6212
f 6212 6244 6213
f 6213 6244 6245
f 6213 6245 6214
f 6214 6245 6246
f 6214 6246 6215
f 6215 6246 6247
f 6215 6247 6216
f 6216 6247 6248
f 6216 6248 6217
f 6217 6248 6249
f 6217 6249 6218
f 6218 6249 6250
f 6218 6250 6219
f 6219 6250 6251
f 6219 6251 6220
f 6220 6251 6252
f 6220 6252 6221
f 6221 6252 6253
f 6221 6253 6222
f 6222 6253 6254
f 6222 6254 6223
f 6223 6254 6255
f 6223 6255 6224
f 6224 6255 6256
f 6224 6256 6225
f 6225 6256 6257
f 6225 6257 6226
f 6226 6257 6258
f 6226 6258 6227
f 6227 6258 6259
f 6227 6259 6228
f 6228 6259 6260
f 6228 6260 6229
f 6229 6260 6261
f 6229 6261 6230
f 6230 6261 6262
f 6230 6262 6231
f 6231 6262 6263
f 6231 6263 6232
f 6232 6263 6264
f 6232 6264 6233
f 6233 6264 6265
f 6233 6265 6234
f 6234 6265 6266
f 6234 6266 6235
f 6235 6266 6267
f 6235 6267 6236
f 6236 6267 6268
f 6236 6268 6237
f 6237 6268 6269
f 6237 6269 6238
f 6238 6269 6270
f 6238 6270 6239
f 6239 6270 6271
f 6239 6271 6240
f 6240 6271 6272
f 6240 6272 6241
f 6241 6272 6273
f 6241 6273 6242
f 6242 6273 6274
f 6242 6274 6243
f 6243 6274 6275
f 6243 6275 6212
f 6212 6275 6244
f 6244 6276 6245
f 6245 6276 6277
f 6245 6277 6246
f 6246 6277 6278
f 6246 6278 6247
f 6247 6278 6279
f 6247 6279 6248
f 6248 6279 6280
f 6248 6280 6249
f 6249 6280 6281
f 6249 6281 6250
f 6250 6281 6282
f 6250 6282 6251
f 6251 6282 6283
f 6251 6283 6252
f 6252 6283 6284
f 6252 6284 6253
f 6253 6284 6285
f 6253 6285 6254
f 6254 6285 6286
f 6254 6286 6255
f 6255 6286 6287
f 6255 6287 6256
f 6256 6287 6288
f 6256 6288 6257
f 6257 6288 6289
f 6257 6289 6258
f 6258 6289 6290
f 6258 6290 6259
f 6259 6290 6291
f 6259 6291 6260
f 6260 6291 6292
f 6260 6292 6261
f 6261 6292 6293
f 6261 6293 6262
f 6262 6293 6294
f 6262 6294 6263
f 6263 6294 6295
f 6263 6295 6264
f 6264 6295 6296
f 6264 6296 6265
f 6265 6296 6297
f 6265 6297 6266
f 6266 6297 6298
f 6266 6298 6267
f 6267 6298 6299
f 6267 6299 6268
f 6268 6299 6300
f 6268 6300 6269
f 6269 6300 6301
f 6269 6301 6270
f 6270 6301 6302
f 6270 6302 6271
f 6271 6302 6303
f 6271 6303 6272
f 6272 6303 6304
f 6272 6304 6273
f 6273 6304 6305
f 6273 6305 6274
f 6274 6305 6306
f 6274 6306 6275
f 6275 6306 6307
f 6275 6307 6244
f 6244 6307 6276
f 6276 6308 6277
f 6277 6308 6309
f 6277 6309 6278
f 6278 6309 6310
f 6278 6310 6279
f 6279 6310 6311
f 6279 6311 6280
f 6280 6311 6312
f 6280 6312 6281
f 6281 6312 6313
f 6281 6313 6282
f 6282 6313 6314
f 6282 6314 6283
f 6283 6314 6315
f 6283 6315 6284
f 6284 6315 6316
f 6284 6316 6285
f 6285 6316 6317
f 6285 6317 6286
f 6286 6317 6318
f 6286 6318 6287
f 6287 6318 6319
f 6287 6319 6288
f 6288 6319 6320
f 6288 6320 6289
f 6289 6320 6321
f 6289 6321 6290
f 6290 6321 6322
f 6290 6322 6291
f 6291 6322 6323
f 6291 6323 6292
f 6292 6323 6324
f 6292 6324 6293
f 6293 6324 6325
f 6293 6325 6294
f 6294 6325 6326
f 6294 6326 6295
f 6295 6326 6327
f 6295 6327 6296
f 6296 6327 6328
f 6296 6328 6297
f 6297 6328 6329
f 6297 6329 6298
f 6298 6329 6330
f 6298 6330 6299
f 6299 6330 6331
f 6299 6331 6300
f 6300 6331 6332
f 6300 6332 6301
f 6301 6332 6333
f 6301 6333 6302
f 6302 6333 6334
f 6302 6334 6303
f 6303 6334 6335
f 6303 6335 6304
f 6304 6335 6336
f 6304 6336 6305
f 6305 6336 6337
f 6305 6337 6306
f 6306 6337 6338
f 6306 6338 6307
f 6307 6338 6339
f 6307 6339 6276
f 6276 6339 6308
f 6308 4292 6309
f 6309 4292 4293
f 6309 4293 6310
f 6310 4293 4294
f 6310 4294 6311
f 6311 4294 4295
f 6311 4295 6312
f 6312 4295 4296
f 6312 4296 6313
f 6313 4296 4297
f 6313 4297 6314
f 6314 4297 4298
f 6314 4298 6315
f 6315 4298 4299
f 6315 4299 6316
f 6316 4299 4300
f 6316 4300 6317
f 6317 4300 4301
f 6317 4301 6318
f 6318 4301 4302
f 6318 4302 6319
f 6319 4302 4303
f 6319 4303 6320
f 6320 4303 4304
f 6320 4304 6321
f 6321 4304 4305
f 6321 4305 6322
f 6322 4305 4306
f 6322 4306 6323
f 6323 4306 4307
f 6323 4307 6324
f 6324 4307 4308
f 6324 4308 6325
f 6325 4308 4309
f 6325 4309 6326
f 6326 4309 4310
f 6326 4310 6327
f 6327 4310 4311
f 6327 4311 6328
f 6328 4311 4312
f 6328 4312 6329
f 6329 4312 4313
f 6329 4313 6330
f 6330 4313 4314
f 6330 4314 6331
f 6331 4314 4315
f 6331 4315 6332
f 6332 4315 4316
f 6332 4316 6333
f 6333 4316 4317
f 6333 4317 6334
f 6334 4317 4318
f 6334 4318 6335
f 6335 4318 4319
f 6335 4319 6336
f 6336 4319 4320
f 6336 4320 6337
f 6337 4320 4321
f 6337 4321 6338
f 6338 4321 4322
f 6338 4322 6339
f 6339 4322 4323
f 6339 4323 6308
f 6308 4323 4292
f 6340 6372 6341
f 6341 6372 6373
f 6341 6373 6342
f 6342 6373 6374
f 6342 6374 6343
f 6343 6374 6375
f 6343 6375 6344
f 6344 6375 6376
f 6344 6376 6345
f 6345 6376 6377
f 6345 6377 6346
f 6346 6377 6378
f 6346 6378 6347
f 6347 6378 6379
f 6347 6379 6348
f 6348 6379 6380
f 6348 6380 6349
f 6349 6380 6381
f 6349 6381 6350
f 6350 6381 6382
f 6350 6382 6351
f 6351 6382 6383
f 6351 6383 6352
f 6352 6383 6384
f 6352 6384 6353
f 6353 6384 6385
f 6353 6385 6354
f 6354 6385 6386
f 6354 6386 6355
f 6355 6386 6387
f 6355 6387 6356
f 6356 6387 6388
f 6356 6388 6357
f 6357 6388 6389
f 6357 6389 6358
f 6358 6389 6390
f 6358 6390 6359
f 6359 6390 6391
f 6359 6391 6360
f 6360 6391 6392
f 6360 6392 6361
f 6361 6392 6393
f 6361 6393 6362
f 6362 6393 6394
f 6362 6394 6363
f 6363 6394 6395
f 6363 6395 6364
f 6364 6395 6396
f 6364 6396 6365
f 6365 6396 6397
f 6365 6397 6366
f 6366 6397 6398
f 6366 6398 6367
f 6367 6398 6399
f 6367 6399 6368
f 6368 6399 6400
f 6368 6400 6369
f 6369 6400 6401
f 6369 6401 6370
f 6370 6401 6402
f 6370 6402 6371
f 6371 6402 6403
f 6371 6403 6340
f 6340 6403 6372
f 6372 6404 6373
f 6373 6404 6405
f 6373 6405 6374
f 6374 6405 6406
f 6374 6406 6375
f 6375 6406 6407
f 6375 6407 6376
f 6376 6407 6408
f 6376 6408 6377
f 6377 6408 6409
f 6377 6409 6378
f 6378 6409 6410
f 6378 6410 6379
f 6379 6410 6411
f 6379 6411 6380
f 6380 6411 6412
f 6380 6412 6381
f 6381 6412 6413
f 6381 6413 6382
f 6382 6413 6414
f 6382 6414 6383
f 6383 6414 6415
f 6383 6415 6384
f 6384 6415 6416
f 6384 6416 6385
f 6385 6416 6417
f 6385 6417 6386
f 6386 6417 6418
f 6386 6418 6387
f 6387 6418 6419
f 6387 6419 6388
f 6388 6419 6420
f 6388 6420 6389
f 6389 6420 6421
f 6389 6421 6390
f 6390 6421 6422
f 6390 6422 6391
f 6391 6422 6423
f 6391 6423 6392
f 6392 6423 6424
f 6392 6424 6393
f 6393 6424 6425
f 6393 6425 6394
f 6394 6425 6426
f 6394 6426 6395
f 6395 6426 6427
f 6395 6427 6396
f 6396 6427 6428
f 6396 6428 6397
f 6397 6428 6429
f 6397 6429 6398
f 6398 6429 6430
f 6398 6430 6399
f 6399 6430 6431
f 6399 6431 6400
f 6400 6431 6432
f 6400 6432 6401
f 6401 6432 6433
f 6401 6433 6402
f 6402 6433 6434
f 6402 6434 6403
f 6403 6434 6435
f 6403 6435 6372
f 6372 6435 6404
f 6404 6436 6405
f 6405 6436 6437
f 6405 6437 6406
f 6406 6437 6438
f 6406 6438 6407
f 6407 6438 6439
f 6407 6439 6408
f 6408 6439 6440
f 6408 6440 6409
f 6409 6440 6441
f 6409 6441 6410
f 6410 6441 6442
f 6410 6442 6411
f 6411 6442 6443
f 6411 6443 6412
f 6412 6443 6444
f 6412 6444 6413
f 6413 6444 6445
f 6413 6445 6414
f 6414 6445 6446
f 6414 6446 6415
f 6415 6446 6447
f 6415 6447 6416
f 6416 6447 6448
f 6416 6448 6417
f 6417 6448 6449
f 6417 6449 6418
f 6418 6449 6450
f 6418 6450 6419
f 6419 6450 6451
f 6419 6451 6420
f 6420 6451 6452
f 6420 6452 6421
f 6421 6452 6453
f 6421 6453 6422
f 6422 6453 6454
f 6422 6454 6423
f 6423 6454 6455
f 6423 6455 6424
f 6424 6455 6456
f 6424 6456 6425
f 6425 6456 6457
f 6425 6457 6426
f 6426 6457 6458
f 6426 6458 6427
f 6427 6458 6459
f 6427 6459 6428
f 6428 6459 6460
f 6428 6460 6429
f 6429 6460 6461
f 6429 6461 6430
f 6430 6461 6462
f 6430 6462 6431
f 6431 6462 6463
f 6431 6463 6432
f 6432 6463 6464
f 6432 6464 6433
f 6433 6464 6465
f 6433 6465 6434
f 6434 6465 6466
f 6434 6466 6435
f 6435 6466 6467
f 6435 6467 6404
f 6404 6467 6436
f 6436 6468 6437
f 6437 6468 6469
f 6437 6469 6438
f 6438 6469 6470
f 6438 6470 6439
f 6439 6470 6471
f 6439 6471 6440
f 6440 6471 6472
f 6440 6472 6441
f 6441 6472 6473
f 6441 6473 6442
f 6442 6473 6474
f 6442 6474 6443
f 6443 6474 6475
f 6443 6475 6444
f 6444 6475 6476
f 6444 6476 6445
f 6445 6476 6477
f 6445 6477 6446
f 6446 6477 6478
f 6446 6478 6447
f 6447 6478 6479
f 6447 6479 6448
f 6448 6479 6480
f 6448 6480 6449
f 6449 6480 6481
f 6449 6481 6450
f 6450 6481 6482
f 6450 6482 6451
f 6451 6482 6483
f 6451 6483 6452
f 6452 6483 6484
f 6452 6484 6453
f 6453 6484 6485
f 6453 6485 6454
f 6454 6485 6486
f 6454 6486 6455
f 6455 6486 6487
f 6455 6487 6456
f 6456 6487 6488
f 6456 6488 6457
f 6457 6488 6489
f 6457 6489 6458
f 6458 6489 6490
f 6458 6490 6459
f 6459 6490 6491
f 6459 6491 6460
f 6460 6491 6492
f 6460 6492 6461
f 6461 6492 6493
f 6461 6493 6462
f 6462 6493 6494
f 6462 6494 6463
f 6463 6494 6495
f 6463 6495 6464
f 6464 6495 6496
f 6464 6496 6465
f 6465 6496 6497
f 6465 6497 6466
f 6466 6497 6498
f 6466 6498 6467
f 6467 6498 6499
f 6467 6499 6436
f 6436 6499 6468
f 6468 6500 6469
f 6469 6500 6501
f 6469 6501 6470
f 6470 6501 6502
f 6470 6502 6471
f 6471 6502 6503
f 6471 6503 6472
f 6472 6503 6504
f 6472 6504 6473
f 6473 6504 6505
f 6473 6505 6474
f 6474 6505 6506
f 6474 6506 6475
f 6475 6506 6507
f 6475 6507 6476
f 6476 6507 6508
f 6476 6508 6477
f 6477 6508 6509
f 6477 6509 6478
f 6478 6509 6510
f 6478 6510 6479
f 6479 6510 6511
f 6479 6511 6480
f 6480 6511 6512
f 6480 6512 6481
f 6481 6512 6513
f 6481 6513 6482
f 6482 6513 6514
f 6482 6514 6483
f 6483 6514 6515
f 6483 6515 6484
f 6484 6515 6516
f 6484 6516 6485
f 6485 6516 6517
f 6485 6517 6486
f 6486 6517 6518
f 6486 6518 6487
f 6487 6518 6519
f 6487 6519 6488
f 6488 6519 6520
f 6488 6520 6489
f 6489 6520 6521
f 6489 6521 6490
f 6490 6521 6522
f 6490 6522 6491
f 6491 6522 6523
f 6491 6523 6492
f 6492 6523 6524
f 6492 6524 6493
f 6493 6524 6525
f 6493 6525 6494
f 6494 6525 6526
f 6494 6526 6495
f 6495 6526 6527
f 6495 6527 6496
f 6496 6527 6528
f 6496 6528 6497
f 6497 6528 6529
f 6497 6529 6498
f 6498 6529 6530
f 6498 6530 6499
f 6499 6530 6531
f 6499 6531 6468
f 6468 6531 6500
f 6500 6532 6501
f 6501 6532 6533
f 6501 6533 6502
f 6502 6533 6534
f 6502 6534 6503
f 6503 6534 6535
f 6503 6535 6504
f 6504 6535 6536
f 6504 6536 6505
f 6505 6536 6537
f 6505 6537 6506
f 6506 6537 6538
f 6506 6538 6507
f 6507 6538 6539
f 6507 6539 6508
f 6508 6539 6540
f 6508 6540 6509
f 6509 6540 6541
f 6509 6541 6510
f 6510 6541 6542
f 6510 6542 6511
f 6511 6542 6543
f 6511 6543 6512
f 6512 6543 6544
f 6512 6544 6513
f 6513 6544 6545
f 6513 6545 6514
f 6514 6545 6546
f 6514 6546 6515
f 6515 6546 6547
f 6515 6547 6516
f 6516 6547 6548
f 6516 6548 6517
f 6517 6548 6549
f 6517 6549 6518
f 6518 6549 6550
f 6518 6550 6519
f 6519 6550 6551
f 6519 6551 6520
f 6520 6551 6552
f 6520 6552 6521
f 6521 6552 6553
f 6521 6553 6522
f 6522 6553 6554
f 6522 6554 6523
f 6523 6554 6555
f 6523 6555 6524
f 6524 6555 6556
f 6524 6556 6525
f 6525 6556 6557
f 6525 6557 6526
f 6526 6557 6558
f 6526 6558 6527
f 6527 6558 6559
f 6527 6559 6528
f 6528 6559 6560
f 6528 6560 6529
f 6529 6560 6561
f 6529 6561 6530
f 6530 6561 6562
f 6530 6562 6531
f 6531 6562 6563
f 6531 6563 6500
f 6500 6563 6532
f 6532 6564 6533
f 6533 6564 6565
f 6533 6565 6534
f 6534 6565 6566
f 6534 6566 6535
f 6535 6566 6567
f 6535 6567 6536
f 6536 6567 6568
f 6536 6568 6537
f 6537 6568 6569
f 6537 6569 6538
f 6538 6569 6570
f 6538 6570 6539
f 6539 6570 6571
f 6539 6571 6540
f 6540 6571 6572
f 6540 6572 6541
f 6541 6572 6573
f 6541 6573 6542
f 6542 6573 6574
f 6542 6574 6543
f 6543 6574 6575
f 6543 6575 6544
f 6544 6575 6576
f 6544 6576 6545
f 6545 6576 6577
f 6545 6577 6546
f 6546 6577 6578
f 6546 6578 6547
f 6547 6578 6579
f 6547 6579 6548
f 6548 6579 6580
f 6548 6580 6549
f 6549 6580 6581
f 6549 6581 6550
f 6550 6581 6582
f 6550 6582 6551
f 6551 6582 6583
f 6551 6583 6552
f 6552 6583 6584
f 6552 6584 6553
f 6553 6584 6585
f 6553 6585 6554
f 6554 6585 6586
f 6554 6586 6555
f 6555 6586 6587
f 6555 6587 6556
f 6556 6587 6588
f 6556 6588 6557
f 6557 6588 6589
f 6557 6589 6558
f 6558 6589 6590
f 6558 6590 6559
f 6559 6590 6591
f 6559 6591 6560
f 6560 6591 6592
f 6560 6592 6561
f 6561 6592 6593
f 6561 6593 6562
f 6562 6593 6594
f 6562 6594 6563
f 6563 6594 6595
f 6563 6595 6532
f 6532 6595 6564
f 6564 6596 6565
f 6565 6596 6597
f 6565 6597 6566
f 6566 6597 6598
f 6566 6598 6567
f 6567 6598 6599
f 6567 6599 6568
f 6568 6599 6600
f 6568 6600 6569
f 6569 6600 6601
f 6569 6601 6570
f 6570 6601 6602
f 6570 6602 6571
f 6571 6602 6603
f 6571 6603 6572
f 6572 6603 6604
f 6572 6604 6573
f 6573 6604 6605
f 6573 6605 6574
f 6574 6605 6606
f 6574 6606 6575
f 6575 6606 6607
f 6575 6607 6576
f 6576 6607 6608
f 6576 6608 6577
f 6577 6608 6609
f 6577 6609 6578
f 6578 6609 6610
f 6578 6610 6579
f 6579 6610 6611
f 6579 6611 6580
f 6580 6611 6612
f 6580 6612 6581
f 6581 6612 6613
f 6581 6613 6582
f 6582 6613 6614
f 6582 6614 6583
f 6583 6614 6615
f 6583 6615 6584
f 6584 6615 6616
f 6584 6616 6585
f 6585 6616 6617
f 6585 6617 6586
f 6586 6617 6618
f 6586 6618 6587
f 6587 6618 6619
f 6587 6619 6588
f 6588 6619 6620
f 6588 6620 6589
f 6589 6620 6621
f 6589 6621 6590
f 6590 6621 6622
f 6590 6622 6591
f 6591 6622 6623
f 6591 6623 6592
f 6592 6623 6624
f 6592 6624 6593
f 6593 6624 6625
f 6593 6625 6594
f 6594 6625 6626
f 6594 6626 6595
f 6595 6626 6627
f 6595 6627 6564
f 6564 6627 6596
f 6596 6628 6597
f 6597 6628 6629
f 6597 6629 6598
f 6598 6629 6630
f 6598 6630 6599
f 6599 6630 6631
f 6599 6631 6600
f 6600 6631 6632
f 6600 6632 6601
f 6601 6632 6633
f 6601 6633 6602
f 6602 6633 6634
f 6602 6634 6603
f 6603 6634 6635
f 6603 6635 6604
f 6604 6635 6636
f 6604 6636 6605
f 6605 6636 6637
f 6605 6637 6606
f 6606 6637 6638
f 6606 6638 6607
f 6607 6638 6639
f 6607 6639 6608
f 6608 6639 6640
f 6608 6640 6609
f 6609 6640 6641
f 6609 6641 6610
f 6610 6641 6642
f 6610 6642 6611
f 6611 6642 6643
f 6611 6643 6612
f 6612 6643 6644
f 6612 6644 6613
f 6613 6644 6645
f 6613 6645 6614
f 6614 6645 6646
f 6614 6646 6615
f 6615 6646 6647
f 6615 6647 6616
f 6616 6647 6648
f 6616 6648 6617
f 6617 6648 6649
f 6617 6649 6618
f 6618 6649 6650
f 6618 6650 6619
f 6619 6650 6651
f 6619 6651 6620
f 6620 6651 6652
f 6620 6652 6621
f 6621 6652 6653
f 6621 6653 6622
f 6622 6653 6654
f 6622 6654 6623
f 6623 6654 6655
f 6623 6655 6624
f 6624 6655 6656
f 6624 6656 6625
f 6625 6656 6657
f 6625 6657 6626
f 6626 6657 6658
f 6626 6658 6627
f 6627 6658 6659
f 6627 6659 6596
f 6596 6659 6628
f 6628 6660 6629
f 6629 6660 6661
f 6629 6661 6630
f 6630 6661 6662
f 6630 6662 6631
f 6631 6662 6663
f 6631 6663 6632
f 6632 6663 6664
f 6632 6664 6633
f 6633 6664 6665
f 6633 6665 6634
f 6634 6665 6666
f 6634 6666 6635
f 6635 6666 6667
f 6635 6667 6636
f 6636 6667 6668
f 6636 6668 6637
f 6637 6668 6669
f 6637 6669 6638
f 6638 6669 6670
f 6638 6670 6639
f 6639 6670 6671
f 6639 6671 6640
f 6640 6671 6672
f 6640 6672 6641
f 6641 6672 6673
f 6641 6673 6642
f 6642 6673 6674
f 6642 6674 6643
f 6643 6674 6675
f 6643 6675 6644
f 6644 6675 6676
f 6644 6676 6645
f 6645 6676 6677
f 6645 6677 6646
f 6646 6677 6678
f 6646 6678 6647
f 6647 6678 6679
f 6647 6679 6648
f 6648 6679 6680
f 6648 6680 6649
f 6649 6680 6681
f 6649 6681 6650
f 6650 6681 6682
f 6650 6682 6651
f 6651 6682 6683
f 6651 6683 6652
f 6652 6683 6684
f 6652 6684 6653
f 6653 6684 6685
f 6653 6685 6654
f 6654 6685 6686
f 6654 6686 6655
f 6655 6686 6687
f 6655 6687 6656
f 6656 6687 6688
f 6656 6688 6657
f 6657 6688 6689
f 6657 6689 6658
f 6658 6689 6690
f 6658 6690 6659
f 6659 6690 6691
f 6659 6691 6628
f 6628 6691 6660
f 6660 6692 6661
f 6661 6692 6693
f 6661 6693 6662
f 6662 6693 6694
f 6662 6694 6663
f 6663 6694 6695
f 6663 6695 6664
f 6664 6695 6696
f 6664 6696 6665
f 6665 6696 6697
f 6665 6697 6666
f 6666 6697 6698
f 6666 6698 6667
f 6667 6698 6699
f 6667 6699 6668
f 6668 6699 6700
f 6668 6700 6669
f 6669 6700 6701
f 6669 6701 6670
f 6670 6701 6702
f 6670 6702 6671
f 6671 6702 6703
f 6671 6703 6672
f 6672 6703 6704
f 6672 6704 6673
f 6673 6704 6705
f 6673 6705 6674
f 6674 6705 6706
f 6674 6706 6675
f 6675 6706 6707
f 6675 6707 6676
f 6676 6707 6708
f 6676 6708 6677
f 6677 6708 6709
f 6677 6709 6678
f 6678 6709 6710
f 6678 6710 6679
f 6679 6710 6711
f 6679 6711 6680
f 6680 6711 6712
f 6680 6712 6681
f 6681 6712 6713
f 6681 6713 6682
f 6682 6713 6714
f 6682 6714 6683
f 6683 6714 6715
f 6683 6715 6684
f 6684 6715 6716
f 6684 6716 6685
f 6685 6716 6717
f 6685 6717 6686
f 6686 6717 6718
f 6686 6718 6687
f 6687 6718 6719
f 6687 6719 6688
f 6688 6719 6720
f 6688 6720 6689
f 6689 6720 6721
f 6689 6721 6690
f 6690 6721 6722
f 6690 6722 6691
f 6691 6722 6723
f 6691 6723 6660
f 6660 6723 6692
f 6692 6724 6693
f 6693 6724 6725
f 6693 6725 6694
f 6694 6725 6726
f 6694 6726 6695
f 6695 6726 6727
f 6695 6727 6696
f 6696 6727 6728
f 6696 6728 6697
f 6697 6728 6729
f 6697 6729 6698
f 6698 6729 6730
f 6698 6730 6699
f 6699 6730 6731
f 6699 6731 6700
f 6700 6731 6732
f 6700 6732 6701
f 6701 6732 6733
f 6701 6733 6702
f 6702 6733 6734
f 6702 6734 6703
f 6703 6734 6735
f 6703 6735 6704
f 6704 6735 6736
f 6704 6736 6705
f 6705 6736 6737
f 6705 6737 6706
f 6706 6737 6738
f 6706 6738 6707
f 6707 6738 6739
f 6707 6739 6708
f 6708 6739 6740
f 6708 6740 6709
f 6709 6740 6741
f 6709 6741 6710
f 6710 6741 6742
f 6710 6742 6711
f 6711 6742 6743
f 6711 6743 6712
f 6712 6743 6744
f 6712 6744 6713
f 6713 6744 6745
f 6713 6745 6714
f 6714 6745 6746
f 6714 6746 6715
f 6715 6746 6747
f 6715 6747 6716
f 6716 6747 6748
f 6716 6748 6717
f 6717 6748 6749
f 6717 6749 6718
f 6718 6749 6750
f 6718 6750 6719
f 6719 6750 6751
f 6719 6751 6720
f 6720 6751 6752
f 6720 6752 6721
f 6721 6752 6753
f 6721 6753 6722
f 6722 6753 6754
f 6722 6754 6723
f 6723 6754 6755
f 6723 6755 6692
f 6692 6755 6724
f 6724 6756 6725
f 6725 6756 6757
f 6725 6757 6726
f 6726 6757 6758
f 6726 6758 6727
f 6727 6758 6759
f 6727 6759 6728
f 6728 6759 6760
f 6728 6760 6729
f 6729 6760 6761
f 6729 6761 6730
f 6730 6761 6762
f 6730 6762 6731
f 6731 6762 6763
f 6731 6763 6732
f 6732 6763 6764
f 6732 6764 6733
f 6733 6764 6765
f 6733 6765 6734
f 6734 6765 6766
f 6734 6766 6735
f 6735 6766 6767
f 6735 6767 6736
f 6736 6767 6768
f 6736 6768 6737
f 6737 6768 6769
f 6737 6769 6738
f 6738 6769 6770
f 6738 6770 6739
f 6739 6770 6771
f 6739 6771 6740
f 6740 6771 6772
f 6740 6772 6741
f 6741 6772 6773
f 6741 6773 6742
f 6742 6773 6774
f 6742 6774 6743
f 6743 6774 6775
f 6743 6775 6744
f 6744 6775 6776
f 6744 6776 6745
f 6745 6776 6777
f 6745 6777 6746
f 6746 6777 6778
f 6746 6778 6747
f 6747 6778 6779
f 6747 6779 6748
f 6748 6779 6780
f 6748 6780 6749
f 6749 6780 6781
f 6749 6781 6750
f 6750 6781 6782
f 6750 6782 6751
f 6751 6782 6783
f 6751 6783 6752
f 6752 6783 6784
f 6752 6784 6753
f 6753 6784 6785
f 6753 6785 6754
f 6754 6785 6786
f 6754 6786 6755
f 6755 6786 6787
f 6755 6787 6724
f 6724 6787 6756
f 6756 6788 6757
f 6757 6788 6789
f 6757 6789 6758
f 6758 6789 6790
f 6758 6790 6759
f 6759 6790 6791
f 6759 6791 6760
f 6760 6791 6792
f 6760 6792 6761
f 6761 6792 6793
f 6761 6793 6762
f 6762 6793 6794
f 6762 6794 6763
f 6763 6794 6795
f 6763 6795 6764
f 6764 6795 6796
f 6764 6796 6765
f 6765 6796 6797
f 6765 6797 6766
f 6766 6797 6798
f 6766 6798 6767
f 6767 6798 6799
f 6767 6799 6768
f 6768 6799 6800
f 6768 6800 6769
f 6769 6800 6801
f 6769 6801 6770
f 6770 6801 6802
f 6770 6802 6771
f 6771 6802 6803
f 6771 6803 6772
f 6772 6803 6804
f 6772 6804 6773
f 6773 6804 6805
f 6773 6805 6774
f 6774 6805 6806
f 6774 6806 6775
f 6775 6806 6807
f 6775 6807 6776
f 6776 6807 6808
f 6776 6808 6777
f 6777 6808 6809
f 6777 6809 6778
f 6778 6809 6810
f 6778 6810 6779
f 6779 6810 6811
f 6779 6811 6780
f 6780 6811 6812
f 6780 6812 6781
f 6781 6812 6813
f 6781 6813 6782
f 6782 6813 6814
f 6782 6814 6783
f 6783 6814 6815
f 6783 6815 6784
f 6784 6815 6816
f 6784 6816 6785
f 6785 6816 6817
f 6785 6817 6786
f 6786 6817 6818
f 6786 6818 6787
f 6787 6818 6819
f 6787 6819 6756
f 6756 6819 6788
f 6788 6820 6789
f 6789 6820 6821
f 6789 6821 6790
f 6790 6821 6822
f 6790 6822 6791
f 6791 6822 6823
f 6791 6823 6792
f 6792 6823 6824
f 6792 6824 6793
f 6793 6824 6825
f 6793 6825 6794
f 6794 6825 6826
f 6794 6826 6795
f 6795 6826 6827
f 6795 6827 6796
f 6796 6827 6828
f 6796 6828 6797
f 6797 6828 6829
f 6797 6829 6798
f 6798 6829 6830
f 6798 6830 6799
f 6799 6830 6831
f 6799 6831 6800
f 6800 6831 6832
f 6800 6832 6801
f 6801 6832 6833
f 6801 6833 6802
f 6802 6833 6834
f 6802 6834 6803
f 6803 6834 6835
f 6803 6835 6804
f 6804 6835 6836
f 6804 6836 6805
f 6805 6836 6837
f 6805 6837 6806
f 6806 6837 6838
f 6806 6838 6807
f 6807 6838 6839
f 6807 6839 6808
f 6808 6839 6840
f 6808 6840 6809
f 6809 6840 6841
f 6809 6841 6810
f 6810 6841 6842
f 6810 6842 6811
f 6811 6842 6843
f 6811 6843 6812
f 6812 6843 6844
f 6812 6844 6813
f 6813 6844 6845
f 6813 6845 6814
f 6814 6845 6846
f 6814 6846 6815
f 6815 6846 6847
f 6815 6847 6816
f 6816 6847 6848
f 6816 6848 6817
f 6817 6848 6849
f 6817 6849 6818
f 6818 6849 6850
f 6818 6850 6819
f 6819 6850 6851
f 6819 6851 6788
f 6788 6851 6820
f 6820 6852 6821
f 6821 6852 6853
f 6821 6853 6822
f 6822 6853 6854
f 6822 6854 6823
f 6823 6854 6855
f 6823 6855 6824
f 6824 6855 6856
f 6824 6856 6825
f 6825 6856 6857
f 6825 6857 6826
f 6826 6857 6858
f 6826 6858 6827
f 6827 6858 6859
f 6827 6859 6828
f 6828 6859 6860
f 6828 6860 6829
f 6829 6860 6861
f 6829 6861 6830
f 6830 6861 6862
f 6830 6862 6831
f 6831 6862 6863
f 6831 6863 6832
f 6832 6863 6864
f 6832 6864 6833
f 6833 6864 6865
f 6833 6865 6834
f 6834 6865 6866
f 6834 6866 6835
f 6835 6866 6867
f 6835 6867 6836
f 6836 6867 6868
f 6836 6868 6837
f 6837 6868 6869
f 6837 6869 6838
f 6838 6869 6870
f 6838 6870 6839
f 6839 6870 6871
f 6839 6871 6840
f 6840 6871 6872
f 6840 6872 6841
f 6841 6872 6873
f 6841 6873 6842
f 6842 6873 6874
f 6842 6874 6843
f 6843 6874 6875
f 6843 6875 6844
f 6844 6875 6876
f 6844 6876 6845
f 6845 6876 6877
f 6845 6877 6846
f 6846 6877 6878
f 6846 6878 6847
f 6847 6878 6879
f 6847 6879 6848
f 6848 6879 6880
f 6848 6880 6849
f 6849 6880 6881
f 6849 6881 6850
f 6850 6881 6882
f 6850 6882 6851
f 6851 6882 6883
f 6851 6883 6820
f 6820 6883 6852
f 6852 6884 6853
f 6853 6884 6885
f 6853 6885 6854
f 6854 6885 6886
f 6854 6886 6855
f 6855 6886 6887
f 6855 6887 6856
f 6856 6887 6888
f 6856 6888 6857
f 6857 6888 6889
f 6857 6889 6858
f 6858 6889 6890
f 6858 6890 6859
f 6859 6890 6891
f 6859 6891 6860
f 6860 6891 6892
f 6860 6892 6861
f 6861 6892 6893
f 6861 6893 6862
f 6862 6893 6894
f 6862 6894 6863
f 6863 6894 6895
f 6863 6895 6864
f 6864 6895 6896
f 6864 6896 6865
f 6865 6896 6897
f 6865 6897 6866
f 6866 6897 6898
f 6866 6898 6867
f 6867 6898 6899
f 6867 6899 6868
f 6868 6899 6900
f 6868 6900 6869
f 6869 6900 6901
f 6869 6901 6870
f 6870 6901 6902
f 6870 6902 6871
f 6871 6902 6903
f 6871 6903 6872
f 6872 6903 6904
f 6872 6904 6873
f 6873 6904 6905
f 6873 6905 6874
f 6874 6905 6906
f 6874 6906 6875
f 6875 6906 6907
f 6875 6907 6876
f 6876 6907 6908
f 6876 6908 6877
f 6877 6908 6909
f 6877 6909 6878
f 6878 6909 6910
f 6878 6910 6879
f 6879 6910 6911
f 6879 6911 6880
f 6880 6911 6912
f 6880 6912 6881
f 6881 6912 6913
f 6881 6913 6882
f 6882 6913 6914
f 6882 6914 6883
f 6883 6914 6915
f 6883 6915 6852
f 6852 6915 6884
f 6884 6916 6885
f 6885 6916 6917
f 6885 6917 6886
f 6886 6917 6918
f 6886 6918 6887
f 6887 6918 6919
f 6887 6919 6888
f 6888 6919 6920
f 6888 6920 6889
f 6889 6920 6921
f 6889 6921 6890
f 6890 6921 6922
f 6890 6922 6891
f 6891 6922 6923
f 6891 6923 6892
f 6892 6923 6924
f 6892 6924 6893
f 6893 6924 6925
f 6893 6925 6894
f 6894 6925 6926
f 6894 6926 6895
f 6895 6926 6927
f 6895 6927 6896
f 6896 6927 6928
f 6896 6928 6897
f 6897 6928 6929
f 6897 6929 6898
f 6898 6929 6930
f 6898 6930 6899
f 6899 6930 6931
f 6899 6931 6900
f 6900 6931 6932
f 6900 6932 6901
f 6901 6932 6933
f 6901 6933 6902
f 6902 6933 6934
f 6902 6934 6903
f 6903 6934 6935
f 6903 6935 6904
f 6904 6935 6936
f 6904 6936 6905
f 6905 6936 6937
f 6905 6937 6906
f 6906 6937 6938
f 6906 6938 6907
f 6907 6938 6939
f 6907 6939 6908
f 6908 6939 6940
f 6908 6940 6909
f 6909 6940 6941
f 6909 6941 6910
f 6910 6941 6942
f 6910 6942 6911
f 6911 6942 6943
f 6911 6943 6912
f 6912 6943 6944
f 6912 6944 6913
f 6913 6944 6945
f 6913 6945 6914
f 6914 6945 6946
f 6914 6946 6915
f 6915 6946 6947
f 6915 6947 6884
f 6884 6947 6916
f 6916 6948 6917
f 6917 6948 6949
f 6917 6949 6918
f 6918 6949 6950
f 6918 6950 6919
f 6919 6950 6951
f 6919 6951 6920
f 6920 6951 6952
f 6920 6952 6921
f 6921 6952 6953
f 6921 6953 6922
f 6922 6953 6954
f 6922 6954 6923
f 6923 6954 6955
f 6923 6955 6924
f 6924 6955 6956
f 6924 6956 6925
f 6925 6956 6957
f 6925 6957 6926
f 6926 6957 6958
f 6926 6958 6927
f 6927 6958 6959
f 6927 6959 6928
f 6928 6959 6960
f 6928 6960 6929
f 6929 6960 6961
f 6929 6961 6930
f 6930 6961 6962
f 6930 6962 6931
f 6931 6962 6963
f 6931 6963 6932
f 6932 6963 6964
f 6932 6964 6933
f 6933 6964 6965
f 6933 6965 6934
f 6934 6965 6966
f 6934 6966 6935
f 6935 6966 6967
f 6935 6967 6936
f 6936 6967 6968
f 6936 6968 6937
f 6937 6968 6969
f 6937 6969 6938
f 6938 6969 6970
f 6938 6970 6939
f 6939 6970 6971
f 6939 6971 6940
f 6940 6971 6972
f 6940 6972 6941
f 6941 6972 6973
f 6941 6973 6942
f 6942 6973 6974
f 6942 6974 6943
f 6943 6974 6975
f 6943 6975 6944
f 6944 6975 6976
f 6944 6976 6945
f 6945 6976 6977
f 6945 6977 6946
f 6946 6977 6978
f 6946 6978 6947
f 6947 6978 6979
f 6947 6979 6916
f 6916 6979 6948
f 6948 6980 6949
f 6949 6980 6981
f 6949 6981 6950
f 6950 6981 6982
f 6950 6982 6951
f 6951 6982 6983
f 6951 6983 6952
f 6952 6983 6984
f 6952 6984 6953
f 6953 6984 6985
f 6953 6985 6954
f 6954 6985 6986
f 6954 6986 6955
f 6955 6986 6987
f 6955 6987 6956
f 6956 6987 6988
f 6956 6988 6957
f 6957 6988 6989
f 6957 6989 6958
f 6958 6989 6990
f 6958 6990 6959
f 6959 6990 6991
f 6959 6991 6960
f 6960 6991 6992
f 6960 6992 6961
f 6961 6992 6993
f 6961 6993 6962
f 6962 6993 6994
f 6962 6994 6963
f 6963 6994 6995
f 6963 6995 6964
f 6964 6995 6996
f 6964 6996 6965
f 6965 6996 6997
f 6965 6997 6966
f 6966 6997 6998
f 6966 6998 6967
f 6967 6998 6999
f 6967 6999 6968
f 6968 6999 7000
f 6968 7000 6969
f 6969 7000 7001
f 6969 7001 6970
f 6970 7001 7002
f 6970 7002 6971
f 6971 7002 7003
f 6971 7003 6972
f 6972 7003 7004
f 6972 7004 6973
f 6973 7004 7005
f 6973 7005 6974
f 6974 7005 7006
f 6974 7006 6975
f 6975 7006 7007
f 6975 7007 6976
f 6976 7007 7008
f 6976 7008 6977
f 6977 7008 7009
f 6977 7009 6978
f 6978 7009 7010
f 6978 7010 6979
f 6979 7010 7011
f 6979 7011 6948
f 6948 7011 6980
f 6980 7012 6981
f 6981 7012 7013
f 6981 7013 6982
f 6982 7013 7014
f 6982 7014 6983
f 6983 7014 7015
f 6983 7015 6984
f 6984 7015 7016
f 6984 7016 6985
f 6985 7016 7017
f 6985 7017 6986
f 6986 7017 7018
f 6986 7018 6987
f 6987 7018 7019
f 6987 7019 6988
f 6988 7019 7020
f 6988 7020 6989
f 6989 7020 7021
f 6989 7021 6990
f 6990 7021 7022
f 6990 7022 6991
f 6991 7022 7023
f 6991 7023 6992
f 6992 7023 7024
f 6992 7024 6993
f 6993 7024 7025
f 6993 7025 6994
f 6994 7025 7026
f 6994 7026 6995
f 6995 7026 7027
f 6995 7027 6996
f 6996 7027 7028
f 6996 7028 6997
f 6997 7028 7029
f 6997 7029 6998
f 6998 7029 7030
f 6998 7030 6999
f 6999 7030 7031
f 6999 7031 7000
f 7000 7031 7032
f 7000 7032 7001
f 7001 7032 7033
f 7001 7033 7002
f 7002 7033 7034
f 7002 7034 7003
f 7003 7034 7035
f 7003 7035 7004
f 7004 7035 7036
f 7004 7036 7005
f 7005 7036 7037
f 7005 7037 7006
f 7006 7037 7038
f 7006 7038 7007
f 7007 7038 7039
f 7007 7039 7008
f 7008 7039 7040
f 7008 7040 7009
f 7009 7040 7041
f 7009 7041 7010
f 7010 7041 7042
f 7010 7042 7011
f 7011 7042 7043
f 7011 7043 6980
f 6980 7043 7012
f 7012 7044 7013
f 7013 7044 7045
f 7013 7045 7014
f 7014 7045 7046
f 7014 7046 7015
f 7015 7046 7047
f 7015 7047 7016
f 7016 7047 7048
f 7016 7048 7017
f 7017 7048 7049
f 7017 7049 7018
f 7018 7049 7050
f 7018 7050 7019
f 7019 7050 7051
f 7019 7051 7020
f 7020 7051 7052
f 7020 7052 7021
f 7021 7052 7053
f 7021 7053 7022
f 7022 7053 7054
f 7022 7054 7023
f 7023 7054 7055
f 7023 7055 7024
f 7024 7055 7056
f 7024 7056 7025
f 7025 7056 7057
f 7025 7057 7026
f 7026 7057 7058
f 7026 7058 7027
f 7027 7058 7059
f 7027 7059 7028
f 7028 7059 7060
f 7028 7060 7029
f 7029 7060 7061
f 7029 7061 7030
f 7030 7061 7062
f 7030 7062 7031
f 7031 7062 7063
f 7031 7063 7032
f 7032 7063 7064
f 7032 7064 7033
f 7033 7064 7065
f 7033 7065 7034
f 7034 7065 7066
f 7034 7066 7035
f 7035 7066 7067
f 7035 7067 7036
f 7036 7067 7068
f 7036 7068 7037
f 7037 7068 7069
f 7037 7069 7038
f 7038 7069 7070
f 7038 7070 7039
f 7039 7070 7071
f 7039 7071 7040
f 7040 7071 7072
f 7040 7072 7041
f 7041 7072 7073
f 7041 7073 7042
f 7042 7073 7074
f 7042 7074 7043
f 7043 7074 7075
f 7043 7075 7012
f 7012 7075 7044
f 7044 7076 7045
f 7045 7076 7077
f 7045 7077 7046
f 7046 7077 7078
f 7046 7078 7047
f 7047 7078 7079
f 7047 7079 7048
f 7048 7079 7080
f 7048 7080 7049
f 7049 7080 7081
f 7049 7081 7050
f 7050 7081 7082
f 7050 7082 7051
f 7051 7082 7083
f 7051 7083 7052
f 7052 7083 7084
f 7052 7084 7053
f 7053 7084 7085
f 7053 7085 7054
f 7054 7085 7086
f 7054 7086 7055
f 7055 7086 7087
f 7055 7087 7056
f 7056 7087 7088
f 7056 7088 7057
f 7057 7088 7089
f 7057 7089 7058
f 7058 7089 7090
f 7058 7090 7059
f 7059 7090 7091
f 7059 7091 7060
f 7060 7091 7092
f 7060 7092 7061
f 7061 7092 7093
f 7061 7093 7062
f 7062 7093 7094
f 7062 7094 7063
f 7063 7094 7095
f 7063 7095 7064
f 7064 7095 7096
f 7064 7096 7065
f 7065 7096 7097
f 7065 7097 7066
f 7066 7097 7098
f 7066 7098 7067
f 7067 7098 7099
f 7067 7099 7068
f 7068 7099 7100
f 7068 7100 7069
f 7069 7100 7101
f 7069 7101 7070
f 7070 7101 7102
f 7070 7102 7071
f 7071 7102 7103
f 7071 7103 7072
f 7072 7103 7104
f 7072 7104 7073
f 7073 7104 7105
f 7073 7105 7074
f 7074 7105 7106
f 7074 7106 7075
f 7075 7106 7107
f 7075 7107 7044
f 7044 7107 7076
f 7076 7108 7077
f 7077 7108 7109
f 7077 7109 7078
f 7078 7109 7110
f 7078 7110 7079
f 7079 7110 7111
f 7079 7111 7080
f 7080 7111 7112
f 7080 7112 7081
f 7081 7112 7113
f 7081 7113 7082
f 7082 7113 7114
f 7082 7114 7083
f 7083 7114 7115
f 7083 7115 7084
f 7084 7115 7116
f 7084 7116 7085
f 7085 7116 7117
f 7085 7117 7086
f 7086 7117 7118
f 7086 7118 7087
f 7087 7118 7119
f 7087 7119 7088
f 7088 7119 7120
f 7088 7120 7089
f 7089 7120 7121
f 7089 7121 7090
f 7090 7121 7122
f 7090 7122 7091
f 7091 7122 7123
f 7091 7123 7092
f 7092 7123 7124
f 7092 7124 7093
f 7093 7124 7125
f 7093 7125 7094
f 7094 7125 7126
f 7094 7126 7095
f 7095 7126 7127
f 7095 7127 7096
f 7096 7127 7128
f 7096 7128 7097
f 7097 7128 7129
f 7097 7129 7098
f 7098 7129 7130
f 7098 7130 7099
f 7099 7130 7131
f 7099 7131 7100
f 7100 7131 7132
f 7100 7132 7101
f 7101 7132 7133
f 7101 7133 7102
f 7102 7133 7134
f 7102 7134 7103
f 7103 7134 7135
f 7103 7135 7104
f 7104 7135 7136
f 7104 7136 7105
f 7105 7136 7137
f 7105 7137 7106
f 7106 7137 7138
f 7106 7138 7107
f 7107 7138 7139
f 7107 7139 7076
f 7076 7139 7108
f 7108 7140 7109
f 7109 7140 7141
f 7109 7141 7110
f 7110 7141 7142
f 7110 7142 7111
f 7111 7142 7143
f 7111 7143 7112
f 7112 7143 7144
f 7112 7144 7113
f 7113 7144 7145
f 7113 7145 7114
f 7114 7145 7146
f 7114 7146 7115
f 7115 7146 7147
f 7115 7147 7116
f 7116 7147 7148
f 7116 7148 7117
f 7117 7148 7149
f 7117 7149 7118
f 7118 7149 7150
f 7118 7150 7119
f 7119 7150 7151
f 7119 7151 7120
f 7120 7151 7152
f 7120 7152 7121
f 7121 7152 7153
f 7121 7153 7122
f 7122 7153 7154
f 7122 7154 7123
f 7123 7154 7155
f 7123 7155 7124
f 7124 7155 7156
f 7124 7156 7125
f 7125 7156 7157
f 7125 7157 7126
f 7126 7157 7158
f 7126 7158 7127
f 7127 7158 7159
f 7127 7159 7128
f 7128 7159 7160
f 7128 7160 7129
f 7129 7160 7161
f 7129 7161 7130
f 7130 7161 7162
f 7130 7162 7131
f 7131 7162 7163
f 7131 7163 7132
f 7132 7163 7164
f 7132 7164 7133
f 7133 7164 7165
f 7133 7165 7134
f 7134 7165 7166
f 7134 7166 7135
f 7135 7166 7167
f 7135 7167 7136
f 7136 7167 7168
f 7136 7168 7137
f 7137 7168 7169
f 7137 7169 7138
f 7138 7169 7170
f 7138 7170 7139
f 7139 7170 7171
f 7139 7171 7108
f 7108 7171 7140
f 7140 7172 7141
f 7141 7172 7173
f 7141 7173 7142
f 7142 7173 7174
f 7142 7174 7143
f 7143 7174 7175
f 7143 7175 7144
f 7144 7175 7176
f 7144 7176 7145
f 7145 7176 7177
f 7145 7177 7146
f 7146 7177 7178
f 7146 7178 7147
f 7147 7178 7179
f 7147 7179 7148
f 7148 7179 7180
f 7148 7180 7149
f 7149 7180 7181
f 7149 7181 7150
f 7150 7181 7182
f 7150 7182 7151
f 7151 7182 7183
f 7151 7183 7152
f 7152 7183 7184
f 7152 7184 7153
f 7153 7184 7185
f 7153 7185 7154
f 7154 7185 7186
f 7154 7186 7155
f 7155 7186 7187
f 7155 7187 7156
f 7156 7187 7188
f 7156 7188 7157
f 7157 7188 7189
f 7157 7189 7158
f 7158 7189 7190
f 7158 7190 7159
f 7159 7190 7191
f 7159 7191 7160
f 7160 7191 7192
f 7160 7192 7161
f 7161 7192 7193
f 7161 7193 7162
f 7162 7193 7194
f 7162 7194 7163
f 7163 7194 7195
f 7163 7195 7164
f 7164 7195 7196
f 7164 7196 7165
f 7165 7196 7197
f 7165 7197 7166
f 7166 7197 7198
f 7166 7198 7167
f 7167 7198 7199
f 7167 7199 7168
f 7168 7199 7200
f 7168 7200 7169
f 7169 7200 7201
f 7169 7201 7170
f 7170 7201 7202
f 7170 7202 7171
f 7171 7202 7203
f 7171 7203 7140
f 7140 7203 7172
f 7172 7204 7173
f 7173 7204 7205
f 7173 7205 7174
f 7174 7205 7206
f 7174 7206 7175
f 7175 7206 7207
f 7175 7207 7176
f 7176 7207 7208
f 7176 7208 7177
f 7177 7208 7209
f 7177 7209 7178
f 7178 7209 7210
f 7178 7210 7179
f 7179 7210 7211
f 7179 7211 7180
f 7180 7211 7212
f 7180 7212 7181
f 7181 7212 7213
f 7181 7213 7182
f 7182 7213 7214
f 7182 7214 7183
f 7183 7214 7215
f 7183 7215 7184
f 7184 7215 7216
f 7184 7216 7185
f 7185 7216 7217
f 7185 7217 7186
f 7186 7217 7218
f 7186 7218 7187
f 7187 7218 7219
f 7187 7219 7188
f 7188 7219 7220
f 7188 7220 7189
f 7189 7220 7221
f 7189 7221 7190
f 7190 7221 7222
f 7190 7222 7191
f 7191 7222 7223
f 7191 7223 7192
f 7192 7223 7224
f 7192 7224 7193
f 7193 7224 7225
f 7193 7225 7194
f 7194 7225 7226
f 7194 7226 7195
f 7195 7226 7227
f 7195 7227 7196
f 7196 7227 7228
f 7196 7228 7197
f 7197 7228 7229
f 7197 7229 7198
f 7198 7229 7230
f 7198 7230 7199
f 7199 7230 7231
f 7199 7231 7200
f 7200 7231 7232
f 7200 7232 7201
f 7201 7232 7233
f 7201 7233 7202
f 7202 7233 7234
f 7202 7234 7203
f 7203 7234 7235
f 7203 7235 7172
f 7172 7235 7204
f 7204 7236 7205
f 7205 7236 7237
f 7205 7237 7206
f 7206 7237 7238
f 7206 7238 7207
f 7207 7238 7239
f 7207 7239 7208
f 7208 7239 7240
f 7208 7240 7209
f 7209 7240 7241
f 7209 7241 7210
f 7210 7241 7242
f 7210 7242 7211
f 7211 7242 7243
f 7211 7243 7212
f 7212 7243 7244
f 7212 7244 7213
f 7213 7244 7245
f 7213 7245 7214
f 7214 7245 7246
f 7214 7246 7215
f 7215 7246 7247
f 7215 7247 7216
f 7216 7247 7248
f 7216 7248 7217
f 7217 7248 7249
f 7217 7249 7218
f 7218 7249 7250
f 7218 7250 7219
f 7219 7250 7251
f 7219 7251 7220
f 7220 7251 7252
f 7220 7252 7221
f 7221 7252 7253
f 7221 7253 7222
f 7222 7253 7254
f 7222 7254 7223
f 7223 7254 7255
f 7223 7255 7224
f 7224 7255 7256
f 7224 7256 7225
f 7225 7256 7257
f 7225 7257 7226
f 7226 7257 7258
f 7226 7258 7227
f 7227 7258 7259
f 7227 7259 7228
f 7228 7259 7260
f 7228 7260 7229
f 7229 7260 7261
f 7229 7261 7230
f 7230 7261 7262
f 7230 7262 7231
f 7231 7262 7263
f 7231 7263 7232
f 7232 7263 7264
f 7232 7264 7233
f 7233 7264 7265
f 7233 7265 7234
f 7234 7265 7266
f 7234 7266 7235
f 7235 7266 7267
f 7235 7267 7204
f 7204 7267 7236
f 7236 7268 7237
f 7237 7268 7269
f 7237 7269 7238
f 7238 7269 7270
f 7238 7270 7239
f 7239 7270 7271
f 7239 7271 7240
f 7240 7271 7272
f 7240 7272 7241
f 7241 7272 7273
f 7241 7273 7242
f 7242 7273 7274
f 7242 7274 7243
f 7243 7274 7275
f 7243 7275 7244
f 7244 7275 7276
f 7244 7276 7245
f 7245 7276 7277
f 7245 7277 7246
f 7246 7277 7278
f 7246 7278 7247
f 7247 7278 7279
f 7247 7279 7248
f 7248 7279 7280
f 7248 7280 7249
f 7249 7280 7281
f 7249 7281 7250
f 7250 7281 7282
f 7250 7282 7251
f 7251 7282 7283
f 7251 7283 7252
f 7252 7283 7284
f 7252 7284 7253
f 7253 7284 7285
f 7253 7285 7254
f 7254 7285 7286
f 7254 7286 7255
f 7255 7286 7287
f 7255 7287 7256
f 7256 7287 7288
f 7256 7288 7257
f 7257 7288 7289
f 7257 7289 7258
f 7258 7289 7290
f 7258 7290 7259
f 7259 7290 7291
f 7259 7291 7260
f 7260 7291 7292
f 7260 7292 7261
f 7261 7292 7293
f 7261 7293 7262
f 7262 7293 7294
f 7262 7294 7263
f 7263 7294 7295
f 7263 7295 7264
f 7264 7295 7296
f 7264 7296 7265
f 7265 7296 7297
f 7265 7297 7266
f 7266 7297 7298
f 7266 7298 7267
f 7267 7298 7299
f 7267 7299 7236
f 7236 7299 7268
f 7268 7300 7269
f 7269 7300 7301
f 7269 7301 7270
f 7270 7301 7302
f 7270 7302 7271
f 7271 7302 7303
f 7271 7303 7272
f 7272 7303 7304
f 7272 7304 7273
f 7273 7304 7305
f 7273 7305 7274
f 7274 7305 7306
f 7274 7306 7275
f 7275 7306 7307
f 7275 7307 7276
f 7276 7307 7308
f 7276 7308 7277
f 7277 7308 7309
f 7277 7309 7278
f 7278 7309 7310
f 7278 7310 7279
f 7279 7310 7311
f 7279 7311 7280
f 7280 7311 7312
f 7280 7312 7281
f 7281 7312 7313
f 7281 7313 7282
f 7282 7313 7314
f 7282 7314 7283
f 7283 7314 7315
f 7283 7315 7284
f 7284 7315 7316
f 7284 7316 7285
f 7285 7316 7317
f 7285 7317 7286
f 7286 7317 7318
f 7286 7318 7287
f 7287 7318 7319
f 7287 7319 7288
f 7288 7319 7320
f 7288 7320 7289
f 7289 7320 7321
f 7289 7321 7290
f 7290 7321 7322
f 7290 7322 7291
f 7291 7322 7323
f 7291 7323 7292
f 7292 7323 7324
f 7292 7324 7293
f 7293 7324 7325
f 7293 7325 7294
f 7294 7325 7326
f 7294 7326 7295
f 7295 7326 7327
f 7295 7327 7296
f 7296 7327 7328
f 7296 7328 7297
f 7297 7328 7329
f 7297 7329 7298
f 7298 7329 7330
f 7298 7330 7299
f 7299 7330 7331
f 7299 7331 7268
f 7268 7331 7300
f 7300 7332 7301
f 7301 7332 7333
f 7301 7333 7302
f 7302 7333 7334
f 7302 7334 7303
f 7303 7334 7335
f 7303 7335 7304
f 7304 7335 7336
f 7304 7336 7305
f 7305 7336 7337
f 7305 7337 7306
f 7306 7337 7338
f 7306 7338 7307
f 7307 7338 7339
f 7307 7339 7308
f 7308 7339 7340
f 7308 7340 7309
f 7309 7340 7341
f 7309 7341 7310
f 7310 7341 7342
f 7310 7342 7311
f 7311 7342 7343
f 7311 7343 7312
f 7312 7343 7344
f 7312 7344 7313
f 7313 7344 7345
f 7313 7345 7314
f 7314 7345 7346
f 7314 7346 7315
f 7315 7346 7347
f 7315 7347 7316
f 7316 7347 7348
f 7316 7348 7317
f 7317 7348 7349
f 7317 7349 7318
f 7318 7349 7350
f 7318 7350 7319
f 7319 7350 7351
f 7319 7351 7320
f 7320 7351 7352
f 7320 7352 7321
f 7321 7352 7353
f 7321 7353 7322
f 7322 7353 7354
f 7322 7354 7323
f 7323 7354 7355
f 7323 7355 7324
f 7324 7355 7356
f 7324 7356 7325
f 7325 7356 7357
f 7325 7357 7326
f 7326 7357 7358
f 7326 7358 7327
f 7327 7358 7359
f 7327 7359 7328
f 7328 7359 7360
f 7328 7360 7329
f 7329 7360 7361
f 7329 7361 7330
f 7330 7361 7362
f 7330 7362 7331
f 7331 7362 7363
f 7331 7363 7300
f 7300 7363 7332
f 7332 7364 7333
f 7333 7364 7365
f 7333 7365 7334
f 7334 7365 7366
f 7334 7366 7335
f 7335 7366 7367
f 7335 7367 7336
f 7336 7367 7368
f 7336 7368 7337
f 7337 7368 7369
f 7337 7369 7338
f 7338 7369 7370
f 7338 7370 7339
f 7339 7370 7371
f 7339 7371 7340
f 7340 7371 7372
f 7340 7372 7341
f 7341 7372 7373
f 7341 7373 7342
f 7342 7373 7374
f 7342 7374 7343
f 7343 7374 7375
f 7343 7375 7344
f 7344 7375 7376
f 7344 7376 7345
f 7345 7376 7377
f 7345 7377 7346
f 7346 7377 7378
f 7346 7378 7347
f 7347 7378 7379
f 7347 7379 7348
f 7348 7379 7380
f 7348 7380 7349
f 7349 7380 7381
f 7349 7381 7350
f 7350 7381 7382
f 7350 7382 7351
f 7351 7382 7383
f 7351 7383 7352
f 7352 7383 7384
f 7352 7384 7353
f 7353 7384 7385
f 7353 7385 7354
f 7354 7385 7386
f 7354 7386 7355
f 7355 7386 7387
f 7355 7387 7356
f 7356 7387 7388
f 7356 7388 7357
f 7357 7388 7389
f 7357 7389 7358
f 7358 7389 7390
f 7358 7390 7359
f 7359 7390 7391
f 7359 7391 7360
f 7360 7391 7392
f 7360 7392 7361
f 7361 7392 7393
f 7361 7393 7362
f 7362 7393 7394
f 7362 7394 7363
f 7363 7394 7395
f 7363 7395 7332
f 7332 7395 7364
f 7364 7396 7365
f 7365 7396 7397
f 7365 7397 7366
f 7366 7397 7398
f 7366 7398 7367
f 7367 7398 7399
f 7367 7399 7368
f 7368 7399 7400
f 7368 7400 7369
f 7369 7400 7401
f 7369 7401 7370
f 7370 7401 7402
f 7370 7402 7371
f 7371 7402 7403
f 7371 7403 7372
f 7372 7403 7404
f 7372 7404 7373
f 7373 7404 7405
f 7373 7405 7374
f 7374 7405 7406
f 7374 7406 7375
f 7375 7406 7407
f 7375 7407 7376
f 7376 7407 7408
f 7376 7408 7377
f 7377 7408 7409
f 7377 7409 7378
f 7378 7409 7410
f 7378 7410 7379
f 7379 7410 7411
f 7379 7411 7380
f 7380 7411 7412
f 7380 7412 7381
f 7381 7412 7413
f 7381 7413 7382
f 7382 7413 7414
f 7382 7414 7383
f 7383 7414 7415
f 7383 7415 7384
f 7384 7415 7416
f 7384 7416 7385
f 7385 7416 7417
f 7385 7417 7386
f 7386 7417 7418
f 7386 7418 7387
f 7387 7418 7419
f 7387 7419 7388
f 7388 7419 7420
f 7388 7420 7389
f 7389 7420 7421
f 7389 7421 7390
f 7390 7421 7422
f 7390 7422 7391
f 7391 7422 7423
f 7391 7423 7392
f 7392 7423 7424
f 7392 7424 7393
f 7393 7424 7425
f 7393 7425 7394
f 7394 7425 7426
f 7394 7426 7395
f 7395 7426 7427
f 7395 7427 7364
f 7364 7427 7396
f 7396 7428 7397
f 7397 7428 7429
f 7397 7429 7398
f 7398 7429 7430
f 7398 7430 7399
f 7399 7430 7431
f 7399 7431 7400
f 7400 7431 7432
f 7400 7432 7401
f 7401 7432 7433
f 7401 7433 7402
f 7402 7433 7434
f 7402 7434 7403
f 7403 7434 7435
f 7403 7435 7404
f 7404 7435 7436
f 7404 7436 7405
f 7405 7436 7437
f 7405 7437 7406
f 7406 7437 7438
f 7406 7438 7407
f 7407 7438 7439
f 7407 7439 7408
f 7408 7439 7440
f 7408 7440 7409
f 7409 7440 7441
f 7409 7441 7410
f 7410 7441 7442
f 7410 7442 7411
f 7411 7442 7443
f 7411 7443 7412
f 7412 7443 7444
f 7412 7444 7413
f 7413 7444 7445
f 7413 7445 7414
f 7414 7445 7446
f 7414 7446 7415
f 7415 7446 7447
f 7415 7447 7416
f 7416 7447 7448
f 7416 7448 7417
f 7417 7448 7449
f 7417 7449 7418
f 7418 7449 7450
f 7418 7450 7419
f 7419 7450 7451
f 7419 7451 7420
f 7420 7451 7452
f 7420 7452 7421
f 7421 7452 7453
f 7421 7453 7422
f 7422 7453 7454
f 7422 7454 7423
f 7423 7454 7455
f 7423 7455 7424
f 7424 7455 7456
f 7424 7456 7425
f 7425 7456 7457
f 7425 7457 7426
f 7426 7457 7458
f 7426 7458 7427
f 7427 7458 7459
f 7427 7459 7396
f 7396 7459 7428
f 7428 7460 7429
f 7429 7460 7461
f 7429 7461 7430
f 7430 7461 7462
f 7430 7462 7431
f 7431 7462 7463
f 7431 7463 7432
f 7432 7463 7464
f 7432 7464 7433
f 7433 7464 7465
f 7433 7465 7434
f 7434 7465 7466
f 7434 7466 7435
f 7435 7466 7467
f 7435 7467 7436
f 7436 7467 7468
f 7436 7468 7437
f 7437 7468 7469
f 7437 7469 7438
f 7438 7469 7470
f 7438 7470 7439
f 7439 7470 7471
f 7439 7471 7440
f 7440 7471 7472
f 7440 7472 7441
f 7441 7472 7473
f 7441 7473 7442
f 7442 7473 7474
f 7442 7474 7443
f 7443 7474 7475
f 7443 7475 7444
f 7444 7475 7476
f 7444 7476 7445
f 7445 7476 7477
f 7445 7477 7446
f 7446 7477 7478
f 7446 7478 7447
f 7447 7478 7479
f 7447 7479 7448
f 7448 7479 7480
f 7448 7480 7449
f 7449 7480 7481
f 7449 7481 7450
f 7450 7481 7482
f 7450 7482 7451
f 7451 7482 7483
f 7451 7483 7452
f 7452 7483 7484
f 7452 7484 7453
f 7453 7484 7485
f 7453 7485 7454
f 7454 7485 7486
f 7454 7486 7455
f 7455 7486 7487
f 7455 7487 7456
f 7456 7487 7488
f 7456 7488 7457
f 7457 7488 7489
f 7457 7489 7458
f 7458 7489 7490
f 7458 7490 7459
f 7459 7490 7491
f 7459 7491 7428
f 7428 7491 7460
f 7460 7492 7461
f 7461 7492 7493
f 7461 7493 7462
f 7462 7493 7494
f 7462 7494 7463
f 7463 7494 7495
f 7463 7495 7464
f 7464 7495 7496
f 7464 7496 7465
f 7465 7496 7497
f 7465 7497 7466
f 7466 7497 7498
f 7466 7498 7467
f 7467 7498 7499
f 7467 7499 7468
f 7468 7499 7500
f 7468 7500 7469
f 7469 7500 7501
f 7469 7501 7470
f 7470 7501 7502
f 7470 7502 7471
f 7471 7502 7503
f 7471 7503 7472
f 7472 7503 7504
f 7472 7504 7473
f 7473 7504 7505
f 7473 7505 7474
f 7474 7505 7506
f 7474 7506 7475
f 7475 7506 7507
f 7475 7507 7476
f 7476 7507 7508
f 7476 7508 7477
f 7477 7508 7509
f 7477 7509 7478
f 7478 7509 7510
f 7478 7510 7479
f 7479 7510 7511
f 7479 7511 7480
f 7480 7511 7512
f 7480 7512 7481
f 7481 7512 7513
f 7481 7513 7482
f 7482 7513 7514
f 7482 7514 7483
f 7483 7514 7515
f 7483 7515 7484
f 7484 7515 7516
f 7484 7516 7485
f 7485 7516 7517
f 7485 7517 7486
f 7486 7517 7518
f 7486 7518 7487
f 7487 7518 7519
f 7487 7519 7488
f 7488 7519 7520
f 7488 7520 7489
f 7489 7520 7521
f 7489 7521 7490
f 7490 7521 7522
f 7490 7522 7491
f 7491 7522 7523
f 7491 7523 7460
f 7460 7523 7492
f 7492 7524 7493
f 7493 7524 7525
f 7493 7525 7494
f 7494 7525 7526
f 7494 7526 7495
f 7495 7526 7527
f 7495 7527 7496
f 7496 7527 7528
f 7496 7528 7497
f 7497 7528 7529
f 7497 7529 7498
f 7498 7529 7530
f 7498 7530 7499
f 7499 7530 7531
f 7499 7531 7500
f 7500 7531 7532
f 7500 7532 7501
f 7501 7532 7533
f 7501 7533 7502
f 7502 7533 7534
f 7502 7534 7503
f 7503 7534 7535
f 7503 7535 7504
f 7504 7535 7536
f 7504 7536 7505
f 7505 7536 7537
f 7505 7537 7506
f 7506 7537 7538
f 7506 7538 7507
f 7507 7538 7539
f 7507 7539 7508
f 7508 7539 7540
f 7508 7540 7509
f 7509 7540 7541
f 7509 7541 7510
f 7510 7541 7542
f 7510 7542 7511
f 7511 7542 7543
f 7511 7543 7512
f 7512 7543 7544
f 7512 7544 7513
f 7513 7544 7545
f 7513 7545 7514
f 7514 7545 7546
f 7514 7546 7515
f 7515 7546 7547
f 7515 7547 7516
f 7516 7547 7548
f 7516 7548 7517
f 7517 7548 7549
f 7517 7549 7518
f 7518 7549 7550
f 7518 7550 7519
f 7519 7550 7551
f 7519 7551 7520
f 7520 7551 7552
f 7520 7552 7521
f 7521 7552 7553
f 7521 7553 7522
f 7522 7553 7554
f 7522 7554 7523
f 7523 7554 7555
f 7523 7555 7492
f 7492 7555 7524
f 7524 7556 7525
f 7525 7556 7557
f 7525 7557 7526
f 7526 7557 7558
f 7526 7558 7527
f 7527 7558 7559
f 7527 7559 7528
f 7528 7559 7560
f 7528 7560 7529
f 7529 7560 7561
f 7529 7561 7530
f 7530 7561 7562
f 7530 7562 7531
f 7531 7562 7563
f 7531 7563 7532
f 7532 7563 7564
f 7532 7564 7533
f 7533 7564 7565
f 7533 7565 7534
f 7534 7565 7566
f 7534 7566 7535
f 7535 7566 7567
f 7535 7567 7536
f 7536 7567 7568
f 7536 7568 7537
f 7537 7568 7569
f 7537 7569 7538
f 7538 7569 7570
f 7538 7570 7539
f 7539 7570 7571
f 7539 7571 7540
f 7540 7571 7572
f 7540 7572 7541
f 7541 7572 7573
f 7541 7573 7542
f 7542 7573 7574
f 7542 7574 7543
f 7543 7574 7575
f 7543 7575 7544
f 7544 7575 7576
f 7544 7576 7545
f 7545 7576 7577
f 7545 7577 7546
f 7546 7577 7578
f 7546 7578 7547
f 7547 7578 7579
f 7547 7579 7548
f 7548 7579 7580
f 7548 7580 7549
f 7549 7580 7581
f 7549 7581 7550
f 7550 7581 7582
f 7550 7582 7551
f 7551 7582 7583
f 7551 7583 7552
f 7552 7583 7584
f 7552 7584 7553
f 7553 7584 7585
f 7553 7585 7554
f 7554 7585 7586
f 7554 7586 7555
f 7555 7586 7587
f 7555 7587 7524
f 7524 7587 7556
f 7556 7588 7557
f 7557 7588 7589
f 7557 7589 7558
f 7558 7589 7590
f 7558 7590 7559
f 7559 7590 7591
f 7559 7591 7560
f 7560 7591 7592
f 7560 7592 7561
f 7561 7592 7593
f 7561 7593 7562
f 7562 7593 7594
f 7562 7594 7563
f 7563 7594 7595
f 7563 7595 7564
f 7564 7595 7596
f 7564 7596 7565
f 7565 7596 7597
f 7565 7597 7566
f 7566 7597 7598
f 7566 7598 7567
f 7567 7598 7599
f 7567 7599 7568
f 7568 7599 7600
f 7568 7600 7569
f 7569 7600 7601
f 7569 7601 7570
f 7570 7601 7602
f 7570 7602 7571
f 7571 7602 7603
f 7571 7603 7572
f 7572 7603 7604
f 7572 7604 7573
f 7573 7604 7605
f 7573 7605 7574
f 7574 7605 7606
f 7574 7606 7575
f 7575 7606 7607
f 7575 7607 7576
f 7576 7607 7608
f 7576 7608 7577
f 7577 7608 7609
f 7577 7609 7578
f 7578 7609 7610
f 7578 7610 7579
f 7579 7610 7611
f 7579 7611 7580
f 7580 7611 7612
f 7580 7612 7581
f 7581 7612 7613
f 7581 7613 7582
f 7582 7613 7614
f 7582 7614 7583
f 7583 7614 7615
f 7583 7615 7584
f 7584 7615 7616
f 7584 7616 7585
f 7585 7616 7617
f 7585 7617 7586
f 7586 7617 7618
f 7586 7618 7587
f 7587 7618 7619
f 7587 7619 7556
f 7556 7619 7588
f 7588 7620 7589
f 7589 7620 7621
f 7589 7621 7590
f 7590 7621 7622
f 7590 7622 7591
f 7591 7622 7623
f 7591 7623 7592
f 7592 7623 7624
f 7592 7624 7593
f 7593 7624 7625
f 7593 7625 7594
f 7594 7625 7626
f 7594 7626 7595
f 7595 7626 7627
f 7595 7627 7596
f 7596 7627 7628
f 7596 7628 7597
f 7597 7628 7629
f 7597 7629 7598
f 7598 7629 7630
f 7598 7630 7599
f 7599 7630 7631
f 7599 7631 7600
f 7600 7631 7632
f 7600 7632 7601
f 7601 7632 7633
f 7601 7633 7602
f 7602 7633 7634
f 7602 7634 7603
f 7603 7634 7635
f 7603 7635 7604
f 7604 7635 7636
f 7604 7636 7605
f 7605 7636 7637
f 7605 7637 7606
f 7606 7637 7638
f 7606 7638 7607
f 7607 7638 7639
f 7607 7639 7608
f 7608 7639 7640
f 7608 7640 7609
f 7609 7640 7641
f 7609 7641 7610
f 7610 7641 7642
f 7610 7642 7611
f 7611 7642 7643
f 7611 7643 7612
f 7612 7643 7644
f 7612 7644 7613
f 7613 7644 7645
f 7613 7645 7614
f 7614 7645 7646
f 7614 7646 7615
f 7615 7646 7647
f 7615 7647 7616
f 7616 7647 7648
f 7616 7648 7617
f 7617 7648 7649
f 7617 7649 7618
f 7618 7649 7650
f 7618 7650 7619
f 7619 7650 7651
f 7619 7651 7588
f 7588 7651 7620
f 7620 7652 7621
f 7621 7652 7653
f 7621 7653 7622
f 7622 7653 7654
f 7622 7654 7623
f 7623 7654 7655
f 7623 7655 7624
f 7624 7655 7656
f 7624 7656 7625
f 7625 7656 7657
f 7625 7657 7626
f 7626 7657 7658
f 7626 7658 7627
f 7627 7658 7659
f 7627 7659 7628
f 7628 7659 7660
f 7628 7660 7629
f 7629 7660 7661
f 7629 7661 7630
f 7630 7661 7662
f 7630 7662 7631
f 7631 7662 7663
f 7631 7663 7632
f 7632 7663 7664
f 7632 7664 7633
f 7633 7664 7665
f 7633 7665 7634
f 7634 7665 7666
f 7634 7666 7635
f 7635 7666 7667
f 7635 7667 7636
f 7636 7667 7668
f 7636 7668 7637
f 7637 7668 7669
f 7637 7669 7638
f 7638 7669 7670
f 7638 7670 7639
f 7639 7670 7671
f 7639 7671 7640
f 7640 7671 7672
f 7640 7672 7641
f 7641 7672 7673
f 7641 7673 7642
f 7642 7673 7674
f 7642 7674 7643
f 7643 7674 7675
f 7643 7675 7644
f 7644 7675 7676
f 7644 7676 7645
f 7645 7676 7677
f 7645 7677 7646
f 7646 7677 7678
f 7646 7678 7647
f 7647 7678 7679
f 7647 7679 7648
f 7648 7679 7680
f 7648 7680 7649
f 7649 7680 7681
f 7649 7681 7650
f 7650 7681 7682
f 7650 7682 7651
f 7651 7682 7683
f 7651 7683 7620
f 7620 7683 7652
f 7652 7684 7653
f 7653 7684 7685
f 7653 7685 7654
f 7654 7685 7686
f 7654 7686 7655
f 7655 7686 7687
f 7655 7687 7656
f 7656 7687 7688
f 7656 7688 7657
f 7657 7688 7689
f 7657 7689 7658
f 7658 7689 7690
f 7658 7690 7659
f 7659 7690 7691
f 7659 7691 7660
f 7660 7691 7692
f 7660 7692 7661
f 7661 7692 7693
f 7661 7693 7662
f 7662 7693 7694
f 7662 7694 7663
f 7663 7694 7695
f 7663 7695 7664
f 7664 7695 7696
f 7664 7696 7665
f 7665 7696 7697
f 7665 7697 7666
f 7666 7697 7698
f 7666 7698 7667
f 7667 7698 7699
f 7667 7699 7668
f 7668 7699 7700
f 7668 7700 7669
f 7669 7700 7701
f 7669 7701 7670
f 7670 7701 7702
f 7670 7702 7671
f 7671 7702 7703
f 7671 7703 7672
f 7672 7703 7704
f 7672 7704 7673
f 7673 7704 7705
f 7673 7705 7674
f 7674 7705 7706
f 7674 7706 7675
f 7675 7706 7707
f 7675 7707 7676
f 7676 7707 7708
f 7676 7708 7677
f 7677 7708 7709
f 7677 7709 7678
f 7678 7709 7710
f 7678 7710 7679
f 7679 7710 7711
f 7679 7711 7680
f 7680 7711 7712
f 7680 7712 7681
f 7681 7712 7713
f 7681 7713 7682
f 7682 7713 7714
f 7682 7714 7683
f 7683 7714 7715
f 7683 7715 7652
f 7652 7715 7684
f 7684 7716 7685
f 7685 7716 7717
f 7685 7717 7686
f 7686 7717 7718
f 7686 7718 7687
f 7687 7718 7719
f 7687 7719 7688
f 7688 7719 7720
f 7688 7720 7689
f 7689 7720 7721
f 7689 7721 7690
f 7690 7721 7722
f 7690 7722 7691
f 7691 7722 7723
f 7691 7723 7692
f 7692 7723 7724
f 7692 7724 7693
f 7693 7724 7725
f 7693 7725 7694
f 7694 7725 7726
f 7694 7726 7695
f 7695 7726 7727
f 7695 7727 7696
f 7696 7727 7728
f 7696 7728 7697
f 7697 7728 7729
f 7697 7729 7698
f 7698 7729 7730
f 7698 7730 7699
f 7699 7730 7731
f 7699 7731 7700
f 7700 7731 7732
f 7700 7732 7701
f 7701 7732 7733
f 7701 7733 7702
f 7702 7733 7734
f 7702 7734 7703
f 7703 7734 7735
f 7703 7735 7704
f 7704 7735 7736
f 7704 7736 7705
f 7705 7736 7737
f 7705 7737 7706
f 7706 7737 7738
f 7706 7738 7707
f 7707 7738 7739
f 7707 7739 7708
f 7708 7739 7740
f 7708 7740 7709
f 7709 7740 7741
f 7709 7741 7710
f 7710 7741 7742
f 7710 7742 7711
f 7711 7742 7743
f 7711 7743 7712
f 7712 7743 7744
f 7712 7744 7713
f 7713 7744 7745
f 7713 7745 7714
f 7714 7745 7746
f 7714 7746 7715
f 7715 7746 7747
f 7715 7747 7684
f 7684 7747 7716
f 7716 7748 7717
f 7717 7748 7749
f 7717 7749 7718
f 7718 7749 7750
f 7718 7750 7719
f 7719 7750 7751
f 7719 7751 7720
f 7720 7751 7752
f 7720 7752 7721
f 7721 7752 7753
f 7721 7753 7722
f 7722 7753 7754
f 7722 7754 7723
f 7723 7754 7755
f 7723 7755 7724
f 7724 7755 7756
f 7724 7756 7725
f 7725 7756 7757
f 7725 7757 7726
f 7726 7757 7758
f 7726 7758 7727
f 7727 7758 7759
f 7727 7759 7728
f 7728 7759 7760
f 7728 7760 7729
f 7729 7760 7761
f 7729 7761 7730
f 7730 7761 7762
f 7730 7762 7731
f 7731 7762 7763
f 7731 7763 7732
f 7732 7763 7764
f 7732 7764 7733
f 7733 7764 7765
f 7733 7765 7734
f 7734 7765 7766
f 7734 7766 7735
f 7735 7766 7767
f 7735 7767 7736
f 7736 7767 7768
f 7736 7768 7737
f 7737 7768 7769
f 7737 7769 7738
f 7738 7769 7770
f 7738 7770 7739
f 7739 7770 7771
f 7739 7771 7740
f 7740 7771 7772
f 7740 7772 7741
f 7741 7772 7773
f 7741 7773 7742
f 7742 7773 7774
f 7742 7774 7743
f 7743 7774 7775
f 7743 7775 7744
f 7744 7775 7776
f 7744 7776 7745
f 7745 7776 7777
f 7745 7777 7746
f 7746 7777 7778
f 7746 7778 7747
f 7747 7778 7779
f 7747 7779 7716
f 7716 7779 7748
f 7748 7780 7749
f 7749 7780 7781
f 7749 7781 7750
f 7750 7781 7782
f 7750 7782 7751
f 7751 7782 7783
f 7751 7783 7752
f 7752 7783 7784
f 7752 7784 7753
f 7753 7784 7785
f 7753 7785 7754
f 7754 7785 7786
f 7754 7786 7755
f 7755 7786 7787
f 7755 7787 7756
f 7756 7787 7788
f 7756 7788 7757
f 7757 7788 7789
f 7757 7789 7758
f 7758 7789 7790
f 7758 7790 7759
f 7759 7790 7791
f 7759 7791 7760
f 7760 7791 7792
f 7760 7792 7761
f 7761 7792 7793
f 7761 7793 7762
f 7762 7793 7794
f 7762 7794 7763
f 7763 7794 7795
f 7763 7795 7764
f 7764 7795 7796
f 7764 7796 7765
f 7765 7796 7797
f 7765 7797 7766
f 7766 7797 7798
f 7766 7798 7767
f 7767 7798 7799
f 7767 7799 7768
f 7768 7799 7800
f 7768 7800 7769
f 7769 7800 7801
f 7769 7801 7770
f 7770 7801 7802
f 7770 7802 7771
f 7771 7802 7803
f 7771 7803 7772
f 7772 7803 7804
f 7772 7804 7773
f 7773 7804 7805
f 7773 7805 7774
f 7774 7805 7806
f 7774 7806 7775
f 7775 7806 7807
f 7775 7807 7776
f 7776 7807 7808
f 7776 7808 7777
f 7777 7808 7809
f 7777 7809 7778
f 7778 7809 7810
f 7778 7810 7779
f 7779 7810 7811
f 7779 7811 7748
f 7748 7811 7780
f 7780 7812 7781
f 7781 7812 7813
f 7781 7813 7782
f 7782 7813 7814
f 7782 7814 7783
f 7783 7814 7815
f 7783 7815 7784
f 7784 7815 7816
f 7784 7816 7785
f 7785 7816 7817
f 7785 7817 7786
f 7786 7817 7818
f 7786 7818 7787
f 7787 7818 7819
f 7787 7819 7788
f 7788 7819 7820
f 7788 7820 7789
f 7789 7820 7821
f 7789 7821 7790
f 7790 7821 7822
f 7790 7822 7791
f 7791 7822 7823
f 7791 7823 7792
f 7792 7823 7824
f 7792 7824 7793
f 7793 7824 7825
f 7793 7825 7794
f 7794 7825 7826
f 7794 7826 7795
f 7795 7826 7827
f 7795 7827 7796
f 7796 7827 7828
f 7796 7828 7797
f 7797 7828 7829
f 7797 7829 7798
f 7798 7829 7830
f 7798 7830 7799
f 7799 7830 7831
f 7799 7831 7800
f 7800 7831 7832
f 7800 7832 7801
f 7801 7832 7833
f 7801 7833 7802
f 7802 7833 7834
f 7802 7834 7803
f 7803 7834 7835
f 7803 7835 7804
f 7804 7835 7836
f 7804 7836 7805
f 7805 7836 7837
f 7805 7837 7806
f 7806 7837 7838
f 7806 7838 7807
f 7807 7838 7839
f 7807 7839 7808
f 7808 7839 7840
f 7808 7840 7809
f 7809 7840 7841
f 7809 7841 7810
f 7810 7841 7842
f 7810 7842 7811
f 7811 7842 7843
f 7811 7843 7780
f 7780 7843 7812
f 7812 7844 7813
f 7813 7844 7845
f 7813 7845 7814
f 7814 7845 7846
f 7814 7846 7815
f 7815 7846 7847
f 7815 7847 7816
f 7816 7847 7848
f 7816 7848 7817
f 7817 7848 7849
f 7817 7849 7818
f 7818 7849 7850
f 7818 7850 7819
f 7819 7850 7851
f 7819 7851 7820
f 7820 7851 7852
f 7820 7852 7821
f 7821 7852 7853
f 7821 7853 7822
f 7822 7853 7854
f 7822 7854 7823
f 7823 7854 7855
f 7823 7855 7824
f 7824 7855 7856
f 7824 7856 7825
f 7825 7856 7857
f 7825 7857 7826
f 7826 7857 7858
f 7826 7858 7827
f 7827 7858 7859
f 7827 7859 7828
f 7828 7859 7860
f 7828 7860 7829
f 7829 7860 7861
f 7829 7861 7830
f 7830 7861 7862
f 7830 7862 7831
f 7831 7862 7863
f 7831 7863 7832
f 7832 7863 7864
f 7832 7864 7833
f 7833 7864 7865
f 7833 7865 7834
f 7834 7865 7866
f 7834 7866 7835
f 7835 7866 7867
f 7835 7867 7836
f 7836 7867 7868
f 7836 7868 7837
f 7837 7868 7869
f 7837 7869 7838
f 7838 7869 7870
f 7838 7870 7839
f 7839 7870 7871
f 7839 7871 7840
f 7840 7871 7872
f 7840 7872 7841
f 7841 7872 7873
f 7841 7873 7842
f 7842 7873 7874
f 7842 7874 7843
f 7843 7874 7875
f 7843 7875 7812
f 7812 7875 7844
f 7844 7876 7845
f 7845 7876 7877
f 7845 7877 7846
f 7846 7877 7878
f 7846 7878 7847
f 7847 7878 7879
f 7847 7879 7848
f 7848 7879 7880
f 7848 7880 7849
f 7849 7880 7881
f 7849 7881 7850
f 7850 7881 7882
f 7850 7882 7851
f 7851 7882 7883
f 7851 7883 7852
f 7852 7883 7884
f 7852 7884 7853
f 7853 7884 7885
f 7853 7885 7854
f 7854 7885 7886
f 7854 7886 7855
f 7855 7886 7887
f 7855 7887 7856
f 7856 7887 7888
f 7856 7888 7857
f 7857 7888 7889
f 7857 7889 7858
f 7858 7889 7890
f 7858 7890 7859
f 7859 7890 7891
f 7859 7891 7860
f 7860 7891 7892
f 7860 7892 7861
f 7861 7892 7893
f 7861 7893 7862
f 7862 7893 7894
f 7862 7894 7863
f 7863 7894 7895
f 7863 7895 7864
f 7864 7895 7896
f 7864 7896 7865
f 7865 7896 7897
f 7865 7897 7866
f 7866 7897 7898
f 7866 7898 7867
f 7867 7898 7899
f 7867 7899 7868
f 7868 7899 7900
f 7868 7900 7869
f 7869 7900 7901
f 7869 7901 7870
f 7870 7901 7902
f 7870 7902 7871
f 7871 7902 7903
f 7871 7903 7872
f 7872 7903 7904
f 7872 7904 7873
f 7873 7904 7905
f 7873 7905 7874
f 7874 7905 7906
f 7874 7906 7875
f 7875 7906 7907
f 7875 7907 7844
f 7844 7907 7876
f 7876 7908 7877
f 7877 7908 7909
f 7877 7909 7878
f 7878 7909 7910
f 7878 7910 7879
f 7879 7910 7911
f 7879 7911 7880
f 7880 7911 7912
f 7880 7912 7881
f 7881 7912 7913
f 7881 7913 7882
f 7882 7913 7914
f 7882 7914 7883
f 7883 7914 7915
f 7883 7915 7884
f 7884 7915 7916
f 7884 7916 7885
f 7885 7916 7917
f 7885 7917 7886
f 7886 7917 7918
f 7886 7918 7887
f 7887 7918 7919
f 7887 7919 7888
f 7888 7919 7920
f 7888 7920 7889
f 7889 7920 7921
f 7889 7921 7890
f 7890 7921 7922
f 7890 7922 7891
f 7891 7922 7923
f 7891 7923 7892
f 7892 7923 7924
f 7892 7924 7893
f 7893 7924 7925
f 7893 7925 7894
f 7894 7925 7926
f 7894 7926 7895
f 7895 7926 7927
f 7895 7927 7896
f 7896 7927 7928
f 7896 7928 7897
f 7897 7928 7929
f 7897 7929 7898
f 7898 7929 7930
f 7898 7930 7899
f 7899 7930 7931
f 7899 7931 7900
f 7900 7931 7932
f 7900 7932 7901
f 7901 7932 7933
f 7901 7933 7902
f 7902 7933 7934
f 7902 7934 7903
f 7903 7934 7935
f 7903 7935 7904
f 7904 7935 7936
f 7904 7936 7905
f 7905 7936 7937
f 7905 7937 7906
f 7906 7937 7938
f 7906 7938 7907
f 7907 7938 7939
f 7907 7939 7876
f 7876 7939 7908
f 7908 7940 7909
f 7909 7940 7941
f 7909 7941 7910
f 7910 7941 7942
f 7910 7942 7911
f 7911 7942 7943
f 7911 7943 7912
f 7912 7943 7944
f 7912 7944 7913
f 7913 7944 7945
f 7913 7945 7914
f 7914 7945 7946
f 7914 7946 7915
f 7915 7946 7947
f 7915 7947 7916
f 7916 7947 7948
f 7916 7948 7917
f 7917 7948 7949
f 7917 7949 7918
f 7918 7949 7950
f 7918 7950 7919
f 7919 7950 7951
f 7919 7951 7920
f 7920 7951 7952
f 7920 7952 7921
f 7921 7952 7953
f 7921 7953 7922
f 7922 7953 7954
f 7922 7954 7923
f 7923 7954 7955
f 7923 7955 7924
f 7924 7955 7956
f 7924 7956 7925
f 7925 7956 7957
f 7925 7957 7926
f 7926 7957 7958
f 7926 7958 7927
f 7927 7958 7959
f 7927 7959 7928
f 7928 7959 7960
f 7928 7960 7929
f 7929 7960 7961
f 7929 7961 7930
f 7930 7961 7962
f 7930 7962 7931
f 7931 7962 7963
f 7931 7963 7932
f 7932 7963 7964
f 7932 7964 7933
f 7933 7964 7965
f 7933 7965 7934
f 7934 7965 7966
f 7934 7966 7935
f 7935 7966 7967
f 7935 7967 7936
f 7936 7967 7968
f 7936 7968 7937
f 7937 7968 7969
f 7937 7969 7938
f 7938 7969 7970
f 7938 7970 7939
f 7939 7970 7971
f 7939 7971 7908
f 7908 7971 7940
f 7940 7972 7941
f 7941 7972 7973
f 7941 7973 7942
f 7942 7973 7974
f 7942 7974 7943
f 7943 7974 7975
f 7943 7975 7944
f 7944 7975 7976
f 7944 7976 7945
f 7945 7976 7977
f 7945 7977 7946
f 7946 7977 7978
f 7946 7978 7947
f 7947 7978 7979
f 7947 7979 7948
f 7948 7979 7980
f 7948 7980 7949
f 7949 7980 7981
f 7949 7981 7950
f 7950 7981 7982
f 7950 7982 7951
f 7951 7982 7983
f 7951 7983 7952
f 7952 7983 7984
f 7952 7984 7953
f 7953 7984 7985
f 7953 7985 7954
f 7954 7985 7986
f 7954 7986 7955
f 7955 7986 7987
f 7955 7987 7956
f 7956 7987 7988
f 7956 7988 7957
f 7957 7988 7989
f 7957 7989 7958
f 7958 7989 7990
f 7958 7990 7959
f 7959 7990 7991
f 7959 7991 7960
f 7960 7991 7992
f 7960 7992 7961
f 7961 7992 7993
f 7961 7993 7962
f 7962 7993 7994
f 7962 7994 7963
f 7963 7994 7995
f 7963 7995 7964
f 7964 7995 7996
f 7964 7996 7965
f 7965 7996 7997
f 7965 7997 7966
f 7966 7997 7998
f 7966 7998 7967
f 7967 7998 7999
f 7967 7999 7968
f 7968 7999 8000
f 7968 8000 7969
f 7969 8000 8001
f 7969 8001 7970
f 7970 8001 8002
f 7970 8002 7971
f 7971 8002 8003
f 7971 8003 7940
f 7940 8003 7972
f 7972 8004 7973
f 7973 8004 8005
f 7973 8005 7974
f 7974 8005 8006
f 7974 8006 7975
f 7975 8006 8007
f 7975 8007 7976
f 7976 8007 8008
f 7976 8008 7977
f 7977 8008 8009
f 7977 8009 7978
f 7978 8009 8010
f 7978 8010 7979
f 7979 8010 8011
f 7979 8011 7980
f 7980 8011 8012
f 7980 8012 7981
f 7981 8012 8013
f 7981 8013 7982
f 7982 8013 8014
f 7982 8014 7983
f 7983 8014 8015
f 7983 8015 7984
f 7984 8015 8016
f 7984 8016 7985
f 7985 8016 8017
f 7985 8017 7986
f 7986 8017 8018
f 7986 8018 7987
f 7987 8018 8019
f 7987 8019 7988
f 7988 8019 8020
f 7988 8020 7989
f 7989 8020 8021
f 7989 8021 7990
f 7990 8021 8022
f 7990 8022 7991
f 7991 8022 8023
f 7991 8023 7992
f 7992 8023 8024
f 7992 8024 7993
f 7993 8024 8025
f 7993 8025 7994
f 7994 8025 8026
f 7994 8026 7995
f 7995 8026 8027
f 7995 8027 7996
f 7996 8027 8028
f 7996 8028 7997
f 7997 8028 8029
f 7997 8029 7998
f 7998 8029 8030
f 7998 8030 7999
f 7999 8030 8031
f 7999 8031 8000
f 8000 8031 8032
f 8000 8032 8001
f 8001 8032 8033
f 8001 8033 8002
f 8002 8033 8034
f 8002 8034 8003
f 8003 8034 8035
f 8003 8035 7972
f 7972 8035 8004
f 8004 8036 8005
f 8005 8036 8037
f 8005 8037 8006
f 8006 8037 8038
f 8006 8038 8007
f 8007 8038 8039
f 8007 8039 8008
f 8008 8039 8040
f 8008 8040 8009
f 8009 8040 8041
f 8009 8041 8010
f 8010 8041 8042
f 8010 8042 8011
f 8011 8042 8043
f 8011 8043 8012
f 8012 8043 8044
f 8012 8044 8013
f 8013 8044 8045
f 8013 8045 8014
f 8014 8045 8046
f 8014 8046 8015
f 8015 8046 8047
f 8015 8047 8016
f 8016 8047 8048
f 8016 8048 8017
f 8017 8048 8049
f 8017 8049 8018
f 8018 8049 8050
f 8018 8050 8019
f 8019 8050 8051
f 8019 8051 8020
f 8020 8051 8052
f 8020 8052 8021
f 8021 8052 8053
f 8021 8053 8022
f 8022 8053 8054
f 8022 8054 8023
f 8023 8054 8055
f 8023 8055 8024
f 8024 8055 8056
f 8024 8056 8025
f 8025 8056 8057
f 8025 8057 8026
f 8026 8057 8058
f 8026 8058 8027
f 8027 8058 8059
f 8027 8059 8028
f 8028 8059 8060
f 8028 8060 8029
f 8029 8060 8061
f 8029 8061 8030
f 8030 8061 8062
f 8030 8062 8031
f 8031 8062 8063
f 8031 8063 8032
f 8032 8063 8064
f 8032 8064 8033
f 8033 8064 8065
f 8033 8065 8034
f 8034 8065 8066
f 8034 8066 8035
f 8035 8066 8067
f 8035 8067 8004
f 8004 8067 8036
f 8036 8068 8037
f 8037 8068 8069
f 8037 8069 8038
f 8038 8069 8070
f 8038 8070 8039
f 8039 8070 8071
f 8039 8071 8040
f 8040 8071 8072
f 8040 8072 8041
f 8041 8072 8073
f 8041 8073 8042
f 8042 8073 8074
f 8042 8074 8043
f 8043 8074 8075
f 8043 8075 8044
f 8044 8075 8076
f 8044 8076 8045
f 8045 8076 8077
f 8045 8077 8046
f 8046 8077 8078
f 8046 8078 8047
f 8047 8078 8079
f 8047 8079 8048
f 8048 8079 8080
f 8048 8080 8049
f 8049 8080 8081
f 8049 8081 8050
f 8050 8081 8082
f 8050 8082 8051
f 8051 8082 8083
f 8051 8083 8052
f 8052 8083 8084
f 8052 8084 8053
f 8053 8084 8085
f 8053 8085 8054
f 8054 8085 8086
f 8054 8086 8055
f 8055 8086 8087
f 8055 8087 8056
f 8056 8087 8088
f 8056 8088 8057
f 8057 8088 8089
f 8057 8089 8058
f 8058 8089 8090
f 8058 8090 8059
f 8059 8090 8091
f 8059 8091 8060
f 8060 8091 8092
f 8060 8092 8061
f 8061 8092 8093
f 8061 8093 8062
f 8062 8093 8094
f 8062 8094 8063
f 8063 8094 8095
f 8063 8095 8064
f 8064 8095 8096
f 8064 8096 8065
f 8065 8096 8097
f 8065 8097 8066
f 8066 8097 8098
f 8066 8098 8067
f 8067 8098 8099
f 8067 8099 8036
f 8036 8099 8068
f 8068 8100 8069
f 8069 8100 8101
f 8069 8101 8070
f 8070 8101 8102
f 8070 8102 8071
f 8071 8102 8103
f 8071 8103 8072
f 8072 8103 8104
f 8072 8104 8073
f 8073 8104 8105
f 8073 8105 8074
f 8074 8105 8106
f 8074 8106 8075
f 8075 8106 8107
f 8075 8107 8076
f 8076 8107 8108
f 8076 8108 8077
f 8077 8108 8109
f 8077 8109 8078
f 8078 8109 8110
f 8078 8110 8079
f 8079 8110 8111
f 8079 8111 8080
f 8080 8111 8112
f 8080 8112 8081
f 8081 8112 8113
f 8081 8113 8082
f 8082 8113 8114
f 8082 8114 8083
f 8083 8114 8115
f 8083 8115 8084
f 8084 8115 8116
f 8084 8116 8085
f 8085 8116 8117
f 8085 8117 8086
f 8086 8117 8118
f 8086 8118 8087
f 8087 8118 8119
f 8087 8119 8088
f 8088 8119 8120
f 8088 8120 8089
f 8089 8120 8121
f 8089 8121 8090
f 8090 8121 8122
f 8090 8122 8091
f 8091 8122 8123
f 8091 8123 8092
f 8092 8123 8124
f 8092 8124 8093
f 8093 8124 8125
f 8093 8125 8094
f 8094 8125 8126
f 8094 8126 8095
f 8095 8126 8127
f 8095 8127 8096
f 8096 8127 8128
f 8096 8128 8097
f 8097 8128 8129
f 8097 8129 8098
f 8098 8129 8130
f 8098 8130 8099
f 8099 8130 8131
f 8099 8131 8068
f 8068 8131 8100
f 8100 8132 8101
f 8101 8132 8133
f 8101 8133 8102
f 8102 8133 8134
f 8102 8134 8103
f 8103 8134 8135
f 8103 8135 8104
f 8104 8135 8136
f 8104 8136 8105
f 8105 8136 8137
f 8105 8137 8106
f 8106 8137 8138
f 8106 8138 8107
f 8107 8138 8139
f 8107 8139 8108
f 8108 8139 8140
f 8108 8140 8109
f 8109 8140 8141
f 8109 8141 8110
f 8110 8141 8142
f 8110 8142 8111
f 8111 8142 8143
f 8111 8143 8112
f 8112 8143 8144
f 8112 8144 8113
f 8113 8144 8145
f 8113 8145 8114
f 8114 8145 8146
f 8114 8146 8115
f 8115 8146 8147
f 8115 8147 8116
f 8116 8147 8148
f 8116 8148 8117
f 8117 8148 8149
f 8117 8149 8118
f 8118 8149 8150
f 8118 8150 8119
f 8119 8150 8151
f 8119 8151 8120
f 8120 8151 8152
f 8120 8152 8121
f 8121 8152 8153
f 8121 8153 8122
f 8122 8153 8154
f 8122 8154 8123
f 8123 8154 8155
f 8123 8155 8124
f 8124 8155 8156
f 8124 8156 8125
f 8125 8156 8157
f 8125 8157 8126
f 8126 8157 8158
f 8126 8158 8127
f 8127 8158 8159
f 8127 8159 8128
f 8128 8159 8160
f 8128 8160 8129
f 8129 8160 8161
f 8129 8161 8130
f 8130 8161 8162
f 8130 8162 8131
f 8131 8162 8163
f 8131 8163 8100
f 8100 8163 8132
f 8132 8164 8133
f 8133 8164 8165
f 8133 8165 8134
f 8134 8165 8166
f 8134 8166 8135
f 8135 8166 8167
f 8135 8167 8136
f 8136 8167 8168
f 8136 8168 8137
f 8137 8168 8169
f 8137 8169 8138
f 8138 8169 8170
f 8138 8170 8139
f 8139 8170 8171
f 8139 8171 8140
f 8140 8171 8172
f 8140 8172 8141
f 8141 8172 8173
f 8141 8173 8142
f 8142 8173 8174
f 8142 8174 8143
f 8143 8174 8175
f 8143 8175 8144
f 8144 8175 8176
f 8144 8176 8145
f 8145 8176 8177
f 8145 8177 8146
f 8146 8177 8178
f 8146 8178 8147
f 8147 8178 8179
f 8147 8179 8148
f 8148 8179 8180
f 8148 8180 8149
f 8149 8180 8181
f 8149 8181 8150
f 8150 8181 8182
f 8150 8182 8151
f 8151 8182 8183
f 8151 8183 8152
f 8152 8183 8184
f 8152 8184 8153
f 8153 8184 8185
f 8153 8185 8154
f 8154 8185 8186
f 8154 8186 8155
f 8155 8186 8187
f 8155 8187 8156
f 8156 8187 8188
f 8156 8188 8157
f 8157 8188 8189
f 8157 8189 8158
f 8158 8189 8190
f 8158 8190 8159
f 8159 8190 8191
f 8159 8191 8160
f 8160 8191 8192
f 8160 8192 8161
f 8161 8192 8193
f 8161 8193 8162
f 8162 8193 8194
f 8162 8194 8163
f 8163 8194 8195
f 8163 8195 8132
f 8132 8195 8164
f 8164 8196 8165
f 8165 8196 8197
f 8165 8197 8166
f 8166 8197 8198
f 8166 8198 8167
f 8167 8198 8199
f 8167 8199 8168
f 8168 8199 8200
f 8168 8200 8169
f 8169 8200 8201
f 8169 8201 8170
f 8170 8201 8202
f 8170 8202 8171
f 8171 8202 8203
f 8171 8203 8172
f 8172 8203 8204
f 8172 8204 8173
f 8173 8204 8205
f 8173 8205 8174
f 8174 8205 8206
f 8174 8206 8175
f 8175 8206 8207
f 8175 8207 8176
f 8176 8207 8208
f 8176 8208 8177
f 8177 8208 8209
f 8177 8209 8178
f 8178 8209 8210
f 8178 8210 8179
f 8179 8210 8211
f 8179 8211 8180
f 8180 8211 8212
f 8180 8212 8181
f 8181 8212 8213
f 8181 8213 8182
f 8182 8213 8214
f 8182 8214 8183
f 8183 8214 8215
f 8183 8215 8184
f 8184 8215 8216
f 8184 8216 8185
f 8185 8216 8217
f 8185 8217 8186
f 8186 8217 8218
f 8186 8218 8187
f 8187 8218 8219
f 8187 8219 8188
f 8188 8219 8220
f 8188 8220 8189
f 8189 8220 8221
f 8189 8221 8190
f 8190 8221 8222
f 8190 8222 8191
f 8191 8222 8223
f 8191 8223 8192
f 8192 8223 8224
f 8192 8224 8193
f 8193 8224 8225
f 8193 8225 8194
f 8194 8225 8226
f 8194 8226 8195
f 8195 8226 8227
f 8195 8227 8164
f 8164 8227 8196
f 8196 8228 8197
f 8197 8228 8229
f 8197 8229 8198
f 8198 8229 8230
f 8198 8230 8199
f 8199 8230 8231
f 8199 8231 8200
f 8200 8231 8232
f 8200 8232 8201
f 8201 8232 8233
f 8201 8233 8202
f 8202 8233 8234
f 8202 8234 8203
f 8203 8234 8235
f 8203 8235 8204
f 8204 8235 8236
f 8204 8236 8205
f 8205 8236 8237
f 8205 8237 8206
f 8206 8237 8238
f 8206 8238 8207
f 8207 8238 8239
f 8207 8239 8208
f 8208 8239 8240
f 8208 8240 8209
f 8209 8240 8241
f 8209 8241 8210
f 8210 8241 8242
f 8210 8242 8211
f 8211 8242 8243
f 8211 8243 8212
f 8212 8243 8244
f 8212 8244 8213
f 8213 8244 8245
f 8213 8245 8214
f 8214 8245 8246
f 8214 8246 8215
f 8215 8246 8247
f 8215 8247 8216
f 8216 8247 8248
f 8216 8248 8217
f 8217 8248 8249
f 8217 8249 8218
f 8218 8249 8250
f 8218 8250 8219
f 8219 8250 8251
f 8219 8251 8220
f 8220 8251 8252
f 8220 8252 8221
f 8221 8252 8253
f 8221 8253 8222
f 8222 8253 8254
f 8222 8254 8223
f 8223 8254 8255
f 8223 8255 8224
f 8224 8255 8256
f 8224 8256 8225
f 8225 8256 8257
f 8225 8257 8226
f 8226 8257 8258
f 8226 8258 8227
f 8227 8258 8259
f 8227 8259 8196
f 8196 8259 8228
f 8228 8260 8229
f 8229 8260 8261
f 8229 8261 8230
f 8230 8261 8262
f 8230 8262 8231
f 8231 8262 8263
f 8231 8263 8232
f 8232 8263 8264
f 8232 8264 8233
f 8233 8264 8265
f 8233 8265 8234
f 8234 8265 8266
f 8234 8266 8235
f 8235 8266 8267
f 8235 8267 8236
f 8236 8267 8268
f 8236 8268 8237
f 8237 8268 8269
f 8237 8269 8238
f 8238 8269 8270
f 8238 8270 8239
f 8239 8270 8271
f 8239 8271 8240
f 8240 8271 8272
f 8240 8272 8241
f 8241 8272 8273
f 8241 8273 8242
f 8242 8273 8274
f 8242 8274 8243
f 8243 8274 8275
f 8243 8275 8244
f 8244 8275 8276
f 8244 8276 8245
f 8245 8276 8277
f 8245 8277 8246
f 8246 8277 8278
f 8246 8278 8247
f 8247 8278 8279
f 8247 8279 8248
f 8248 8279 8280
f 8248 8280 8249
f 8249 8280 8281
f 8249 8281 8250
f 8250 8281 8282
f 8250 8282 8251
f 8251 8282 8283
f 8251 8283 8252
f 8252 8283 8284
f 8252 8284 8253
f 8253 8284 8285
f 8253 8285 8254
f 8254 8285 8286
f 8254 8286 8255
f 8255 8286 8287
f 8255 8287 8256
f 8256 8287 8288
f 8256 8288 8257
f 8257 8288 8289
f 8257 8289 8258
f 8258 8289 8290
f 8258 8290 8259
f 8259 8290 8291
f 8259 8291 8228
f 8228 8291 8260
f 8260 8292 8261
f 8261 8292 8293
f 8261 8293 8262
f 8262 8293 8294
f 8262 8294 8263
f 8263 8294 8295
f 8263 8295 8264
f 8264 8295 8296
f 8264 8296 8265
f 8265 8296 8297
f 8265 8297 8266
f 8266 8297 8298
f 8266 8298 8267
f 8267 8298 8299
f 8267 8299 8268
f 8268 8299 8300
f 8268 8300 8269
f 8269 8300 8301
f 8269 8301 8270
f 8270 8301 8302
f 8270 8302 8271
f 8271 8302 8303
f 8271 8303 8272
f 8272 8303 8304
f 8272 8304 8273
f 8273 8304 8305
f 8273 8305 8274
f 8274 8305 8306
f 8274 8306 8275
f 8275 8306 8307
f 8275 8307 8276
f 8276 8307 8308
f 8276 8308 8277
f 8277 8308 8309
f 8277 8309 8278
f 8278 8309 8310
f 8278 8310 8279
f 8279 8310 8311
f 8279 8311 8280
f 8280 8311 8312
f 8280 8312 8281
f 8281 8312 8313
f 8281 8313 8282
f 8282 8313 8314
f 8282 8314 8283
f 8283 8314 8315
f 8283 8315 8284
f 8284 8315 8316
f 8284 8316 8285
f 8285 8316 8317
f 8285 8317 8286
f 8286 8317 8318
f 8286 8318 8287
f 8287 8318 8319
f 8287 8319 8288
f 8288 8319 8320
f 8288 8320 8289
f 8289 8320 8321
f 8289 8321 8290
f 8290 8321 8322
f 8290 8322 8291
f 8291 8322 8323
f 8291 8323 8260
f 8260 8323 8292
f 8292 8324 8293
f 8293 8324 8325
f 8293 8325 8294
f 8294 8325 8326
f 8294 8326 8295
f 8295 8326 8327
f 8295 8327 8296
f 8296 8327 8328
f 8296 8328 8297
f 8297 8328 8329
f 8297 8329 8298
f 8298 8329 8330
f 8298 8330 8299
f 8299 8330 8331
f 8299 8331 8300
f 8300 8331 8332
f 8300 8332 8301
f 8301 8332 8333
f 8301 8333 8302
f 8302 8333 8334
f 8302 8334 8303
f 8303 8334 8335
f 8303 8335 8304
f 8304 8335 8336
f 8304 8336 8305
f 8305 8336 8337
f 8305 8337 8306
f 8306 8337 8338
f 8306 8338 8307
f 8307 8338 8339
f 8307 8339 8308
f 8308 8339 8340
f 8308 8340 8309
f 8309 8340 8341
f 8309 8341 8310
f 8310 8341 8342
f 8310 8342 8311
f 8311 8342 8343
f 8311 8343 8312
f 8312 8343 8344
f 8312 8344 8313
f 8313 8344 8345
f 8313 8345 8314
f 8314 8345 8346
f 8314 8346 8315
f 8315 8346 8347
f 8315 8347 8316
f 8316 8347 8348
f 8316 8348 8317
f 8317 8348 8349
f 8317 8349 8318
f 8318 8349 8350
f 8318 8350 8319
f 8319 8350 8351
f 8319 8351 8320
f 8320 8351 8352
f 8320 8352 8321
f 8321 8352 8353
f 8321 8353 8322
f 8322 8353 8354
f 8322 8354 8323
f 8323 8354 8355
f 8323 8355 8292
f 8292 8355 8324
f 8324 8356 8325
f 8325 8356 8357
f 8325 8357 8326
f 8326 8357 8358
f 8326 8358 8327
f 8327 8358 8359
f 8327 8359 8328
f 8328 8359 8360
f 8328 8360 8329
f 8329 8360 8361
f 8329 8361 8330
f 8330 8361 8362
f 8330 8362 8331
f 8331 8362 8363
f 8331 8363 8332
f 8332 8363 8364
f 8332 8364 8333
f 8333 8364 8365
f 8333 8365 8334
f 8334 8365 8366
f 8334 8366 8335
f 8335 8366 8367
f 8335 8367 8336
f 8336 8367 8368
f 8336 8368 8337
f 8337 8368 8369
f 8337 8369 8338
f 8338 8369 8370
f 8338 8370 8339
f 8339 8370 8371
f 8339 8371 8340
f 8340 8371 8372
f 8340 8372 8341
f 8341 8372 8373
f 8341 8373 8342
f 8342 8373 8374
f 8342 8374 8343
f 8343 8374 8375
f 8343 8375 8344
f 8344 8375 8376
f 8344 8376 8345
f 8345 8376 8377
f 8345 8377 8346
f 8346 8377 8378
f 8346 8378 8347
f 8347 8378 8379
f 8347 8379 8348
f 8348 8379 8380
f 8348 8380 8349
f 8349 8380 8381
f 8349 8381 8350
f 8350 8381 8382
f 8350 8382 8351
f 8351 8382 8383
f 8351 8383 8352
f 8352 8383 8384
f 8352 8384 8353
f 8353 8384 8385
f 8353 8385 8354
f 8354 8385 8386
f 8354 8386 8355
f 8355 8386 8387
f 8355 8387 8324
f 8324 8387 8356
f 8356 6340 8357
f 8357 6340 6341
f 8357 6341 8358
f 8358 6341 6342
f 8358 6342 8359
f 8359 6342 6343
f 8359 6343 8360
f 8360 6343 6344
f 8360 6344 8361
f 8361 6344 6345
f 8361 6345 8362
f 8362 6345 6346
f 8362 6346 8363
f 8363 6346 6347
f 8363 6347 8364
f 8364 6347 6348
f 8364 6348 8365
f 8365 6348 6349
f 8365 6349 8366
f 8366 6349 6350
f 8366 6350 8367
f 8367 6350 6351
f 8367 6351 8368
f 8368 6351 6352
f 8368 6352 8369
f 8369 6352 6353
f 8369 6353 8370
f 8370 6353 6354
f 8370 6354 8371
f 8371 6354 6355
f 8371 6355 8372
f 8372 6355 6356
f 8372 6356 8373
f 8373 6356 6357
f 8373 6357 8374
f 8374 6357 6358
f 8374 6358 8375
f 8375 6358 6359
f 8375 6359 8376
f 8376 6359 6360
f 8376 6360 8377
f 8377 6360 6361
f 8377 6361 8378
f 8378 6361 6362
f 8378 6362 8379
f 8379 6362 6363
f 8379 6363 8380
f 8380 6363 6364
f 8380 6364 8381
f 8381 6364 6365
f 8381 6365 8382
f 8382 6365 6366
f 8382 6366 8383
f 8383 6366 6367
f 8383 6367 8384
f 8384 6367 6368
f 8384 6368 8385
f 8385 6368 6369
f 8385 6369 8386
f 8386 6369 6370
f 8386 6370 8387
f 8387 6370 6371
f 8387 6371 8356
f 8356 6371 6340
f 8388 8403 8389
f 8389 8403 8404
f 8389 8404 8390
f 8390 8404 8405
f 8390 8405 8391
f 8391 8405 8406
f 8391 8406 8392
f 8392 8406 8407
f 8392 8407 8393
f 8393 8407 8408
f 8393 8408 8394
f 8394 8408 8409
f 8394 8409 8395
f 8395 8409 8410
f 8395 8410 8396
f 8396 8410 8411
f 8396 8411 8397
f 8397 8411 8412
f 8397 8412 8398
f 8398 8412 8413
f 8398 8413 8399
f 8399 8413 8414
f 8399 8414 8400
f 8400 8414 8415
f 8400 8415 8401
f 8401 8415 8416
f 8401 8416 8402
f 8402 8416 8417
f 8403 8418 8404
f 8404 8418 8419
f 8404 8419 8405
f 8405 8419 8420
f 8405 8420 8406
f 8406 8420 8421
f 8406 8421 8407
f 8407 8421 8422
f 8407 8422 8408
f 8408 8422 8423
f 8408 8423 8409
f 8409 8423 8424
f 8409 8424 8410
f 8410 8424 8425
f 8410 8425 8411
f 8411 8425 8426
f 8411 8426 8412
f 8412 8426 8427
f 8412 8427 8413
f 8413 8427 8428
f 8413 8428 8414
f 8414 8428 8429
f 8414 8429 8415
f 8415 8429 8430
f 8415 8430 8416
f 8416 8430 8431
f 8416 8431 8417
f 8417 8431 8432
f 8418 8433 8419
f 8419 8433 8434
f 8419 8434 8420
f 8420 8434 8435
f 8420 8435 8421
f 8421 8435 8436
f 8421 8436 8422
f 8422 8436 8437
f 8422 8437 8423
f 8423 8437 8438
f 8423 8438 8424
f 8424 8438 8439
f 8424 8439 8425
f 8425 8439 8440
f 8425 8440 8426
f 8426 8440 8441
f 8426 8441 8427
f 8427 8441 8442
f 8427 8442 8428
f 8428 8442 8443
f 8428 8443 8429
f 8429 8443 8444
f 8429 8444 8430
f 8430 8444 8445
f 8430 8445 8431
f 8431 8445 8446
f 8431 8446 8432
f 8432 8446 8447
f 8433 8448 8434
f 8434 8448 8449
f 8434 8449 8435
f 8435 8449 8450
f 8435 8450 8436
f 8436 8450 8451
f 8436 8451 8437
f 8437 8451 8452
f 8437 8452 8438
f 8438 8452 8453
f 8438 8453 8439
f 8439 8453 8454
f 8439 8454 8440
f 8440 8454 8455
f 8440 8455 8441
f 8441 8455 8456
f 8441 8456 8442
f 8442 8456 8457
f 8442 8457 8443
f 8443 8457 8458
f 8443 8458 8444
f 8444 8458 8459
f 8444 8459 8445
f 8445 8459 8460
f 8445 8460 8446
f 8446 8460 8461
f 8446 8461 8447
f 8447 8461 8462
f 8448 8463 8449
f 8449 8463 8464
f 8449 8464 8450
f 8450 8464 8465
f 8450 8465 8451
f 8451 8465 8466
f 8451 8466 8452
f 8452 8466 8467
f 8452 8467 8453
f 8453 8467 8468
f 8453 8468 8454
f 8454 8468 8469
f 8454 8469 8455
f 8455 8469 8470
f 8455 8470 8456
f 8456 8470 8471
f 8456 8471 8457
f 8457 8471 8472
f 8457 8472 8458
f 8458 8472 8473
f 8458 8473 8459
f 8459 8473 8474
f 8459 8474 8460
f 8460 8474 8475
f 8460 8475 8461
f 8461 8475 8476
f 8461 8476 8462
f 8462 8476 8477
f 8463 8478 8464
f 8464 8478 8479
f 8464 8479 8465
f 8465 8479 8480
f 8465 8480 8466
f 8466 8480 8481
f 8466 8481 8467
f 8467 8481 8482
f 8467 8482 8468
f 8468 8482 8483
f 8468 8483 8469
f 8469 8483 8484
f 8469 8484 8470
f 8470 8484 8485
f 8470 8485 8471
f 8471 8485 8486
f 8471 8486 8472
f 8472 8486 8487
f 8472 8487 8473
f 8473 8487 8488
f 8473 8488 8474
f 8474 8488 8489
f 8474 8489 8475
f 8475 8489 8490
f 8475 8490 8476
f 8476 8490 8491
f 8476 8491 8477
f 8477 8491 8492
f 8478 8493 8479
f 8479 8493 8494
f 8479 8494 8480
f 8480 8494 8495
f 8480 8495 8481
f 8481 8495 8496
f 8481 8496 8482
f 8482 8496 8497
f 8482 8497 8483
f 8483 8497 8498
f 8483 8498 8484
f 8484 8498 8499
f 8484 8499 8485
f 8485 8499 8500
f 8485 8500 8486
f 8486 8500 8501
f 8486 8501 8487
f 8487 8501 8502
f 8487 8502 8488
f 8488 8502 8503
f 8488 8503 8489
f 8489 8503 8504
f 8489 8504 8490
f 8490 8504 8505
f 8490 8505 8491
f 8491 8505 8506
f 8491 8506 8492
f 8492 8506 8507
f 8493 8508 8494
f 8494 8508 8509
f 8494 8509 8495
f 8495 8509 8510
f 8495 8510 8496
f 8496 8510 8511
f 8496 8511 8497
f 8497 8511 8512
f 8497 8512 8498
f 8498 8512 8513
f 8498 8513 8499
f 8499 8513 8514
f 8499 8514 8500
f 8500 8514 8515
f 8500 8515 8501
f 8501 8515 8516
f 8501 8516 8502
f 8502 8516 8517
f 8502 8517 8503
f 8503 8517 8518
f 8503 8518 8504
f 8504 8518 8519
f 8504 8519 8505
f 8505 8519 8520
f 8505 8520 8506
f 8506 8520 8521
f 8506 8521 8507
f 8507 8521 8522
f 8508 8523 8509
f 8509 8523 8524
f 8509 8524 8510
f 8510 8524 8525
f 8510 8525 8511
f 8511 8525 8526
f 8511 8526 8512
f 8512 8526 8527
f 8512 8527 8513
f 8513 8527 8528
f 8513 8528 8514
f 8514 8528 8529
f 8514 8529 8515
f 8515 8529 8530
f 8515 8530 8516
f 8516 8530 8531
f 8516 8531 8517
f 8517 8531 8532
f 8517 8532 8518
f 8518 8532 8533
f 8518 8533 8519
f 8519 8533 8534
f 8519 8534 8520
f 8520 8534 8535
f 8520 8535 8521
f 8521 8535 8536
f 8521 8536 8522
f 8522 8536 8537
f 8523 8538 8524
f 8524 8538 8539
f 8524 8539 8525
f 8525 8539 8540
f 8525 8540 8526
f 8526 8540 8541
f 8526 8541 8527
f 8527 8541 8542
f 8527 8542 8528
f 8528 8542 8543
f 8528 8543 8529
f 8529 8543 8544
f 8529 8544 8530
f 8530 8544 8545
f 8530 8545 8531
f 8531 8545 8546
f 8531 8546 8532
f 8532 8546 8547
f 8532 8547 8533
f 8533 8547 8548
f 8533 8548 8534
f 8534 8548 8549
f 8534 8549 8535
f 8535 8549 8550
f 8535 8550 8536
f 8536 8550 8551
f 8536 8551 8537
f 8537 8551 8552
f 8538 8553 8539
f 8539 8553 8554
f 8539 8554 8540
f 8540 8554 8555
f 8540 8555 8541
f 8541 8555 8556
f 8541 8556 8542
f 8542 8556 8557
f 8542 8557 8543
f 8543 8557 8558
f 8543 8558 8544
f 8544 8558 8559
f 8544 8559 8545
f 8545 8559 8560
f 8545 8560 8546
f 8546 8560 8561
f 8546 8561 8547
f 8547 8561 8562
f 8547 8562 8548
f 8548 8562 8563
f 8548 8563 8549
f 8549 8563 8564
f 8549 8564 8550
f 8550 8564 8565
f 8550 8565 8551
f 8551 8565 8566
f 8551 8566 8552
f 8552 8566 8567
f 8553 8568 8554
f 8554 8568 8569
f 8554 8569 8555
f 8555 8569 8570
f 8555 8570 8556
f 8556 8570 8571
f 8556 8571 8557
f 8557 8571 8572
f 8557 8572 8558
f 8558 8572 8573
f 8558 8573 8559
f 8559 8573 8574
f 8559 8574 8560
f 8560 8574 8575
f 8560 8575 8561
f 8561 8575 8576
f 8561 8576 8562
f 8562 8576 8577
f 8562 8577 8563
f 8563 8577 8578
f 8563 8578 8564
f 8564 8578 8579
f 8564 8579 8565
f 8565 8579 8580
f 8565 8580 8566
f 8566 8580 8581
f 8566 8581 8567
f 8567 8581 8582
f 8568 8583 8569
f 8569 8583 8584
f 8569 8584 8570
f 8570 8584 8585
f 8570 8585 8571
f 8571 8585 8586
f 8571 8586 8572
f 8572 8586 8587
f 8572 8587 8573
f 8573 8587 8588
f 8573 8588 8574
f 8574 8588 8589
f 8574 8589 8575
f 8575 8589 8590
f 8575 8590 8576
f 8576 8590 8591
f 8576 8591 8577
f 8577 8591 8592
f 8577 8592 8578
f 8578 8592 8593
f 8578 8593 8579
f 8579 8593 8594
f 8579 8594 8580
f 8580 8594 8595
f 8580 8595 8581
f 8581 8595 8596
f 8581 8596 8582
f 8582 8596 8597
f 8583 8598 8584
f 8584 8598 8599
f 8584 8599 8585
f 8585 8599 8600
f 8585 8600 8586
f 8586 8600 8601
f 8586 8601 8587
f 8587 8601 8602
f 8587 8602 8588
f 8588 8602 8603
f 8588 8603 8589
f 8589 8603 8604
f 8589 8604 8590
f 8590 8604 8605
f 8590 8605 8591
f 8591 8605 8606
f 8591 8606 8592
f 8592 8606 8607
f 8592 8607 8593
f 8593 8607 8608
f 8593 8608 8594
f 8594 8608 8609
f 8594 8609 8595
f 8595 8609 8610
f 8595 8610 8596
f 8596 8610 8611
f 8596 8611 8597
f 8597 8611 8612
f 8598 8613 8599
f 8599 8613 8614
f 8599 8614 8600
f 8600 8614 8615
f 8600 8615 8601
f 8601 8615 8616
f 8601 8616 8602
f 8602 8616 8617
f 8602 8617 8603
f 8603 8617 8618
f 8603 8618 8604
f 8604 8618 8619
f 8604 8619 8605
f 8605 8619 8620
f 8605 8620 8606
f 8606 8620 8621
f 8606 8621 8607
f 8607 8621 8622
f 8607 8622 8608
f 8608 8622 8623
f 8608 8623 8609
f 8609 8623 8624
f 8609 8624 8610
f 8610 8624 8625
f 8610 8625 8611
f 8611 8625 8626
f 8611 8626 8612
f 8612 8626 8627
f 8613 8628 8614
f 8614 8628 8629
f 8614 8629 8615
f 8615 8629 8630
f 8615 8630 8616
f 8616 8630 8631
f 8616 8631 8617
f 8617 8631 8632
f 8617 8632 8618
f 8618 8632 8633
f 8618 8633 8619
f 8619 8633 8634
f 8619 8634 8620
f 8620 8634 8635
f 8620 8635 8621
f 8621 8635 8636
f 8621 8636 8622
f 8622 8636 8637
f 8622 8637 8623
f 8623 8637 8638
f 8623 8638 8624
f 8624 8638 8639
f 8624 8639 8625
f 8625 8639 8640
f 8625 8640 8626
f 8626 8640 8641
f 8626 8641 8627
f 8627 8641 8642
f 8628 8643 8629
f 8629 8643 8644
f 8629 8644 8630
f 8630 8644 8645
f 8630 8645 8631
f 8631 8645 8646
f 8631 8646 8632
f 8632 8646 8647
f 8632 8647 8633
f 8633 8647 8648
f 8633 8648 8634
f 8634 8648 8649
f 8634 8649 8635
f 8635 8649 8650
f 8635 8650 8636
f 8636 8650 8651
f 8636 8651 8637
f 8637 8651 8652
f 8637 8652 8638
f 8638 8652 8653
f 8638 8653 8639
f 8639 8653 8654
f 8639 8654 8640
f 8640 8654 8655
f 8640 8655 8641
f 8641 8655 8656
f 8641 8656 8642
f 8642 8656 8657
f 8643 8658 8644
f 8644 8658 8659
f 8644 8659 8645
f 8645 8659 8660
f 8645 8660 8646
f 8646 8660 8661
f 8646 8661 8647
f 8647 8661 8662
f 8647 8662 8648
f 8648 8662 8663
f 8648 8663 8649
f 8649 8663 8664
f 8649 8664 8650
f 8650 8664 8665
f 8650 8665 8651
f 8651 8665 8666
f 8651 8666 8652
f 8652 8666 8667
f 8652 8667 8653
f 8653 8667 8668
f 8653 8668 8654
f 8654 8668 8669
f 8654 8669 8655
f 8655 8669 8670
f 8655 8670 8656
f 8656 8670 8671
f 8656 8671 8657
f 8657 8671 8672
f 8658 8673 8659
f 8659 8673 8674
f 8659 8674 8660
f 8660 8674 8675
f 8660 8675 8661
f 8661 8675 8676
f 8661 8676 8662
f 8662 8676 8677
f 8662 8677 8663
f 8663 8677 8678
f 8663 8678 8664
f 8664 8678 8679
f 8664 8679 8665
f 8665 8679 8680
f 8665 8680 8666
f 8666 8680 8681
f 8666 8681 8667
f 8667 8681 8682
f 8667 8682 8668
f 8668 8682 8683
f 8668 8683 8669
f 8669 8683 8684
f 8669 8684 8670
f 8670 8684 8685
f 8670 8685 8671
f 8671 8685 8686
f 8671 8686 8672
f 8672 8686 8687
f 8673 8688 8674
f 8674 8688 8689
f 8674 8689 8675
f 8675 8689 8690
f 8675 8690 8676
f 8676 8690 8691
f 8676 8691 8677
f 8677 8691 8692
f 8677 8692 8678
f 8678 8692 8693
f 8678 8693 8679
f 8679 8693 8694
f 8679 8694 8680
f 8680 8694 8695
f 8680 8695 8681
f 8681 8695 8696
f 8681 8696 8682
f 8682 8696 8697
f 8682 8697 8683
f 8683 8697 8698
f 8683 8698 8684
f 8684 8698 8699
f 8684 8699 8685
f 8685 8699 8700
f 8685 8700 8686
f 8686 8700 8701
f 8686 8701 8687
f 8687 8701 8702
f 8688 8703 8689
f 8689 8703 8704
f 8689 8704 8690
f 8690 8704 8705
f 8690 8705 8691
f 8691 8705 8706
f 8691 8706 8692
f 8692 8706 8707
f 8692 8707 8693
f 8693 8707 8708
f 8693 8708 8694
f 8694 8708 8709
f 8694 8709 8695
f 8695 8709 8710
f 8695 8710 8696
f 8696 8710 8711
f 8696 8711 8697
f 8697 8711 8712
f 8697 8712 8698
f 8698 8712 8713
f 8698 8713 8699
f 8699 8713 8714
f 8699 8714 8700
f 8700 8714 8715
f 8700 8715 8701
f 8701 8715 8716
f 8701 8716 8702
f 8702 8716 8717
f 8703 8718 8704
f 8704 8718 8719
f 8704 8719 8705
f 8705 8719 8720
f 8705 8720 8706
f 8706 8720 8721
f 8706 8721 8707
f 8707 8721 8722
f 8707 8722 8708
f 8708 8722 8723
f 8708 8723 8709
f 8709 8723 8724
f 8709 8724 8710
f 8710 8724 8725
f 8710 8725 8711
f 8711 8725 8726
f 8711 8726 8712
f 8712 8726 8727
f 8712 8727 8713
f 8713 8727 8728
f 8713 8728 8714
f 8714 8728 8729
f 8714 8729 8715
f 8715 8729 8730
f 8715 8730 8716
f 8716 8730 8731
f 8716 8731 8717
f 8717 8731 8732
f 8718 8733 8719
f 8719 8733 8734
f 8719 8734 8720
f 8720 8734 8735
f 8720 8735 8721
f 8721 8735 8736
f 8721 8736 8722
f 8722 8736 8737
f 8722 8737 8723
f 8723 8737 8738
f 8723 8738 8724
f 8724 8738 8739
f 8724 8739 8725
f 8725 8739 8740
f 8725 8740 8726
f 8726 8740 8741
f 8726 8741 8727
f 8727 8741 8742
f 8727 8742 8728
f 8728 8742 8743
f 8728 8743 8729
f 8729 8743 8744
f 8729 8744 8730
f 8730 8744 8745
f 8730 8745 8731
f 8731 8745 8746
f 8731 8746 8732
f 8732 8746 8747
f 8733 8748 8734
f 8734 8748 8749
f 8734 8749 8735
f 8735 8749 8750
f 8735 8750 8736
f 8736 8750 8751
f 8736 8751 8737
f 8737 8751 8752
f 8737 8752 8738
f 8738 8752 8753
f 8738 8753 8739
f 8739 8753 8754
f 8739 8754 8740
f 8740 8754 8755
f 8740 8755 8741
f 8741 8755 8756
f 8741 8756 8742
f 8742 8756 8757
f 8742 8757 8743
f 8743 8757 8758
f 8743 8758 8744
f 8744 8758 8759
f 8744 8759 8745
f 8745 8759 8760
f 8745 8760 8746
f 8746 8760 8761
f 8746 8761 8747
f 8747 8761 8762
f 8748 8763 8749
f 8749 8763 8764
f 8749 8764 8750
f 8750 8764 8765
f 8750 8765 8751
f 8751 8765 8766
f 8751 8766 8752
f 8752 8766 8767
f 8752 8767 8753
f 8753 8767 8768
f 8753 8768 8754
f 8754 8768 8769
f 8754 8769 8755
f 8755 8769 8770
f 8755 8770 8756
f 8756 8770 8771
f 8756 8771 8757
f 8757 8771 8772
f 8757 8772 8758
f 8758 8772 8773
f 8758 8773 8759
f 8759 8773 8774
f 8759 8774 8760
f 8760 8774 8775
f 8760 8775 8761
f 8761 8775 8776
f 8761 8776 8762
f 8762 8776 8777
f 8763 8778 8764
f 8764 8778 8779
f 8764 8779 8765
f 8765 8779 8780
f 8765 8780 8766
f 8766 8780 8781
f 8766 8781 8767
f 8767 8781 8782
f 8767 8782 8768
f 8768 8782 8783
f 8768 8783 8769
f 8769 8783 8784
f 8769 8784 8770
f 8770 8784 8785
f 8770 8785 8771
f 8771 8785 8786
f 8771 8786 8772
f 8772 8786 8787
f 8772 8787 8773
f 8773 8787 8788
f 8773 8788 8774
f 8774 8788 8789
f 8774 8789 8775
f 8775 8789 8790
f 8775 8790 8776
f 8776 8790 8791
f 8776 8791 8777
f 8777 8791 8792
f 8778 8793 8779
f 8779 8793 8794
f 8779 8794 8780
f 8780 8794 8795
f 8780 8795 8781
f 8781 8795 8796
f 8781 8796 8782
f 8782 8796 8797
f 8782 8797 8783
f 8783 8797 8798
f 8783 8798 8784
f 8784 8798 8799
f 8784 8799 8785
f 8785 8799 8800
f 8785 8800 8786
f 8786 8800 8801
f 8786 8801 8787
f 8787 8801 8802
f 8787 8802 8788
f 8788 8802 8803
f 8788 8803 8789
f 8789 8803 8804
f 8789 8804 8790
f 8790 8804 8805
f 8790 8805 8791
f 8791 8805 8806
f 8791 8806 8792
f 8792 8806 8807
f 8793 8808 8794
f 8794 8808 8809
f 8794 8809 8795
f 8795 8809 8810
f 8795 8810 8796
f 8796 8810 8811
f 8796 8811 8797
f 8797 8811 8812
f 8797 8812 8798
f 8798 8812 8813
f 8798 8813 8799
f 8799 8813 8814
f 8799 8814 8800
f 8800 8814 8815
f 8800 8815 8801
f 8801 8815 8816
f 8801 8816 8802
f 8802 8816 8817
f 8802 8817 8803
f 8803 8817 8818
f 8803 8818 8804
f 8804 8818 8819
f 8804 8819 8805
f 8805 8819 8820
f 8805 8820 8806
f 8806 8820 8821
f 8806 8821 8807
f 8807 8821 8822
f 8808 8823 8809
f 8809 8823 8824
f 8809 8824 8810
f 8810 8824 8825
f 8810 8825 8811
f 8811 8825 8826
f 8811 8826 8812
f 8812 8826 8827
f 8812 8827 8813
f 8813 8827 8828
f 8813 8828 8814
f 8814 8828 8829
f 8814 8829 8815
f 8815 8829 8830
f 8815 8830 8816
f 8816 8830 8831
f 8816 8831 8817
f 8817 8831 8832
f 8817 8832 8818
f 8818 8832 8833
f 8818 8833 8819
f 8819 8833 8834
f 8819 8834 8820
f 8820 8834 8835
f 8820 8835 8821
f 8821 8835 8836
f 8821 8836 8822
f 8822 8836 8837
f 8823 8838 8824
f 8824 8838 8839
f 8824 8839 8825
f 8825 8839 8840
f 8825 8840 8826
f 8826 8840 8841
f 8826 8841 8827
f 8827 8841 8842
f 8827 8842 8828
f 8828 8842 8843
f 8828 8843 8829
f 8829 8843 8844
f 8829 8844 8830
f 8830 8844 8845
f 8830 8845 8831
f 8831 8845 8846
f 8831 8846 8832
f 8832 8846 8847
f 8832 8847 8833
f 8833 8847 8848
f 8833 8848 8834
f 8834 8848 8849
f 8834 8849 8835
f 8835 8849 8850
f 8835 8850 8836
f 8836 8850 8851
f 8836 8851 8837
f 8837 8851 8852
f 8838 8853 8839
f 8839 8853 8854
f 8839 8854 8840
f 8840 8854 8855
f 8840 8855 8841
f 8841 8855 8856
f 8841 8856 8842
f 8842 8856 8857
f 8842 8857 8843
f 8843 8857 8858
f 8843 8858 8844
f 8844 8858 8859
f 8844 8859 8845
f 8845 8859 8860
f 8845 8860 8846
f 8846 8860 8861
f 8846 8861 8847
f 8847 8861 8862
f 8847 8862 8848
f 8848 8862 8863
f 8848 8863 8849
f 8849 8863 8864
f 8849 8864 8850
f 8850 8864 8865
f 8850 8865 8851
f 8851 8865 8866
f 8851 8866 8852
f 8852 8866 8867
f 8853 8868 8854
f 8854 8868 8869
f 8854 8869 8855
f 8855 8869 8870
f 8855 8870 8856
f 8856 8870 8871
f 8856 8871 8857
f 8857 8871 8872
f 8857 8872 8858
f 8858 8872 8873
f 8858 8873 8859
f 8859 8873 8874
f 8859 8874 8860
f 8860 8874 8875
f 8860 8875 8861
f 8861 8875 8876
f 8861 8876 8862
f 8862 8876 8877
f 8862 8877 8863
f 8863 8877 8878
f 8863 8878 8864
f 8864 8878 8879
f 8864 8879 8865
f 8865 8879 8880
f 8865 8880 8866
f 8866 8880 8881
f 8866 8881 8867
f 8867 8881 8882
f 8868 8883 8869
f 8869 8883 8884
f 8869 8884 8870
f 8870 8884 8885
f 8870 8885 8871
f 8871 8885 8886
f 8871 8886 8872
f 8872 8886 8887
f 8872 8887 8873
f 8873 8887 8888
f 8873 8888 8874
f 8874 8888 8889
f 8874 8889 8875
f 8875 8889 8890
f 8875 8890 8876
f 8876 8890 8891
f 8876 8891 8877
f 8877 8891 8892
f 8877 8892 8878
f 8878 8892 8893
f 8878 8893 8879
f 8879 8893 8894
f 8879 8894 8880
f 8880 8894 8895
f 8880 8895 8881
f 8881 8895 8896
f 8881 8896 8882
f 8882 8896 8897
f 8883 8898 8884
f 8884 8898 8899
f 8884 8899 8885
f 8885 8899 8900
f 8885 8900 8886
f 8886 8900 8901
f 8886 8901 8887
f 8887 8901 8902
f 8887 8902 8888
f 8888 8902 8903
f 8888 8903 8889
f 8889 8903 8904
f 8889 8904 8890
f 8890 8904 8905
f 8890 8905 8891
f 8891 8905 8906
f 8891 8906 8892
f 8892 8906 8907
f 8892 8907 8893
f 8893 8907 8908
f 8893 8908 8894
f 8894 8908 8909
f 8894 8909 8895
f 8895 8909 8910
f 8895 8910 8896
f 8896 8910 8911
f 8896 8911 8897
f 8897 8911 8912
f 8898 8913 8899
f 8899 8913 8914
f 8899 8914 8900
f 8900 8914 8915
f 8900 8915 8901
f 8901 8915 8916
f 8901 8916 8902
f 8902 8916 8917
f 8902 8917 8903
f 8903 8917 8918
f 8903 8918 8904
f 8904 8918 8919
f 8904 8919 8905
f 8905 8919 8920
f 8905 8920 8906
f 8906 8920 8921
f 8906 8921 8907
f 8907 8921 8922
f 8907 8922 8908
f 8908 8922 8923
f 8908 8923 8909
f 8909 8923 8924
f 8909 8924 8910
f 8910 8924 8925
f 8910 8925 8911
f 8911 8925 8926
f 8911 8926 8912
f 8912 8926 8927
f 8913 8928 8914
f 8914 8928 8929
f 8914 8929 8915
f 8915 8929 8930
f 8915 8930 8916
f 8916 8930 8931
f 8916 8931 8917
f 8917 8931 8932
f 8917 8932 8918
f 8918 8932 8933
f 8918 8933 8919
f 8919 8933 8934
f 8919 8934 8920
f 8920 8934 8935
f 8920 8935 8921
f 8921 8935 8936
f 8921 8936 8922
f 8922 8936 8937
f 8922 8937 8923
f 8923 8937 8938
f 8923 8938 8924
f 8924 8938 8939
f 8924 8939 8925
f 8925 8939 8940
f 8925 8940 8926
f 8926 8940 8941
f 8926 8941 8927
f 8927 8941 8942
f 8928 8943 8929
f 8929 8943 8944
f 8929 8944 8930
f 8930 8944 8945
f 8930 8945 8931
f 8931 8945 8946
f 8931 8946 8932
f 8932 8946 8947
f 8932 8947 8933
f 8933 8947 8948
f 8933 8948 8934
f 8934 8948 8949
f 8934 8949 8935
f 8935 8949 8950
f 8935 8950 8936
f 8936 8950 8951
f 8936 8951 8937
f 8937 8951 8952
f 8937 8952 8938
f 8938 8952 8953
f 8938 8953 8939
f 8939 8953 8954
f 8939 8954 8940
f 8940 8954 8955
f 8940 8955 8941
f 8941 8955 8956
f 8941 8956 8942
f 8942 8956 8957
f 8943 8958 8944
f 8944 8958 8959
f 8944 8959 8945
f 8945 8959 8960
f 8945 8960 8946
f 8946 8960 8961
f 8946 8961 8947
f 8947 8961 8962
f 8947 8962 8948
f 8948 8962 8963
f 8948 8963 8949
f 8949 8963 8964
f 8949 8964 8950
f 8950 8964 8965
f 8950 8965 8951
f 8951 8965 8966
f 8951 8966 8952
f 8952 8966 8967
f 8952 8967 8953
f 8953 8967 8968
f 8953 8968 8954
f 8954 8968 8969
f 8954 8969 8955
f 8955 8969 8970
f 8955 8970 8956
f 8956 8970 8971
f 8956 8971 8957
f 8957 8971 8972
f 8958 8973 8959
f 8959 8973 8974
f 8959 8974 8960
f 8960 8974 8975
f 8960 8975 8961
f 8961 8975 8976
f 8961 8976 8962
f 8962 8976 8977
f 8962 8977 8963
f 8963 8977 8978
f 8963 8978 8964
f 8964 8978 8979
f 8964 8979 8965
f 8965 8979 8980
f 8965 8980 8966
f 8966 8980 8981
f 8966 8981 8967
f 8967 8981 8982
f 8967 8982 8968
f 8968 8982 8983
f 8968 8983 8969
f 8969 8983 8984
f 8969 8984 8970
f 8970 8984 8985
f 8970 8985 8971
f 8971 8985 8986
f 8971 8986 8972
f 8972 8986 8987
f 8973 8988 8974
f 8974 8988 8989
f 8974 8989 8975
f 8975 8989 8990
f 8975 8990 8976
f 8976 8990 8991
f 8976 8991 8977
f 8977 8991 8992
f 8977 8992 8978
f 8978 8992 8993
f 8978 8993 8979
f 8979 8993 8994
f 8979 8994 8980
f 8980 8994 8995
f 8980 8995 8981
f 8981 8995 8996
f 8981 8996 8982
f 8982 8996 8997
f 8982 8997 8983
f 8983 8997 8998
f 8983 8998 8984
f 8984 8998 8999
f 8984 8999 8985
f 8985 8999 9000
f 8985 9000 8986
f 8986 9000 9001
f 8986 9001 8987
f 8987 9001 9002
f 8988 9003 8989
f 8989 9003 9004
f 8989 9004 8990
f 8990 9004 9005
f 8990 9005 8991
f 8991 9005 9006
f 8991 9006 8992
f 8992 9006 9007
f 8992 9007 8993
f 8993 9007 9008
f 8993 9008 8994
f 8994 9008 9009
f 8994 9009 8995
f 8995 9009 9010
f 8995 9010 8996
f 8996 9010 9011
f 8996 9011 8997
f 8997 9011 9012
f 8997 9012 8998
f 8998 9012 9013
f 8998 9013 8999
f 8999 9013 9014
f 8999 9014 9000
f 9000 9014 9015
f 9000 9015 9001
f 9001 9015 9016
f 9001 9016 9002
f 9002 9016 9017
f 9003 9018 9004
f 9004 9018 9019
f 9004 9019 9005
f 9005 9019 9020
f 9005 9020 9006
f 9006 9020 9021
f 9006 9021 9007
f 9007 9021 9022
f 9007 9022 9008
f 9008 9022 9023
f 9008 9023 9009
f 9009 9023 9024
f 9009 9024 9010
f 9010 9024 9025
f 9010 9025 9011
f 9011 9025 9026
f 9011 9026 9012
f 9012 9026 9027
f 9012 9027 9013
f 9013 9027 9028
f 9013 9028 9014
f 9014 9028 9029
f 9014 9029 9015
f 9015 9029 9030
f 9015 9030 9016
f 9016 9030 9031
f 9016 9031 9017
f 9017 9031 9032
f 9018 9033 9019
f 9019 9033 9034
f 9019 9034 9020
f 9020 9034 9035
f 9020 9035 9021
f 9021 9035 9036
f 9021 9036 9022
f 9022 9036 9037
f 9022 9037 9023
f 9023 9037 9038
f 9023 9038 9024
f 9024 9038 9039
f 9024 9039 9025
f 9025 9039 9040
f 9025 9040 9026
f 9026 9040 9041
f 9026 9041 9027
f 9027 9041 9042
f 9027 9042 9028
f 9028 9042 9043
f 9028 9043 9029
f 9029 9043 9044
f 9029 9044 9030
f 9030 9044 9045
f 9030 9045 9031
f 9031 9045 9046
f 9031 9046 9032
f 9032 9046 9047
f 9033 9048 9034
f 9034 9048 9049
f 9034 9049 9035
f 9035 9049 9050
f 9035 9050 9036
f 9036 9050 9051
f 9036 9051 9037
f 9037 9051 9052
f 9037 9052 9038
f 9038 9052 9053
f 9038 9053 9039
f 9039 9053 9054
f 9039 9054 9040
f 9040 9054 9055
f 9040 9055 9041
f 9041 9055 9056
f 9041 9056 9042
f 9042 9056 9057
f 9042 9057 9043
f 9043 9057 9058
f 9043 9058 9044
f 9044 9058 9059
f 9044 9059 9045
f 9045 9059 9060
f 9045 9060 9046
f 9046 9060 9061
f 9046 9061 9047
f 9047 9061 9062
f 9048 9063 9049
f 9049 9063 9064
f 9049 9064 9050
f 9050 9064 9065
f 9050 9065 9051
f 9051 9065 9066
f 9051 9066 9052
f 9052 9066 9067
f 9052 9067 9053
f 9053 9067 9068
f 9053 9068 9054
f 9054 9068 9069
f 9054 9069 9055
f 9055 9069 9070
f 9055 9070 9056
f 9056 9070 9071
f 9056 9071 9057
f 9057 9071 9072
f 9057 9072 9058
f 9058 9072 9073
f 9058 9073 9059
f 9059 9073 9074
f 9059 9074 9060
f 9060 9074 9075
f 9060 9075 9061
f 9061 9075 9076
f 9061 9076 9062
f 9062 9076 9077
f 9063 9078 9064
f 9064 9078 9079
f 9064 9079 9065
f 9065 9079 9080
f 9065 9080 9066
f 9066 9080 9081
f 9066 9081 9067
f 9067 9081 9082
f 9067 9082 9068
f 9068 9082 9083
f 9068 9083 9069
f 9069 9083 9084
f 9069 9084 9070
f 9070 9084 9085
f 9070 9085 9071
f 9071 9085 9086
f 9071 9086 9072
f 9072 9086 9087
f 9072 9087 9073
f 9073 9087 9088
f 9073 9088 9074
f 9074 9088 9089
f 9074 9089 9075
f 9075 9089 9090
f 9075 9090 9076
f 9076 9090 9091
f 9076 9091 9077
f 9077 9091 9092
f 9078 9093 9079
f 9079 9093 9094
f 9079 9094 9080
f 9080 9094 9095
f 9080 9095 9081
f 9081 9095 9096
f 9081 9096 9082
f 9082 9096 9097
f 9082 9097 9083
f 9083 9097 9098
f 9083 9098 9084
f 9084 9098 9099
f 9084 9099 9085
f 9085 9099 9100
f 9085 9100 9086
f 9086 9100 9101
f 9086 9101 9087
f 9087 9101 9102
f 9087 9102 9088
f 9088 9102 9103
f 9088 9103 9089
f 9089 9103 9104
f 9089 9104 9090
f 9090 9104 9105
f 9090 9105 9091
f 9091 9105 9106
f 9091 9106 9092
f 9092 9106 9107
f 9093 9108 9094
f 9094 9108 9109
f 9094 9109 9095
f 9095 9109 9110
f 9095 9110 9096
f 9096 9110 9111
f 9096 9111 9097
f 9097 9111 9112
f 9097 9112 9098
f 9098 9112 9113
f 9098 9113 9099
f 9099 9113 9114
f 9099 9114 9100
f 9100 9114 9115
f 9100 9115 9101
f 9101 9115 9116
f 9101 9116 9102
f 9102 9116 9117
f 9102 9117 9103
f 9103 9117 9118
f 9103 9118 9104
f 9104 9118 9119
f 9104 9119 9105
f 9105 9119 9120
f 9105 9120 9106
f 9106 9120 9121
f 9106 9121 9107
f 9107 9121 9122
f 9108 9123 9109
f 9109 9123 9124
f 9109 9124 9110
f 9110 9124 9125
f 9110 9125 9111
f 9111 9125 9126
f 9111 9126 9112
f 9112 9126 9127
f 9112 9127 9113
f 9113 9127 9128
f 9113 9128 9114
f 9114 9128 9129
f 9114 9129 9115
f 9115 9129 9130
f 9115 9130 9116
f 9116 9130 9131
f 9116 9131 9117
f 9117 9131 9132
f 9117 9132 9118
f 9118 9132 9133
f 9118 9133 9119
f 9119 9133 9134
f 9119 9134 9120
f 9120 9134 9135
f 9120 9135 9121
f 9121 9135 9136
f 9121 9136 9122
f 9122 9136 9137
f 9123 9138 9124
f 9124 9138 9139
f 9124 9139 9125
f 9125 9139 9140
f 9125 9140 9126
f 9126 9140 9141
f 9126 9141 9127
f 9127 9141 9142
f 9127 9142 9128
f 9128 9142 9143
f 9128 9143 9129
f 9129 9143 9144
f 9129 9144 9130
f 9130 9144 9145
f 9130 9145 9131
f 9131 9145 9146
f 9131 9146 9132
f 9132 9146 9147
f 9132 9147 9133
f 9133 9147 9148
f 9133 9148 9134
f 9134 9148 9149
f 9134 9149 9135
f 9135 9149 9150
f 9135 9150 9136
f 9136 9150 9151
f 9136 9151 9137
f 9137 9151 9152
f 9138 9153 9139
f 9139 9153 9154
f 9139 9154 9140
f 9140 9154 9155
f 9140 9155 9141
f 9141 9155 9156
f 9141 9156 9142
f 9142 9156 9157
f 9142 9157 9143
f 9143 9157 9158
f 9143 9158 9144
f 9144 9158 9159
f 9144 9159 9145
f 9145 9159 9160
f 9145 9160 9146
f 9146 9160 9161
f 9146 9161 9147
f 9147 9161 9162
f 9147 9162 9148
f 9148 9162 9163
f 9148 9163 9149
f 9149 9163 9164
f 9149 9164 9150
f 9150 9164 9165
f 9150 9165 9151
f 9151 9165 9166
f 9151 9166 9152
f 9152 9166 9167
f 9153 9168 9154
f 9154 9168 9169
f 9154 9169 9155
f 9155 9169 9170
f 9155 9170 9156
f 9156 9170 9171
f 9156 9171 9157
f 9157 9171 9172
f 9157 9172 9158
f 9158 9172 9173
f 9158 9173 9159
f 9159 9173 9174
f 9159 9174 9160
f 9160 9174 9175
f 9160 9175 9161
f 9161 9175 9176
f 9161 9176 9162
f 9162 9176 9177
f 9162 9177 9163
f 9163 9177 9178
f 9163 9178 9164
f 9164 9178 9179
f 9164 9179 9165
f 9165 9179 9180
f 9165 9180 9166
f 9166 9180 9181
f 9166 9181 9167
f 9167 9181 9182
f 9168 9183 9169
f 9169 9183 9184
f 9169 9184 9170
f 9170 9184 9185
f 9170 9185 9171
f 9171 9185 9186
f 9171 9186 9172
f 9172 9186 9187
f 9172 9187 9173
f 9173 9187 9188
f 9173 9188 9174
f 9174 9188 9189
f 9174 9189 9175
f 9175 9189 9190
f 9175 9190 9176
f 9176 9190 9191
f 9176 9191 9177
f 9177 9191 9192
f 9177 9192 9178
f 9178 9192 9193
f 9178 9193 9179
f 9179 9193 9194
f 9179 9194 9180
f 9180 9194 9195
f 9180 9195 9181
f 9181 9195 9196
f 9181 9196 9182
f 9182 9196 9197
f 9183 9198 9184
f 9184 9198 9199
f 9184 9199 9185
f 9185 9199 9200
f 9185 9200 9186
f 9186 9200 9201
f 9186 9201 9187
f 9187 9201 9202
f 9187 9202 9188
f 9188 9202 9203
f 9188 9203 9189
f 9189 9203 9204
f 9189 9204 9190
f 9190 9204 9205
f 9190 9205 9191
f 9191 9205 9206
f 9191 9206 9192
f 9192 9206 9207
f 9192 9207 9193
f 9193 9207 9208
f 9193 9208 9194
f 9194 9208 9209
f 9194 9209 9195
f 9195 9209 9210
f 9195 9210 9196
f 9196 9210 9211
f 9196 9211 9197
f 9197 9211 9212
f 9198 9213 9199
f 9199 9213 9214
f 9199 9214 9200
f 9200 9214 9215
f 9200 9215 9201
f 9201 9215 9216
f 9201 9216 9202
f 9202 9216 9217
f 9202 9217 9203
f 9203 9217 9218
f 9203 9218 9204
f 9204 9218 9219
f 9204 9219 9205
f 9205 9219 9220
f 9205 9220 9206
f 9206 9220 9221
f 9206 9221 9207
f 9207 9221 9222
f 9207 9222 9208
f 9208 9222 9223
f 9208 9223 9209
f 9209 9223 9224
f 9209 9224 9210
f 9210 9224 9225
f 9210 9225 9211
f 9211 9225 9226
f 9211 9226 9212
f 9212 9226 9227
f 9213 9228 9214
f 9214 9228 9229
f 9214 9229 9215
f 9215 9229 9230
f 9215 9230 9216
f 9216 9230 9231
f 9216 9231 9217
f 9217 9231 9232
f 9217 9232 9218
f 9218 9232 9233
f 9218 9233 9219
f 9219 9233 9234
f 9219 9234 9220
f 9220 9234 9235
f 9220 9235 9221
f 9221 9235 9236
f 9221 9236 9222
f 9222 9236 9237
f 9222 9237 9223
f 9223 9237 9238
f 9223 9238 9224
f 9224 9238 9239
f 9224 9239 9225
f 9225 9239 9240
f 9225 9240 9226
f 9226 9240 9241
f 9226 9241 9227
f 9227 9241 9242
f 9228 9243 9229
f 9229 9243 9244
f 9229 9244 9230
f 9230 9244 9245
f 9230 9245 9231
f 9231 9245 9246
f 9231 9246 9232
f 9232 9246 9247
f 9232 9247 9233
f 9233 9247 9248
f 9233 9248 9234
f 9234 9248 9249
f 9234 9249 9235
f 9235 9249 9250
f 9235 9250 9236
f 9236 9250 9251
f 9236 9251 9237
f 9237 9251 9252
f 9237 9252 9238
f 9238 9252 9253
f 9238 9253 9239
f 9239 9253 9254
f 9239 9254 9240
f 9240 9254 9255
f 9240 9255 9241
f 9241 9255 9256
f 9241 9256 9242
f 9242 9256 9257
f 9243 9258 9244
f 9244 9258 9259
f 9244 9259 9245
f 9245 9259 9260
f 9245 9260 9246
f 9246 9260 9261
f 9246 9261 9247
f 9247 9261 9262
f 9247 9262 9248
f 9248 9262 9263
f 9248 9263 9249
f 9249 9263 9264
f 9249 9264 9250
f 9250 9264 9265
f 9250 9265 9251
f 9251 9265 9266
f 9251 9266 9252
f 9252 9266 9267
f 9252 9267 9253
f 9253 9267 9268
f 9253 9268 9254
f 9254 9268 9269
f 9254 9269 9255
f 9255 9269 9270
f 9255 9270 9256
f 9256 9270 9271
f 9256 9271 9257
f 9257 9271 9272
f 9258 9273 9259
f 9259 9273 9274
f 9259 9274 9260
f 9260 9274 9275
f 9260 9275 9261
f 9261 9275 9276
f 9261 9276 9262
f 9262 9276 9277
f 9262 9277 9263
f 9263 9277 9278
f 9263 9278 9264
f 9264 9278 9279
f 9264 9279 9265
f 9265 9279 9280
f 9265 9280 9266
f 9266 9280 9281
f 9266 9281 9267
f 9267 9281 9282
f 9267 9282 9268
f 9268 9282 9283
f 9268 9283 9269
f 9269 9283 9284
f 9269 9284 9270
f 9270 9284 9285
f 9270 9285 9271
f 9271 9285 9286
f 9271 9286 9272
f 9272 9286 9287
f 9273 9288 9274
f 9274 9288 9289
f 9274 9289 9275
f 9275 9289 9290
f 9275 9290 9276
f 9276 9290 9291
f 9276 9291 9277
f 9277 9291 9292
f 9277 9292 9278
f 9278 9292 9293
f 9278 9293 9279
f 9279 9293 9294
f 9279 9294 9280
f 9280 9294 9295
f 9280 9295 9281
f 9281 9295 9296
f 9281 9296 9282
f 9282 9296 9297
f 9282 9297 9283
f 9283 9297 9298
f 9283 9298 9284
f 9284 9298 9299
f 9284 9299 9285
f 9285 9299 9300
f 9285 9300 9286
f 9286 9300 9301
f 9286 9301 9287
f 9287 9301 9302
f 9288 9303 9289
f 9289 9303 9304
f 9289 9304 9290
f 9290 9304 9305
f 9290 9305 9291
f 9291 9305 9306
f 9291 9306 9292
f 9292 9306 9307
f 9292 9307 9293
f 9293 9307 9308
f 9293 9308 9294
f 9294 9308 9309
f 9294 9309 9295
f 9295 9309 9310
f 9295 9310 9296
f 9296 9310 9311
f 9296 9311 9297
f 9297 9311 9312
f 9297 9312 9298
f 9298 9312 9313
f 9298 9313 9299
f 9299 9313 9314
f 9299 9314 9300
f 9300 9314 9315
f 9300 9315 9301
f 9301 9315 9316
f 9301 9316 9302
f 9302 9316 9317
f 9303 9318 9304
f 9304 9318 9319
f 9304 9319 9305
f 9305 9319 9320
f 9305 9320 9306
f 9306 9320 9321
f 9306 9321 9307
f 9307 9321 9322
f 9307 9322 9308
f 9308 9322 9323
f 9308 9323 9309
f 9309 9323 9324
f 9309 9324 9310
f 9310 9324 9325
f 9310 9325 9311
f 9311 9325 9326
f 9311 9326 9312
f 9312 9326 9327
f 9312 9327 9313
f 9313 9327 9328
f 9313 9328 9314
f 9314 9328 9329
f 9314 9329 9315
f 9315 9329 9330
f 9315 9330 9316
f 9316 9330 9331
f 9316 9331 9317
f 9317 9331 9332
f 9318 9333 9319
f 9319 9333 9334
f 9319 9334 9320
f 9320 9334 9335
f 9320 9335 9321
f 9321 9335 9336
f 9321 9336 9322
f 9322 9336 9337
f 9322 9337 9323
f 9323 9337 9338
f 9323 9338 9324
f 9324 9338 9339
f 9324 9339 9325
f 9325 9339 9340
f 9325 9340 9326
f 9326 9340 9341
f 9326 9341 9327
f 9327 9341 9342
f 9327 9342 9328
f 9328 9342 9343
f 9328 9343 9329
f 9329 9343 9344
f 9329 9344 9330
f 9330 9344 9345
f 9330 9345 9331
f 9331 9345 9346
f 9331 9346 9332
f 9332 9346 9347
f 9333 8388 9334
f 9334 8388 8389
f 9334 8389 9335
f 9335 8389 8390
f 9335 8390 9336
f 9336 8390 8391
f 9336 8391 9337
f 9337 8391 8392
f 9337 8392 9338
f 9338 8392 8393
f 9338 8393 9339
f 9339 8393 8394
f 9339 8394 9340
f 9340 8394 8395
f 9340 8395 9341
f 9341 8395 8396
f 9341 8396 9342
f 9342 8396 8397
f 9342 8397 9343
f 9343 8397 8398
f 9343 8398 9344
f 9344 8398 8399
f 9344 8399 9345
f 9345 8399 8400
f 9345 8400 9346
f 9346 8400 8401
f 9346 8401 9347
f 9347 8401 8402
f 9348 9350 9352
f 9349 9353 9351
f 9350 9351 9352
f 9352 9351 9353
f 9348 9352 9354
f 9349 9355 9353
f 9352 9353 9354
f 9354 9353 9355
f 9348 9354 9356
f 9349 9357 9355
f 9354 9355 9356
f 9356 9355 9357
f 9348 9356 9358
f 9349 9359 9357
f 9356 9357 9358
f 9358 9357 9359
f 9348 9358 9360
f 9349 9361 9359
f 9358 9359 9360
f 9360 9359 9361
f 9348 9360 9362
f 9349 9363 9361
f 9360 9361 9362
f 9362 9361 9363
f 9348 9362 9364
f 9349 9365 9363
f 9362 9363 9364
f 9364 9363 9365
f 9348 9364 9366
f 9349 9367 9365
f 9364 9365 9366
f 9366 9365 9367
f 9348 9366 9368
f 9349 9369 9367
f 9366 9367 9368
f 9368 9367 9369
f 9348 9368 9370
f 9349 9371 9369
f 9368 9369 9370
f 9370 9369 9371
f 9348 9370 9372
f 9349 9373 9371
f 9370 9371 9372
f 9372 9371 9373
f 9348 9372 9374
f 9349 9375 9373
f 9372 9373 9374
f 9374 9373 9375
f 9348 9374 9376
f 9349 9377 9375
f 9374 9375 9376
f 9376 9375 9377
f 9348 9376 9378
f 9349 9379 9377
f 9376 9377 9378
f 9378 9377 9379
f 9348 9378 9380
f 9349 9381 9379
f 9378 9379 9380
f 9380 9379 9381
f 9348 9380 9382
f 9349 9383 9381
f 9380 9381 9382
f 9382 9381 9383
f 9348 9382 9384
f 9349 9385 9383
f 9382 9383 9384
f 9384 9383 9385
f 9348 9384 9386
f 9349 9387 9385
f 9384 9385 9386
f 9386 9385 9387
f 9348 9386 9388
f 9349 9389 9387
f 9386 9387 9388
f 9388 9387 9389
f 9348 9388 9390
f 9349 9391 9389
f 9388 9389 9390
f 9390 9389 9391
f 9348 9390 9392
f 9349 9393 9391
f 9390 9391 9392
f 9392 9391 9393
f 9348 9392 9394
f 9349 9395 9393
f 9392 9393 9394
f 9394 9393 9395
f 9348 9394 9396
f 9349 9397 9395
f 9394 9395 9396
f 9396 9395 9397
f 9348 9396 9398
f 9349 9399 9397
f 9396 9397 9398
f 9398 9397 9399
f 9348 9398 9400
f 9349 9401 9399
f 9398 9399 9400
f 9400 9399 9401
f 9348 9400 9402
f 9349 9403 9401
f 9400 9401 9402
f 9402 9401 9403
f 9348 9402 9404
f 9349 9405 9403
f 9402 9403 9404
f 9404 9403 9405
f 9348 9404 9406
f 9349 9407 9405
f 9404 9405 9406
f 9406 9405 9407
f 9348 9406 9408
f 9349 9409 9407
f 9406 9407 9408
f 9408 9407 9409
f 9348 9408 9410
f 9349 9411 9409
f 9408 9409 9410
f 9410 9409 9411
f 9348 9410 9412
f 9349 9413 9411
f 9410 9411 9412
f 9412 9411 9413
f 9348 9412 9414
f 9349 9415 9413
f 9412 9413 9414
f 9414 9413 9415
f 9348 9414 9416
f 9349 9417 9415
f 9414 9415 9416
f 9416 9415 9417
f 9348 9416 9418
f 9349 9419 9417
f 9416 9417 9418
f 9418 9417 9419
f 9348 9418 9420
f 9349 9421 9419
f 9418 9419 9420
f 9420 9419 9421
f 9348 9420 9422
f 9349 9423 9421
f 9420 9421 9422
f 9422 9421 9423
f 9348 9422 9424
f 9349 9425 9423
f 9422 9423 9424
f 9424 9423 9425
f 9348 9424 9426
f 9349 9427 9425
f 9424 9425 9426
f 9426 9425 9427
f 9348 9426 9428
f 9349 9429 9427
f 9426 9427 9428
f 9428 9427 9429
f 9348 9428 9430
f 9349 9431 9429
f 9428 9429 9430
f 9430 9429 9431
f 9348 9430 9432
f 9349 9433 9431
f 9430 9431 9432
f 9432 9431 9433
f 9348 9432 9434
f 9349 9435 9433
f 9432 9433 9434
f 9434 9433 9435
f 9348 9434 9436
f 9349 9437 9435
f 9434 9435 9436
f 9436 9435 9437
f 9348 9436 9438
f 9349 9439 9437
f 9436 9437 9438
f 9438 9437 9439
f 9348 9438 9440
f 9349 9441 9439
f 9438 9439 9440
f 9440 9439 9441
f 9348 9440 9442
f 9349 9443 9441
f 9440 9441 9442
f 9442 9441 9443
f 9348 9442 9444
f 9349 9445 9443
f 9442 9443 9444
f 9444 9443 9445
f 9348 9444 9446
f 9349 9447 9445
f 9444 9445 9446
f 9446 9445 9447
f 9348 9446 9448
f 9349 9449 9447
f 9446 9447 9448
f 9448 9447 9449
f 9348 9448 9450
f 9349 9451 9449
f 9448 9449 9450
f 9450 9449 9451
f 9348 9450 9452
f 9349 9453 9451
f 9450 9451 9452
f 9452 9451 9453
f 9348 9452 9454
f 9349 9455 9453
f 9452 9453 9454
f 9454 9453 9455
f 9348 9454 9456
f 9349 9457 9455
f 9454 9455 9456
f 9456 9455 9457
f 9348 9456 9458
f 9349 9459 9457
f 9456 9457 9458
f 9458 9457 9459
f 9348 9458 9460
f 9349 9461 9459
f 9458 9459 9460
f 9460 9459 9461
f 9348 9460 9462
f 9349 9463 9461
f 9460 9461 9462
f 9462 9461 9463
f 9348 9462 9464
f 9349 9465 9463
f 9462 9463 9464
f 9464 9463 9465
f 9348 9464 9466
f 9349 9467 9465
f 9464 9465 9466
f 9466 9465 9467
f 9348 9466 9468
f 9349 9469 9467
f 9466 9467 9468
f 9468 9467 9469
f 9348 9468 9470
f 9349 9471 9469
f 9468 9469 9470
f 9470 9469 9471
f 9348 9470 9472
f 9349 9473 9471
f 9470 9471 9472
f 9472 9471 9473
f 9348 9472 9474
f 9349 9475 9473
f 9472 9473 9474
f 9474 9473 9475
f 9348 9474 9476
f 9349 9477 9475
f 9474 9475 9476
f 9476 9475 9477
f 9348 9476 9350
f 9349 9351 9477
f 9476 9477 9350
f 9350 9477 9351
f 9478 9479 9480
f 9480 9479 9481
f 9480 9481 9482
f 9482 9481 9483
f 9482 9483 9484
f 9484 9483 9485
f 9484 9485 9486
f 9486 9485 9487
f 9486 9487 9488
f 9488 9487 9489
f 9488 9489 9490
f 9490 9489 9491
f 9490 9491 9492
f 9492 9491 9493
f 9492 9493 9494
f 9494 9493 9495
f 9494 9495 9496
f 9496 9495 9497
f 9496 9497 9498
f 9498 9497 9499
f 9498 9499 9500
f 9500 9499 9501
f 9500 9501 9502
f 9502 9501 9503
f 9502 9503 9504
f 9504 9503 9505
f 9504 9505 9506
f 9506 9505 9507
f 9506 9507 9508
f 9508 9507 9509
f 9508 9509 9510
f 9510 9509 9511
f 9510 9511 9512
f 9512 9511 9513
f 9512 9513 9514
f 9514 9513 9515
f 9514 9515 9516
f 9516 9515 9517
f 9516 9517 9518
f 9518 9517 9519
f 9518 9519 9520
f 9520 9519 9521
f 9520 9521 9522
f 9522 9521 9523
f 9522 9523 9524
f 9524 9523 9525
f 9524 9525 9526
f 9526 9525 9527
f 9526 9527 9528
f 9528 9527 9529
f 9528 9529 9530
f 9530 9529 9531
f 9530 9531 9532
f 9532 9531 9533
f 9532 9533 9534
f 9534 9533 9535
f 9534 9535 9536
f 9536 9535 9537
f 9536 9537 9538
f 9538 9537 9539
f 9538 9539 9540
f 9540 9539 9541
f 9540 9541 9542
f 9542 9541 9543
f 9542 9543 9544
f 9544 9543 9545
f 9544 9545 9546
f 9546 9545 9547
f 9546 9547 9548
f 9548 9547 9549
f 9548 9549 9550
f 9550 9549 9551
f 9550 9551 9552
f 9552 9551 9553
f 9552 9553 9554
f 9554 9553 9555
f 9554 9555 9556
f 9556 9555 9557
f 9556 9557 9558
f 9558 9557 9559
f 9558 9559 9560
f 9560 9559 9561
f 9560 9561 9562
f 9562 9561 9563
f 9562 9563 9564
f 9564 9563 9565
f 9564 9565 9566
f 9566 9565 9567
f 9566 9567 9568
f 9568 9567 9569
f 9568 9569 9570
f 9570 9569 9571
f 9570 9571 9572
f 9572 9571 9573
f 9572 9573 9574
f 9574 9573 9575
f 9574 9575 9576
f 9576 9575 9577
f 9576 9577 9578
f 9578 9577 9579
f 9578 9579 9580
f 9580 9579 9581
f 9580 9581 9582
f 9582 9581 9583
f 9582 9583 9584
f 9584 9583 9585
f 9584 9585 9586
f 9586 9585 9587
f 9586 9587 9588
f 9588 9587 9589
f 9588 9589 9590
f 9590 9589 9591
f 9590 9591 9592
f 9592 9591 9593
f 9592 9593 9594
f 9594 9593 9595
f 9594 9595 9596
f 9596 9595 9597
f 9596 9597 9598
f 9598 9597 9599
f 9598 9599 9600
f 9600 9599 9601
f 9600 9601 9602
f 9602 9601 9603
f 9602 9603 9604
f 9604 9603 9605
f 9604 9605 9478
f 9478 9605 9479
f 9606 9608 9610
f 9607 9611 9609
f 9608 9609 9610
f 9610 9609 9611
f 9606 9610 9612
f 9607 9613 9611
f 9610 9611 9612
f 9612 9611 9613
f 9606 9612 9614
f 9607 9615 9613
f 9612 9613 9614
f 9614 9613 9615
f 9606 9614 9616
f 9607 9617 9615
f 9614 9615 9616
f 9616 9615 9617
f 9606 9616 9618
f 9607 9619 9617
f 9616 9617 9618
f 9618 9617 9619
f 9606 9618 9620
f 9607 9621 9619
f 9618 9619 9620
f 9620 9619 9621
f 9606 9620 9622
f 9607 9623 9621
f 9620 9621 9622
f 9622 9621 9623
f 9606 9622 9624
f 9607 9625 9623
f 9622 9623 9624
f 9624 9623 9625
f 9606 9624 9626
f 9607 9627 9625
f 9624 9625 9626
f 9626 9625 9627
f 9606 9626 9628
f 9607 9629 9627
f 9626 9627 9628
f 9628 9627 9629
f 9606 9628 9630
f 9607 9631 9629
f 9628 9629 9630
f 9630 9629 9631
f 9606 9630 9632
f 9607 9633 9631
f 9630 9631 9632
f 9632 9631 9633
f 9606 9632 9634
f 9607 9635 9633
f 9632 9633 9634
f 9634 9633 9635
f 9606 9634 9636
f 9607 9637 9635
f 9634 9635 9636
f 9636 9635 9637
f 9606 9636 9638
f 9607 9639 9637
f 9636 9637 9638
f 9638 9637 9639
f 9606 9638 9640
f 9607 9641 9639
f 9638 9639 9640
f 9640 9639 9641
f 9606 9640 9642
f 9607 9643 9641
f 9640 9641 9642
f 9642 9641 9643
f 9606 9642 9644
f 9607 9645 9643
f 9642 9643 9644
f 9644 9643 9645
f 9606 9644 9646
f 9607 9647 9645
f 9644 9645 9646
f 9646 9645 9647
f 9606 9646 9648
f 9607 9649 9647
f 9646 9647 9648
f 9648 9647 9649
f 9606 9648 9650
f 9607 9651 9649
f 9648 9649 9650
f 9650 9649 9651
f 9606 9650 9652
f 9607 9653 9651
f 9650 9651 9652
f 9652 9651 9653
f 9606 9652 9654
f 9607 9655 9653
f 9652 9653 9654
f 9654 9653 9655
f 9606 9654 9656
f 9607 9657 9655
f 9654 9655 9656
f 9656 9655 9657
f 9606 9656 9658
f 9607 9659 9657
f 9656 9657 9658
f 9658 9657 9659
f 9606 9658 9660
f 9607 9661 9659
f 9658 9659 9660
f 9660 9659 9661
f 9606 9660 9662
f 9607 9663 9661
f 9660 9661 9662
f 9662 9661 9663
f 9606 9662 9664
f 9607 9665 9663
f 9662 9663 9664
f 9664 9663 9665
f 9606 9664 9666
f 9607 9667 9665
f 9664 9665 9666
f 9666 9665 9667
f 9606 9666 9668
f 9607 9669 9667
f 9666 9667 9668
f 9668 9667 9669
f 9606 9668 9670
f 9607 9671 9669
f 9668 9669 9670
f 9670 9669 9671
f 9606 9670 9672
f 9607 9673 9671
f 9670 9671 9672
f 9672 9671 9673
f 9606 9672 9674
f 9607 9675 9673
f 9672 9673 9674
f 9674 9673 9675
f 9606 9674 9676
f 9607 9677 9675
f 9674 9675 9676
f 9676 9675 9677
f 9606 9676 9678
f 9607 9679 9677
f 9676 9677 9678
f 9678 9677 9679
f 9606 9678 9680
f 9607 9681 9679
f 9678 9679 9680
f 9680 9679 9681
f 9606 9680 9682
f 9607 9683 9681
f 9680 9681 9682
f 9682 9681 9683
f 9606 9682 9684
f 9607 9685 9683
f 9682 9683 9684
f 9684 9683 9685
f 9606 9684 9686
f 9607 9687 9685
f 9684 9685 9686
f 9686 9685 9687
f 9606 9686 9688
f 9607 9689 9687
f 9686 9687 9688
f 9688 9687 9689
f 9606 9688 9690
f 9607 9691 9689
f 9688 9689 9690
f 9690 9689 9691
f 9606 9690 9692
f 9607 9693 9691
f 9690 9691 9692
f 9692 9691 9693
f 9606 9692 9694
f 9607 9695 9693
f 9692 9693 9694
f 9694 9693 9695
f 9606 9694 9696
f 9607 9697 9695
f 9694 9695 9696
f 9696 9695 9697
f 9606 9696 9698
f 9607 9699 9697
f 9696 9697 9698
f 9698 9697 9699
f 9606 9698 9700
f 9607 9701 9699
f 9698 9699 9700
f 9700 9699 9701
f 9606 9700 9702
f 9607 9703 9701
f 9700 9701 9702
f 9702 9701 9703
f 9606 9702 9704
f 9607 9705 9703
f 9702 9703 9704
f 9704 9703 9705
f 9606 9704 9706
f 9607 9707 9705
f 9704 9705 9706
f 9706 9705 9707
f 9606 9706 9708
f 9607 9709 9707
f 9706 9707 9708
f 9708 9707 9709
f 9606 9708 9710
f 9607 9711 9709
f 9708 9709 9710
f 9710 9709 9711
f 9606 9710 9712
f 9607 9713 9711
f 9710 9711 9712
f 9712 9711 9713
f 9606 9712 9714
f 9607 9715 9713
f 9712 9713 9714
f 9714 9713 9715
f 9606 9714 9716
f 9607 9717 9715
f 9714 9715 9716
f 9716 9715 9717
f 9606 9716 9718
f 9607 9719 9717
f 9716 9717 9718
f 9718 9717 9719
f 9606 9718 9720
f 9607 9721 9719
f 9718 9719 9720
f 9720 9719 9721
f 9606 9720 9722
f 9607 9723 9721
f 9720 9721 9722
f 9722 9721 9723
f 9606 9722 9724
f 9607 9725 9723
f 9722 9723 9724
f 9724 9723 9725
f 9606 9724 9726
f 9607 9727 9725
f 9724 9725 9726
f 9726 9725 9727
f 9606 9726 9728
f 9607 9729 9727
f 9726 9727 9728
f 9728 9727 9729
f 9606 9728 9730
f 9607 9731 9729
f 9728 9729 9730
f 9730 9729 9731
f 9606 9730 9732
f 9607 9733 9731
f 9730 9731 9732
f 9732 9731 9733
f 9606 9732 9734
f 9607 9735 9733
f 9732 9733 9734
f 9734 9733 9735
f 9606 9734 9608
f 9607 9609 9735
f 9734 9735 9608
f 9608 9735 9609
f 9736 9737 9738
f 9736 9738 9739
f 9741 9740 9743
f 9741 9743 9742
f 9740 9736 9739
f 9740 9739 9743
f 9737 9741 9742
f 9737 9742 9738
f 9739 9738 9742
f 9739 9742 9743
f 9740 9741 9737
f 9740 9737 9736
f 9744 9745 9746
f 9744 9746 9747
f 9749 9748 9751
f 9749 9751 9750
f 9748 9744 9747
f 9748 9747 9751
f 9745 9749 9750
f 9745 9750 9746
f 9747 9746 9750
f 9747 9750 9751
f 9748 9749 9745
f 9748 9745 9744
f 9752 9753 9754
f 9752 9754 9755
f 9757 9756 9759
f 9757 9759 9758
f 9756 9752 9755
f 9756 9755 9759
f 9753 9757 9758
f 9753 9758 9754
f 9755 9754 9758
f 9755 9758 9759
f 9756 9757 9753
f 9756 9753 9752
f 9760 9761 9762
f 9760 9762 9763
f 9765 9764 9767
f 9765 9767 9766
f 9764 9760 9763
f 9764 9763 9767
f 9761 9765 9766
f 9761 9766 9762
f 9763 9762 9766
f 9763 9766 9767
f 9764 9765 9761
f 9764 9761 9760
